STT,Ngày đăng tin,Tên DN,Mã TP,Tiền tệ,Kỳ hạn,Ngày phát hành,Ngày đáo hạn,Kỳ hạn còn lại (ngày),Khối lượng,Mệnh giá,Loại hình trả lãi,Loại lãi suất,Phương thức thanh toán lãi,Mua lại và hoán đổi,Thị trường phát hành,Lãi suất phát hành (%/năm),Tình trạng,Văn bản đính kèm,Code công ty,Loại hình,Ngành
1,2021-03-26 00:00:00,BIMC - CÔNG TY CỔ PHẦN BẤT ĐỘNG SẢN BIM,BIMCB2023001,VNĐ,,30/12/2020,30/12/2023,,10000000,100000,Coupon,Kết hợp,Định kỳ - Cuối kỳ,Mua lại,,10.0,Hiệu lực,,BIMC ,Công ty cổ phần,Bất động sản
2,2021-04-05 00:00:00,SCGC - CTCP Xây dựng SCG,SCGCH2023001,VNĐ,,31/12/2020,31/12/2025,,15000000,100000,Coupon,Kết hợp,Định kỳ - Cuối kỳ,Hoán đổi; Mua lại,,11.0,Hiệu lực,,SCGC ,Công ty cổ phần,Xây dựng
3,2021-04-13 00:00:00,DICC - Công ty TNHH Dynamic Innovation,DICCH2023001,VNĐ,,31/12/2020,31/12/2023,,10000,100000,Coupon,Kết hợp,Định kỳ - Cuối kỳ,Mua lại,,11.0,Hiệu lực,,DICC ,Công ty trách nhiệm hữu hạn,Lĩnh vực khác
4,2021-04-08 00:00:00,RMCC - Công ty cổ phần Roman E&C,RMCCH2023001,VNĐ,,31/12/2020,31/12/2025,,5300000,100000,Coupon,Kết hợp,Định kỳ - Cuối kỳ,Mua lại,,11.0,Hiệu lực,,RMCC ,Công ty trách nhiệm hữu hạn,Lĩnh vực khác
5,2021-04-07 00:00:00,TPP - CTCP Nhựa Tân Phú,TPPH2124001,VNĐ,,04/01/2021,04/01/2024,,1500,100000000,Coupon,Cố định,Định kỳ - Cuối kỳ,Mua lại,,11.0,Hiệu lực,,TPP ,Công ty cổ phần,Sản xuất
6,2021-04-08 00:00:00,VPI - CTCP Đầu tư Văn Phú - Invest,VPIB2124001,VNĐ,,04/01/2021,04/01/2024,,2300,100000000,Coupon,Cố định,Định kỳ - Cuối kỳ,Mua lại,,10.3,Hiệu lực,,VPI ,Công ty cổ phần,Bất động sản
7,2021-04-05 00:00:00,APH - CTCP TẬP ĐOÀN AN PHÁT HOLDINGS,APHH2124001,VNĐ,,04/01/2021,04/01/2024,,4500,100000000,Coupon,Cố định,Định kỳ - Cuối kỳ,Mua lại,,9.0,Hiệu lực,,APH ,Công ty cổ phần,Lĩnh vực khác
8,2021-07-20 00:00:00,VTPC - Công ty Cổ phần Đầu tư và Xây dựng Vạn Trường Phát,VTPCH2126001,VNĐ,,06/01/2021,06/01/2026,,20000000,100000,Coupon,Kết hợp,Định kỳ - Cuối kỳ,Mua lại,,10.0,Hiệu lực,,VTPC ,Công ty cổ phần,Bất động sản
9,2021-08-27 00:00:00,VDS - Công ty Cổ phần Chứng khoán Rồng Việt,VDSH2122006,VNĐ,,06/01/2021,06/01/2022,,159950,1000000,Coupon,Cố định,Định kỳ - Cuối kỳ,Mua lại,,9.3,Hiệu lực,,VDS ,Công ty cổ phần,Kinh doanh chứng khoán
10,2021-06-09 00:00:00,CNCC - CTCP THƯƠNG MẠI - DỊCH VỤ CÔNG NGHỆ CAO,CNCCH2124001,VNĐ,,06/01/2021,06/01/2024,,2500,100000000,Coupon,Thả nổi,Định kỳ - Cuối kỳ,Mua lại,,9.6,Hiệu lực,,CNCC ,Công ty cổ phần,Lĩnh vực khác
11,2021-07-08 00:00:00,MIVC - CTCP Đầu tư MHC,MIVCH2126001,VNĐ,,07/01/2021,07/01/2026,,3000,100000000,Coupon,Cố định,Định kỳ - Cuối kỳ,Mua lại,,9.4,Hiệu lực,,MIVC ,Công ty cổ phần,Lĩnh vực khác
12,2021-07-15 00:00:00,ACB - Ngân hàng TMCP Á Châu,ACBH2124009,VNĐ,,07/01/2021,07/01/2024,,1500,1000000000,Coupon,Cố định,Định kỳ - Cuối kỳ,Mua lại,,4.0,Hiệu lực,,ACB ,Công ty cổ phần,Tổ chức tín dụng
13,2021-07-06 00:00:00,CTG - Ngân hàng Thương mại Cổ phần Công Thương Việt Nam,CTGL2129003,VNĐ,,07/01/2021,07/01/2029,,100,1000000000,Coupon,Thả nổi,Định kỳ - Cuối kỳ,Mua lại,,6.38,Hiệu lực,,CTG ,Công ty cổ phần,Tổ chức tín dụng
14,2021-11-29 00:00:00,NVL - CTCP TẬP ĐOÀN ĐẦU TƯ ĐỊA ỐC NO VA,NVLH2123011,VNĐ,,09/01/2021,09/01/2023,,10000000,100000,Coupon,Cố định,Định kỳ - Cuối kỳ,,,10.5,Hiệu lực,,NVL ,Công ty cổ phần,Bất động sản
15,2021-09-16 00:00:00,HPLC - Công ty cổ phần Đầu tư và kinh doanh bất động sản Hải Phát,HPLCH2124001,VNĐ,,09/01/2021,09/01/2024,,4000000,100000,Coupon,Kết hợp,Định kỳ - Cuối kỳ,Mua lại,,9.5,Hiệu lực,,HPLC ,Công ty cổ phần,Bất động sản
16,2021-09-09 00:00:00,TDP - Công ty cổ phần Thuận Đức,TDPH2124001,VNĐ,,09/01/2021,09/01/2024,,230,1000000000,Coupon,Cố định,Định kỳ - Cuối kỳ,Mua lại,,9.0,Hiệu lực,,TDP ,Công ty cổ phần,Sản xuất
17,2022-07-22 00:00:00,DFF - CÔNG TY CỔ PHẦN TẬP ĐOÀN ĐUA FAT,DFFH2123001,VNĐ,,09/01/2021,03/01/2023,,1500,100000000,Coupon,Cố định,Định kỳ - Cuối kỳ,Mua lại,,11.75,Hiệu lực,,DFF ,Công ty cổ phần,Xây dựng
18,2021-10-08 00:00:00,DRGC - CTCP Đầu tư và Du lịch Vạn Hương,DRGCH2124003,VNĐ,,09/01/2021,09/01/2024,,10000,100000000,Coupon,Kết hợp,Định kỳ - Cuối kỳ,Mua lại,,9.8,Hiệu lực,,DRGC ,Công ty cổ phần,Bất động sản
19,2021-11-08 00:00:00,VHAC - Công ty CP thương mại - quảng cáo - xây dựng - địa ốc Việt Hân,VHACH2128006,VNĐ,,09/01/2021,09/01/2028,,50000,10000000,Coupon,Cố định,Một lần khi đến hạn,,,10.0,Hiệu lực,,VHAC ,Công ty cổ phần,Bất động sản
20,2022-08-30 00:00:00,DVRC - Công ty TNHH Đầu tư và Bất động sản Diên Vĩ,DVRCH2124001,VNĐ,,10/01/2021,10/01/2024,,3000,100000000,Coupon,Kết hợp,Định kỳ - Cuối kỳ,Mua lại,,11.0,Hiệu lực,,DVRC ,Công ty trách nhiệm hữu hạn,Bất động sản
21,2021-10-22 00:00:00,CC1 - TỔNG CÔNG TY XÂY DỰNG SỐ 1 - CTCP,CC1H2124001,VNĐ,,10/01/2021,10/01/2024,,10000,100000000,Coupon,Cố định,Định kỳ - Cuối kỳ,Mua lại,,10.0,Hiệu lực,,CC1 ,Công ty cổ phần,Xây dựng
22,2021-10-08 00:00:00,THGC - Công ty Cổ phần Nông nghiệp Trường Hải,THGCH2126001,VNĐ,,10/01/2021,10/01/2026,,24000000,100000,Coupon,Kết hợp,Định kỳ - Cuối kỳ,Mua lại,,8.2,Hiệu lực,,THGC ,Công ty cổ phần,Sản xuất
23,2022-08-30 00:00:00,DVRC - Công ty TNHH Đầu tư và Bất động sản Diên Vĩ,DVRCH2125002,VNĐ,,10/01/2021,10/01/2025,,3000,100000000,Coupon,Kết hợp,Định kỳ - Cuối kỳ,Mua lại,,11.0,Hiệu lực,,DVRC ,Công ty trách nhiệm hữu hạn,Bất động sản
24,2021-10-13 00:00:00,SGCC - Công ty TNHH Đầu tư Sài Gòn 3 Capital,SGCCH2122001,VNĐ,,10/01/2021,10/01/2022,,2700,100000000,Coupon,Cố định,Định kỳ - Cuối kỳ,,,10.0,Hiệu lực,,SGCC ,Công ty trách nhiệm hữu hạn,"Thương mại, dịch vụ"
25,2021-11-02 00:00:00,F88C - Công ty cổ phần kinh doanh F88,F88CH2123010,VNĐ,,10/01/2021,04/01/2023,,1000,100000000,Coupon,Cố định,Định kỳ - Cuối kỳ,Mua lại,,12.0,Hiệu lực,,F88C ,Công ty cổ phần,"Thương mại, dịch vụ"
26,2022-08-30 00:00:00,DVRC - Công ty TNHH Đầu tư và Bất động sản Diên Vĩ,DVRCH2126003,VNĐ,,10/01/2021,10/01/2026,,3860,100000000,Coupon,Kết hợp,Định kỳ - Cuối kỳ,Mua lại,,11.0,Hiệu lực,,DVRC ,Công ty trách nhiệm hữu hạn,Bất động sản
27,2021-11-11 00:00:00,VIFC - CT TNHH SẢN XUẤT VÀ KINH DOANH VINFAST,VIFCB2124001,VNĐ,,11/01/2021,11/01/2024,,15000000,100000,Coupon,Kết hợp,Định kỳ - Cuối kỳ,Mua lại,,9.0,Hiệu lực,,VIFC ,Công ty cổ phần,Sản xuất
28,2022-04-25 00:00:00,BTIC - CÔNG TY CỔ PHẦN ĐẦU TƯ THƯƠNG MẠI BÌNH TÂN,BTICH2126001,VNĐ,,11/01/2021,11/01/2026,,1300000,1000000,Coupon,Kết hợp,Định kỳ - Cuối kỳ,Mua lại,,10.5,Hiệu lực,,BTIC ,Công ty cổ phần,Bất động sản
29,2021-11-04 00:00:00,VPI - CTCP Đầu tư Văn Phú - Invest,VPIH2124003,VNĐ,,11/01/2021,11/01/2024,,690000,1000000,Coupon,Cố định,Một lần khi đến hạn,Mua lại,,5.0,Hiệu lực,,VPI ,Công ty cổ phần,Bất động sản
30,2022-01-04 00:00:00,SSGC - CTCP tập đoàn Sunshine,SSGCH2126003,VNĐ,,11/01/2021,11/01/2026,,10000000,100000,Coupon,Thả nổi,Định kỳ - Cuối kỳ,Mua lại,,11.0,Hiệu lực,,SSGC ,Công ty cổ phần,Bất động sản
31,2021-12-06 00:00:00,VIFC - CT TNHH SẢN XUẤT VÀ KINH DOANH VINFAST,VIFCB2124002,VNĐ,,11/01/2021,11/01/2024,,35000000,100000,Coupon,Kết hợp,Định kỳ - Cuối kỳ,Mua lại,,9.0,Hiệu lực,,VIFC ,Công ty cổ phần,Sản xuất
32,2022-05-06 00:00:00,TD1C - Công ty cổ phần Điện gió Trung Nam Đắk Lắk 1,TD1CB2135007,VNĐ,,11/01/2021,29/07/2035,,20000000,100000,Coupon,Kết hợp,Định kỳ - Cuối kỳ,Mua lại,,9.5,Hiệu lực,,TD1C ,Công ty cổ phần,Xây dựng
33,2021-11-05 00:00:00,SOLC - CÔNG TY CỔ PHẦN ĐẦU TƯ & DỊCH VỤ KHÁCH SẠN SOLEIL,SOLCH2124003,VNĐ,,11/01/2021,11/01/2024,,5000000,100000,Coupon,Cố định,Định kỳ - Cuối kỳ,Mua lại,,11.5,Hết hiệu lực,,SOLC ,Công ty cổ phần,Bất động sản
34,2022-03-08 00:00:00,H39C - Công ty Cổ phần Hưng Thịnh Investment,H39CH2122001,VNĐ,,12/01/2021,12/01/2022,,350000,1000000,Coupon,Cố định,Định kỳ - Cuối kỳ,Mua lại,,11.0,Hiệu lực,,H39C ,Công ty cổ phần,Bất động sản
35,2021-12-23 00:00:00,SAMC - CTCP SUNSHINE AM,SAMCH2126005,VNĐ,,12/01/2021,12/01/2026,,10000000,100000,Coupon,Kết hợp,Định kỳ - Cuối kỳ,Mua lại,,11.0,Hiệu lực,,SAMC ,Công ty cổ phần,Bất động sản
36,2022-01-06 00:00:00,VJC - CÔNG TY CỔ PHẦN HÀNG KHÔNG VIETJET,VJCH2124006,VNĐ,,12/01/2021,12/01/2024,,10000000,100000,Coupon,Kết hợp,Định kỳ - Cuối kỳ,Mua lại,,9.5,Hiệu lực,,VJC ,Công ty cổ phần,Bất động sản
37,2021-12-09 00:00:00,C4G - Công ty Cổ phần Tập Đoàn CIENCO4,C4GB2124001,VNĐ,,12/01/2021,12/01/2024,,2500000,100000,Coupon,Cố định,Định kỳ - Cuối kỳ,Mua lại,,9.5,Hiệu lực,,C4G ,Công ty cổ phần,Xây dựng
38,2021-12-07 00:00:00,OCB - Ngân hàng TMCP Phương Đông,OCBL2124009,VNĐ,,12/01/2021,12/01/2024,,1000,1000000000,Coupon,Cố định,Định kỳ - Cuối kỳ,Mua lại,,3.2,Hiệu lực,,OCB ,Công ty cổ phần,Tổ chức tín dụng
39,2021-01-28 00:00:00,HAJC - Công ty cổ phần Hội An Invest,HAJCH2123001,VNĐ,,16/01/2021,16/01/2023,,5165,100000000,Coupon,Thả nổi,Định kỳ - Cuối kỳ,Mua lại,,10.5,Hiệu lực,,HAJC ,Công ty cổ phần,Bất động sản
40,2021-01-25 00:00:00,HAJC - Công ty cổ phần Hội An Invest,HAJH2123001,VNĐ,,16/01/2021,16/01/2023,,5165,100000000,Coupon,Thả nổi,Định kỳ - Cuối kỳ,Mua lại,,10.5,Hết hiệu lực,,HAJC ,Công ty cổ phần,Bất động sản
41,2021-03-09 00:00:00,OSDC - Công ty cổ phần Outstanding Investment,OSDCH2124001,VNĐ,,25/01/2021,25/01/2024,,2000,100000000,Coupon,Cố định,Định kỳ - Cuối kỳ,Mua lại,,11.0,Hiệu lực,,OSDC ,Công ty cổ phần,Lĩnh vực khác
42,2021-04-26 00:00:00,HLSC - CÔNG TY TNHH MẶT TRỜI HẠ LONG,HLSCB2124001,VNĐ,,29/01/2021,29/01/2024,,11924904,100000,Coupon,Kết hợp,Định kỳ - Cuối kỳ,Mua lại,,8.1,Hiệu lực,,HLSC ,Công ty trách nhiệm hữu hạn,Lĩnh vực khác
43,2022-07-20 00:00:00,PDR - CTCP phát triển bất động sản Phát Đạt,PDRH2123001,VNĐ,,02/02/2021,02/02/2023,,4000,100000000,Coupon,Cố định,Định kỳ - Cuối kỳ,Mua lại,,13.0,Hiệu lực,,PDR ,Công ty cổ phần,Bất động sản
44,2021-03-19 00:00:00,GKCC - CTCP Đầu tư thương mại dịch vụ Gia Khang,GKCCH2124001,VNĐ,,02/02/2021,02/02/2026,,15000000,100000,Coupon,Kết hợp,Định kỳ - Cuối kỳ,,,11.0,Hiệu lực,,GKCC ,Công ty cổ phần,Bất động sản
45,2022-01-27 00:00:00,VTIC - CTCP ĐẦU TƯ VIỆT TÂM,VTICH2125001,VNĐ,,04/02/2021,04/02/2025,,6800000,100000,Coupon,Cố định,Định kỳ - Cuối kỳ,Mua lại,,9.0,Hiệu lực,,VTIC ,Công ty cổ phần,Bất động sản
46,2021-05-04 00:00:00,HQNC - CTCP Dịch vụ Giải trí Hưng Thịnh Quy Nhơn,HQNCH2124002,VNĐ,,04/02/2021,04/02/2024,,500000,1000000,Coupon,Kết hợp,Định kỳ - Cuối kỳ,Mua lại,,10.5,Hiệu lực,,HQNC ,Công ty cổ phần,Lĩnh vực khác
47,2021-06-07 00:00:00,HDB - NH TMCP Phát triển thành phố Hồ Chí Minh ( HDBANK),HDBL2128002,VNĐ,,06/02/2021,06/02/2028,,500,1000000000,Coupon,Thả nổi,Định kỳ - Cuối kỳ,Mua lại,,7.77,Hiệu lực,,HDB ,Công ty cổ phần,Tổ chức tín dụng
48,2021-06-11 00:00:00,OCB - Ngân hàng TMCP Phương Đông,OCBL2124002,VNĐ,,06/02/2021,06/02/2024,,1500,1000000000,Coupon,Cố định,Định kỳ - Cuối kỳ,Mua lại,,3.3,Hiệu lực,,OCB ,Công ty cổ phần,Tổ chức tín dụng
49,2021-06-10 00:00:00,VPFC - CÔNG TY TÀI CHÍNH TNHH MTV NGÂN HÀNG VIỆT NAM THỊNH VƯỢNG,VPFCH2123005,VNĐ,,06/02/2021,06/02/2023,,500000,1000000,Coupon,Cố định,Một lần khi đến hạn,,,7.5,Hiệu lực,,VPFC ,Công ty trách nhiệm hữu hạn,Lĩnh vực khác
50,2021-07-07 00:00:00,VND - Công ty Cổ phần Chứng khoán VNDirect,VNDH2122004,VNĐ,,07/02/2021,07/02/2022,,3000000,100000,Coupon,Cố định,Định kỳ - Cuối kỳ,,,7.5,Hiệu lực,,VND ,Công ty cổ phần,Kinh doanh chứng khoán
51,2021-08-10 00:00:00,HLHC - CTCP KHÁCH SẠN VỊNH HẠ LONG,HLHCH2125001,VNĐ,,08/02/2021,08/02/2025,,2500,100000000,Coupon,Kết hợp,Định kỳ - Cuối kỳ,Mua lại,,11.0,Hiệu lực,,HLHC ,Công ty cổ phần,Bất động sản
52,2021-08-06 00:00:00,SMC - Công ty Cổ phần Đầu tư Thương mại SMC,SMCH2124001,VNĐ,,08/02/2021,08/02/2024,,200,1000000000,Coupon,Cố định,Định kỳ - Cuối kỳ,,,8.2,Hiệu lực,,SMC ,Công ty cổ phần,Sản xuất
53,2021-09-14 00:00:00,HPX - CÔNG TY CỔ PHẦN ĐẦU TƯ HẢI PHÁT,HPXH2125007,VNĐ,,08/02/2021,25/08/2025,,500000,1000000,Coupon,Kết hợp,Một lần khi đến hạn,Mua lại,,11.0,Hiệu lực,,HPX ,Công ty cổ phần,Bất động sản
54,2021-08-19 00:00:00,BVB - NGÂN HÀNG TMCP BẢN VIỆT,BVBLH2128001,VNĐ,,08/02/2021,08/02/2028,,50,1000000000,Coupon,Cố định,Định kỳ - Cuối kỳ,Mua lại,,7.6,Hiệu lực,,BVB ,Công ty cổ phần,Tổ chức tín dụng
55,2021-10-11 00:00:00,HVDC - Công ty cổ phần Hưng Vượng Developer,HVDCH2123001,VNĐ,,08/02/2021,02/02/2023,,6000,100000000,Coupon,Cố định,Định kỳ - Cuối kỳ,Mua lại,,12.0,Hiệu lực,,HVDC ,Công ty cổ phần,Bất động sản
56,2021-08-09 00:00:00,H79C - CTCP HƯNG THỊNH LAND,H79CH2122003,VNĐ,,08/02/2021,08/02/2022,,3000000,100000,Coupon,Cố định,Định kỳ - Cuối kỳ,Mua lại,,10.3,Hiệu lực,,H79C ,Công ty cổ phần,Bất động sản
57,2021-11-04 00:00:00,LDG - Công ty CP Đầu tư LDG,LDGH2123001,VNĐ,,08/02/2021,08/02/2023,,1376,100000000,Coupon,Cố định,Định kỳ - Cuối kỳ,Mua lại,,12.0,Hiệu lực,,LDG ,Công ty cổ phần,Bất động sản
58,2022-01-25 00:00:00,STCC - Công ty cổ phần STC Corporation,STCCH2122001,VNĐ,,12/02/2021,12/02/2022,,1500,100000000,Coupon,Cố định,Định kỳ - Cuối kỳ,Mua lại,,11.0,Hiệu lực,,STCC ,Công ty cổ phần,Bất động sản
59,2022-03-17 00:00:00,PSI - Công ty Cổ phần Chứng khoán Dầu khí,PSIH2123004,VNĐ,,12/02/2021,06/02/2023,,1270,100000000,Coupon,Cố định,Định kỳ - Cuối kỳ,Mua lại,,9.5,Hiệu lực,,PSI ,Công ty cổ phần,Kinh doanh chứng khoán
60,2021-12-10 00:00:00,PDR - CTCP PHÁT TRIỂN BẤT ĐỘNG SẢN PHÁT ĐẠT,PDRH2123007,VNĐ,,12/02/2021,12/02/2023,,4750,100000000,Coupon,Cố định,Định kỳ - Cuối kỳ,Mua lại,,12.0,Hiệu lực,,PDR ,Công ty cổ phần,Bất động sản
61,2021-04-09 00:00:00,VDS - Công ty Cổ phần Chứng khoán Rồng Việt,VDSH2122001,VNĐ,,17/02/2021,17/02/2022,,249850,1000000,Coupon,Cố định,Định kỳ - Cuối kỳ,Mua lại,,8.8,Hiệu lực,,VDS ,Công ty cổ phần,Kinh doanh chứng khoán
62,2021-03-26 00:00:00,KBC - TỔNG CÔNG TY PHÁT TRIỂN ĐÔ THỊ KINH BẮC - CTCP,KBCH2123001,VNĐ,,22/02/2021,22/02/2023,,4000000,100000,Coupon,Cố định,Định kỳ - Cuối kỳ,,,10.5,Hiệu lực,,KBC ,Công ty cổ phần,Lĩnh vực khác
63,2021-03-16 00:00:00,AECC - Công ty cổ phẩn Anh ngữ APax,AECCH2123001,VNĐ,,23/02/2021,23/02/2023,,2000000,100000,Coupon,Cố định,Khác,Mua lại,,12.0,Hiệu lực,,AECC ,Công ty cổ phần,"Thương mại, dịch vụ"
64,2023-12-11 00:00:00,OREC - CTCP Năng lượng Tái tạo Đại Dương,ORECH2135001,VNĐ,,04/03/2021,04/03/2035,,4680,100000000,Coupon,Kết hợp,Định kỳ - Cuối kỳ,Mua lại,,9.0,Hiệu lực,,OREC ,Công ty cổ phần,Lĩnh vực khác
65,2021-06-14 00:00:00,ACB - Ngân hàng TMCP Á Châu,ACBH2124004,VNĐ,,06/03/2021,06/03/2024,,1200,1000000000,Coupon,Cố định,Định kỳ - Cuối kỳ,Mua lại,,4.0,Hiệu lực,,ACB ,Công ty cổ phần,Tổ chức tín dụng
66,2021-09-06 00:00:00,KBC - TỔNG CÔNG TY PHÁT TRIỂN ĐÔ THỊ KINH BẮC - CTCP,KBCH2123002,VNĐ,,06/03/2021,06/03/2023,,10000000,100000,Coupon,Cố định,Định kỳ - Cuối kỳ,,,10.5,Hiệu lực,,KBC ,Công ty cổ phần,Lĩnh vực khác
67,2021-06-09 00:00:00,BID - Ngân hàng TMCP Đầu tư và Phát triển Việt Nam,BIDL2128003,VNĐ,,06/03/2021,06/03/2028,,700,1000000000,Coupon,Thả nổi,Định kỳ - Cuối kỳ,Hoán đổi; Mua lại,,6.2,Hiệu lực,,BID ,Công ty cổ phần,Tổ chức tín dụng
68,2021-10-05 00:00:00,VVCC - Công ty cổ phần Việt Vương,VVCCH2122001,VNĐ,,08/03/2021,08/03/2022,,1500,100000000,Coupon,Cố định,Khác,Mua lại,,11.0,Hiệu lực,,VVCC ,Công ty cổ phần,Sản xuất
69,2021-08-31 00:00:00,SPTC - Công ty Cổ phần Tập đoàn Bất động sản Mặt trời,SPTCH2123001,VNĐ,,08/03/2021,02/03/2023,,400000,1000000,Coupon,Kết hợp,Một lần khi đến hạn,Mua lại,,8.8,Hiệu lực,,SPTC ,Công ty cổ phần,Bất động sản
70,2021-11-17 00:00:00,RHGC - Công ty cổ phần Tập đoàn R&H,RHGCH2123004,VNĐ,,11/03/2021,05/03/2023,,5000000,100000,Coupon,Cố định,Định kỳ - Cuối kỳ,Mua lại,,11.0,Hiệu lực,,RHGC ,Công ty cổ phần,Bất động sản
71,2021-11-17 00:00:00,GFVC - Công ty cổ phần GreenFeed Việt Nam,GFVCH2128001,VNĐ,,11/03/2021,15/06/2028,,1000,1000000000,Coupon,Cố định,Định kỳ - Cuối kỳ,Mua lại,,6.53,Hiệu lực,,GFVC ,Công ty cổ phần,Sản xuất
72,2021-11-05 00:00:00,MBB - NGÂN HÀNG TMCP QUÂN ĐỘI,MBBL2128012,VNĐ,,11/03/2021,11/03/2028,,15000,10000000,Coupon,Thả nổi,Định kỳ - Cuối kỳ,Mua lại,,7.03,Hiệu lực,,MBB ,Công ty cổ phần,Tổ chức tín dụng
73,2022-02-18 00:00:00,NCRC - Công ty Cổ phần Câu lạc bộ Du thuyền và nghỉ dưỡng Cam Ranh,NCRCH2123001,VNĐ,,12/03/2021,12/03/2023,,25000000,100000,Coupon,Cố định,Định kỳ - Cuối kỳ,Mua lại,,10.0,Hiệu lực,,NCRC ,Công ty cổ phần,Bất động sản
74,2021-12-09 00:00:00,VCB - NGÂN HÀNG TMCP NGOẠI THƯƠNG VIỆT NAM,VCBH2131007,VNĐ,,12/03/2021,12/03/2031,,350,1000000000,Coupon,Thả nổi,Định kỳ - Cuối kỳ,Mua lại,,6.53,Hiệu lực,,VCB ,Công ty cổ phần,Tổ chức tín dụng
75,2021-12-09 00:00:00,VCB - NGÂN HÀNG TMCP NGOẠI THƯƠNG VIỆT NAM,VCBH2128006,VNĐ,,12/03/2021,12/03/2028,,600,1000000000,Coupon,Thả nổi,Định kỳ - Cuối kỳ,Mua lại,,6.13,Hiệu lực,,VCB ,Công ty cổ phần,Tổ chức tín dụng
76,2021-04-09 00:00:00,VDS - Công ty Cổ phần Chứng khoán Rồng Việt,VDSH2122002,VNĐ,,15/03/2021,15/03/2022,,150000,1000000,Coupon,Cố định,Định kỳ - Cuối kỳ,Mua lại,,8.8,Hiệu lực,,VDS ,Công ty cổ phần,Kinh doanh chứng khoán
77,2021-03-30 00:00:00,IDHC - CÔNG TY CỔ PHẦN ĐẦU TƯ VÀ PHÁT TRIỂN THỦY ĐIỆN ĐĂKPSI,IDHCH2131001,VNĐ,,15/03/2021,15/03/2031,,10000000,100000,Coupon,Kết hợp,Định kỳ - Cuối kỳ,Mua lại,,10.0,Hiệu lực,,IDHC ,Công ty cổ phần,Xây dựng
78,2021-06-24 00:00:00,TIKC - CÔNG TY CỔ PHẦN TI KI,TIKCH2123001,VNĐ,,16/03/2021,16/03/2023,,10000,100000000,Coupon,Cố định,Định kỳ - Cuối kỳ,Mua lại,,13.0,Hiệu lực,,TIKC ,Công ty trách nhiệm hữu hạn,Lĩnh vực khác
79,2021-04-22 00:00:00,VDS - Công ty Cổ phần Chứng khoán Rồng Việt,VDSH2122003,VNĐ,,16/03/2021,16/03/2022,,150000,1000000,Coupon,Cố định,Định kỳ - Cuối kỳ,Mua lại,,8.8,Hiệu lực,,VDS ,Công ty cổ phần,Kinh doanh chứng khoán
80,2021-03-19 00:00:00,ACBC - Công ty TNHH Chứng khoán ACB,ACBCL2122001,VNĐ,,17/03/2021,17/03/2022,,120,1000000000,Coupon,Cố định,Một lần khi đến hạn,Mua lại,,7.8,Hiệu lực,,ACBC ,Công ty trách nhiệm hữu hạn,Kinh doanh chứng khoán
81,2022-05-31 00:00:00,H79C - CTCP Hưng Thịnh Land,H79CH2124001,VNĐ,,18/03/2021,18/03/2024,,5000000,100000,Coupon,Kết hợp,Định kỳ - Cuối kỳ,Mua lại,,10.5,Hiệu lực,,H79C ,Công ty cổ phần,Bất động sản
82,2021-04-20 00:00:00,DXG - CTCP tập đoàn Đất Xanh,DXGH2123001,VNĐ,,18/03/2021,18/03/2023,,3700,100000000,Coupon,Cố định,Định kỳ - Cuối kỳ,Mua lại,,12.0,Hiệu lực,,DXG ,Công ty cổ phần,Bất động sản
83,2021-10-01 00:00:00,FNFC - Công ty Cổ phần Fuji Nutri Food,FNFCH2124001,VNĐ,,18/03/2021,18/03/2024,,7200,100000000,Coupon,Kết hợp,Định kỳ - Cuối kỳ,Mua lại,,11.5,Hiệu lực,,FNFC ,Công ty cổ phần,Bất động sản
84,2021-03-29 00:00:00,H79C - CTCP HƯNG THỊNH LAND,H79CH2123004,VNĐ,,18/03/2021,30/09/2023,,300000,1000000,Coupon,Cố định,Định kỳ - Đầu kỳ,Mua lại,,10.5,Hiệu lực,,H79C ,Công ty cổ phần,Bất động sản
85,2021-03-25 00:00:00,HAAC - Công ty Cổ phần Đầu tư Kinh doanh Bất động sản Hà An,HAACB2124001,VNĐ,,18/03/2021,18/03/2024,,5000000,100000,Coupon,Thả nổi,Định kỳ - Cuối kỳ,Mua lại,,10.8,Hiệu lực,,HAAC ,Công ty cổ phần,Bất động sản
86,2021-04-15 00:00:00,VDS - Công ty Cổ phần Chứng khoán Rồng Việt,VDSH2122004,VNĐ,,18/03/2021,18/03/2022,,150000,1000000,Coupon,Cố định,Định kỳ - Cuối kỳ,Mua lại,,9.3,Hiệu lực,,VDS ,Công ty cổ phần,Kinh doanh chứng khoán
87,2022-08-25 00:00:00,SOGC - CÔNG TY TNHH ĐẦU TƯ VÀ PHÁT TRIỂN NOVA SONG GIANG,SOGCH2123001,VNĐ,,19/03/2021,19/03/2023,,200,1000000000,Coupon,Kết hợp,Định kỳ - Cuối kỳ,Mua lại,,11.0,Hiệu lực,,SOGC ,Công ty trách nhiệm hữu hạn,Bất động sản
88,2022-05-31 00:00:00,H79C - CTCP Hưng Thịnh Land,H79CH2123002,VNĐ,,19/03/2021,19/09/2023,,4000000,100000,Coupon,Kết hợp,Định kỳ - Cuối kỳ,Mua lại,,10.5,Hiệu lực,,H79C ,Công ty cổ phần,Bất động sản
89,2021-06-11 00:00:00,THMC - CTCP MUA BÁN NỢ THẾ HỆ MỚI,THMCH2124001,VNĐ,,19/03/2021,19/03/2024,,3000,100000000,Coupon,Cố định,Định kỳ - Cuối kỳ,Mua lại,,10.5,Hiệu lực,,THMC ,Công ty cổ phần,Lĩnh vực khác
90,2021-04-05 00:00:00,SVAC - Công ty Cổ phần Tập đoàn Sovico,SVACH2124001,VNĐ,,22/03/2021,22/03/2024,,20000,100000000,Coupon,Cố định,Định kỳ - Cuối kỳ,Mua lại,,10.5,Hiệu lực,,SVAC ,Công ty cổ phần,"Thương mại, dịch vụ"
91,2021-03-25 00:00:00,ACBC - Công ty TNHH Chứng khoán ACB,ACBCL2122002,VNĐ,,22/03/2021,22/03/2022,,130,1000000000,Coupon,Cố định,Một lần khi đến hạn,Mua lại,,7.8,Hiệu lực,,ACBC ,Công ty trách nhiệm hữu hạn,Kinh doanh chứng khoán
92,2021-06-10 00:00:00,NVL - CTCP TẬP ĐOÀN ĐẦU TƯ ĐỊA ỐC NO VA,NVLH2122001,VNĐ,,22/03/2021,22/06/2022,,5000000,100000,Coupon,Cố định,Định kỳ - Cuối kỳ,Mua lại,,10.5,Hiệu lực,,NVL ,Công ty cổ phần,Bất động sản
93,2021-05-04 00:00:00,VPZC - Công ty Cổ phần Thương mại - Vinh Plaza,VPZCH2124001,VNĐ,,22/03/2021,22/03/2024,,30000,10000000,Coupon,Cố định,Định kỳ - Cuối kỳ,Mua lại,,11.0,Hiệu lực,,VPZC ,Công ty cổ phần,"Thương mại, dịch vụ"
94,2021-06-15 00:00:00,PLRC - Công ty TNHH KD BĐS Phước Long,PLRCH2126001,VNĐ,,24/03/2021,24/03/2026,,6500000,100000,Coupon,Kết hợp,Định kỳ - Cuối kỳ,Mua lại,,9.2,Hiệu lực,,PLRC ,Công ty trách nhiệm hữu hạn,Bất động sản
95,2021-09-06 00:00:00,CLRC - Công ty cổ phần Thời trang Clothesrack,CLRCH2124001,VNĐ,,24/03/2021,24/03/2024,,100000,1000000,Coupon,Cố định,Khác,Mua lại,,9.0,Hiệu lực,,CLRC ,Công ty cổ phần,Lĩnh vực khác
96,2021-06-24 00:00:00,PSI - Công ty Cổ phần Chứng khoán Dầu khí,PSIH2122001,VNĐ,,25/03/2021,25/03/2022,,3000,100000000,Coupon,Cố định,Định kỳ - Cuối kỳ,Mua lại,,9.0,Hiệu lực,,PSI ,Công ty cổ phần,Kinh doanh chứng khoán
97,2021-04-06 00:00:00,BHBC - CTCP NĂNG LƯỢNG BẮC HÀ,BHBCH2124001,VNĐ,,25/03/2021,25/03/2024,,1000000,100000,Coupon,Cố định,Định kỳ - Cuối kỳ,Mua lại,,10.5,Hiệu lực,,BHBC ,Công ty cổ phần,Sản xuất
98,2021-04-02 00:00:00,GTPC - Công ty CP Tập đoàn Tiến Phước,GTPCH2123001,VNĐ,,25/03/2021,25/03/2025,,3000000,100000,Coupon,Cố định,Định kỳ - Cuối kỳ,Mua lại,,9.5,Hiệu lực,,GTPC ,Công ty cổ phần,Lĩnh vực khác
99,2022-05-13 00:00:00,XDCC - CTCP ĐẦU TƯ XÂY DỰNG XUÂN ĐỈNH,XDCCH2124001,VNĐ,,26/03/2021,26/03/2024,,10000000,100000,Coupon,Kết hợp,Định kỳ - Cuối kỳ,Mua lại,,11.0,Hiệu lực,,XDCC ,Công ty cổ phần,Xây dựng
100,2021-04-19 00:00:00,CRE - Công ty cổ phần bất động sản thế kỷ,CREB2124001,VNĐ,,26/03/2021,26/03/2024,,5000000,100000,Coupon,Cố định,Định kỳ - Cuối kỳ,Mua lại,,11.0,Hiệu lực,,CRE ,Công ty cổ phần,Bất động sản
101,2021-04-01 00:00:00,ACBC - Công ty TNHH Chứng khoán ACB,ACBCL2122003,VNĐ,,30/03/2021,30/03/2022,,300,1000000000,Coupon,Cố định,Một lần khi đến hạn,Mua lại,,7.65,Hiệu lực,,ACBC ,Công ty trách nhiệm hữu hạn,Kinh doanh chứng khoán
102,2021-04-08 00:00:00,IPA - CTCP Tập đoàn Đầu tư I.P.A,IPAH2124001,VNĐ,,30/03/2021,30/03/2024,,3000000,100000,Coupon,Cố định,Khác,Mua lại,,10.5,Hiệu lực,,IPA ,Công ty cổ phần,Lĩnh vực khác
103,2021-04-08 00:00:00,VPB - NH TMCP VIỆT NAM THỊNH VƯỢNG,VPBL2124001,VNĐ,,30/03/2021,30/03/2024,,1000,1000000000,Coupon,Cố định,Định kỳ - Cuối kỳ,Mua lại,,3.9,Hiệu lực,,VPB ,Công ty cổ phần,Tổ chức tín dụng
104,2021-05-19 00:00:00,BCM - TỔNG CÔNG TY ĐẦU TƯ VÀ PHÁT TRIỂN CÔNG NGHIỆP - CTCP,BCMH2126001,VNĐ,,30/03/2021,25/03/2026,,2000000,1000000,Coupon,Kết hợp,Định kỳ - Cuối kỳ,Mua lại,,10.0,Hiệu lực,,BCM ,Công ty cổ phần,Bất động sản
105,2021-04-12 00:00:00,PLCC - CTCP ĐỊA ỐC PHÚ LONG,PLCCH2124001,VNĐ,,31/03/2021,31/03/2026,,20000,100000000,Coupon,Cố định,Một lần khi đến hạn,Mua lại,,11.0,Hiệu lực,,PLCC ,Công ty cổ phần,Bất động sản
106,2021-04-06 00:00:00,TNHC - CTCP ĐẦU TƯ VÀ QUẢN LÝ KHÁCH SẠN TNH,TNHCH2122002,VNĐ,,31/03/2021,31/03/2022,,700,100000000,Coupon,Cố định,Khác,,,10.0,Hiệu lực,,TNHC ,Công ty cổ phần,"Thương mại, dịch vụ"
107,2021-04-08 00:00:00,HTCC - Công ty cổ phần tập đoàn Hateco,HTCCB2123001,VNĐ,,31/03/2021,31/03/2023,,3100,100000000,Coupon,Cố định,Định kỳ - Cuối kỳ,Mua lại,,10.1,Hiệu lực,,HTCC ,Công ty cổ phần,Bất động sản
108,2021-06-28 00:00:00,CTAC - CTCP Du lịch và Đầu tư Xây dựng Châu Á,CTACH2123001,VNĐ,,31/03/2021,31/03/2024,,600000,1000000,Coupon,Cố định,Định kỳ - Cuối kỳ,,,12.6,Hiệu lực,,CTAC ,Công ty cổ phần,Bất động sản
109,2021-04-06 00:00:00,TNHC - CTCP ĐẦU TƯ VÀ QUẢN LÝ KHÁCH SẠN TNH,TNHCH2122001,VNĐ,,31/03/2021,31/03/2022,,3300,100000000,Coupon,Cố định,Khác,,,10.0,Hiệu lực,,TNHC ,Công ty cổ phần,"Thương mại, dịch vụ"
110,2021-04-08 00:00:00,DMTC - Công ty CP Nhựa Đồng Nai Miền Trung,DMTCH2124001,VNĐ,,31/03/2021,31/03/2024,,1500,100000000,Coupon,Cố định,Định kỳ - Cuối kỳ,Mua lại,,11.0,Hiệu lực,,DMTC ,Công ty cổ phần,Sản xuất
111,2021-04-28 00:00:00,H79C - CTCP HƯNG THỊNH LAND,H79CH2122006,VNĐ,,31/03/2021,31/03/2022,,300000,1000000,Coupon,Cố định,Định kỳ - Cuối kỳ,Mua lại,,11.0,Hiệu lực,,H79C ,Công ty cổ phần,Bất động sản
112,2021-05-04 00:00:00,BCLC - Công ty Cổ phần BCG LAND,BCLCH2124001,VNĐ,,31/03/2021,31/03/2026,,25000000,100000,Coupon,Kết hợp,Định kỳ - Cuối kỳ,Mua lại,,11.0,Hiệu lực,,BCLC ,Công ty cổ phần,Bất động sản
113,2021-10-01 00:00:00,CLHC - Công ty TNHH Phát triển Bất động sản Cát Liên Hoa,CLHCH2124002,VNĐ,,06/04/2021,06/04/2024,,310000,1000000,Coupon,Kết hợp,Định kỳ - Cuối kỳ,Mua lại,,11.0,Hiệu lực,,CLHC ,Công ty trách nhiệm hữu hạn,Bất động sản
114,2021-09-30 00:00:00,CLHC - Công ty TNHH Phát triển Bất động sản Cát Liên Hoa,CLHCH2125003,VNĐ,,06/04/2021,06/04/2025,,300000,1000000,Coupon,Kết hợp,Định kỳ - Cuối kỳ,Mua lại,,11.0,Hiệu lực,,CLHC ,Công ty trách nhiệm hữu hạn,Bất động sản
115,2021-10-01 00:00:00,CLHC - Công ty TNHH Phát triển Bất động sản Cát Liên Hoa,CLHCH2126001,VNĐ,,06/04/2021,06/04/2026,,340000,1000000,Coupon,Kết hợp,Định kỳ - Cuối kỳ,Mua lại,,11.0,Hiệu lực,,CLHC ,Công ty trách nhiệm hữu hạn,Bất động sản
116,2021-08-06 00:00:00,NEOC - CÔNG TY CỔ PHẦN NEO FLOOR,NEOCH2123001,VNĐ,,08/04/2021,02/04/2024,,250000,1000000,Coupon,Cố định,Định kỳ - Cuối kỳ,Mua lại,,11.5,Hiệu lực,,NEOC ,Công ty cổ phần,Sản xuất
117,2021-10-05 00:00:00,VHAC - Công ty CP thương mại - quảng cáo - xây dựng - địa ốc Việt Hân,VHACH2128004,VNĐ,,08/04/2021,08/04/2028,,50000,10000000,Coupon,Cố định,Một lần khi đến hạn,,,10.0,Hiệu lực,,VHAC ,Công ty cổ phần,Bất động sản
118,2021-09-15 00:00:00,H79C - CTCP HƯNG THỊNH LAND,H79CH2122020,VNĐ,,08/04/2021,08/04/2022,,300000,1000000,Coupon,Cố định,Định kỳ - Cuối kỳ,Mua lại,,11.0,Hiệu lực,,H79C ,Công ty cổ phần,Bất động sản
119,2021-11-18 00:00:00,VHAC - Công ty CP thương mại - quảng cáo - xây dựng - địa ốc Việt Hân,VHACH2128008,VNĐ,,10/04/2021,10/04/2028,,50000,10000000,Coupon,Cố định,Một lần khi đến hạn,,,10.0,Hiệu lực,,VHAC ,Công ty cổ phần,Bất động sản
120,2021-10-06 00:00:00,VIX - Công ty Cổ phần Chứng khoán VIX,VIXH2124002,VNĐ,,10/04/2021,10/04/2024,,2000,100000000,Coupon,Cố định,Định kỳ - Cuối kỳ,Mua lại,,8.0,Hiệu lực,,VIX ,Công ty cổ phần,Kinh doanh chứng khoán
121,2021-10-11 00:00:00,OSGC - Công ty Cổ phần Osaka Garden,OSGCB2123002,VNĐ,,10/04/2021,10/04/2023,,43000000,100000,Coupon,Kết hợp,Định kỳ - Cuối kỳ,Mua lại,,10.32,Hiệu lực,,OSGC ,Công ty cổ phần,Bất động sản
122,2021-10-05 00:00:00,MBB - NGÂN HÀNG TMCP QUÂN ĐỘI,MBBL2128007,VNĐ,,10/04/2021,10/04/2028,,10000,10000000,Coupon,Thả nổi,Định kỳ - Cuối kỳ,Mua lại,,7.03,Hiệu lực,,MBB ,Công ty cổ phần,Tổ chức tín dụng
123,2022-01-11 00:00:00,BNPC - Công ty Cổ phần Bất động sản BNP Global,BNPCH2123002,VNĐ,,10/04/2021,06/04/2023,,21000000,100000,Coupon,Kết hợp,Định kỳ - Cuối kỳ,Mua lại,,10.5,Hiệu lực,,BNPC ,Công ty cổ phần,Bất động sản
124,2021-10-11 00:00:00,ABB - Ngân hàng TMCP An Bình (ABBANK),ABBL2123012,VNĐ,,10/04/2021,10/04/2023,,500,1000000000,Coupon,Cố định,Định kỳ - Cuối kỳ,Mua lại,,2.8,Hiệu lực,,ABB ,Công ty cổ phần,Tổ chức tín dụng
125,2022-03-29 00:00:00,FLC - Công ty cổ phần tập đoàn FLC,FLCH2124002,VNĐ,,10/04/2021,10/04/2024,,4300000,100000,Coupon,Kết hợp,Định kỳ - Cuối kỳ,Mua lại,,10.5,Hiệu lực,,FLC ,Công ty cổ phần,Bất động sản
126,2021-12-07 00:00:00,SVBC - Công ty cổ phần Sovico,SVBCH2124001,VNĐ,,11/04/2021,11/04/2026,,10000,100000000,Coupon,Cố định,Định kỳ - Cuối kỳ,Mua lại,,10.5,Hiệu lực,,SVBC ,Công ty cổ phần,"Thương mại, dịch vụ"
127,2021-11-05 00:00:00,UNIC - Công ty TNHH Đầu tư Bất động sản Unity,UNICH2124002,VNĐ,,11/04/2021,11/04/2024,,5840,100000000,Coupon,Kết hợp,Định kỳ - Cuối kỳ,Mua lại,,12.5,Hiệu lực,,UNIC ,Công ty trách nhiệm hữu hạn,Bất động sản
128,2021-11-10 00:00:00,VIB - Ngân hàng TMCP Quốc tế Việt Nam,VIBL2125018,VNĐ,,11/04/2021,11/04/2025,,500,1000000000,Coupon,Cố định,Định kỳ - Cuối kỳ,Mua lại,,3.8,Hiệu lực,,VIB ,Công ty cổ phần,Tổ chức tín dụng
129,2021-06-28 00:00:00,SBT - Công ty cổ phần Thành Thành công - Biên Hòa,SBTB2124002,VNĐ,,13/04/2021,13/04/2024,,12000000,100000,Coupon,Kết hợp,Khác,Mua lại,,9.5,Hiệu lực,,SBT ,Công ty cổ phần,Sản xuất
130,2021-04-14 00:00:00,VPB - NH TMCP VIỆT NAM THỊNH VƯỢNG,VPBL2123007,VNĐ,,13/04/2021,13/04/2023,,1000,1000000000,Coupon,Cố định,Định kỳ - Cuối kỳ,,,3.9,Hiệu lực,,VPB ,Công ty cổ phần,Tổ chức tín dụng
131,2021-05-04 00:00:00,SPJC - Công ty cổ phần Sài Gòn Phú Minh,SPJCH2126001,VNĐ,,13/04/2021,13/04/2026,,4400,100000000,Coupon,Kết hợp,Định kỳ - Cuối kỳ,Hoán đổi; Mua lại,,11.25,Hiệu lực,,SPJC ,Công ty cổ phần,Bất động sản
132,2021-08-24 00:00:00,CLAC - Công ty TNHH Đầu tư Cam Lâm,CLACH2124001,VNĐ,,14/04/2021,14/04/2024,,64099,10000000,Coupon,Cố định,Định kỳ - Cuối kỳ,Mua lại,,12.0,Hiệu lực,,CLAC ,Công ty trách nhiệm hữu hạn,Bất động sản
133,2022-05-16 00:00:00,SHS - Công ty Cổ phần chứng khoán Sài Gòn - Hà Nội,SHSH2123001,VNĐ,,15/04/2021,15/04/2023,,500,1000000000,Coupon,Kết hợp,Khác,Mua lại,,8.3,Hiệu lực,,SHS ,Công ty cổ phần,Kinh doanh chứng khoán
134,2021-04-28 00:00:00,GHIC - Công ty Cổ phần Đầu tư Golden Hill,GHICB2124001,VNĐ,,15/04/2021,15/04/2024,,57600000,100000,Coupon,Kết hợp,Định kỳ - Cuối kỳ,Mua lại,,9.7,Hiệu lực,,GHIC ,Công ty cổ phần,Bất động sản
135,2021-04-23 00:00:00,VPI - CTCP Đầu tư Văn Phú - Invest,VPIB2124002,VNĐ,,15/04/2021,15/04/2024,,2000,100000000,Coupon,Cố định,Định kỳ - Cuối kỳ,Mua lại,,10.3,Hiệu lực,,VPI ,Công ty cổ phần,Bất động sản
136,2021-04-26 00:00:00,VAIC - CTCP Đầu tư Voyage,VAICB2125001,VNĐ,,15/04/2021,15/04/2025,,23000000,100000,Coupon,Kết hợp,Định kỳ - Cuối kỳ,Mua lại,,10.5,Hiệu lực,,VAIC ,Công ty cổ phần,Bất động sản
137,2021-05-19 00:00:00,H79C - CTCP HƯNG THỊNH LAND,H79CH2122007,VNĐ,,16/04/2021,16/04/2022,,300,1000000000,Coupon,Cố định,Định kỳ - Cuối kỳ,Mua lại,,10.5,Hiệu lực,,H79C ,Công ty cổ phần,Bất động sản
138,2021-05-26 00:00:00,F88C - Công ty cổ phần kinh doanh F88,F88CH2122004,VNĐ,,16/04/2021,16/04/2022,,500,100000000,Coupon,Cố định,Định kỳ - Cuối kỳ,Mua lại,,9.0,Hiệu lực,,F88C ,Công ty cổ phần,"Thương mại, dịch vụ"
139,2021-07-20 00:00:00,VDS - Công ty Cổ phần Chứng khoán Rồng Việt,VDSH2122005,VNĐ,,16/04/2021,16/04/2022,,199605,1000000,Coupon,Cố định,Định kỳ - Cuối kỳ,Mua lại,,9.3,Hiệu lực,,VDS ,Công ty cổ phần,Kinh doanh chứng khoán
140,2021-06-10 00:00:00,TGCC - Công ty cổ phần vui chơi giải trí tổng hợp Tam Giang,TGCCH2131001,VNĐ,,19/04/2021,19/04/2031,,273600,10000000,Coupon,Kết hợp,Định kỳ - Cuối kỳ,Mua lại,,10.0,Hiệu lực,,TGCC ,Công ty cổ phần,Bất động sản
141,2021-07-23 00:00:00,EVS - Công ty Cổ phần chứng khoán Everest,EVSH2123003,VNĐ,,19/04/2021,19/04/2023,,29968,10000000,Coupon,Cố định,Định kỳ - Cuối kỳ,Mua lại,,10.0,Hiệu lực,,EVS ,Công ty cổ phần,Kinh doanh chứng khoán
142,2021-04-22 00:00:00,ACBC - Công ty TNHH Chứng khoán ACB,ACBCL2122005,VNĐ,,20/04/2021,20/04/2022,,100,1000000000,Coupon,Cố định,Một lần khi đến hạn,Mua lại,,7.6,Hiệu lực,,ACBC ,Công ty trách nhiệm hữu hạn,Kinh doanh chứng khoán
143,2021-07-28 00:00:00,NVL - CTCP TẬP ĐOÀN ĐẦU TƯ ĐỊA ỐC NO VA,NVLH2123003,VNĐ,,20/04/2021,20/04/2023,,2200000,100000,Coupon,Cố định,Định kỳ - Cuối kỳ,,,10.5,Hiệu lực,,NVL ,Công ty cổ phần,Bất động sản
144,2021-06-11 00:00:00,ORS - Công ty Cổ phần Chứng khoán Tiên Phong,ORSH2126001,VNĐ,,20/04/2021,20/04/2026,,10000000,100000,Coupon,Kết hợp,Định kỳ - Cuối kỳ,,,9.2,Hiệu lực,,ORS ,Công ty cổ phần,Kinh doanh chứng khoán
145,2021-04-27 00:00:00,VPB - NH TMCP VIỆT NAM THỊNH VƯỢNG,VPBL2124008,VNĐ,,22/04/2021,22/04/2024,,1000,1000000000,Coupon,Cố định,Định kỳ - Cuối kỳ,,,4.2,Hiệu lực,,VPB ,Công ty cổ phần,Tổ chức tín dụng
146,2022-05-13 00:00:00,XDCC - CTCP ĐẦU TƯ XÂY DỰNG XUÂN ĐỈNH,XDCCH2126003,VNĐ,,22/04/2021,22/04/2026,,12000000,100000,Coupon,Kết hợp,Định kỳ - Cuối kỳ,Mua lại,,11.0,Hiệu lực,,XDCC ,Công ty cổ phần,Xây dựng
147,2021-04-28 00:00:00,VIB - Ngân hàng TMCP Quốc tế Việt Nam,VIBL2124001,VNĐ,,22/04/2021,22/04/2024,,1500,1000000000,Coupon,Cố định,Định kỳ - Cuối kỳ,Mua lại,,3.7,Hiệu lực,,VIB ,Công ty cổ phần,Tổ chức tín dụng
148,2021-04-29 00:00:00,ACB - Ngân hàng TMCP Á Châu,ACBH2124001,VNĐ,,22/04/2021,22/04/2024,,1000,1000000000,Coupon,Cố định,Định kỳ - Cuối kỳ,,,4.0,Hiệu lực,,ACB ,Công ty cổ phần,Tổ chức tín dụng
149,2021-09-17 00:00:00,AACC - CTCP XÂY DỰNG KIẾN TRÚC AA,AACCH2125001,VNĐ,,26/04/2021,12/02/2025,,500,100000000,Coupon,Kết hợp,Định kỳ - Cuối kỳ,Mua lại,,9.8,Hiệu lực,,AACC ,Công ty cổ phần,Xây dựng
150,2021-04-28 00:00:00,VPB - NH TMCP VIỆT NAM THỊNH VƯỢNG,VPBL2124009,VNĐ,,26/04/2021,26/04/2024,,1000,1000000000,Coupon,Cố định,Định kỳ - Cuối kỳ,,,4.2,Hiệu lực,,VPB ,Công ty cổ phần,Tổ chức tín dụng
151,2021-08-02 00:00:00,NVL - CTCP TẬP ĐOÀN ĐẦU TƯ ĐỊA ỐC NO VA,NVLH2124002,VNĐ,,26/04/2021,03/10/2025,,2500000,100000,Coupon,Cố định,Định kỳ - Cuối kỳ,Mua lại,,10.5,Hiệu lực,,NVL ,Công ty cổ phần,Bất động sản
152,2021-04-28 00:00:00,VPB - NH TMCP VIỆT NAM THỊNH VƯỢNG,VPBL2124011,VNĐ,,26/04/2021,26/04/2024,,500,1000000000,Coupon,Cố định,Định kỳ - Cuối kỳ,Mua lại,,3.9,Hiệu lực,,VPB ,Công ty cổ phần,Tổ chức tín dụng
153,2021-05-04 00:00:00,MBS - Công ty Cổ phần Chứng khoán MB,MBSH2122001,VNĐ,,26/04/2021,26/10/2022,,320,1000000000,Coupon,Cố định,Định kỳ - Cuối kỳ,Mua lại,,7.5,Hiệu lực,,MBS ,Công ty cổ phần,Kinh doanh chứng khoán
154,2022-06-28 00:00:00,GKCC - CTCP Đầu tư thương mại dịch vụ Gia Khang,GKCCH2124002,VNĐ,,26/04/2021,26/04/2026,,10000000,100000,Coupon,Kết hợp,Định kỳ - Cuối kỳ,Mua lại,,11.0,Hiệu lực,,GKCC ,Công ty cổ phần,Bất động sản
155,2021-04-29 00:00:00,ACB - Ngân hàng TMCP Á Châu,ACBH2124002,VNĐ,,26/04/2021,26/04/2024,,2000,1000000000,Coupon,Cố định,Định kỳ - Cuối kỳ,,,4.0,Hiệu lực,,ACB ,Công ty cổ phần,Tổ chức tín dụng
156,2021-05-12 00:00:00,EBCC - CÔNG TY CỔ PHẦN BCG ENERGY,EBCCH2124002,VNĐ,,26/04/2021,26/04/2024,,10000,100000000,Coupon,Kết hợp,Định kỳ - Cuối kỳ,Mua lại,,10.0,Hiệu lực,,EBCC ,Công ty cổ phần,Sản xuất
157,2021-04-28 00:00:00,VIB - Ngân hàng TMCP Quốc tế Việt Nam,VIBL2124002,VNĐ,,27/04/2021,27/04/2024,,1500,1000000000,Coupon,Cố định,Định kỳ - Cuối kỳ,Mua lại,,4.0,Hiệu lực,,VIB ,Công ty cổ phần,Tổ chức tín dụng
158,2021-05-11 00:00:00,TNSC - Công ty TNHH Điện mặt trời Trung Nam Thuận Nam,TNSCB2124001,VNĐ,,27/04/2021,27/04/2024,,20000000,100000,Coupon,Kết hợp,Định kỳ - Cuối kỳ,Mua lại,,9.5,Hiệu lực,,TNSC ,Công ty trách nhiệm hữu hạn,Sản xuất
159,2021-05-12 00:00:00,GANC - Công ty cổ phần tư vấn Gia Ân,GANCH2124001,VNĐ,,27/04/2021,27/04/2024,,650000,1000000,Không xác định,,Định kỳ - Cuối kỳ,Mua lại,,11.0,Hiệu lực,,GANC ,Công ty cổ phần,Bất động sản
160,2021-05-05 00:00:00,MTDC - Công ty cổ phần đầu tư đường Mặt Trời,MTDCH2123001,VNĐ,,27/04/2021,27/04/2025,,250,1000000000,Coupon,Cố định,Định kỳ - Cuối kỳ,Mua lại,,8.0,Hiệu lực,,MTDC ,Công ty cổ phần,"Thương mại, dịch vụ"
161,2021-04-29 00:00:00,VPB - NH TMCP VIỆT NAM THỊNH VƯỢNG,VPBL2124010,VNĐ,,27/04/2021,27/04/2024,,1000,1000000000,Coupon,Cố định,Định kỳ - Cuối kỳ,Mua lại,,3.9,Hiệu lực,,VPB ,Công ty cổ phần,Tổ chức tín dụng
162,2021-05-07 00:00:00,HNA - CTCP Thủy điện Hủa Na,HNAB2123001,VNĐ,,28/04/2021,28/04/2023,,1500000,100000,Coupon,Kết hợp,Định kỳ - Cuối kỳ,Mua lại,,9.0,Hiệu lực,,HNA ,Công ty cổ phần,Sản xuất
163,2021-05-07 00:00:00,VND - Công ty Cổ phần Chứng khoán VNDirect,VNDH2123001,VNĐ,,28/04/2021,28/04/2023,,4500000,100000,Coupon,Kết hợp,Định kỳ - Cuối kỳ,Mua lại,,7.5,Hiệu lực,,VND ,Công ty cổ phần,Kinh doanh chứng khoán
164,2021-05-04 00:00:00,PDR - CTCP PHÁT TRIỂN BẤT ĐỘNG SẢN PHÁT ĐẠT,PDRH2123002,VNĐ,,28/04/2021,28/04/2023,,1500,100000000,Coupon,Cố định,Định kỳ - Cuối kỳ,Mua lại,,13.0,Hiệu lực,,PDR ,Công ty cổ phần,Bất động sản
165,2021-04-29 00:00:00,VPB - NH TMCP VIỆT NAM THỊNH VƯỢNG,VPBL2124012,VNĐ,,28/04/2021,28/04/2024,,500,1000000000,Coupon,Cố định,Định kỳ - Cuối kỳ,Mua lại,,3.9,Hiệu lực,,VPB ,Công ty cổ phần,Tổ chức tín dụng
166,2021-06-04 00:00:00,F88C - Công ty cổ phần kinh doanh F88,F88CH2122005,VNĐ,,29/04/2021,29/10/2022,,1500,100000000,Coupon,Cố định,Định kỳ - Cuối kỳ,Mua lại,,12.5,Hiệu lực,,F88C ,Công ty cổ phần,"Thương mại, dịch vụ"
167,2021-05-24 00:00:00,WDLC - CÔNG TY CỔ PHẦN BẤT ĐỘNG SẢN WONDERLAND,WDLCH2126002,VNĐ,,29/04/2021,29/04/2026,,10000000,100000,Coupon,Kết hợp,Định kỳ - Cuối kỳ,Mua lại,,11.0,Hiệu lực,,WDLC ,Công ty cổ phần,Lĩnh vực khác
168,2021-05-07 00:00:00,KSB - CTCP KHOÁNG SẢN VÀ XÂY DỰNG BÌNH DƯƠNG,KSBH2124001,VNĐ,,29/04/2021,29/04/2024,,3500,100000000,Coupon,Kết hợp,Định kỳ - Cuối kỳ,Mua lại,,11.5,Hiệu lực,,KSB ,Công ty cổ phần,Lĩnh vực khác
169,2021-03-18 00:00:00,SAMC - CTCP SUNSHINE AM,SAMCH2126001,VNĐ,,03/05/2021,03/05/2026,,4000000,100000,Coupon,Cố định,Định kỳ - Cuối kỳ,Mua lại,,11.0,Hiệu lực,,SAMC ,Công ty cổ phần,Bất động sản
170,2021-05-28 00:00:00,VIX - Công ty Cổ phần Chứng khoán VIX,VIXH2124001,VNĐ,,04/05/2021,04/05/2024,,3000,100000000,Coupon,Cố định,Định kỳ - Cuối kỳ,Mua lại,,10.5,Hiệu lực,,VIX ,Công ty cổ phần,Kinh doanh chứng khoán
171,2021-04-15 00:00:00,ADEC - Công ty Cổ phần ADEC,ADECH2123001,VNĐ,,04/05/2021,04/05/2024,,430,1000000000,Coupon,Kết hợp,Định kỳ - Cuối kỳ,Mua lại,,10.5,Hiệu lực,,ADEC ,Công ty cổ phần,Bất động sản
172,2021-04-14 00:00:00,VPB - NH TMCP VIỆT NAM THỊNH VƯỢNG,VPBL2123002,VNĐ,,04/05/2021,04/05/2023,,150,1000000000,Coupon,Cố định,Định kỳ - Cuối kỳ,,,3.9,Hiệu lực,,VPB ,Công ty cổ phần,Tổ chức tín dụng
173,2021-04-14 00:00:00,VPB - NH TMCP VIỆT NAM THỊNH VƯỢNG,VPBL2124003,VNĐ,,04/05/2021,04/05/2024,,450,1000000000,Coupon,Cố định,Định kỳ - Cuối kỳ,,,4.2,Hiệu lực,,VPB ,Công ty cổ phần,Tổ chức tín dụng
174,2021-04-26 00:00:00,CBEC - Công ty TNHH Du lịch Sinh thái Cồn Bắp,CBECH2123001,VNĐ,,04/05/2021,04/05/2023,,5000000,100000,Coupon,Kết hợp,Định kỳ - Cuối kỳ,Mua lại,,11.0,Hiệu lực,,CBEC ,Công ty trách nhiệm hữu hạn,"Thương mại, dịch vụ"
175,2021-05-07 00:00:00,VPB - NH TMCP VIỆT NAM THỊNH VƯỢNG,VPBL2124013,VNĐ,,05/05/2021,05/05/2024,,300,1000000000,Coupon,Cố định,Định kỳ - Cuối kỳ,Mua lại,,3.9,Hiệu lực,,VPB ,Công ty cổ phần,Tổ chức tín dụng
176,2021-06-15 00:00:00,H79C - CTCP HƯNG THỊNH LAND,H79CH2122008,VNĐ,,05/05/2021,05/05/2022,,500000,1000000,Coupon,Cố định,Định kỳ - Cuối kỳ,,,11.0,Hiệu lực,,H79C ,Công ty cổ phần,Bất động sản
177,2021-05-13 00:00:00,HPX - CÔNG TY CỔ PHẦN ĐẦU TƯ HẢI PHÁT,HPXH2124001,VNĐ,,05/05/2021,05/05/2024,,6500,100000000,Coupon,Kết hợp,Một lần khi đến hạn,Mua lại,,9.5,Hiệu lực,,HPX ,Công ty cổ phần,Bất động sản
178,2021-05-12 00:00:00,TPB - Ngân hàng Thương mại Cổ phần Tiên Phong,TPBL2124001,VNĐ,,05/05/2021,05/05/2024,,10000,100000000,Coupon,Cố định,Định kỳ - Cuối kỳ,Mua lại,,3.0,Hiệu lực,,TPB ,Công ty cổ phần,Tổ chức tín dụng
179,2021-10-01 00:00:00,VDS - Công ty Cổ phần Chứng khoán Rồng Việt,VDSH2122007,VNĐ,,07/05/2021,07/05/2022,,110100,1000000,Coupon,Cố định,Định kỳ - Cuối kỳ,Mua lại,,9.3,Hiệu lực,,VDS ,Công ty cổ phần,Kinh doanh chứng khoán
180,2021-07-15 00:00:00,ACB - Ngân hàng TMCP Á Châu,ACBH2124010,VNĐ,,07/05/2021,07/05/2024,,1500,1000000000,Coupon,Cố định,Định kỳ - Cuối kỳ,Mua lại,,4.0,Hiệu lực,,ACB ,Công ty cổ phần,Tổ chức tín dụng
181,2021-07-12 00:00:00,VIB - Ngân hàng TMCP Quốc tế Việt Nam,VIBL2128006,VNĐ,,07/05/2021,07/05/2028,,190,1000000000,Coupon,Thả nổi,Định kỳ - Cuối kỳ,Mua lại,,7.57,Hiệu lực,,VIB ,Công ty cổ phần,Tổ chức tín dụng
182,2021-08-04 00:00:00,F88C - Công ty cổ phần kinh doanh F88,F88CH2123008,VNĐ,,07/05/2021,01/05/2023,,1000,100000000,Coupon,Cố định,Định kỳ - Cuối kỳ,Mua lại,,12.0,Hiệu lực,,F88C ,Công ty cổ phần,"Thương mại, dịch vụ"
183,2021-08-26 00:00:00,F88C - Công ty cổ phần kinh doanh F88,F88CH2122007,VNĐ,,07/05/2021,07/05/2022,,1000,100000000,Coupon,Cố định,Định kỳ - Cuối kỳ,Mua lại,,11.5,Hiệu lực,,F88C ,Công ty cổ phần,"Thương mại, dịch vụ"
184,2021-07-09 00:00:00,NSVC - CÔNG TY TNHH ĐẦU TƯ BẤT ĐỘNG SẢN NGÔI SAO VIỆT,NSVCH2125001,VNĐ,,07/05/2021,07/05/2025,,8000000,100000,Coupon,Kết hợp,Định kỳ - Cuối kỳ,Mua lại,,12.0,Hết hiệu lực,,NSVC ,Công ty trách nhiệm hữu hạn,Bất động sản
185,2021-08-19 00:00:00,BVB - NGÂN HÀNG TMCP BẢN VIỆT,BVBLH2128002,VNĐ,,08/05/2021,08/05/2028,,50,1000000000,Coupon,Cố định,Định kỳ - Cuối kỳ,Mua lại,,7.6,Hiệu lực,,BVB ,Công ty cổ phần,Tổ chức tín dụng
186,2022-05-16 00:00:00,IP2C - CÔNG TY CỔ PHẦN PHONG ĐIỆN IA PẾT ĐAK ĐOA SỐ HAI,IP2CH2126001,VNĐ,,08/05/2021,08/05/2026,,4480000,100000,Coupon,Kết hợp,Định kỳ - Cuối kỳ,Mua lại,,9.25,Hiệu lực,,IP2C ,Công ty cổ phần,Sản xuất
187,2022-05-16 00:00:00,IP1C - CÔNG TY CỔ PHẦN PHONG ĐIỆN IA PẾT ĐAK ĐOA SỐ MỘT,IP1CH2126001,VNĐ,,08/05/2021,08/05/2026,,4630000,100000,Coupon,Kết hợp,Định kỳ - Cuối kỳ,Mua lại,,9.25,Hiệu lực,,IP1C ,Công ty cổ phần,Sản xuất
188,2021-12-09 00:00:00,DTJC - Công ty CP Địa ôc Downtown,DTJCH2125002,VNĐ,,10/05/2021,10/05/2025,,880000,100000,Coupon,Kết hợp,Định kỳ - Cuối kỳ,Mua lại,,9.0,Hiệu lực,,DTJC ,Công ty cổ phần,Bất động sản
189,2021-12-21 00:00:00,KHG - CTCP BẤT ĐỘNG SẢN KHẢI HOÀN LAND,KHGH2123001,VNĐ,,10/05/2021,04/05/2024,,300000,1000000,Coupon,Kết hợp,Định kỳ - Cuối kỳ,,,12.0,Hiệu lực,,KHG ,Công ty cổ phần,Bất động sản
190,2021-10-11 00:00:00,MBB - NGÂN HÀNG TMCP QUÂN ĐỘI,MBBL2128008,VNĐ,,10/05/2021,10/05/2028,,20000,10000000,Coupon,Thả nổi,Định kỳ - Cuối kỳ,,,7.23,Hiệu lực,,MBB ,Công ty cổ phần,Tổ chức tín dụng
191,2021-12-09 00:00:00,DTJC - Công ty CP Địa ôc Downtown,DTJCH2125001,VNĐ,,10/05/2021,10/05/2025,,2920000,100000,Coupon,Kết hợp,Định kỳ - Cuối kỳ,Mua lại,,9.0,Hiệu lực,,DTJC ,Công ty cổ phần,Bất động sản
192,2021-11-30 00:00:00,ITCC - CTCP ĐẦU TƯ XÂY DỰNG HẠ TẦNG VÀ GIAO THÔNG,ITCCH2123002,VNĐ,,10/05/2021,10/05/2023,,1800000,100000,Coupon,Cố định,Định kỳ - Cuối kỳ,Mua lại,,10.3,Hiệu lực,,ITCC ,Công ty cổ phần,Xây dựng
193,2022-07-12 00:00:00,CBGC - Công ty Cổ Phần Crystal Bay,CBGCB2124001,VNĐ,,11/05/2021,11/05/2024,,4500000,100000,Coupon,Cố định,Định kỳ - Cuối kỳ,Mua lại,,9.5,Hiệu lực,,CBGC ,Công ty cổ phần,Lĩnh vực khác
194,2021-11-25 00:00:00,TNRC - Công ty cổ phần đầu tư phát triển bất động sản TNR holdings Việt Nam,TNRCH2128003,VNĐ,,11/05/2021,11/05/2028,,50000,10000000,Coupon,Cố định,Một lần khi đến hạn,,,10.0,Hiệu lực,,TNRC ,Công ty cổ phần,Bất động sản
195,2022-05-06 00:00:00,SHJC - CTCP KINH DOANH NHÀ SUNSHINE,SHJCH2124001,VNĐ,,13/05/2021,13/05/2024,,10000000,100000,Coupon,Kết hợp,Định kỳ - Cuối kỳ,Mua lại,,11.0,Hiệu lực,,SHJC ,Công ty cổ phần,Bất động sản
196,2021-05-14 00:00:00,VIB - Ngân hàng TMCP Quốc tế Việt Nam,VIBL2124003,VNĐ,,13/05/2021,13/05/2024,,1000,1000000000,Coupon,Cố định,Định kỳ - Cuối kỳ,Mua lại,,4.0,Hiệu lực,,VIB ,Công ty cổ phần,Tổ chức tín dụng
197,2021-05-17 00:00:00,VPB - NH TMCP VIỆT NAM THỊNH VƯỢNG,VPBL2124015,VNĐ,,13/05/2021,13/05/2024,,300,1000000000,Coupon,Cố định,Định kỳ - Cuối kỳ,,,4.2,Hiệu lực,,VPB ,Công ty cổ phần,Tổ chức tín dụng
198,2021-08-17 00:00:00,TPCC - Công ty CP Bất động sản Tiến Phước,TPCCH2122001,VNĐ,,14/05/2021,14/05/2022,,300000,1000000,Coupon,Cố định,Định kỳ - Cuối kỳ,Mua lại,,11.0,Hiệu lực,,TPCC ,Công ty cổ phần,Lĩnh vực khác
199,2021-06-10 00:00:00,HPX - CÔNG TY CỔ PHẦN ĐẦU TƯ HẢI PHÁT,HPXH2122002,VNĐ,,17/05/2021,17/11/2022,,1000,100000000,Coupon,Cố định,Một lần khi đến hạn,Mua lại,,11.0,Hiệu lực,,HPX ,Công ty cổ phần,Bất động sản
200,2021-05-28 00:00:00,TASC - CTCP TẬP ĐOÀN TASECO,TASCH2123001,VNĐ,,17/05/2021,17/05/2023,,1300,100000000,Coupon,Cố định,Định kỳ - Cuối kỳ,Mua lại,,10.0,Hiệu lực,,TASC ,Công ty cổ phần,Bất động sản
201,2021-05-19 00:00:00,VPB - NH TMCP VIỆT NAM THỊNH VƯỢNG,VPBL2124016,VNĐ,,17/05/2021,17/05/2024,,500,1000000000,Coupon,Cố định,Định kỳ - Cuối kỳ,Mua lại,,3.9,Hiệu lực,,VPB ,Công ty cổ phần,Tổ chức tín dụng
202,2021-05-25 00:00:00,NVT - Công ty cổ phần bất động sản du lịch Ninh Vân Bay,NVTH2131001,VNĐ,,18/05/2021,18/05/2031,,2400,100000000,Coupon,Kết hợp,Định kỳ - Cuối kỳ,Mua lại,,9.5,Hiệu lực,,NVT ,Công ty cổ phần,Bất động sản
203,2021-05-21 00:00:00,TCSC - CTCP chứng khoán Kỹ thương,TCSCH2123001,VNĐ,,18/05/2021,18/05/2023,,1550000,100000,Coupon,Kết hợp,Định kỳ - Cuối kỳ,Mua lại,,6.8,Hiệu lực,,TCSC ,Công ty cổ phần,Kinh doanh chứng khoán
204,2021-07-06 00:00:00,VCI - CTCP CHỨNG KHOÁN BẢN VIỆT,VCIH2123002,VNĐ,,18/05/2021,18/05/2023,,2500,100000000,Coupon,Cố định,Một lần khi đến hạn,Mua lại,,9.0,Hiệu lực,,VCI ,Công ty cổ phần,Kinh doanh chứng khoán
205,2021-05-20 00:00:00,SHB - Ngân hàng TMCP Sài Gòn - Hà Nội,SHBH2123001,VNĐ,,18/05/2021,18/05/2023,,1000,1000000000,Coupon,Cố định,Định kỳ - Cuối kỳ,Mua lại,,3.8,Hiệu lực,,SHB ,Công ty cổ phần,Tổ chức tín dụng
206,2021-10-06 00:00:00,BITC - Công ty cổ phần Kinh doanh và Đầu tư Bình Dương,BITCH2123002,VNĐ,,18/05/2021,18/05/2023,,500000,1000000,Coupon,Cố định,Định kỳ - Cuối kỳ,Mua lại,,10.2,Hiệu lực,,BITC ,Công ty cổ phần,Bất động sản
207,2021-05-24 00:00:00,VPFC - CÔNG TY TÀI CHÍNH TNHH MTV NGÂN HÀNG VIỆT NAM THỊNH VƯỢNG,VPFCH2123001,VNĐ,,18/05/2021,18/05/2023,,200000,1000000,Coupon,Cố định,Một lần khi đến hạn,,,7.5,Hiệu lực,,VPFC ,Công ty trách nhiệm hữu hạn,Lĩnh vực khác
208,2021-05-31 00:00:00,TNGC - Công ty CP Đầu tư Xây Dựng Trung Nam,TNGCB2124001,VNĐ,,18/05/2021,18/05/2024,,20000000,100000,Coupon,Kết hợp,Định kỳ - Cuối kỳ,Mua lại,,9.5,Hiệu lực,,TNGC ,Công ty cổ phần,Lĩnh vực khác
209,2021-05-25 00:00:00,MSB - Ngân hàng TMCP Hàng Hải Việt Nam,MSBL2124001,VNĐ,,18/05/2021,18/05/2024,,1000,1000000000,Coupon,Cố định,Định kỳ - Cuối kỳ,Mua lại,,4.0,Hiệu lực,,MSB ,Công ty cổ phần,Tổ chức tín dụng
210,2021-08-20 00:00:00,WTOC - Tổng Công ty Cổ phần Thương mại Xây dựng,WTOCH2126002,VNĐ,,19/05/2021,19/05/2028,,600,100000000,Coupon,Kết hợp,Định kỳ - Cuối kỳ,Mua lại,,10.0,Hiệu lực,,WTOC ,Công ty cổ phần,Bất động sản
211,2021-06-25 00:00:00,WTOC - Tổng Công ty Cổ phần Thương mại Xây dựng,WTOCH2126001,VNĐ,,19/05/2021,19/05/2028,,2000,100000000,Coupon,Kết hợp,Định kỳ - Cuối kỳ,Mua lại,,10.0,Hiệu lực,,WTOC ,Công ty cổ phần,Bất động sản
212,2021-07-01 00:00:00,GEX - Công ty cổ phần Tập đoàn Gelex,GEXH2124001,VNĐ,,19/05/2021,19/05/2024,,3000,100000000,Coupon,Cố định,Định kỳ - Cuối kỳ,Mua lại,,8.5,Hiệu lực,,GEX ,Công ty cổ phần,Sản xuất
213,2021-05-27 00:00:00,MSB - Ngân hàng TMCP Hàng Hải Việt Nam,MSBL2124002,VNĐ,,19/05/2021,19/05/2024,,1700,1000000000,Coupon,Cố định,Định kỳ - Cuối kỳ,Mua lại,,4.0,Hiệu lực,,MSB ,Công ty cổ phần,Tổ chức tín dụng
214,2021-08-20 00:00:00,WTOC - Tổng Công ty Cổ phần Thương mại Xây dựng,WTOCH2126003,VNĐ,,19/05/2021,,,0,100000000,Coupon,Kết hợp,Định kỳ - Cuối kỳ,Mua lại,,10.0,Hiệu lực,,WTOC ,Công ty cổ phần,Bất động sản
215,2021-06-17 00:00:00,GMEC - Công ty cổ phần Truyền thông và Giải trí Galaxy,GMECH2123001,VNĐ,,19/05/2021,19/05/2025,,250000,100000,Coupon,Cố định,Định kỳ - Cuối kỳ,,,12.0,Hiệu lực,,GMEC ,Công ty cổ phần,"Thương mại, dịch vụ"
216,2021-05-24 00:00:00,VPFC - CÔNG TY TÀI CHÍNH TNHH MTV NGÂN HÀNG VIỆT NAM THỊNH VƯỢNG,VPFCH2123002,VNĐ,,19/05/2021,19/05/2023,,200000,1000000,Coupon,Cố định,Một lần khi đến hạn,,,7.5,Hiệu lực,,VPFC ,Công ty trách nhiệm hữu hạn,Lĩnh vực khác
217,2021-07-22 00:00:00,TLAC - Công ty Cổ phần Đầu tư Tân Thành Long An,TLACH2126001,VNĐ,,20/05/2021,20/05/2026,,50000000,100000,Coupon,Kết hợp,Định kỳ - Cuối kỳ,Mua lại,,10.0,Hiệu lực,,TLAC ,Công ty cổ phần,Bất động sản
218,2021-05-28 00:00:00,BID - Ngân hàng TMCP Đầu tư và Phát triển Việt Nam,BIDL2128001,VNĐ,,20/05/2021,20/05/2028,,10000000,100000,Coupon,Thả nổi,Định kỳ - Cuối kỳ,Hoán đổi; Mua lại; None,,6.33,Hiệu lực,,BID ,Công ty cổ phần,Tổ chức tín dụng
219,2021-07-30 00:00:00,TTDC - CTCP Tập đoàn Thái Tuấn,TTDCH2122002,VNĐ,,20/05/2021,20/11/2024,,5000,100000000,Coupon,Cố định,Định kỳ - Cuối kỳ,Mua lại,,11.0,Hiệu lực,,TTDC ,Công ty cổ phần,Sản xuất
220,2021-05-28 00:00:00,BID - Ngân hàng TMCP Đầu tư và Phát triển Việt Nam,BIDL2136002,VNĐ,,21/05/2021,21/05/2036,,800,1000000000,Coupon,Kết hợp,Định kỳ - Cuối kỳ,Hoán đổi; Mua lại,,6.9,Hiệu lực,,BID ,Công ty cổ phần,Tổ chức tín dụng
221,2021-05-27 00:00:00,DHCC - CÔNG TY CỔ PHẦN THỦY ĐIỆN ĐAKĐRINH,DHCCB2124001,VNĐ,,21/05/2021,21/05/2024,,400000,100000,Coupon,Kết hợp,Định kỳ - Cuối kỳ,Mua lại,,9.0,Hiệu lực,,DHCC ,Công ty cổ phần,Sản xuất
222,2021-10-28 00:00:00,MST - Công ty Cổ phần Đầu tư MST,MSTH2122001,VNĐ,,21/05/2021,21/05/2022,,10000,10000000,Coupon,Cố định,Định kỳ - Cuối kỳ,Mua lại,,12.6,Hiệu lực,,MST ,Công ty cổ phần,Lĩnh vực khác
223,2021-06-29 00:00:00,GHVC - Công ty Cổ phần GreenHill Village,GHVCH2122001,VNĐ,,24/05/2021,24/11/2022,,1800,100000000,Coupon,Cố định,Định kỳ - Cuối kỳ,Mua lại,,11.0,Hiệu lực,,GHVC ,Công ty cổ phần,Bất động sản
224,2021-06-21 00:00:00,DVPC - Công ty cổ phần Tập đoàn Vàng bạc Đá quý DOJI,DVPCH2126001,VNĐ,,24/05/2021,24/05/2026,,3000000,100000,Coupon,Kết hợp,Định kỳ - Cuối kỳ,Mua lại,,8.75,Hiệu lực,,DVPC ,Công ty cổ phần,"Thương mại, dịch vụ"
225,2021-05-27 00:00:00,HNF - CTCP THỰC PHẨM HỮU NGHỊ,HNFH2125001,VNĐ,,24/05/2021,24/05/2025,,80,1000000000,Coupon,Kết hợp,Định kỳ - Cuối kỳ,Mua lại,,10.0,Hiệu lực,,HNF ,Công ty cổ phần,Sản xuất
226,2021-06-01 00:00:00,CII - CTCP Đầu tư Hạ tầng Kỹ thuật Thành phố Hồ Chí Minh,CIIH2122001,VNĐ,,24/05/2021,24/05/2022,,2000000,100000,Coupon,Cố định,Định kỳ - Cuối kỳ,Mua lại,,11.5,Hiệu lực,,CII ,Công ty cổ phần,Xây dựng
227,2021-06-01 00:00:00,VJC - CÔNG TY CỔ PHẦN HÀNG KHÔNG VIETJET,VJCH2126001,VNĐ,,24/05/2021,24/05/2026,,10000000,100000,Coupon,Kết hợp,Khác,Mua lại,,9.5,Hiệu lực,,VJC ,Công ty cổ phần,Bất động sản
228,2021-06-24 00:00:00,EBCC - CÔNG TY CỔ PHẦN BCG ENERGY,EBCCH2124003,VNĐ,,24/05/2021,24/05/2024,,15000,100000000,Coupon,Kết hợp,Định kỳ - Cuối kỳ,Mua lại,,10.0,Hiệu lực,,EBCC ,Công ty cổ phần,Sản xuất
229,2021-08-03 00:00:00,VCI - CTCP CHỨNG KHOÁN BẢN VIỆT,VCIH2123003,VNĐ,,24/05/2021,24/05/2023,,2101,100000000,Coupon,Cố định,Một lần khi đến hạn,Mua lại,,8.5,Hiệu lực,,VCI ,Công ty cổ phần,Kinh doanh chứng khoán
230,2021-05-28 00:00:00,HLCC - Công ty TNHH Xây dựng và Phát triển Hoàng Long,HLCCH2126001,VNĐ,,24/05/2021,24/05/2026,,4000000,100000,Coupon,Kết hợp,Định kỳ - Cuối kỳ,Mua lại,,11.0,Hiệu lực,,HLCC ,Công ty trách nhiệm hữu hạn,Bất động sản
231,2021-05-28 00:00:00,NBCC - Công ty TNHH Tư vấn Đầu tư Nguyên Bình,NBCCH2126001,VNĐ,,24/05/2021,24/05/2026,,4000000,100000,Coupon,Kết hợp,Định kỳ - Cuối kỳ,Mua lại,,11.0,Hiệu lực,,NBCC ,Công ty trách nhiệm hữu hạn,Bất động sản
232,2021-06-01 00:00:00,TPB - Ngân hàng Thương mại Cổ phần Tiên Phong,TPBL2124004,VNĐ,,25/05/2021,25/05/2024,,4000,100000000,Coupon,Cố định,Định kỳ - Cuối kỳ,,,4.1,Hiệu lực,,TPB ,Công ty cổ phần,Tổ chức tín dụng
233,2022-05-06 00:00:00,SHJC - CTCP KINH DOANH NHÀ SUNSHINE,SHJCH2125002,VNĐ,,25/05/2021,25/05/2025,,11000000,100000,Coupon,Kết hợp,Định kỳ - Cuối kỳ,Mua lại,,11.0,Hiệu lực,,SHJC ,Công ty cổ phần,Bất động sản
234,2021-05-27 00:00:00,VPFC - CÔNG TY TÀI CHÍNH TNHH MTV NGÂN HÀNG VIỆT NAM THỊNH VƯỢNG,VPFCH2123003,VNĐ,,25/05/2021,25/05/2023,,100000,1000000,Coupon,Cố định,Một lần khi đến hạn,Mua lại,,7.5,Hiệu lực,,VPFC ,Công ty trách nhiệm hữu hạn,Lĩnh vực khác
235,2021-07-19 00:00:00,HBDC - Công ty TNHH Mua Bán nợ Hòa Bình,HBDCB2124001,VNĐ,,26/05/2021,26/05/2024,,3000000,100000,Coupon,Kết hợp,Định kỳ - Cuối kỳ,Mua lại,,9.0,Hiệu lực,,HBDC ,Công ty trách nhiệm hữu hạn,Lĩnh vực khác
236,2021-06-02 00:00:00,HDB - NH TMCP Phát triển thành phố Hồ Chí Minh ( HDBANK),HDBL2128001,VNĐ,,26/05/2021,26/05/2028,,400,1000000000,Coupon,Thả nổi,Định kỳ - Cuối kỳ,Mua lại,,7.77,Hiệu lực,,HDB ,Công ty cổ phần,Tổ chức tín dụng
237,2021-05-27 00:00:00,VPFC - CÔNG TY TÀI CHÍNH TNHH MTV NGÂN HÀNG VIỆT NAM THỊNH VƯỢNG,VPFCH2123004,VNĐ,,26/05/2021,26/05/2023,,500000,1000000,Coupon,Cố định,Định kỳ - Cuối kỳ,,,7.24,Hiệu lực,,VPFC ,Công ty trách nhiệm hữu hạn,Lĩnh vực khác
238,2021-06-10 00:00:00,NVL - CTCP TẬP ĐOÀN ĐẦU TƯ ĐỊA ỐC NO VA,NVLB2122005,VNĐ,,26/05/2021,26/11/2022,,8000000,100000,Coupon,Kết hợp,Định kỳ - Cuối kỳ,Mua lại,,9.5,Hiệu lực,,NVL ,Công ty cổ phần,Bất động sản
239,2021-08-19 00:00:00,HQNC - CTCP Dịch vụ Giải trí Hưng Thịnh Quy Nhơn,HQNCH2124005,VNĐ,,26/05/2021,26/05/2024,,16000000,100000,Coupon,Thả nổi,Định kỳ - Cuối kỳ,Mua lại,,11.0,Hiệu lực,,HQNC ,Công ty cổ phần,Lĩnh vực khác
240,2021-06-11 00:00:00,BKPC - Công ty cổ phần phần mềm diệt virus BKAV,BKPCB2124001,VNĐ,,26/05/2021,26/05/2024,,1700000,100000,Coupon,Kết hợp,Khác,,,10.5,Hiệu lực,,BKPC ,Công ty cổ phần,Lĩnh vực khác
241,2021-07-22 00:00:00,RESC - Công ty cổ phần Đầu tư và Phát triển Residence,RESCH2122002,VNĐ,,27/05/2021,27/05/2022,,5000,100000000,Coupon,Cố định,Định kỳ - Cuối kỳ,Mua lại,,9.75,Hiệu lực,,RESC ,Công ty cổ phần,Bất động sản
242,2021-06-01 00:00:00,H79C - CTCP HƯNG THỊNH LAND,H79CH2122009,VNĐ,,27/05/2021,27/05/2022,,300,1000000000,Coupon,Cố định,Định kỳ - Cuối kỳ,Mua lại,,10.5,Hiệu lực,,H79C ,Công ty cổ phần,Bất động sản
243,2021-09-01 00:00:00,CENC - Công ty TNHH Đầu tư Central Capital,CENCH2124001,VNĐ,,27/05/2021,27/05/2024,,600,1000000000,Coupon,Cố định,Một lần khi đến hạn,Mua lại,,11.0,Hiệu lực,,CENC ,Công ty trách nhiệm hữu hạn,Bất động sản
244,2021-08-31 00:00:00,PDHC - Công ty cổ phần Phát triển nhà Phúc Đồng,PDHCH2124001,VNĐ,,28/05/2021,28/05/2024,,1400000,100000,Coupon,Cố định,Định kỳ - Cuối kỳ,Mua lại,,10.5,Hiệu lực,,PDHC ,Công ty cổ phần,Bất động sản
245,2021-06-17 00:00:00,VIJC - CTCP Vũng Tàu Investment,VIJCH2125001,VNĐ,,28/05/2021,28/05/2025,,13650,100000000,Coupon,Kết hợp,Định kỳ - Cuối kỳ,Mua lại,,10.0,Hiệu lực,,VIJC ,Công ty trách nhiệm hữu hạn,Bất động sản
246,2021-06-03 00:00:00,TPB - Ngân hàng Thương mại Cổ phần Tiên Phong,TPBL2124005,VNĐ,,28/05/2021,28/05/2024,,10000,100000000,Coupon,Cố định,Định kỳ - Cuối kỳ,Mua lại,,3.8,Hiệu lực,,TPB ,Công ty cổ phần,Tổ chức tín dụng
247,2021-06-24 00:00:00,H79C - CTCP HƯNG THỊNH LAND,H79CH2123010,VNĐ,,28/05/2021,28/05/2023,,350000,1000000,Coupon,Cố định,Định kỳ - Cuối kỳ,Mua lại,,10.4,Hiệu lực,,H79C ,Công ty cổ phần,Bất động sản
248,2021-06-03 00:00:00,TPB - Ngân hàng Thương mại Cổ phần Tiên Phong,TPBL2124006,VNĐ,,31/05/2021,31/05/2024,,10000,100000000,Coupon,Cố định,Định kỳ - Cuối kỳ,Mua lại,,3.8,Hiệu lực,,TPB ,Công ty cổ phần,Tổ chức tín dụng
249,2021-06-21 00:00:00,WDLC - CÔNG TY CỔ PHẦN BẤT ĐỘNG SẢN WONDERLAND,WDLCH2125003,VNĐ,,31/05/2021,31/05/2025,,10000000,100000,Coupon,Kết hợp,Định kỳ - Cuối kỳ,Mua lại,,11.0,Hiệu lực,,WDLC ,Công ty cổ phần,Lĩnh vực khác
250,2021-06-25 00:00:00,BAB - Ngân hàng Thương Mại Cổ Phần Bắc Á,BABL2124001,VNĐ,,31/05/2021,31/05/2024,,1200,1000000000,Coupon,Cố định,Định kỳ - Cuối kỳ,Mua lại,,4.2,Hiệu lực,,BAB ,Công ty cổ phần,Tổ chức tín dụng
251,2021-04-14 00:00:00,VPB - NH TMCP VIỆT NAM THỊNH VƯỢNG,VPBL2123004,VNĐ,,04/06/2021,04/06/2023,,1000,1000000000,Coupon,Cố định,Định kỳ - Cuối kỳ,,,3.9,Hiệu lực,,VPB ,Công ty cổ phần,Tổ chức tín dụng
252,2021-04-13 00:00:00,GTPC - Công ty CP Tập đoàn Tiến Phước,GTPCH2123002,VNĐ,,04/06/2021,04/06/2025,,2000000,100000,Coupon,Cố định,Định kỳ - Cuối kỳ,Mua lại,,9.5,Hiệu lực,,GTPC ,Công ty cổ phần,Lĩnh vực khác
253,2021-04-12 00:00:00,BHBC - CTCP NĂNG LƯỢNG BẮC HÀ,BHBCH2124002,VNĐ,,04/06/2021,04/06/2024,,2000000,100000,Coupon,Cố định,Định kỳ - Cuối kỳ,Mua lại,,10.5,Hiệu lực,,BHBC ,Công ty cổ phần,Sản xuất
254,2021-05-20 00:00:00,ACB - Ngân hàng TMCP Á Châu,ACBH2124003,VNĐ,,05/06/2021,05/06/2024,,2000,1000000000,Coupon,Cố định,Định kỳ - Cuối kỳ,Mua lại,,4.0,Hiệu lực,,ACB ,Công ty cổ phần,Tổ chức tín dụng
255,2021-10-18 00:00:00,NWSC - Công ty CP Nova W Sand,NWSCH2124001,VNĐ,,07/06/2021,07/06/2024,,200000,1000000,Coupon,Cố định,Định kỳ - Cuối kỳ,Mua lại,,11.0,Hiệu lực,,NWSC ,Công ty cổ phần,Bất động sản
256,2021-07-07 00:00:00,PDR - CTCP PHÁT TRIỂN BẤT ĐỘNG SẢN PHÁT ĐẠT,PDRH2122004,VNĐ,,07/06/2021,07/06/2022,,2300,100000000,Coupon,Cố định,Định kỳ - Cuối kỳ,,,13.0,Hiệu lực,,PDR ,Công ty cổ phần,Bất động sản
257,2021-07-13 00:00:00,HPX - CÔNG TY CỔ PHẦN ĐẦU TƯ HẢI PHÁT,HPXH2123004,VNĐ,,07/06/2021,01/06/2023,,1000,100000000,Coupon,Cố định,Khác,Mua lại,,11.0,Hiệu lực,,HPX ,Công ty cổ phần,Bất động sản
258,2021-07-12 00:00:00,SOLC - CÔNG TY CỔ PHẦN ĐẦU TƯ & DỊCH VỤ KHÁCH SẠN SOLEIL,SOLCH2123001,VNĐ,,07/06/2021,07/06/2023,,8000,100000000,Coupon,Cố định,Định kỳ - Cuối kỳ,Mua lại,,11.75,Hết hiệu lực,,SOLC ,Công ty cổ phần,Bất động sản
259,2021-07-16 00:00:00,BID - Ngân hàng TMCP Đầu tư và Phát triển Việt Nam,BIDL2127014,VNĐ,,07/06/2021,07/06/2027,,3000,1000000000,Coupon,Thả nổi,Định kỳ - Cuối kỳ,Hoán đổi; Mua lại,,6.03,Hiệu lực,,BID ,Công ty cổ phần,Tổ chức tín dụng
260,2021-08-25 00:00:00,VHAC - Công ty CP thương mại - quảng cáo - xây dựng - địa ốc Việt Hân,VHACH2128001,VNĐ,,07/06/2021,07/06/2028,,50000,10000000,Coupon,Cố định,Một lần khi đến hạn,,,10.0,Hiệu lực,,VHAC ,Công ty cổ phần,Bất động sản
261,2021-08-16 00:00:00,SRSC - CTCP ĐẦU TƯ VÀ XÂY DỰNG SUNRISE VIỆT NAM,SRSCH2124001,VNĐ,,08/06/2021,08/06/2024,,5000000,100000,Coupon,Kết hợp,Định kỳ - Cuối kỳ,Mua lại,,11.0,Hiệu lực,,SRSC ,Công ty cổ phần,Bất động sản
262,2022-03-04 00:00:00,HGMC - Công ty TNHH Quản lý Bất động sản Highgate,HGMCH2123001,VNĐ,,09/06/2021,11/06/2023,,3540000,100000,Coupon,Kết hợp,Khác,Mua lại,,9.5,Hiệu lực,,HGMC ,Công ty trách nhiệm hữu hạn,Bất động sản
263,2021-09-14 00:00:00,NLG - Công ty Cổ phần Đầu tư Nam Long,NLGB2124001,VNĐ,,09/06/2021,09/06/2024,,5000000,100000,Coupon,Kết hợp,Định kỳ - Cuối kỳ,Mua lại,,9.5,Hiệu lực,,NLG ,Công ty cổ phần,Bất động sản
264,2021-11-05 00:00:00,EVS - Công ty Cổ phần chứng khoán Everest,EVSH2124005,VNĐ,,09/06/2021,09/06/2024,,30000,10000000,Coupon,Cố định,Định kỳ - Cuối kỳ,Mua lại,,9.5,Hiệu lực,,EVS ,Công ty cổ phần,Kinh doanh chứng khoán
265,2021-09-14 00:00:00,NLG - Công ty Cổ phần Đầu tư Nam Long,NLGB2124002,VNĐ,,09/06/2021,09/06/2024,,4500000,100000,Coupon,Kết hợp,Định kỳ - Cuối kỳ,Mua lại,,9.5,Hiệu lực,,NLG ,Công ty cổ phần,Bất động sản
266,2021-12-09 00:00:00,GDGC - Công ty Cổ phần Thương mại Dịch vụ Cổng Vàng,GDGCH2124001,VNĐ,,09/06/2021,09/06/2024,,4937,100000000,Coupon,Cố định,Định kỳ - Cuối kỳ,Mua lại,,11.5,Hiệu lực,,GDGC ,Công ty cổ phần,Lĩnh vực khác
267,2021-11-22 00:00:00,BNCC - Công ty cổ phần dịch vụ cáp treo Bà Nà,BNCCB2126001,VNĐ,,09/06/2021,09/06/2026,,15000000,100000,Coupon,Kết hợp,Định kỳ - Cuối kỳ,Mua lại,,8.0,Hiệu lực,,BNCC ,Công ty cổ phần,"Thương mại, dịch vụ"
268,2021-11-05 00:00:00,ECOC - CTCP ĐẦU TƯ NƯỚC SẠCH VÀ MÔI TRƯỜNG ECO&MORE,ECOCH2126001,VNĐ,,10/06/2021,10/06/2026,,9000,100000000,Coupon,Cố định,Định kỳ - Cuối kỳ,Mua lại,,8.5,Hiệu lực,,ECOC ,Công ty cổ phần,Lĩnh vực khác
269,2021-10-11 00:00:00,SHB - Ngân hàng TMCP Sài Gòn - Hà Nội,SHBH2123011,VNĐ,,10/06/2021,10/06/2023,,1000,1000000000,Coupon,Cố định,Định kỳ - Cuối kỳ,Mua lại,,3.8,Hiệu lực,,SHB ,Công ty cổ phần,Tổ chức tín dụng
270,2022-01-14 00:00:00,DDG - CTCP Đầu tư Công nghiệp Xuất nhập khẩu Đông Dương,DDGH2122002,VNĐ,,10/06/2021,10/06/2022,,1000000,100000,Coupon,Cố định,Định kỳ - Cuối kỳ,,,11.5,Hiệu lực,,DDG ,Công ty cổ phần,Lĩnh vực khác
271,2021-10-25 00:00:00,DVLC - CÔNG TY CỔ PHẦN BẤT ĐỘNG SẢN DRAGON VILLAGE,DVLCH2124002,VNĐ,,10/06/2021,10/06/2026,,5000,100000000,Coupon,Cố định,Định kỳ - Cuối kỳ,Mua lại,,11.0,Hiệu lực,,DVLC ,Công ty cổ phần,Bất động sản
272,2022-02-14 00:00:00,NAKC - CÔNG TY CP CÔNG NGHỆ VÀ MÔI TRƯỜNG NAM KHANG,NAKCH2123001,VNĐ,,11/06/2021,05/06/2023,,1200000,100000,Coupon,Cố định,Định kỳ - Cuối kỳ,Mua lại,,12.0,Hiệu lực,,NAKC ,Công ty cổ phần,Lĩnh vực khác
273,2021-12-16 00:00:00,LPB - Ngân hàng Thương mại Cổ phần Bưu Điện Liên Việt,LPBH2123013,VNĐ,,12/06/2021,12/06/2023,,1000,1000000000,Coupon,Cố định,Định kỳ - Cuối kỳ,Mua lại,,3.7,Hiệu lực,,LPB ,Công ty cổ phần,Tổ chức tín dụng
274,2022-02-21 00:00:00,RHGC - Công ty cổ phần Tập đoàn R&H,RHGCH2124005,VNĐ,,12/06/2021,12/06/2026,,30000000,100000,Coupon,Kết hợp,Định kỳ - Cuối kỳ,Mua lại,,11.0,Hiệu lực,,RHGC ,Công ty cổ phần,Bất động sản
275,2022-02-23 00:00:00,VTGC - Công ty Cổ phần Xây Dựng và Thương Mại Trung Tây Nguyên,VTGCH2124001,VNĐ,,12/06/2021,12/06/2024,,1000,100000000,Coupon,Cố định,Định kỳ - Cuối kỳ,Mua lại,,12.0,Hiệu lực,,VTGC ,Công ty cổ phần,Bất động sản
276,2022-01-10 00:00:00,SJG - TỔNG CÔNG TY SÔNG ĐÀ - CTCP,SJGH2123001,VNĐ,,12/06/2021,12/06/2023,,3500000,100000,Coupon,Cố định,Định kỳ - Cuối kỳ,Mua lại,,11.0,Hiệu lực,,SJG ,Công ty cổ phần,Xây dựng
277,2021-12-07 00:00:00,OCB - Ngân hàng TMCP Phương Đông,OCBL2124010,VNĐ,,12/06/2021,12/06/2024,,500,1000000000,Coupon,Cố định,Định kỳ - Cuối kỳ,Mua lại,,3.2,Hiệu lực,,OCB ,Công ty cổ phần,Tổ chức tín dụng
278,2021-06-25 00:00:00,DBCC - TỔNG CÔNG TY ĐÔNG BẮC,DBCCH2126001,VNĐ,,14/06/2021,14/06/2026,,700,1000000000,Coupon,Thả nổi,Định kỳ - Cuối kỳ,Mua lại,,8.17,Hiệu lực,,DBCC ,Công ty trách nhiệm hữu hạn,Sản xuất
279,2022-05-11 00:00:00,APPC - Công ty Cổ phần Khu công nghiệp Kỹ thuật cao An Phát,APPCH2124001,VNĐ,,14/06/2021,14/06/2024,,2000,10000000,Coupon,Cố định,Định kỳ - Đầu kỳ,Hoán đổi; Mua lại; None,,7.5,Hiệu lực,,APPC ,Công ty cổ phần,Bất động sản
280,2021-06-24 00:00:00,LPB - Ngân hàng Thương mại Cổ phần Bưu Điện Liên Việt,LPBH2123002,VNĐ,,14/06/2021,14/06/2023,,1000,1000000000,Coupon,Cố định,Định kỳ - Cuối kỳ,Mua lại,,3.7,Hiệu lực,,LPB ,Công ty cổ phần,Tổ chức tín dụng
281,2021-06-25 00:00:00,HCGC - Công ty Cổ phần Tập đoàn Địa ốc Hoàng Cát,HCGCH2124001,VNĐ,,14/06/2021,14/06/2024,,300000,1000000,Coupon,Thả nổi,Định kỳ - Cuối kỳ,Mua lại,,11.0,Hiệu lực,,HCGC ,Công ty cổ phần,Bất động sản
282,2021-06-16 00:00:00,HNF - CTCP THỰC PHẨM HỮU NGHỊ,HNFH2125002,VNĐ,,14/06/2021,14/06/2025,,70,1000000000,Coupon,Kết hợp,Định kỳ - Cuối kỳ,Mua lại,,10.0,Hiệu lực,,HNF ,Công ty cổ phần,Sản xuất
283,2021-06-22 00:00:00,KDH - Công ty Cổ phần Đầu tư và Kinh doanh nhà Khang Điền,KDHH2125001,VNĐ,,14/06/2021,14/06/2025,,400,1000000000,Coupon,Cố định,Định kỳ - Cuối kỳ,Mua lại,,12.0,Hiệu lực,,KDH ,Công ty cổ phần,Bất động sản
284,2021-06-16 00:00:00,BAB - Ngân hàng Thương Mại Cổ Phần Bắc Á,BABL2124002,VNĐ,,14/06/2021,14/06/2024,,1000,1000000000,Coupon,Cố định,Định kỳ - Cuối kỳ,Mua lại,,4.2,Hiệu lực,,BAB ,Công ty cổ phần,Tổ chức tín dụng
285,2021-08-19 00:00:00,TNSC - Công ty TNHH Điện mặt trời Trung Nam Thuận Nam,TNSCH2122002,VNĐ,,15/06/2021,15/06/2022,,400000,1000000,Coupon,Cố định,Định kỳ - Cuối kỳ,Mua lại,,11.0,Hiệu lực,,TNSC ,Công ty trách nhiệm hữu hạn,Sản xuất
286,2021-09-30 00:00:00,PSI - Công ty Cổ phần Chứng khoán Dầu khí,PSIH2122002,VNĐ,,15/06/2021,15/06/2022,,2812,100000000,Coupon,Cố định,Định kỳ - Cuối kỳ,Mua lại,,9.0,Hiệu lực,,PSI ,Công ty cổ phần,Kinh doanh chứng khoán
287,2021-09-21 00:00:00,AAS - Công ty Cổ phần Chứng khoán SmartInvest,AASH2124001,VNĐ,,15/06/2021,,,0,1000000,Coupon,Cố định,Khác,Mua lại,,12.0,Hiệu lực,,AAS ,Công ty cổ phần,Kinh doanh chứng khoán
288,2021-06-25 00:00:00,ABB - Ngân hàng TMCP An Bình (ABBANK),ABBL2124001,VNĐ,,15/06/2021,15/06/2024,,1200,1000000000,Coupon,Cố định,Định kỳ - Cuối kỳ,Mua lại,,4.0,Hiệu lực,,ABB ,Công ty cổ phần,Tổ chức tín dụng
289,2021-06-17 00:00:00,VPFC - CÔNG TY TÀI CHÍNH TNHH MTV NGÂN HÀNG VIỆT NAM THỊNH VƯỢNG,VPFCH2123008,VNĐ,,15/06/2021,15/06/2023,,100000,1000000,Coupon,Cố định,Một lần khi đến hạn,,,7.5,Hiệu lực,,VPFC ,Công ty trách nhiệm hữu hạn,Lĩnh vực khác
290,2021-06-28 00:00:00,LPB - Ngân hàng Thương mại Cổ phần Bưu Điện Liên Việt,LPBH2123003,VNĐ,,15/06/2021,15/06/2023,,1000,1000000000,Coupon,Cố định,Định kỳ - Cuối kỳ,Mua lại,,3.7,Hiệu lực,,LPB ,Công ty cổ phần,Tổ chức tín dụng
291,2021-06-17 00:00:00,SHB - Ngân hàng TMCP Sài Gòn - Hà Nội,SHBH2123003,VNĐ,,15/06/2021,15/06/2023,,1000,1000000000,Coupon,Cố định,Định kỳ - Cuối kỳ,Mua lại,,3.8,Hiệu lực,,SHB ,Công ty cổ phần,Tổ chức tín dụng
292,2021-06-23 00:00:00,VCG - TỔNG CÔNG TY CP XUẤT NHẬP KHẨU VÀ XÂY DỰNG VIỆT NAM,VCGH2123001,VNĐ,,15/06/2021,15/12/2023,,2200,100000000,Coupon,Kết hợp,Định kỳ - Cuối kỳ,Mua lại,,8.5,Hiệu lực,,VCG ,Công ty cổ phần,Bất động sản
293,2021-06-23 00:00:00,VCG - TỔNG CÔNG TY CP XUẤT NHẬP KHẨU VÀ XÂY DỰNG VIỆT NAM,VCGH2124002,VNĐ,,15/06/2021,15/06/2024,,2200,100000000,Coupon,Kết hợp,Định kỳ - Cuối kỳ,Mua lại,,8.5,Hiệu lực,,VCG ,Công ty cổ phần,Bất động sản
294,2021-06-23 00:00:00,VCG - TỔNG CÔNG TY CP XUẤT NHẬP KHẨU VÀ XÂY DỰNG VIỆT NAM,VCGH2124003,VNĐ,,15/06/2021,15/12/2024,,2200,100000000,Coupon,Kết hợp,Định kỳ - Cuối kỳ,Mua lại,,8.5,Hiệu lực,,VCG ,Công ty cổ phần,Bất động sản
295,2021-09-30 00:00:00,NSIC - CTCP Chứng khoán Quốc gia,NSICH2122001,VNĐ,,15/06/2021,15/06/2022,,1531,100000000,Coupon,Cố định,Khác,,,9.5,Hiệu lực,,NSIC ,Công ty cổ phần,Kinh doanh chứng khoán
296,2021-06-23 00:00:00,VCG - TỔNG CÔNG TY CP XUẤT NHẬP KHẨU VÀ XÂY DỰNG VIỆT NAM,VCGH2125004,VNĐ,,15/06/2021,15/06/2025,,2200,100000000,Coupon,Kết hợp,Định kỳ - Cuối kỳ,Mua lại,,8.5,Hiệu lực,,VCG ,Công ty cổ phần,Bất động sản
297,2021-06-23 00:00:00,VCG - TỔNG CÔNG TY CP XUẤT NHẬP KHẨU VÀ XÂY DỰNG VIỆT NAM,VCGH2125005,VNĐ,,15/06/2021,15/12/2025,,2200,100000000,Coupon,Kết hợp,Định kỳ - Cuối kỳ,Mua lại,,8.5,Hiệu lực,,VCG ,Công ty cổ phần,Bất động sản
298,2021-06-24 00:00:00,MTDC - Công ty cổ phần đầu tư đường Mặt Trời,MTDCH2123002,VNĐ,,15/06/2021,15/06/2025,,200,1000000000,Coupon,Cố định,Định kỳ - Cuối kỳ,Mua lại,,8.0,Hiệu lực,,MTDC ,Công ty cổ phần,"Thương mại, dịch vụ"
299,2021-06-23 00:00:00,VCG - TỔNG CÔNG TY CP XUẤT NHẬP KHẨU VÀ XÂY DỰNG VIỆT NAM,VCGH2126006,VNĐ,,15/06/2021,15/06/2026,,2200,100000000,Coupon,Kết hợp,Định kỳ - Cuối kỳ,Mua lại,,8.5,Hiệu lực,,VCG ,Công ty cổ phần,Bất động sản
300,2021-06-23 00:00:00,VCG - TỔNG CÔNG TY CP XUẤT NHẬP KHẨU VÀ XÂY DỰNG VIỆT NAM,VCGH2126007,VNĐ,,15/06/2021,15/12/2026,,2200,100000000,Coupon,Kết hợp,Định kỳ - Cuối kỳ,Mua lại,,8.5,Hiệu lực,,VCG ,Công ty cổ phần,Bất động sản
301,2021-06-29 00:00:00,ACBC - Công ty TNHH Chứng khoán ACB,ACBCH2122007,VNĐ,,15/06/2021,15/06/2022,,186,1000000000,Coupon,Cố định,Một lần khi đến hạn,Mua lại,,7.2,Hiệu lực,,ACBC ,Công ty trách nhiệm hữu hạn,Kinh doanh chứng khoán
302,2021-06-23 00:00:00,VCG - TỔNG CÔNG TY CP XUẤT NHẬP KHẨU VÀ XÂY DỰNG VIỆT NAM,VCGH2127009,VNĐ,,15/06/2021,15/12/2027,,2200,100000000,Coupon,Kết hợp,Định kỳ - Cuối kỳ,Mua lại,,8.5,Hiệu lực,,VCG ,Công ty cổ phần,Bất động sản
303,2021-06-23 00:00:00,VCG - TỔNG CÔNG TY CP XUẤT NHẬP KHẨU VÀ XÂY DỰNG VIỆT NAM,VCGH2128010,VNĐ,,15/06/2021,15/06/2028,,2200,100000000,Coupon,Kết hợp,Định kỳ - Cuối kỳ,Mua lại,,8.5,Hiệu lực,,VCG ,Công ty cổ phần,Bất động sản
304,2021-06-17 00:00:00,FCN - CTCP FECON,FCNH2123001,VNĐ,,15/06/2021,15/06/2023,,95000,1000000,Coupon,Kết hợp,Khác,Mua lại,,10.0,Hiệu lực,,FCN ,Công ty cổ phần,Xây dựng
305,2021-06-28 00:00:00,BID - Ngân hàng TMCP Đầu tư và Phát triển Việt Nam,BIDL2128005,VNĐ,,15/06/2021,15/06/2028,,1000,1000000000,Coupon,Thả nổi,Định kỳ - Cuối kỳ,Hoán đổi; Mua lại,,6.28,Hiệu lực,,BID ,Công ty cổ phần,Tổ chức tín dụng
306,2021-06-23 00:00:00,VCG - TỔNG CÔNG TY CP XUẤT NHẬP KHẨU VÀ XÂY DỰNG VIỆT NAM,VCGH2127008,VNĐ,,15/06/2021,15/06/2027,,2200,100000000,Coupon,Kết hợp,Định kỳ - Cuối kỳ,Mua lại,,8.5,Hiệu lực,,VCG ,Công ty cổ phần,Bất động sản
307,2021-06-23 00:00:00,MSB - Ngân hàng TMCP Hàng Hải Việt Nam,MSBL2124004,VNĐ,,15/06/2021,15/06/2024,,300,1000000000,Coupon,Cố định,Định kỳ - Cuối kỳ,Mua lại,,4.0,Hiệu lực,,MSB ,Công ty cổ phần,Tổ chức tín dụng
308,2021-08-13 00:00:00,MREC - CTCP BẤT ĐỘNG SẢN MỸ,MRECH2128002,VNĐ,,16/06/2021,16/06/2028,,40000,10000000,Coupon,Cố định,Một lần khi đến hạn,,,10.0,Hiệu lực,,MREC ,Công ty cổ phần,Bất động sản
309,2021-06-17 00:00:00,VPFC - CÔNG TY TÀI CHÍNH TNHH MTV NGÂN HÀNG VIỆT NAM THỊNH VƯỢNG,VPFCH2123009,VNĐ,,16/06/2021,16/06/2023,,500000,1000000,Coupon,Cố định,Một lần khi đến hạn,,,7.5,Hiệu lực,,VPFC ,Công ty trách nhiệm hữu hạn,Lĩnh vực khác
310,2021-06-23 00:00:00,ABB - Ngân hàng TMCP An Bình (ABBANK),ABBL2124002,VNĐ,,16/06/2021,16/06/2024,,900,1000000000,Coupon,Cố định,Định kỳ - Cuối kỳ,Mua lại,,4.0,Hiệu lực,,ABB ,Công ty cổ phần,Tổ chức tín dụng
311,2021-08-18 00:00:00,BMS - Công ty Cổ phần chứng khoán Bảo Minh,BMSH2122001,VNĐ,,16/06/2021,16/06/2022,,200,1000000000,Coupon,Cố định,Định kỳ - Cuối kỳ,Mua lại,,9.0,Hiệu lực,,BMS ,Công ty cổ phần,Kinh doanh chứng khoán
312,2021-09-21 00:00:00,TCSC - CTCP chứng khoán Kỹ thương,TCSCH2126002,VNĐ,,16/06/2021,16/06/2026,,4683759,100000,Coupon,Kết hợp,Định kỳ - Cuối kỳ,Mua lại,,7.0,Hiệu lực,,TCSC ,Công ty cổ phần,Kinh doanh chứng khoán
313,2021-06-28 00:00:00,LPB - Ngân hàng Thương mại Cổ phần Bưu Điện Liên Việt,LPBH2124004,VNĐ,,16/06/2021,16/06/2024,,1000,1000000000,Coupon,Cố định,Định kỳ - Cuối kỳ,Mua lại,,3.7,Hiệu lực,,LPB ,Công ty cổ phần,Tổ chức tín dụng
314,2021-09-27 00:00:00,BCM - TỔNG CÔNG TY ĐẦU TƯ VÀ PHÁT TRIỂN CÔNG NGHIỆP - CTCP,BCMH2124004,VNĐ,,18/06/2021,18/06/2024,,500,1000000000,Coupon,Kết hợp,Định kỳ - Cuối kỳ,Mua lại,,9.7,Hiệu lực,,BCM ,Công ty cổ phần,Bất động sản
315,2021-07-09 00:00:00,GMEC - Công ty cổ phần Truyền thông và Giải trí Galaxy,GMECH2123002,VNĐ,,18/06/2021,18/06/2025,,250000,100000,Coupon,Cố định,Định kỳ - Cuối kỳ,Mua lại,,12.0,Hiệu lực,,GMEC ,Công ty cổ phần,"Thương mại, dịch vụ"
316,2021-06-23 00:00:00,TTCC - CTCP đầu tư Thành Thành Công,TTCCH2123001,VNĐ,,18/06/2021,18/06/2023,,100,1000000000,Coupon,Cố định,Định kỳ - Cuối kỳ,Mua lại,,10.5,Hiệu lực,,TTCC ,Công ty cổ phần,Lĩnh vực khác
317,2021-06-24 00:00:00,VCI - CTCP CHỨNG KHOÁN BẢN VIỆT,VCIH2123004,VNĐ,,18/06/2021,18/06/2023,,1100,100000000,Coupon,Cố định,Định kỳ - Cuối kỳ,Mua lại,,7.5,Hiệu lực,,VCI ,Công ty cổ phần,Kinh doanh chứng khoán
318,2021-08-25 00:00:00,SHHC - Công ty cổ phần Sông Hồng Hoàng Gia,SHHCH2125001,VNĐ,,18/06/2021,27/10/2025,,4880,100000000,Coupon,Kết hợp,Định kỳ - Cuối kỳ,Mua lại,,10.15,Hiệu lực,,SHHC ,Công ty cổ phần,Bất động sản
319,2021-09-21 00:00:00,PLWC - Công ty cổ phần điện gió Phong Liệu,PLWCH2135001,VNĐ,,18/06/2021,04/02/2035,,9140,100000000,Coupon,Kết hợp,Định kỳ - Cuối kỳ,Mua lại,,8.0,Hiệu lực,,PLWC ,Công ty cổ phần,Lĩnh vực khác
320,2021-07-02 00:00:00,BSI - Công ty Cổ phần Chứng khoán Ngân hàng Đầu tư và Phát triển Việt Nam,BSIH2122001,VNĐ,,18/06/2021,18/06/2022,,5000000,100000,Coupon,Cố định,Định kỳ - Cuối kỳ,Mua lại,,7.8,Hiệu lực,,BSI ,Công ty cổ phần,Kinh doanh chứng khoán
321,2021-06-25 00:00:00,HDB - NH TMCP Phát triển thành phố Hồ Chí Minh ( HDBANK),HDBL2124004,VNĐ,,21/06/2021,21/06/2024,,300,1000000000,Coupon,Cố định,Định kỳ - Cuối kỳ,Mua lại,,4.0,Hiệu lực,,HDB ,Công ty cổ phần,Tổ chức tín dụng
322,2021-06-24 00:00:00,OCB - Ngân hàng TMCP Phương Đông,OCBL2124003,VNĐ,,21/06/2021,21/06/2024,,1000,1000000000,Coupon,Cố định,Định kỳ - Cuối kỳ,Mua lại,,3.5,Hiệu lực,,OCB ,Công ty cổ phần,Tổ chức tín dụng
323,2021-07-20 00:00:00,VIC - TẬP ĐOÀN VINGROUP - CÔNG TY CP,VICB2124003,VNĐ,,21/06/2021,21/06/2024,,26000000,100000,Coupon,Kết hợp,Khác,Mua lại,,8.1,Hiệu lực,,VIC ,Công ty cổ phần,Bất động sản
324,2021-07-05 00:00:00,PAPC - Công ty cổ phần Pacific Partners,PAPCH2122001,VNĐ,,21/06/2021,21/06/2022,,1000,100000000,Coupon,Cố định,Một lần khi đến hạn,,,11.0,Hiệu lực,,PAPC ,Công ty cổ phần,"Thương mại, dịch vụ"
325,2021-06-24 00:00:00,OCB - Ngân hàng TMCP Phương Đông,OCBL2124004,VNĐ,,21/06/2021,21/06/2024,,1000,1000000000,Coupon,Cố định,Định kỳ - Cuối kỳ,Mua lại,,3.5,Hiệu lực,,OCB ,Công ty cổ phần,Tổ chức tín dụng
326,2021-06-30 00:00:00,ABB - Ngân hàng TMCP An Bình (ABBANK),ABBL2124003,VNĐ,,21/06/2021,21/06/2024,,900,1000000000,Coupon,Cố định,Định kỳ - Cuối kỳ,Mua lại,,4.0,Hiệu lực,,ABB ,Công ty cổ phần,Tổ chức tín dụng
327,2021-06-25 00:00:00,BAB - Ngân hàng Thương Mại Cổ Phần Bắc Á,BABL2124003,VNĐ,,21/06/2021,21/06/2024,,500,1000000000,Coupon,Cố định,Định kỳ - Cuối kỳ,Mua lại,,4.2,Hiệu lực,,BAB ,Công ty cổ phần,Tổ chức tín dụng
328,2021-06-28 00:00:00,NBCC - Công ty TNHH Tư vấn Đầu tư Nguyên Bình,NBCCH2124002,VNĐ,,21/06/2021,21/06/2024,,10000000,100000,Coupon,Kết hợp,Định kỳ - Cuối kỳ,Mua lại,,11.0,Hiệu lực,,NBCC ,Công ty trách nhiệm hữu hạn,Bất động sản
329,2021-07-08 00:00:00,LPB - Ngân hàng Thương mại Cổ phần Bưu Điện Liên Việt,LPBH2123005,VNĐ,,22/06/2021,22/06/2023,,900,1000000000,Coupon,Cố định,Định kỳ - Cuối kỳ,Mua lại,,4.0,Hiệu lực,,LPB ,Công ty cổ phần,Tổ chức tín dụng
330,2021-06-29 00:00:00,ACB - Ngân hàng TMCP Á Châu,ACBH2124005,VNĐ,,22/06/2021,22/06/2024,,2500,1000000000,Coupon,Cố định,Định kỳ - Cuối kỳ,Mua lại,,3.5,Hiệu lực,,ACB ,Công ty cổ phần,Tổ chức tín dụng
331,2021-07-14 00:00:00,LMBC - CÔNG TY TNHH ĐẦU TƯ LEMANH BROTHERS,LMBCH2123001,VNĐ,,22/06/2021,22/06/2023,,200,1000000000,Coupon,Kết hợp,Định kỳ - Cuối kỳ,Mua lại,,12.0,Hiệu lực,,LMBC ,Công ty trách nhiệm hữu hạn,Xây dựng
332,2021-07-02 00:00:00,TPB - Ngân hàng Thương mại Cổ phần Tiên Phong,TPBL2124007,VNĐ,,23/06/2021,23/06/2024,,10000,100000000,Coupon,Cố định,Định kỳ - Cuối kỳ,Mua lại,,3.0,Hiệu lực,,TPB ,Công ty cổ phần,Tổ chức tín dụng
333,2021-07-02 00:00:00,BID - Ngân hàng TMCP Đầu tư và Phát triển Việt Nam,BIDL2136006,VNĐ,,23/06/2021,23/06/2036,,120,1000000000,Coupon,Kết hợp,Định kỳ - Cuối kỳ,Hoán đổi; Mua lại,,6.9,Hiệu lực,,BID ,Công ty cổ phần,Tổ chức tín dụng
334,2021-07-02 00:00:00,BID - Ngân hàng TMCP Đầu tư và Phát triển Việt Nam,BIDL2128007,VNĐ,,23/06/2021,23/06/2028,,130,1000000000,Coupon,Thả nổi,Định kỳ - Cuối kỳ,Hoán đổi; Mua lại,,6.18,Hiệu lực,,BID ,Công ty cổ phần,Tổ chức tín dụng
335,2021-06-29 00:00:00,VND - Công ty Cổ phần Chứng khoán VNDirect,VNDH2122002,VNĐ,,23/06/2021,23/06/2022,,2000000,100000,Coupon,Cố định,Một lần khi đến hạn,,,7.5,Hiệu lực,,VND ,Công ty cổ phần,Kinh doanh chứng khoán
336,2021-07-01 00:00:00,ACB - Ngân hàng TMCP Á Châu,ACBH2124006,VNĐ,,23/06/2021,23/06/2024,,2500,1000000000,Coupon,Cố định,Định kỳ - Cuối kỳ,Mua lại,,3.5,Hiệu lực,,ACB ,Công ty cổ phần,Tổ chức tín dụng
337,2021-06-25 00:00:00,VIB - Ngân hàng TMCP Quốc tế Việt Nam,VIBL2128004,VNĐ,,23/06/2021,23/06/2028,,70,1000000000,Coupon,Thả nổi,Định kỳ - Cuối kỳ,Mua lại,,7.57,Hiệu lực,,VIB ,Công ty cổ phần,Tổ chức tín dụng
338,2021-08-30 00:00:00,HISC - CÔNG TY CỔ PHẦN ĐẦU TƯ VÀ DỊCH VỤ HELIOS,HISCH2124001,VNĐ,,23/06/2021,23/06/2024,,30000000,100000,Coupon,Kết hợp,Định kỳ - Cuối kỳ,Mua lại,,11.0,Hiệu lực,,HISC ,Công ty cổ phần,Lĩnh vực khác
339,2021-07-14 00:00:00,BGIC - Công ty TNHH Đầu tư Big Gain,BGICH2124001,VNĐ,,23/06/2021,23/06/2024,,10000000,100000,Coupon,Kết hợp,Định kỳ - Cuối kỳ,Mua lại,,11.0,Hiệu lực,,BGIC ,Công ty trách nhiệm hữu hạn,Bất động sản
340,2022-06-15 00:00:00,TD1C - Công ty cổ phần Điện gió Trung Nam Đắk Lắk 1,TD1CB2126002,VNĐ,,23/06/2021,29/07/2026,,6000000,100000,Coupon,Kết hợp,Định kỳ - Cuối kỳ,Mua lại,,9.5,Hiệu lực,,TD1C ,Công ty cổ phần,Xây dựng
341,2021-09-29 00:00:00,TCSC - CTCP chứng khoán Kỹ thương,TCSCH2126003,VNĐ,,24/06/2021,24/06/2026,,2776827,100000,Coupon,Kết hợp,Định kỳ - Cuối kỳ,Mua lại,,8.0,Hiệu lực,,TCSC ,Công ty cổ phần,Kinh doanh chứng khoán
342,2021-06-25 00:00:00,HDB - NH TMCP Phát triển thành phố Hồ Chí Minh ( HDBANK),HDBL2125005,VNĐ,,24/06/2021,24/06/2025,,300,1000000000,Coupon,Cố định,Định kỳ - Cuối kỳ,Mua lại,,4.2,Hiệu lực,,HDB ,Công ty cổ phần,Tổ chức tín dụng
343,2021-09-27 00:00:00,LECC - Công ty cổ phần Lec Group,LECCH2122001,VNĐ,,24/06/2021,24/06/2022,,1397,100000000,Coupon,Cố định,Khác,,,10.0,Hiệu lực,,LECC ,Công ty cổ phần,"Thương mại, dịch vụ"
344,2021-07-15 00:00:00,DVPC - Công ty cổ phần Tập đoàn Vàng bạc Đá quý DOJI,DVPCH2126002,VNĐ,,24/06/2021,24/06/2026,,3000000,100000,Coupon,Kết hợp,Định kỳ - Cuối kỳ,,,8.75,Hiệu lực,,DVPC ,Công ty cổ phần,"Thương mại, dịch vụ"
345,2021-07-26 00:00:00,SVAC - Công ty Cổ phần Tập đoàn Sovico,SVACH2124002,VNĐ,,24/06/2021,24/06/2024,,10000,100000000,Coupon,Cố định,Định kỳ - Cuối kỳ,Mua lại,,10.5,Hiệu lực,,SVAC ,Công ty cổ phần,"Thương mại, dịch vụ"
346,2021-07-02 00:00:00,BVBC - Công ty Cổ phần BVB,BVBCH2123001,VNĐ,,25/06/2021,25/06/2023,,3000000,100000,Coupon,Kết hợp,Định kỳ - Cuối kỳ,Mua lại,,10.3,Hiệu lực,,BVBC ,Công ty cổ phần,Bất động sản
347,2021-06-30 00:00:00,HDB - NH TMCP Phát triển thành phố Hồ Chí Minh ( HDBANK),HDBH2124006,VNĐ,,25/06/2021,25/06/2024,,2000,1000000000,Coupon,Cố định,Định kỳ - Cuối kỳ,Mua lại,,4.0,Hiệu lực,,HDB ,Công ty cổ phần,Tổ chức tín dụng
348,2021-07-02 00:00:00,BID - Ngân hàng TMCP Đầu tư và Phát triển Việt Nam,BIDLH2131010,VNĐ,,25/06/2021,25/06/2031,,5,1000000000,Coupon,Thả nổi,Định kỳ - Cuối kỳ,Hoán đổi; Mua lại,,6.58,Hiệu lực,,BID ,Công ty cổ phần,Tổ chức tín dụng
349,2021-07-02 00:00:00,BID - Ngân hàng TMCP Đầu tư và Phát triển Việt Nam,BIDLH2128008,VNĐ,,25/06/2021,25/06/2028,,482,1000000000,Coupon,Thả nổi,Định kỳ - Cuối kỳ,Hoán đổi; Mua lại,,6.18,Hiệu lực,,BID ,Công ty cổ phần,Tổ chức tín dụng
350,2021-07-21 00:00:00,VCG - TỔNG CÔNG TY CP XUẤT NHẬP KHẨU VÀ XÂY DỰNG VIỆT NAM,VCGH2124011,VNĐ,,25/06/2021,25/06/2024,,2500000,1000000,Coupon,Kết hợp,Định kỳ - Cuối kỳ,Mua lại,,10.5,Hiệu lực,,VCG ,Công ty cổ phần,Bất động sản
351,2021-10-06 00:00:00,EIPC - Công ty TNHH Đầu tư Phát triển Khu Công nghiệp EIP,EIPCH2125001,VNĐ,,25/06/2021,25/06/2025,,10100000,100000,Coupon,Thả nổi,Khác,Mua lại,,9.5,Hiệu lực,,EIPC ,Công ty trách nhiệm hữu hạn,Bất động sản
352,2021-08-23 00:00:00,MREC - CTCP BẤT ĐỘNG SẢN MỸ,MRECH2128003,VNĐ,,25/06/2021,25/06/2028,,30000,10000000,Coupon,Cố định,Một lần khi đến hạn,,,10.0,Hiệu lực,,MREC ,Công ty cổ phần,Bất động sản
353,2021-07-02 00:00:00,BID - Ngân hàng TMCP Đầu tư và Phát triển Việt Nam,BIDLH2129009,VNĐ,,25/06/2021,25/06/2029,,112,1000000000,Coupon,Thả nổi,Định kỳ - Cuối kỳ,Hoán đổi; Mua lại,,6.48,Hiệu lực,,BID ,Công ty cổ phần,Tổ chức tín dụng
354,2021-06-30 00:00:00,ABB - Ngân hàng TMCP An Bình (ABBANK),ABBH2124004,VNĐ,,28/06/2021,28/06/2024,,700,1000000000,Coupon,Cố định,Định kỳ - Đầu kỳ,Mua lại,,4.0,Hiệu lực,,ABB ,Công ty cổ phần,Tổ chức tín dụng
355,2021-06-30 00:00:00,HDB - NH TMCP Phát triển thành phố Hồ Chí Minh ( HDBANK),HDBH2124007,VNĐ,,28/06/2021,28/06/2024,,2000,1000000000,Coupon,Cố định,Định kỳ - Cuối kỳ,Mua lại,,4.0,Hiệu lực,,HDB ,Công ty cổ phần,Tổ chức tín dụng
356,2021-09-27 00:00:00,DCTC - CÔNG TY TNHH DCT PARTNERS VIỆT NAM,DCTCH2124001,VNĐ,,28/06/2021,28/06/2024,,20000,100000000,Coupon,Kết hợp,Định kỳ - Cuối kỳ,Mua lại,,10.0,Hiệu lực,,DCTC ,Công ty trách nhiệm hữu hạn,Bất động sản
357,2021-09-29 00:00:00,TCSC - CTCP chứng khoán Kỹ thương,TCSCH2123005,VNĐ,,28/06/2021,28/06/2023,,3000000,100000,Coupon,Cố định,Định kỳ - Cuối kỳ,Mua lại,,7.5,Hiệu lực,,TCSC ,Công ty cổ phần,Kinh doanh chứng khoán
358,2021-07-07 00:00:00,TPB - Ngân hàng Thương mại Cổ phần Tiên Phong,TPBL2124008,VNĐ,,28/06/2021,28/06/2024,,10000,100000000,Coupon,Cố định,Định kỳ - Cuối kỳ,Mua lại,,3.0,Hiệu lực,,TPB ,Công ty cổ phần,Tổ chức tín dụng
359,2021-06-30 00:00:00,SHB - Ngân hàng TMCP Sài Gòn - Hà Nội,SHBH2123004,VNĐ,,28/06/2021,28/06/2023,,500,1000000000,Coupon,Cố định,Định kỳ - Cuối kỳ,Mua lại,,3.9,Hiệu lực,,SHB ,Công ty cổ phần,Tổ chức tín dụng
360,2021-07-09 00:00:00,ACB - Ngân hàng TMCP Á Châu,ACBH2124007,VNĐ,,28/06/2021,28/06/2024,,1000,1000000000,Coupon,Cố định,Định kỳ - Cuối kỳ,Mua lại,,4.0,Hiệu lực,,ACB ,Công ty cổ phần,Tổ chức tín dụng
361,2021-09-30 00:00:00,SLDC - Công ty Cổ phần Địa ốc Sacom,SLDCH2123001,VNĐ,,28/06/2021,28/06/2023,,2375,100000000,Coupon,Cố định,Khác,Mua lại,,10.5,Hiệu lực,,SLDC ,Công ty cổ phần,Bất động sản
362,2021-08-23 00:00:00,CPSC - CÔNG TY TNHH MẶT TRỜI CẨM PHẢ,CPSCB2124001,VNĐ,,29/06/2021,29/06/2024,,4455600,100000,Coupon,Kết hợp,Định kỳ - Cuối kỳ,Mua lại,,7.5,Hiệu lực,,CPSC ,Công ty trách nhiệm hữu hạn,Lĩnh vực khác
363,2021-10-06 00:00:00,HLNC - CÔNG TY CỔ PHẦN ĐẦU TƯ XÂY DỰNG VÀ KINH DOANH BẤT ĐỘNG SẢN HTL VIỆT NAM,HLNCH2124001,VNĐ,,29/06/2021,29/06/2024,,8000,100000000,Coupon,Kết hợp,Định kỳ - Cuối kỳ,Mua lại,,9.5,Hiệu lực,,HLNC ,Công ty cổ phần,Bất động sản
364,2021-07-12 00:00:00,LPB - Ngân hàng Thương mại Cổ phần Bưu Điện Liên Việt,LPBH2123006,VNĐ,,29/06/2021,29/06/2023,,500,1000000000,Coupon,Cố định,Định kỳ - Cuối kỳ,Mua lại,,3.7,Hiệu lực,,LPB ,Công ty cổ phần,Tổ chức tín dụng
365,2021-07-02 00:00:00,VND - Công ty Cổ phần Chứng khoán VNDirect,VNDH2123003,VNĐ,,29/06/2021,29/06/2023,,1000000,100000,Coupon,Kết hợp,Định kỳ - Cuối kỳ,,,7.5,Hiệu lực,,VND ,Công ty cổ phần,Kinh doanh chứng khoán
366,2021-07-29 00:00:00,NVL - CTCP TẬP ĐOÀN ĐẦU TƯ ĐỊA ỐC NO VA,NVLH2123006,VNĐ,,29/06/2021,29/06/2023,,3000000,100000,Coupon,Cố định,Định kỳ - Cuối kỳ,,,10.5,Hiệu lực,,NVL ,Công ty cổ phần,Bất động sản
367,2021-07-08 00:00:00,VCSC - Công ty cổ phần thương mại và dịch Việt Kim,VCSCH2126001,VNĐ,,29/06/2021,29/06/2026,,5000,100000000,Coupon,Cố định,Định kỳ - Cuối kỳ,Mua lại,,9.4,Hiệu lực,,VCSC ,Công ty cổ phần,Lĩnh vực khác
368,2021-07-06 00:00:00,BID - Ngân hàng TMCP Đầu tư và Phát triển Việt Nam,BIDL2136012,VNĐ,,29/06/2021,29/06/2036,,50,1000000000,Coupon,Kết hợp,Định kỳ - Cuối kỳ,Hoán đổi; Mua lại,,6.9,Hiệu lực,,BID ,Công ty cổ phần,Tổ chức tín dụng
369,2021-07-06 00:00:00,BID - Ngân hàng TMCP Đầu tư và Phát triển Việt Nam,BIDL2129013,VNĐ,,29/06/2021,29/06/2029,,1000,1000000000,Coupon,Thả nổi,Định kỳ - Cuối kỳ,Hoán đổi; Mua lại,,6.53,Hiệu lực,,BID ,Công ty cổ phần,Tổ chức tín dụng
370,2021-07-06 00:00:00,TCSC - CTCP chứng khoán Kỹ thương,TCSCH2126004,VNĐ,,29/06/2021,29/06/2026,,500000,100000,Coupon,Cố định,Định kỳ - Cuối kỳ,Mua lại,,8.0,Hiệu lực,,TCSC ,Công ty cổ phần,Kinh doanh chứng khoán
371,2021-07-07 00:00:00,TPB - Ngân hàng Thương mại Cổ phần Tiên Phong,TPBL2124009,VNĐ,,29/06/2021,29/06/2024,,11000,100000000,Coupon,Cố định,Định kỳ - Cuối kỳ,Mua lại,,3.0,Hiệu lực,,TPB ,Công ty cổ phần,Tổ chức tín dụng
372,2021-08-10 00:00:00,ACB - Ngân hàng TMCP Á Châu,ACBH2124008,VNĐ,,30/06/2021,30/06/2024,,500,1000000000,Coupon,Cố định,Định kỳ - Cuối kỳ,Mua lại,,4.0,Hiệu lực,,ACB ,Công ty cổ phần,Tổ chức tín dụng
373,2021-09-21 00:00:00,MREC - CTCP BẤT ĐỘNG SẢN MỸ,MRECH2128004,VNĐ,,30/06/2021,30/06/2028,,30000,10000000,Coupon,Cố định,Một lần khi đến hạn,,,10.0,Hiệu lực,,MREC ,Công ty cổ phần,Bất động sản
374,2021-07-14 00:00:00,NVL - CTCP TẬP ĐOÀN ĐẦU TƯ ĐỊA ỐC NO VA,NVLH2122008,VNĐ,,30/06/2021,30/12/2022,,3000000,100000,Coupon,Cố định,Định kỳ - Cuối kỳ,,,10.0,Hiệu lực,,NVL ,Công ty cổ phần,Bất động sản
375,2021-08-31 00:00:00,PLRC - Công ty TNHH KD BĐS Phước Long,PLRCH2126002,VNĐ,,30/06/2021,30/06/2026,,10500000,100000,Coupon,Kết hợp,Định kỳ - Cuối kỳ,Mua lại,,9.0,Hiệu lực,,PLRC ,Công ty trách nhiệm hữu hạn,Bất động sản
376,2022-06-30 00:00:00,VBB - Ngân hàng Thương mại Cổ phần Việt Nam Thương Tín,VBBL2128001,VNĐ,,30/06/2021,30/06/2028,,43100,10000000,Coupon,Thả nổi,Định kỳ - Cuối kỳ,Mua lại,,7.4,Hiệu lực,,VBB ,Công ty cổ phần,Tổ chức tín dụng
377,2021-07-08 00:00:00,MMJC - Công ty Cổ phần Marina Mekong,MMJCH2124001,VNĐ,,30/06/2021,30/06/2024,,4500,100000000,Coupon,Kết hợp,Định kỳ - Cuối kỳ,Mua lại,,11.0,Hiệu lực,,MMJC ,Công ty cổ phần,Bất động sản
378,2021-07-07 00:00:00,TPB - Ngân hàng Thương mại Cổ phần Tiên Phong,TPBL2124010,VNĐ,,30/06/2021,30/06/2024,,10000,100000000,Coupon,Cố định,Định kỳ - Cuối kỳ,Mua lại,,3.9,Hiệu lực,,TPB ,Công ty cổ phần,Tổ chức tín dụng
379,2021-08-31 00:00:00,VNSC - Công ty TNHH Vịnh Ngôi Sao,VNSCH2126002,VNĐ,,30/06/2021,30/06/2026,,2900000,100000,Coupon,Kết hợp,Định kỳ - Cuối kỳ,Hoán đổi; Mua lại,,9.0,Hiệu lực,,VNSC ,Công ty trách nhiệm hữu hạn,Bất động sản
380,2021-08-31 00:00:00,VNSC - Công ty TNHH Vịnh Ngôi Sao,VNSCH2125001,VNĐ,,30/06/2021,30/06/2025,,2000000,100000,Coupon,Kết hợp,Định kỳ - Cuối kỳ,Hoán đổi; Mua lại,,9.0,Hiệu lực,,VNSC ,Công ty trách nhiệm hữu hạn,Bất động sản
381,2021-07-21 00:00:00,THVC - Công ty Cổ phần Toàn Hải Vân,THVCH2129001,VNĐ,,30/06/2021,30/06/2029,,3500000,100000,Coupon,Kết hợp,Định kỳ - Cuối kỳ,Mua lại,,9.5,Hiệu lực,,THVC ,Công ty cổ phần,"Thương mại, dịch vụ"
382,2021-07-06 00:00:00,VIB - Ngân hàng TMCP Quốc tế Việt Nam,VIBL2128005,VNĐ,,30/06/2021,30/06/2028,,70,1000000000,Coupon,Thả nổi,Định kỳ - Cuối kỳ,Mua lại,,7.57,Hiệu lực,,VIB ,Công ty cổ phần,Tổ chức tín dụng
383,2021-07-30 00:00:00,KMLC - Công ty Cổ phần Du lịch Sinh thái Kim Lan,KMLCH2124001,VNĐ,,30/06/2021,30/06/2024,,100000,1000000,Coupon,Cố định,Khác,Mua lại,,12.0,Hiệu lực,,KMLC ,Công ty cổ phần,Lĩnh vực khác
384,2021-09-30 00:00:00,HQNC - CTCP Dịch vụ Giải trí Hưng Thịnh Quy Nhơn,HQNCH2124007,VNĐ,,30/06/2021,30/06/2025,,9000000,100000,Coupon,Kết hợp,Định kỳ - Cuối kỳ,Mua lại,,9.5,Hiệu lực,,HQNC ,Công ty cổ phần,Lĩnh vực khác
385,2022-06-15 00:00:00,HVRC - Công ty Cổ phần Bất động sản Hướng Việt,HVRCH2123001,VNĐ,,30/06/2021,30/06/2023,,5000000,100000,Coupon,Kết hợp,Định kỳ - Cuối kỳ,Mua lại,,9.0,Hiệu lực,,HVRC ,Công ty cổ phần,Bất động sản
386,2021-05-27 00:00:00,VP1C - Công ty Cổ phần Đầu tư Văn Phú Số 1,VP1CH2122001,VNĐ,,05/07/2021,11/07/2022,,1000,100000000,Coupon,Cố định,Định kỳ - Cuối kỳ,Mua lại,,10.5,Hiệu lực,,VP1C ,Công ty cổ phần,Bất động sản
387,2021-08-30 00:00:00,VPZC - Công ty Cổ phần Thương mại - Vinh Plaza,VPZCH2124002,VNĐ,,05/07/2021,05/07/2024,,22746,10000000,Coupon,Cố định,Định kỳ - Cuối kỳ,Mua lại,,11.0,Hiệu lực,,VPZC ,Công ty cổ phần,"Thương mại, dịch vụ"
388,2021-05-11 00:00:00,BIDC - Công ty cổ phần BIDGROUP,BIDCH2124001,VNĐ,,05/07/2021,05/07/2024,,200,1000000000,Coupon,Kết hợp,Khác,Mua lại,,11.0,Hiệu lực,,BIDC ,Công ty cổ phần,Bất động sản
389,2021-05-10 00:00:00,PDR - CTCP PHÁT TRIỂN BẤT ĐỘNG SẢN PHÁT ĐẠT,PDRH2123003,VNĐ,,05/07/2021,08/07/2023,,1300,100000000,Coupon,Kết hợp,Định kỳ - Cuối kỳ,Mua lại,,15.0,Hiệu lực,,PDR ,Công ty cổ phần,Bất động sản
390,2021-06-14 00:00:00,MSB - Ngân hàng TMCP Hàng Hải Việt Nam,MSBL2124003,VNĐ,,06/07/2021,06/07/2024,,1000,1000000000,Coupon,Cố định,Định kỳ - Cuối kỳ,Mua lại,,4.0,Hiệu lực,,MSB ,Công ty cổ phần,Tổ chức tín dụng
391,2021-06-14 00:00:00,TD1C - Công ty cổ phần Điện gió Trung Nam Đắk Lắk 1,TD1CB2134004,VNĐ,,06/07/2021,29/07/2034,,11300000,100000,Coupon,Cố định,Định kỳ - Cuối kỳ,Mua lại,,9.5,Hiệu lực,,TD1C ,Công ty cổ phần,Xây dựng
392,2021-06-14 00:00:00,TD1C - Công ty cổ phần Điện gió Trung Nam Đắk Lắk 1,TD1CB2130003,VNĐ,,06/07/2021,29/07/2030,,9600000,100000,Coupon,Kết hợp,Định kỳ - Cuối kỳ,Mua lại,,9.5,Hiệu lực,,TD1C ,Công ty cổ phần,Xây dựng
393,2021-06-16 00:00:00,BNPC - Công ty Cổ phần Bất động sản BNP Global,BNPCH2123001,VNĐ,,06/07/2021,06/07/2023,,5000000,100000,Coupon,Thả nổi,Định kỳ - Cuối kỳ,Mua lại,,10.3,Hiệu lực,,BNPC ,Công ty cổ phần,Bất động sản
394,2021-06-10 00:00:00,TD1C - Công ty cổ phần Điện gió Trung Nam Đắk Lắk 1,TD1CB2122001,VNĐ,,06/07/2021,29/07/2022,,600000,100000,Coupon,Kết hợp,Định kỳ - Cuối kỳ,Mua lại,,9.5,Hiệu lực,,TD1C ,Công ty cổ phần,Xây dựng
395,2021-06-14 00:00:00,TD1C - Công ty cổ phần Điện gió Trung Nam Đắk Lắk 1,TD1CB2135005,VNĐ,,06/07/2021,29/07/2035,,2500000,100000,Coupon,Cố định,Định kỳ - Cuối kỳ,Mua lại,,9.5,Hiệu lực,,TD1C ,Công ty cổ phần,Xây dựng
396,2021-07-22 00:00:00,RESC - Công ty cổ phần Đầu tư và Phát triển Residence,RESCH2122003,VNĐ,,06/07/2021,06/07/2022,,5000,100000000,Coupon,Cố định,Định kỳ - Cuối kỳ,Mua lại,,9.75,Hiệu lực,,RESC ,Công ty cổ phần,Bất động sản
397,2021-08-06 00:00:00,H79C - CTCP HƯNG THỊNH LAND,H79CH2124018,VNĐ,,07/07/2021,07/07/2026,,15000000,100000,Coupon,Kết hợp,Định kỳ - Cuối kỳ,Mua lại,,11.0,Hiệu lực,,H79C ,Công ty cổ phần,Bất động sản
398,2021-07-20 00:00:00,LPB - Ngân hàng Thương mại Cổ phần Bưu Điện Liên Việt,LPBH2123007,VNĐ,,07/07/2021,07/07/2023,,1000,1000000000,Coupon,Cố định,Định kỳ - Cuối kỳ,Mua lại,,3.6,Hiệu lực,,LPB ,Công ty cổ phần,Tổ chức tín dụng
399,2021-09-14 00:00:00,BGIC - Công ty TNHH Đầu tư Big Gain,BGICH2125004,VNĐ,,09/07/2021,09/07/2025,,9000000,100000,Coupon,Kết hợp,Định kỳ - Cuối kỳ,Mua lại,,11.0,Hiệu lực,,BGIC ,Công ty trách nhiệm hữu hạn,Bất động sản
400,2021-10-15 00:00:00,SSB - Ngân hàng TMCP Đông Nam Á,SSBH2124004,VNĐ,,10/07/2021,10/07/2024,,500,1000000000,Coupon,Cố định,Định kỳ - Cuối kỳ,,,4.1,Hiệu lực,,SSB ,Công ty cổ phần,Tổ chức tín dụng
401,2022-01-11 00:00:00,ABSC - Công ty Cổ phần Chứng khoán An Bình,ABSCH2123001,VNĐ,,10/07/2021,10/07/2023,,689,100000000,Coupon,Cố định,Định kỳ - Cuối kỳ,Mua lại,,9.5,Hiệu lực,,ABSC ,Công ty cổ phần,Kinh doanh chứng khoán
402,2021-10-15 00:00:00,SVNC - Công ty Cổ phần Kinh doanh Bất động sản S - Việt Nam,SVNCH2124001,VNĐ,,10/07/2021,10/07/2024,,25000000,100000,Coupon,Kết hợp,Định kỳ - Cuối kỳ,Mua lại,,11.5,Hiệu lực,,SVNC ,Công ty cổ phần,Bất động sản
403,2021-12-09 00:00:00,BIZC - CÔNG TY CỔ PHẦN KHU CÔNG NGHIỆP THÀNH THÀNH CÔNG,BIZCH2124002,VNĐ,,12/07/2021,15/10/2024,,1000000,100000,Coupon,Kết hợp,Khác,Mua lại,,9.5,Hiệu lực,,BIZC ,Công ty cổ phần,Bất động sản
404,2021-12-21 00:00:00,SVBC - Công ty cổ phần Sovico,SVBCH2124003,VNĐ,,12/07/2021,12/07/2026,,10000,100000000,Coupon,Cố định,Định kỳ - Cuối kỳ,Mua lại,,10.5,Hiệu lực,,SVBC ,Công ty cổ phần,"Thương mại, dịch vụ"
405,2021-07-15 00:00:00,VPFC - CÔNG TY TÀI CHÍNH TNHH MTV NGÂN HÀNG VIỆT NAM THỊNH VƯỢNG,VPFCH2123010,VNĐ,,13/07/2021,13/07/2023,,200000,1000000,Coupon,Cố định,Một lần khi đến hạn,Mua lại,,7.5,Hiệu lực,,VPFC ,Công ty trách nhiệm hữu hạn,Lĩnh vực khác
406,2021-07-26 00:00:00,NALC - Công ty TNHH Nam Land,NALCH2124001,VNĐ,,13/07/2021,13/07/2024,,9000000,100000,Coupon,Kết hợp,Định kỳ - Cuối kỳ,,,10.3,Hiệu lực,,NALC ,Công ty trách nhiệm hữu hạn,Bất động sản
407,2021-07-21 00:00:00,HLCC - Công ty TNHH Xây dựng và Phát triển Hoàng Long,HLCCH2124003,VNĐ,,13/07/2021,13/07/2024,,5000000,100000,Coupon,Kết hợp,Định kỳ - Cuối kỳ,Mua lại,,11.0,Hiệu lực,,HLCC ,Công ty trách nhiệm hữu hạn,Bất động sản
408,2021-07-14 00:00:00,TTCC - CTCP đầu tư Thành Thành Công,TTCCH2123002,VNĐ,,14/07/2021,14/07/2023,,120000,1000000,Coupon,Cố định,Định kỳ - Cuối kỳ,Mua lại,,10.0,Hiệu lực,,TTCC ,Công ty cổ phần,Lĩnh vực khác
409,2021-07-26 00:00:00,LPB - Ngân hàng Thương mại Cổ phần Bưu Điện Liên Việt,LPBH2124009,VNĐ,,14/07/2021,14/07/2024,,1000,1000000000,Coupon,Cố định,Định kỳ - Cuối kỳ,Mua lại,,3.9,Hiệu lực,,LPB ,Công ty cổ phần,Tổ chức tín dụng
410,2021-07-27 00:00:00,PCMC - Công ty cổ phần xây dựng và quản lý dự án số 1,PCMCH2123001,VNĐ,,14/07/2021,14/07/2023,,500000,1000000,Coupon,Kết hợp,Định kỳ - Cuối kỳ,Mua lại,,8.9,Hiệu lực,,PCMC ,Công ty cổ phần,Xây dựng
411,2021-07-15 00:00:00,VPFC - CÔNG TY TÀI CHÍNH TNHH MTV NGÂN HÀNG VIỆT NAM THỊNH VƯỢNG,VPFCH2123011,VNĐ,,14/07/2021,14/07/2023,,200000,1000000,Coupon,Cố định,Định kỳ - Cuối kỳ,Mua lại,,7.24,Hiệu lực,,VPFC ,Công ty trách nhiệm hữu hạn,Lĩnh vực khác
412,2021-07-28 00:00:00,ABB - Ngân hàng TMCP An Bình (ABBANK),ABBLH2124005,VNĐ,,14/07/2021,14/07/2024,,600,1000000000,Coupon,Cố định,Định kỳ - Cuối kỳ,Mua lại,,4.0,Hiệu lực,,ABB ,Công ty cổ phần,Tổ chức tín dụng
413,2021-07-26 00:00:00,LPB - Ngân hàng Thương mại Cổ phần Bưu Điện Liên Việt,LPBH2123010,VNĐ,,15/07/2021,15/07/2023,,1000,1000000000,Coupon,Cố định,Định kỳ - Cuối kỳ,Mua lại,,3.6,Hiệu lực,,LPB ,Công ty cổ phần,Tổ chức tín dụng
414,2021-08-11 00:00:00,ACB - Ngân hàng TMCP Á Châu,ACBH2124012,VNĐ,,15/07/2021,15/07/2024,,2500,1000000000,Coupon,Cố định,Định kỳ - Cuối kỳ,Mua lại,,3.5,Hiệu lực,,ACB ,Công ty cổ phần,Tổ chức tín dụng
415,2021-10-21 00:00:00,P4PC - Công ty Cổ phần Pizza 4PS,P4PCH2123001,VNĐ,,15/07/2021,15/07/2023,,210,100000000,Coupon,Cố định,Định kỳ - Cuối kỳ,Mua lại,,11.0,Hiệu lực,,P4PC ,Công ty cổ phần,"Thương mại, dịch vụ"
416,2021-07-22 00:00:00,RESC - Công ty cổ phần Đầu tư và Phát triển Residence,RESCH2122005,VNĐ,,15/07/2021,15/07/2022,,5000,100000000,Coupon,Cố định,Định kỳ - Cuối kỳ,Mua lại,,9.75,Hiệu lực,,RESC ,Công ty cổ phần,Bất động sản
417,2021-07-20 00:00:00,TCSC - CTCP chứng khoán Kỹ thương,TCSCH2123007,VNĐ,,15/07/2021,15/07/2023,,2000000,100000,Coupon,Kết hợp,Định kỳ - Cuối kỳ,Mua lại,,7.2,Hiệu lực,,TCSC ,Công ty cổ phần,Kinh doanh chứng khoán
418,2021-07-22 00:00:00,RESC - Công ty cổ phần Đầu tư và Phát triển Residence,RESCH2122004,VNĐ,,15/07/2021,15/07/2022,,5000,100000000,Coupon,Cố định,Định kỳ - Cuối kỳ,Mua lại,,9.75,Hiệu lực,,RESC ,Công ty cổ phần,Bất động sản
419,2021-07-19 00:00:00,ANPC - Công ty Cổ phần Đầu tư Anpha,ANPCH2124001,VNĐ,,15/07/2021,15/07/2024,,1319020,100000,Coupon,Cố định,Một lần khi đến hạn,Mua lại,,8.0,Hiệu lực,,ANPC ,Công ty cổ phần,Bất động sản
420,2021-07-26 00:00:00,BID - Ngân hàng TMCP Đầu tư và Phát triển Việt Nam,BIDLH2129017,VNĐ,,16/07/2021,16/07/2029,,1187,1000000000,Coupon,Thả nổi,Định kỳ - Cuối kỳ,Hoán đổi; Mua lại,,6.48,Hiệu lực,,BID ,Công ty cổ phần,Tổ chức tín dụng
421,2021-07-28 00:00:00,ABB - Ngân hàng TMCP An Bình (ABBANK),ABBL2124006,VNĐ,,16/07/2021,16/07/2024,,500,1000000000,Coupon,Cố định,Định kỳ - Cuối kỳ,Mua lại,,4.0,Hiệu lực,,ABB ,Công ty cổ phần,Tổ chức tín dụng
422,2021-10-21 00:00:00,TCSC - CTCP chứng khoán Kỹ thương,TCSCH2123010,VNĐ,,16/07/2021,16/07/2023,,1617500,100000,Coupon,Cố định,Định kỳ - Cuối kỳ,Mua lại,,6.5,Hiệu lực,,TCSC ,Công ty cổ phần,Kinh doanh chứng khoán
423,2021-10-04 00:00:00,VHAC - Công ty CP thương mại - quảng cáo - xây dựng - địa ốc Việt Hân,VHACH2128002,VNĐ,,16/07/2021,16/07/2028,,50000,10000000,Coupon,Cố định,Một lần khi đến hạn,,,10.0,Hiệu lực,,VHAC ,Công ty cổ phần,Bất động sản
424,2021-09-01 00:00:00,F88C - Công ty cổ phần kinh doanh F88,F88CH2123009,VNĐ,,16/07/2021,16/01/2023,,2000,100000000,Coupon,Cố định,Định kỳ - Cuối kỳ,Mua lại,,12.0,Hiệu lực,,F88C ,Công ty cổ phần,"Thương mại, dịch vụ"
425,2021-07-26 00:00:00,BID - Ngân hàng TMCP Đầu tư và Phát triển Việt Nam,BIDLH2131015,VNĐ,,16/07/2021,16/07/2031,,24,1000000000,Coupon,Thả nổi,Định kỳ - Cuối kỳ,Hoán đổi; Mua lại,,6.58,Hiệu lực,,BID ,Công ty cổ phần,Tổ chức tín dụng
426,2021-07-26 00:00:00,BID - Ngân hàng TMCP Đầu tư và Phát triển Việt Nam,BIDLH2128016,VNĐ,,16/07/2021,16/07/2028,,1337,1000000000,Coupon,Thả nổi,Định kỳ - Cuối kỳ,Hoán đổi; Mua lại,,6.18,Hiệu lực,,BID ,Công ty cổ phần,Tổ chức tín dụng
427,2021-07-22 00:00:00,RESC - Công ty cổ phần Đầu tư và Phát triển Residence,RESCH2122006,VNĐ,,16/07/2021,16/07/2022,,5000,100000000,Coupon,Cố định,Định kỳ - Cuối kỳ,Mua lại,,9.75,Hiệu lực,,RESC ,Công ty cổ phần,Bất động sản
428,2021-10-12 00:00:00,TCSC - CTCP chứng khoán Kỹ thương,TCSCH2123008,VNĐ,,16/07/2021,16/07/2023,,1000000,100000,Coupon,Kết hợp,Định kỳ - Cuối kỳ,Mua lại,,7.0,Hiệu lực,,TCSC ,Công ty cổ phần,Kinh doanh chứng khoán
429,2021-07-30 00:00:00,AP1C - Công ty CP Khu Công nghiệp Kỹ Thuật Cao An Phát 1,AP1CH2126001,VNĐ,,19/07/2021,18/07/2026,,170000,1000000,Coupon,Cố định,Khác,Hoán đổi; Mua lại,,6.0,Hiệu lực,,AP1C ,Công ty cổ phần,Bất động sản
430,2021-07-26 00:00:00,LPB - Ngân hàng Thương mại Cổ phần Bưu Điện Liên Việt,LPBH2124011,VNĐ,,19/07/2021,19/07/2024,,1000,1000000000,Coupon,Cố định,Định kỳ - Cuối kỳ,Mua lại,,3.9,Hiệu lực,,LPB ,Công ty cổ phần,Tổ chức tín dụng
431,2021-07-23 00:00:00,GMEC - Công ty cổ phần Truyền thông và Giải trí Galaxy,GMECH2123003,VNĐ,,19/07/2021,19/07/2025,,250000,100000,Coupon,Cố định,Định kỳ - Cuối kỳ,Mua lại,,12.0,Hiệu lực,,GMEC ,Công ty cổ phần,"Thương mại, dịch vụ"
432,2021-07-21 00:00:00,VIB - Ngân hàng TMCP Quốc tế Việt Nam,VIBL2128008,VNĐ,,19/07/2021,19/07/2028,,100,1000000000,Coupon,Thả nổi,Định kỳ - Cuối kỳ,Mua lại,,7.57,Hiệu lực,,VIB ,Công ty cổ phần,Tổ chức tín dụng
433,2021-10-20 00:00:00,TCSC - CTCP chứng khoán Kỹ thương,TCSCH2124009,VNĐ,,19/07/2021,19/07/2024,,4998558,100000,Coupon,Kết hợp,Định kỳ - Cuối kỳ,Mua lại,,8.45,Hiệu lực,,TCSC ,Công ty cổ phần,Kinh doanh chứng khoán
434,2021-10-27 00:00:00,SAMC - CTCP SUNSHINE AM,SAMCH2125002,VNĐ,,19/07/2021,19/07/2025,,10000000,100000,Coupon,Kết hợp,Định kỳ - Cuối kỳ,Mua lại,,11.0,Hiệu lực,,SAMC ,Công ty cổ phần,Bất động sản
435,2021-07-26 00:00:00,BID - Ngân hàng TMCP Đầu tư và Phát triển Việt Nam,BIDL2128019,VNĐ,,20/07/2021,20/07/2028,,100,1000000000,Coupon,Thả nổi,Định kỳ - Cuối kỳ,Hoán đổi; Mua lại,,6.18,Hiệu lực,,BID ,Công ty cổ phần,Tổ chức tín dụng
436,2021-08-27 00:00:00,EVS - Công ty Cổ phần chứng khoán Everest,EVSH2123004,VNĐ,,20/07/2021,20/07/2023,,30000,10000000,Coupon,Cố định,Định kỳ - Cuối kỳ,Mua lại,,9.5,Hiệu lực,,EVS ,Công ty cổ phần,Kinh doanh chứng khoán
437,2022-06-30 00:00:00,HPZC - CTCP ĐẦU TƯ ĐỊA ỐC HƯNG PHÚ,HPZCH2127001,VNĐ,,20/07/2021,20/07/2027,,2000000,100000,Coupon,Kết hợp,Định kỳ - Cuối kỳ,Mua lại,,9.5,Hiệu lực,,HPZC ,Công ty cổ phần,Bất động sản
438,2021-07-26 00:00:00,BID - Ngân hàng TMCP Đầu tư và Phát triển Việt Nam,BIDL2129018,VNĐ,,20/07/2021,20/07/2029,,2000,1000000000,Coupon,Thả nổi,Định kỳ - Cuối kỳ,Hoán đổi; Mua lại,,6.53,Hiệu lực,,BID ,Công ty cổ phần,Tổ chức tín dụng
439,2021-09-17 00:00:00,NTSC - Công ty CP Tập đoàn Nam Tiến,NTSCH2122001,VNĐ,,20/07/2021,20/07/2022,,1500000,100000,Coupon,Cố định,Định kỳ - Cuối kỳ,Mua lại,,11.5,Hiệu lực,,NTSC ,Công ty cổ phần,Lĩnh vực khác
440,2021-09-15 00:00:00,VTPC - Công ty Cổ phần Đầu tư và Xây dựng Vạn Trường Phát,VTPCH2126002,VNĐ,,20/07/2021,20/07/2026,,20000000,100000,Coupon,Kết hợp,Định kỳ - Cuối kỳ,Mua lại,,10.0,Hiệu lực,,VTPC ,Công ty cổ phần,Bất động sản
441,2021-08-04 00:00:00,BCLC - Công ty Cổ phần BCG LAND,BCLCH2122002,VNĐ,,20/07/2021,21/07/2022,,2000000,100000,Coupon,Cố định,Định kỳ - Cuối kỳ,Mua lại,,11.0,Hiệu lực,,BCLC ,Công ty cổ phần,Bất động sản
442,2021-10-27 00:00:00,VJVC - Công ty liên doanh TNHH Khu công nghiệp Việt Nam-Singapore,VJVCH2128001,VNĐ,,20/07/2021,20/07/2028,,10000,100000000,Coupon,Cố định,Khác,Mua lại,,9.0,Hiệu lực,,VJVC ,Công ty trách nhiệm hữu hạn,Bất động sản
443,2022-07-01 00:00:00,PSI - Công ty Cổ phần Chứng khoán Dầu khí,PSIH2122003,VNĐ,,20/07/2021,20/07/2022,,2000,100000000,Coupon,Cố định,Một lần khi đến hạn,Mua lại,,9.5,Hiệu lực,,PSI ,Công ty cổ phần,Kinh doanh chứng khoán
444,2021-09-07 00:00:00,TASC - CTCP TẬP ĐOÀN TASECO,TASCH2123002,VNĐ,,21/07/2021,21/07/2023,,1500,100000000,Coupon,Cố định,Định kỳ - Cuối kỳ,Mua lại,,10.0,Hiệu lực,,TASC ,Công ty cổ phần,Bất động sản
445,2021-07-26 00:00:00,SHB - Ngân hàng TMCP Sài Gòn - Hà Nội,SHBH2123005,VNĐ,,21/07/2021,21/07/2023,,500,1000000000,Coupon,Cố định,Định kỳ - Cuối kỳ,,,4.2,Hiệu lực,,SHB ,Công ty cổ phần,Tổ chức tín dụng
446,2021-07-28 00:00:00,DMDC - Công ty Cổ phần Thời trang & May mặc Demoda,DMDCH2124001,VNĐ,,21/07/2021,21/07/2024,,160000,1000000,Coupon,Cố định,Khác,Mua lại,,12.0,Hiệu lực,,DMDC ,Công ty cổ phần,Lĩnh vực khác
447,2021-08-02 00:00:00,MRVC - CT TNHH KINH DOANH BĐS MEDITERRANENA REVIVAL VILLAS (TÊN CŨ:CT TNHH KINH DOANH BẤT ĐỘNG SẢN TÂN LIÊN PHÁT SÀI GÒN),MRVCB2122001,VNĐ,,21/07/2021,22/07/2022,,25000000,100000,Coupon,Cố định,Một lần khi đến hạn,Mua lại,,8.0,Hiệu lực,,MRVC ,Công ty trách nhiệm hữu hạn,Bất động sản
448,2021-07-30 00:00:00,NBCC - Công ty TNHH Tư vấn Đầu tư Nguyên Bình,NBCCH2124003,VNĐ,,21/07/2021,21/07/2024,,5000000,100000,Coupon,Kết hợp,Định kỳ - Cuối kỳ,Mua lại,,11.0,Hiệu lực,,NBCC ,Công ty trách nhiệm hữu hạn,Bất động sản
449,2021-07-28 00:00:00,ABB - Ngân hàng TMCP An Bình (ABBANK),ABBL2124007,VNĐ,,21/07/2021,21/07/2024,,500,1000000000,Coupon,Cố định,Định kỳ - Cuối kỳ,Mua lại,,4.0,Hiệu lực,,ABB ,Công ty cổ phần,Tổ chức tín dụng
450,2021-07-28 00:00:00,ABB - Ngân hàng TMCP An Bình (ABBANK),ABBL2124008,VNĐ,,21/07/2021,21/07/2024,,200,1000000000,Coupon,Cố định,Định kỳ - Cuối kỳ,Mua lại,,4.0,Hiệu lực,,ABB ,Công ty cổ phần,Tổ chức tín dụng
451,2021-07-30 00:00:00,LPB - Ngân hàng Thương mại Cổ phần Bưu Điện Liên Việt,LPBH2123012,VNĐ,,21/07/2021,21/07/2023,,1000,1000000000,Coupon,Cố định,Định kỳ - Cuối kỳ,Mua lại,,3.6,Hiệu lực,,LPB ,Công ty cổ phần,Tổ chức tín dụng
452,2021-07-29 00:00:00,VND - Công ty Cổ phần Chứng khoán VNDirect,VNDH2123005,VNĐ,,21/07/2021,21/07/2023,,2000000,100000,Coupon,Kết hợp,Định kỳ - Cuối kỳ,Mua lại,,7.5,Hiệu lực,,VND ,Công ty cổ phần,Kinh doanh chứng khoán
453,2021-07-30 00:00:00,VPFC - CÔNG TY TÀI CHÍNH TNHH MTV NGÂN HÀNG VIỆT NAM THỊNH VƯỢNG,VPFCH2123012,VNĐ,,21/07/2021,21/07/2023,,500000,1000000,Coupon,Cố định,Một lần khi đến hạn,,,7.5,Hiệu lực,,VPFC ,Công ty trách nhiệm hữu hạn,Lĩnh vực khác
454,2021-08-02 00:00:00,MRVC - CT TNHH KINH DOANH BĐS MEDITERRANENA REVIVAL VILLAS (TÊN CŨ:CT TNHH KINH DOANH BẤT ĐỘNG SẢN TÂN LIÊN PHÁT SÀI GÒN),MRVCB2122002,VNĐ,,22/07/2021,23/07/2022,,25000000,100000,Coupon,Cố định,Một lần khi đến hạn,Mua lại,,8.0,Hiệu lực,,MRVC ,Công ty trách nhiệm hữu hạn,Bất động sản
455,2021-08-10 00:00:00,VJC - CÔNG TY CỔ PHẦN HÀNG KHÔNG VIETJET,VJCH2126003,VNĐ,,22/07/2021,22/07/2026,,10000000,100000,Coupon,Kết hợp,Định kỳ - Cuối kỳ,Mua lại,,9.5,Hiệu lực,,VJC ,Công ty cổ phần,Bất động sản
456,2021-11-01 00:00:00,NVL - CTCP TẬP ĐOÀN ĐẦU TƯ ĐỊA ỐC NO VA,NVLH2123007,VNĐ,,23/07/2021,23/07/2023,,1376,100000000,Coupon,Cố định,Định kỳ - Cuối kỳ,Mua lại,,11.0,Hiệu lực,,NVL ,Công ty cổ phần,Bất động sản
457,2021-08-02 00:00:00,APAC - CTCP AN PHÁT FINANCE,APACH2124001,VNĐ,,23/07/2021,23/07/2024,,100000,1000000,Coupon,Cố định,Một lần khi đến hạn,Hoán đổi; Mua lại,,8.0,Hiệu lực,,APAC ,Công ty cổ phần,"Thương mại, dịch vụ"
458,2021-11-12 00:00:00,YBBC - CÔNG TY CỔ PHẦN OZEN HEALTH AND BEAUTY,YBBCH2124001,VNĐ,,24/07/2021,24/07/2024,,20000,10000000,Coupon,Cố định,Định kỳ - Cuối kỳ,Mua lại,,12.5,Hiệu lực,,YBBC ,Công ty cổ phần,"Thương mại, dịch vụ"
459,2023-10-10 00:00:00,SVAC - Công ty Cổ phần Tập đoàn Sovico,SVACH2124003,VNĐ,,26/07/2021,26/07/2024,,10000,100000000,Coupon,Cố định,Định kỳ - Cuối kỳ,Mua lại,,10.5,Hiệu lực,,SVAC ,Công ty cổ phần,"Thương mại, dịch vụ"
460,2021-08-04 00:00:00,MRVC - CT TNHH KINH DOANH BĐS MEDITERRANENA REVIVAL VILLAS (TÊN CŨ:CT TNHH KINH DOANH BẤT ĐỘNG SẢN TÂN LIÊN PHÁT SÀI GÒN),MRVCB2122003,VNĐ,,26/07/2021,27/07/2022,,22000000,100000,Coupon,Cố định,Một lần khi đến hạn,Mua lại,,8.0,Hiệu lực,,MRVC ,Công ty trách nhiệm hữu hạn,Bất động sản
461,2021-08-03 00:00:00,VPB - NH TMCP VIỆT NAM THỊNH VƯỢNG,VPBL2125017,VNĐ,,26/07/2021,26/07/2025,,1000,1000000000,Coupon,Cố định,Định kỳ - Cuối kỳ,Mua lại,,4.0,Hiệu lực,,VPB ,Công ty cổ phần,Tổ chức tín dụng
462,2021-08-06 00:00:00,BID - Ngân hàng TMCP Đầu tư và Phát triển Việt Nam,BIDL2131020,VNĐ,,27/07/2021,27/07/2031,,300,1000000000,Coupon,Thả nổi,Định kỳ - Cuối kỳ,Hoán đổi; Mua lại,,6.58,Hiệu lực,,BID ,Công ty cổ phần,Tổ chức tín dụng
463,2021-10-05 00:00:00,VHAC - Công ty CP thương mại - quảng cáo - xây dựng - địa ốc Việt Hân,VHACH2128003,VNĐ,,27/07/2021,27/07/2028,,50000,10000000,Coupon,Cố định,Một lần khi đến hạn,,,10.0,Hiệu lực,,VHAC ,Công ty cổ phần,Bất động sản
464,2021-08-03 00:00:00,VPB - NH TMCP VIỆT NAM THỊNH VƯỢNG,VPBL2125018,VNĐ,,27/07/2021,27/07/2025,,1000,1000000000,Coupon,Cố định,Định kỳ - Cuối kỳ,Mua lại,,4.0,Hiệu lực,,VPB ,Công ty cổ phần,Tổ chức tín dụng
465,2021-08-06 00:00:00,CTG - Ngân hàng Thương mại Cổ phần Công Thương Việt Nam,CTGL2136005,VNĐ,,28/07/2021,28/07/2036,,50,1000000000,Coupon,Cố định,Định kỳ - Cuối kỳ,Mua lại,,6.7,Hiệu lực,,CTG ,Công ty cổ phần,Tổ chức tín dụng
466,2021-08-09 00:00:00,AISC - CÔNG TY CỔ PHẦN CHỨNG KHOÁN AIS,AISCH2123001,VNĐ,,28/07/2021,28/07/2023,,500000,1000000,Coupon,Kết hợp,Định kỳ - Cuối kỳ,Mua lại,,8.0,Hiệu lực,,AISC ,Công ty cổ phần,Kinh doanh chứng khoán
467,2021-07-30 00:00:00,VPFC - CÔNG TY TÀI CHÍNH TNHH MTV NGÂN HÀNG VIỆT NAM THỊNH VƯỢNG,VPFCH2123013,VNĐ,,28/07/2021,28/07/2023,,500000,1000000,Coupon,Cố định,Một lần khi đến hạn,,,7.5,Hiệu lực,,VPFC ,Công ty trách nhiệm hữu hạn,Lĩnh vực khác
468,2021-08-06 00:00:00,CTG - Ngân hàng Thương mại Cổ phần Công Thương Việt Nam,CTGL2136004,VNĐ,,28/07/2021,28/07/2036,,700,1000000000,Coupon,Cố định,Định kỳ - Cuối kỳ,,,6.75,Hiệu lực,,CTG ,Công ty cổ phần,Tổ chức tín dụng
469,2021-08-03 00:00:00,VPB - NH TMCP VIỆT NAM THỊNH VƯỢNG,VPBL2125019,VNĐ,,28/07/2021,28/07/2025,,1000,1000000000,Coupon,Cố định,Định kỳ - Cuối kỳ,Mua lại,,4.0,Hiệu lực,,VPB ,Công ty cổ phần,Tổ chức tín dụng
470,2021-09-09 00:00:00,SHI - Công ty Cổ phần Quốc tế Sơn Hà,SHIH2124001,VNĐ,,28/07/2021,28/07/2024,,2800,100000000,Coupon,Kết hợp,Định kỳ - Cuối kỳ,Mua lại,,11.0,Hiệu lực,,SHI ,Công ty cổ phần,Sản xuất
471,2021-08-06 00:00:00,CTG - Ngân hàng Thương mại Cổ phần Công Thương Việt Nam,CTGL2136006,VNĐ,,29/07/2021,29/07/2036,,100,1000000000,Coupon,Cố định,Định kỳ - Cuối kỳ,Mua lại,,6.7,Hiệu lực,,CTG ,Công ty cổ phần,Tổ chức tín dụng
472,2021-08-06 00:00:00,CTG - Ngân hàng Thương mại Cổ phần Công Thương Việt Nam,CTGH2131007,VNĐ,,29/07/2021,29/07/2031,,1000,1000000000,Coupon,Thả nổi,Định kỳ - Cuối kỳ,Mua lại,,6.58,Hiệu lực,,CTG ,Công ty cổ phần,Tổ chức tín dụng
473,2021-08-06 00:00:00,BID - Ngân hàng TMCP Đầu tư và Phát triển Việt Nam,BIDH2131024,VNĐ,,29/07/2021,29/07/2031,,800,1000000000,Coupon,Thả nổi,Định kỳ - Cuối kỳ,Hoán đổi; Mua lại,,6.58,Hiệu lực,,BID ,Công ty cổ phần,Tổ chức tín dụng
474,2021-08-06 00:00:00,BID - Ngân hàng TMCP Đầu tư và Phát triển Việt Nam,BIDL2131022,VNĐ,,29/07/2021,29/07/2031,,90,1000000000,Coupon,Thả nổi,Định kỳ - Cuối kỳ,Hoán đổi; Mua lại,,6.58,Hiệu lực,,BID ,Công ty cổ phần,Tổ chức tín dụng
475,2021-08-04 00:00:00,BID - Ngân hàng TMCP Đầu tư và Phát triển Việt Nam,BIDL2129021,VNĐ,,29/07/2021,29/07/2029,,60,1000000000,Coupon,Thả nổi,Định kỳ - Cuối kỳ,Hoán đổi; Mua lại,,6.48,Hiệu lực,,BID ,Công ty cổ phần,Tổ chức tín dụng
476,2021-08-23 00:00:00,KNVC - CÔNG TY TNHH ĐẦU TƯ VÀ PHÁT TRIỂN ĐIỆN MẶT TRỜI KN VẠN NINH,KNVCH2131001,VNĐ,,29/07/2021,23/10/2031,,5952,100000000,Coupon,,Khác,Mua lại,,9.8,Hiệu lực,,KNVC ,Công ty trách nhiệm hữu hạn,Lĩnh vực khác
477,2021-08-04 00:00:00,BID - Ngân hàng TMCP Đầu tư và Phát triển Việt Nam,BIDL2136023,VNĐ,,29/07/2021,29/07/2036,,50,1000000000,Coupon,Kết hợp,Định kỳ - Cuối kỳ,Hoán đổi; Mua lại,,6.9,Hiệu lực,,BID ,Công ty cổ phần,Tổ chức tín dụng
478,2021-08-03 00:00:00,VIB - Ngân hàng TMCP Quốc tế Việt Nam,VIBL2128009,VNĐ,,29/07/2021,29/07/2028,,100,1000000000,Coupon,Thả nổi,Định kỳ - Cuối kỳ,Mua lại,,7.57,Hiệu lực,,VIB ,Công ty cổ phần,Tổ chức tín dụng
479,2021-08-26 00:00:00,BGIC - Công ty TNHH Đầu tư Big Gain,BGICH2124002,VNĐ,,30/07/2021,30/07/2024,,10000000,100000,Coupon,Kết hợp,Định kỳ - Cuối kỳ,Mua lại,,11.0,Hiệu lực,,BGIC ,Công ty trách nhiệm hữu hạn,Bất động sản
480,2021-08-09 00:00:00,HPVC - Công ty Cổ phần Hoàng Phú Vương,HPVCB2125001,VNĐ,,30/07/2021,30/07/2025,,46700000,100000,Coupon,Kết hợp,Định kỳ - Cuối kỳ,Mua lại,,12.9,Hiệu lực,,HPVC ,Công ty cổ phần,Bất động sản
481,2021-08-10 00:00:00,HPTC - Công ty Cổ phần Hoa Phú Thịnh,HPTCB2125001,VNĐ,,30/07/2021,30/07/2025,,31300000,100000,Coupon,Kết hợp,Định kỳ - Cuối kỳ,Mua lại,,12.9,Hiệu lực,,HPTC ,Công ty cổ phần,Xây dựng
482,2021-09-23 00:00:00,OSGC - Công ty Cổ phần Osaka Garden,OSGCB2122001,VNĐ,,30/07/2021,30/07/2022,,34000000,100000,Coupon,Cố định,Một lần khi đến hạn,Mua lại,,12.15,Hiệu lực,,OSGC ,Công ty cổ phần,Bất động sản
483,2021-08-06 00:00:00,PDLC - Công ty cổ phần địa ốc Phúc Đạt,PDLCH2125001,VNĐ,,30/07/2021,30/07/2025,,10000,100000000,Coupon,Kết hợp,Định kỳ - Cuối kỳ,Mua lại,,6.3,Hiệu lực,,PDLC ,Công ty cổ phần,Bất động sản
484,2021-10-08 00:00:00,BSI - Công ty Cổ phần Chứng khoán Ngân hàng Đầu tư và Phát triển Việt Nam,BSIH2122002,VNĐ,,30/07/2021,30/07/2022,,2000000,100000,Coupon,Cố định,Định kỳ - Cuối kỳ,Mua lại,,7.8,Hiệu lực,,BSI ,Công ty cổ phần,Kinh doanh chứng khoán
485,2021-08-09 00:00:00,VPB - NH TMCP VIỆT NAM THỊNH VƯỢNG,VPBL2125021,VNĐ,,30/07/2021,30/07/2025,,500,1000000000,Coupon,Cố định,Định kỳ - Cuối kỳ,Mua lại,,4.0,Hiệu lực,,VPB ,Công ty cổ phần,Tổ chức tín dụng
486,2021-08-06 00:00:00,HLIC - Công ty Cổ phần Hong Lim Land,HLICH2125001,VNĐ,,30/07/2021,30/07/2025,,504,1000000000,Coupon,Kết hợp,Khác,Mua lại,,9.0,Hiệu lực,,HLIC ,Công ty cổ phần,Bất động sản
487,2021-08-09 00:00:00,VPB - NH TMCP VIỆT NAM THỊNH VƯỢNG,VPBL2125020,VNĐ,,30/07/2021,30/07/2025,,500,1000000000,Coupon,Cố định,Định kỳ - Cuối kỳ,Mua lại,,4.0,Hiệu lực,,VPB ,Công ty cổ phần,Tổ chức tín dụng
488,2021-10-27 00:00:00,NLAC - CÔNG TY CỔ PHẦN THỦY ĐIỆN NẬM LA,NLACB2124001,VNĐ,,30/07/2021,30/07/2024,,1381,100000000,Coupon,Kết hợp,Định kỳ - Cuối kỳ,Mua lại,,10.2,Hiệu lực,,NLAC ,Công ty cổ phần,Sản xuất
489,2021-05-07 00:00:00,IMGC - CÔNG TY CỔ PHẦN ĐẦU TƯ IMG HUẾ,IMGCH2126001,VNĐ,,01/08/2021,01/08/2026,,2000,100000000,Coupon,Kết hợp,Định kỳ - Đầu kỳ,Mua lại,,9.5,Hiệu lực,,IMGC ,Công ty cổ phần,Bất động sản
490,2021-05-18 00:00:00,HPCC - Công ty TNHH Xây dựng Hưng Phát,HPCCH2122001,VNĐ,,02/08/2021,08/08/2022,,2500,100000000,Coupon,Cố định,Định kỳ - Cuối kỳ,Mua lại,,12.0,Hiệu lực,,HPCC ,Công ty trách nhiệm hữu hạn,Xây dựng
491,2021-02-09 00:00:00,TCI - Công ty cổ phần chứng khoán Thành Công,TCIH2122001,VNĐ,,02/08/2021,02/08/2022,,1900,100000000,Coupon,Cố định,Định kỳ - Cuối kỳ,Mua lại,,9.0,Hiệu lực,,TCI ,Công ty cổ phần,Kinh doanh chứng khoán
492,2021-03-24 00:00:00,LVDC - CTCP LAVIDA INVEST,LVDCH2123001,VNĐ,,02/08/2021,02/08/2023,,700,100000000,Coupon,Cố định,Định kỳ - Cuối kỳ,Mua lại,,11.0,Hiệu lực,,LVDC ,Công ty cổ phần,Lĩnh vực khác
493,2021-04-07 00:00:00,F88C - Công ty cổ phần kinh doanh F88,F88CH2122002,VNĐ,,03/08/2021,03/08/2022,,1500,100000000,Coupon,Cố định,Định kỳ - Cuối kỳ,Mua lại,,12.0,Hiệu lực,,F88C ,Công ty cổ phần,"Thương mại, dịch vụ"
494,2021-04-08 00:00:00,F88C - Công ty cổ phần kinh doanh F88,F88CH2122003,VNĐ,,03/08/2021,09/08/2022,,1500,100000000,Coupon,Cố định,Định kỳ - Cuối kỳ,Mua lại,,12.5,Hiệu lực,,F88C ,Công ty cổ phần,"Thương mại, dịch vụ"
495,2021-10-05 00:00:00,BITC - Công ty cổ phần Kinh doanh và Đầu tư Bình Dương,BITCH2123001,VNĐ,,03/08/2021,03/08/2023,,500000,1000000,Coupon,Cố định,Định kỳ - Cuối kỳ,Mua lại,,10.3,Hiệu lực,,BITC ,Công ty cổ phần,Bất động sản
496,2021-04-15 00:00:00,NTGC - Công ty Cổ phần Tập đoàn Ngọc Thiên Global,NTGCH2124001,VNĐ,,04/08/2021,04/08/2024,,3000,100000000,Coupon,Cố định,Định kỳ - Cuối kỳ,Mua lại,,11.0,Hiệu lực,,NTGC ,Công ty cổ phần,Lĩnh vực khác
497,2021-07-08 00:00:00,SMCC - Công ty Cổ phần Cơ giới Trung Nam Miền Nam,SMCCH2122001,VNĐ,,04/08/2021,04/08/2022,,2000000,100000,Coupon,Cố định,Định kỳ - Cuối kỳ,Hoán đổi; Mua lại; None,,11.0,Hiệu lực,,SMCC ,Công ty cổ phần,Xây dựng
498,2021-04-13 00:00:00,VBAC - Ngân hàng Nông nghiệp và Phát triển Nông thôn Việt Nam,VBACLH2128001,VNĐ,,04/08/2021,04/08/2028,,600,500000000,Coupon,Thả nổi,Khác,Mua lại,,6.88,Hiệu lực,,VBAC ,Công ty trách nhiệm hữu hạn,Tổ chức tín dụng
499,2021-04-13 00:00:00,VBAC - Ngân hàng Nông nghiệp và Phát triển Nông thôn Việt Nam,VBACLH2128002,VNĐ,,04/08/2021,04/08/2028,,1489,1000000000,Coupon,Thả nổi,Khác,Mua lại,,6.88,Hiệu lực,,VBAC ,Công ty trách nhiệm hữu hạn,Tổ chức tín dụng
500,2021-07-14 00:00:00,NVL - CTCP TẬP ĐOÀN ĐẦU TƯ ĐỊA ỐC NO VA,NVLH2122004,VNĐ,,06/08/2021,12/08/2022,,10000000,100000,Coupon,Cố định,Định kỳ - Cuối kỳ,,,10.5,Hiệu lực,,NVL ,Công ty cổ phần,Bất động sản
501,2021-10-05 00:00:00,ACBC - Công ty TNHH Chứng khoán ACB,ACBCH2122006,VNĐ,,06/08/2021,06/08/2022,,100,1000000000,Coupon,Cố định,Một lần khi đến hạn,Mua lại,,7.4,Hiệu lực,,ACBC ,Công ty trách nhiệm hữu hạn,Kinh doanh chứng khoán
502,2021-09-14 00:00:00,IGEC - Công ty cổ phần Phát triển Giáo dục Igarten,IGECH2124001,VNĐ,,06/08/2021,06/08/2024,,20000,10000000,Coupon,Cố định,Định kỳ - Cuối kỳ,Mua lại,,12.5,Hiệu lực,,IGEC ,Công ty cổ phần,"Thương mại, dịch vụ"
503,2021-06-08 00:00:00,MBS - Công ty Cổ phần Chứng khoán MB,MBSH2122002,VNĐ,,06/08/2021,12/08/2022,,200,1000000000,Coupon,Cố định,Định kỳ - Cuối kỳ,Mua lại,,7.5,Hiệu lực,,MBS ,Công ty cổ phần,Kinh doanh chứng khoán
504,2021-06-09 00:00:00,SHB - Ngân hàng TMCP Sài Gòn - Hà Nội,SHBH2123002,VNĐ,,06/08/2021,06/08/2023,,1000,1000000000,Coupon,Cố định,Định kỳ - Cuối kỳ,Mua lại,,3.8,Hiệu lực,,SHB ,Công ty cổ phần,Tổ chức tín dụng
505,2021-06-10 00:00:00,HPX - CÔNG TY CỔ PHẦN ĐẦU TƯ HẢI PHÁT,HPXH2122003,VNĐ,,06/08/2021,06/08/2022,,1000,100000000,Coupon,Cố định,Một lần khi đến hạn,Mua lại,,11.0,Hiệu lực,,HPX ,Công ty cổ phần,Bất động sản
506,2021-06-10 00:00:00,VPFC - CÔNG TY TÀI CHÍNH TNHH MTV NGÂN HÀNG VIỆT NAM THỊNH VƯỢNG,VPFCH2123006,VNĐ,,06/08/2021,06/08/2023,,300000,1000000,Coupon,Cố định,Một lần khi đến hạn,,,7.5,Hiệu lực,,VPFC ,Công ty trách nhiệm hữu hạn,Lĩnh vực khác
507,2021-06-17 00:00:00,SHJC - CTCP KINH DOANH NHÀ SUNSHINE,SHJCH2126003,VNĐ,,06/08/2021,06/08/2026,,12000000,100000,Coupon,Kết hợp,Định kỳ - Cuối kỳ,Mua lại,,11.0,Hiệu lực,,SHJC ,Công ty cổ phần,Bất động sản
508,2021-06-24 00:00:00,LPB - Ngân hàng Thương mại Cổ phần Bưu Điện Liên Việt,LPBH2124001,VNĐ,,06/08/2021,06/08/2024,,500,1000000000,Coupon,Cố định,Định kỳ - Cuối kỳ,Mua lại,,3.7,Hiệu lực,,LPB ,Công ty cổ phần,Tổ chức tín dụng
509,2021-07-12 00:00:00,VIB - Ngân hàng TMCP Quốc tế Việt Nam,VIBL2128007,VNĐ,,07/08/2021,07/08/2028,,130,1000000000,Coupon,Thả nổi,Định kỳ - Cuối kỳ,Mua lại,,7.57,Hiệu lực,,VIB ,Công ty cổ phần,Tổ chức tín dụng
510,2021-07-15 00:00:00,ACB - Ngân hàng TMCP Á Châu,ACBH2124011,VNĐ,,07/08/2021,07/08/2024,,2500,1000000000,Coupon,Cố định,Định kỳ - Cuối kỳ,Mua lại,,3.5,Hiệu lực,,ACB ,Công ty cổ phần,Tổ chức tín dụng
511,2021-10-15 00:00:00,APG - Công ty Cổ phần Chứng khoán APG,APGH2124001,VNĐ,,07/08/2021,07/08/2024,,12000,10000000,Coupon,Cố định,Định kỳ - Cuối kỳ,Mua lại,,11.55,Hiệu lực,,APG ,Công ty cổ phần,Kinh doanh chứng khoán
512,2021-07-20 00:00:00,LPB - Ngân hàng Thương mại Cổ phần Bưu Điện Liên Việt,LPBH2123008,VNĐ,,07/08/2021,07/08/2023,,1000,1000000000,Coupon,Cố định,Định kỳ - Cuối kỳ,Mua lại,,3.6,Hiệu lực,,LPB ,Công ty cổ phần,Tổ chức tín dụng
513,2021-09-29 00:00:00,TSIC - Công Ty Cổ Phần Chứng Khoán Tân Việt,TSICH2126001,VNĐ,,09/08/2021,09/08/2026,,200000,1000000,Coupon,Kết hợp,Định kỳ - Cuối kỳ,Mua lại,,8.5,Hiệu lực,,TSIC ,Công ty cổ phần,Kinh doanh chứng khoán
514,2021-09-14 00:00:00,BID - Ngân hàng TMCP Đầu tư và Phát triển Việt Nam,BIDL2136028,VNĐ,,09/08/2021,09/08/2036,,40,1000000000,Coupon,Kết hợp,Định kỳ - Cuối kỳ,Hoán đổi; Mua lại,,6.9,Hiệu lực,,BID ,Công ty cổ phần,Tổ chức tín dụng
515,2021-09-15 00:00:00,CTG - Ngân hàng Thương mại Cổ phần Công Thương Việt Nam,CTGL2129012,VNĐ,,09/08/2021,09/08/2029,,700,1000000000,Coupon,Thả nổi,Định kỳ - Cuối kỳ,Mua lại,,6.43,Hiệu lực,,CTG ,Công ty cổ phần,Tổ chức tín dụng
516,2021-09-14 00:00:00,SSB - Ngân hàng TMCP Đông Nam Á,SSBL2124002,VNĐ,,09/08/2021,09/08/2024,,1000,1000000000,Coupon,Cố định,Định kỳ - Cuối kỳ,,,4.1,Hiệu lực,,SSB ,Công ty cổ phần,Tổ chức tín dụng
517,2021-10-15 00:00:00,SMC - Công ty Cổ phần Đầu tư Thương mại SMC,SMCH2126002,VNĐ,,10/08/2021,10/08/2026,,113450,1000000,Coupon,Thả nổi,Một lần khi đến hạn,,,5.2,Hiệu lực,,SMC ,Công ty cổ phần,Sản xuất
518,2021-11-16 00:00:00,APRC - CTCP VẬT TƯ NÔNG SẢN,APRCB2124001,VNĐ,,10/08/2021,10/08/2024,,1500,100000000,Coupon,Kết hợp,Khác,Mua lại,,10.1,Hiệu lực,,APRC ,Công ty cổ phần,Sản xuất
519,2021-12-03 00:00:00,TTCC - CTCP đầu tư Thành Thành Công,TTCCH2124003,VNĐ,,10/08/2021,10/08/2024,,3000000,100000,Coupon,Cố định,Định kỳ - Cuối kỳ,Mua lại,,10.5,Hiệu lực,,TTCC ,Công ty cổ phần,Lĩnh vực khác
520,2022-01-28 00:00:00,PAPC - Công ty cổ phần Pacific Partners,PAPCH2124002,VNĐ,,11/08/2021,11/08/2024,,2524,100000000,Coupon,Cố định,Định kỳ - Cuối kỳ,Mua lại,,11.0,Hiệu lực,,PAPC ,Công ty cổ phần,"Thương mại, dịch vụ"
521,2021-11-10 00:00:00,VIB - Ngân hàng TMCP Quốc tế Việt Nam,VIBL2125019,VNĐ,,11/08/2021,11/08/2025,,650,1000000000,Coupon,Cố định,Định kỳ - Cuối kỳ,Mua lại,,3.8,Hiệu lực,,VIB ,Công ty cổ phần,Tổ chức tín dụng
522,2021-11-18 00:00:00,SSB - Ngân hàng TMCP Đông Nam Á,SSBH2124008,VNĐ,,11/08/2021,11/08/2024,,500,1000000000,Coupon,Cố định,Định kỳ - Cuối kỳ,Mua lại,,3.7,Hiệu lực,,SSB ,Công ty cổ phần,Tổ chức tín dụng
523,2021-11-29 00:00:00,DVLC - CÔNG TY CỔ PHẦN BẤT ĐỘNG SẢN DRAGON VILLAGE,DVLCH2124004,VNĐ,,11/08/2021,11/08/2026,,5000,100000000,Coupon,Cố định,Định kỳ - Cuối kỳ,Mua lại,,11.0,Hiệu lực,,DVLC ,Công ty cổ phần,Bất động sản
524,2022-01-07 00:00:00,SAM - Công ty cổ phần SAM Holdings,SAMH2122001,VNĐ,,12/08/2021,12/08/2022,,2500,100000000,Coupon,Cố định,Một lần khi đến hạn,,,10.5,Hiệu lực,,SAM ,Công ty cổ phần,Bất động sản
525,2021-12-14 00:00:00,PDR - CTCP PHÁT TRIỂN BẤT ĐỘNG SẢN PHÁT ĐẠT,PDRH2123008,VNĐ,,12/08/2021,12/08/2023,,30000,10000000,Coupon,Cố định,Định kỳ - Cuối kỳ,,,12.0,Hiệu lực,,PDR ,Công ty cổ phần,Bất động sản
526,2021-12-17 00:00:00,MBB - NGÂN HÀNG TMCP QUÂN ĐỘI,MBBL2128015,VNĐ,,12/08/2021,,,0,10000000,Coupon,Cố định,Định kỳ - Cuối kỳ,Mua lại,,7.1,Hiệu lực,,MBB ,Công ty cổ phần,Tổ chức tín dụng
527,2021-09-15 00:00:00,GPRC - Công ty TNHH Bất động sản Gia Phú,GPRCH2123001,VNĐ,,13/08/2021,13/08/2025,,2500,100000000,Coupon,Thả nổi,Định kỳ - Cuối kỳ,Mua lại,,10.5,Hiệu lực,,GPRC ,Công ty trách nhiệm hữu hạn,Bất động sản
528,2021-08-24 00:00:00,APAC - CTCP AN PHÁT FINANCE,APACH2124002,VNĐ,,13/08/2021,08/12/2024,,50000,1000000,Coupon,Cố định,Một lần khi đến hạn,Hoán đổi; Mua lại,,8.0,Hiệu lực,,APAC ,Công ty cổ phần,"Thương mại, dịch vụ"
529,2021-08-27 00:00:00,VCI - CTCP CHỨNG KHOÁN BẢN VIỆT,VCIH2123005,VNĐ,,13/08/2021,13/08/2023,,500,100000000,Coupon,Cố định,Một lần khi đến hạn,Mua lại,,8.5,Hiệu lực,,VCI ,Công ty cổ phần,Kinh doanh chứng khoán
530,2021-08-23 00:00:00,TMS - CTCP TRANSIMEX,TMSH2126001,VNĐ,,13/08/2021,13/08/2026,,300,1000000000,Coupon,Cố định,Định kỳ - Cuối kỳ,Mua lại,,8.3,Hiệu lực,,TMS ,Công ty cổ phần,"Thương mại, dịch vụ"
531,2021-09-16 00:00:00,SVAC - Công ty Cổ phần Tập đoàn Sovico,SVACH2124004,VNĐ,,16/08/2021,16/08/2024,,10000,100000000,Coupon,Cố định,Định kỳ - Cuối kỳ,Mua lại,,10.5,Hiệu lực,,SVAC ,Công ty cổ phần,"Thương mại, dịch vụ"
532,2021-08-19 00:00:00,TNGC - Công ty CP Đầu tư Xây Dựng Trung Nam,TNGCB2122002,VNĐ,,16/08/2021,16/08/2022,,6000000,100000,Coupon,Cố định,Định kỳ - Cuối kỳ,Mua lại,,9.5,Hiệu lực,,TNGC ,Công ty cổ phần,Lĩnh vực khác
533,2021-08-18 00:00:00,VIB - Ngân hàng TMCP Quốc tế Việt Nam,VIBL2128011,VNĐ,,16/08/2021,16/08/2028,,100,1000000000,Coupon,Thả nổi,Định kỳ - Cuối kỳ,Mua lại,,7.57,Hiệu lực,,VIB ,Công ty cổ phần,Tổ chức tín dụng
534,2021-08-19 00:00:00,ABB - Ngân hàng TMCP An Bình (ABBANK),ABBL2123009,VNĐ,,16/08/2021,16/08/2023,,500,1000000000,Coupon,Cố định,Định kỳ - Cuối kỳ,Mua lại,,3.5,Hiệu lực,,ABB ,Công ty cổ phần,Tổ chức tín dụng
535,2021-08-24 00:00:00,CTG - Ngân hàng Thương mại Cổ phần Công Thương Việt Nam,CTGL2129008,VNĐ,,16/08/2021,16/08/2029,,720,1000000000,Coupon,Thả nổi,Định kỳ - Cuối kỳ,Mua lại,,6.43,Hiệu lực,,CTG ,Công ty cổ phần,Tổ chức tín dụng
536,2021-11-24 00:00:00,CLAC - Công ty TNHH Đầu tư Cam Lâm,CLACH2125002,VNĐ,,16/08/2021,16/08/2025,,25922,10000000,Coupon,Cố định,Định kỳ - Cuối kỳ,Mua lại,,11.0,Hiệu lực,,CLAC ,Công ty trách nhiệm hữu hạn,Bất động sản
537,2021-11-16 00:00:00,H79C - CTCP HƯNG THỊNH LAND,H79CH2122016,VNĐ,,17/08/2021,17/08/2022,,900000,1000000,Coupon,Cố định,Định kỳ - Cuối kỳ,Mua lại,,11.0,Hiệu lực,,H79C ,Công ty cổ phần,Bất động sản
538,2021-08-23 00:00:00,NS3 - CTCP Sản xuất Kinh doanh Nước sạch số 3 Hà Nội,NS3H2125001,VNĐ,,17/08/2021,17/08/2025,,145,1000000000,Coupon,Cố định,Khác,Mua lại,,11.0,Hiệu lực,,NS3 ,Công ty cổ phần,"Thương mại, dịch vụ"
539,2021-11-18 00:00:00,H79C - CTCP HƯNG THỊNH LAND,H79CH2123021,VNĐ,,18/08/2021,18/08/2023,,5000000,100000,Coupon,Kết hợp,Định kỳ - Cuối kỳ,Mua lại,,10.3,Hiệu lực,,H79C ,Công ty cổ phần,Bất động sản
540,2021-08-23 00:00:00,BID - Ngân hàng TMCP Đầu tư và Phát triển Việt Nam,BIDL2129025,VNĐ,,18/08/2021,18/08/2029,,100,1000000000,Coupon,Thả nổi,Định kỳ - Cuối kỳ,Hoán đổi; Mua lại,,6.43,Hiệu lực,,BID ,Công ty cổ phần,Tổ chức tín dụng
541,2021-09-23 00:00:00,H79C - CTCP HƯNG THỊNH LAND,H79CH2124019,VNĐ,,18/08/2021,18/08/2026,,18000000,100000,Coupon,Kết hợp,Định kỳ - Cuối kỳ,Mua lại,,11.0,Hiệu lực,,H79C ,Công ty cổ phần,Bất động sản
542,2021-09-24 00:00:00,MRBC - Công ty Cổ phần Maroon Bells,MRBCH2125001,VNĐ,,19/08/2021,19/08/2025,,10230,100000000,Coupon,Cố định,Một lần khi đến hạn,,,8.0,Hiệu lực,,MRBC ,Công ty cổ phần,Lĩnh vực khác
543,2021-08-26 00:00:00,BGIC - Công ty TNHH Đầu tư Big Gain,BGICH2125003,VNĐ,,19/08/2021,19/08/2025,,10000000,100000,Coupon,Kết hợp,Định kỳ - Cuối kỳ,Mua lại,,11.0,Hiệu lực,,BGIC ,Công ty trách nhiệm hữu hạn,Bất động sản
544,2021-08-24 00:00:00,GMEC - Công ty cổ phần Truyền thông và Giải trí Galaxy,GMECH2123004,VNĐ,,19/08/2021,19/08/2025,,250000,100000,Coupon,Cố định,Định kỳ - Cuối kỳ,Mua lại,,12.0,Hiệu lực,,GMEC ,Công ty cổ phần,"Thương mại, dịch vụ"
545,2021-10-28 00:00:00,TSCC - CÔNG TY CỔ PHẦN ĐẦU TƯ XÂY DỰNG THẾ SƠN,TSCCH2123001,VNĐ,,19/08/2021,19/02/2023,,250000,1000000,Coupon,Cố định,Định kỳ - Cuối kỳ,Mua lại,,11.5,Hiệu lực,,TSCC ,Công ty cổ phần,Xây dựng
546,2023-11-16 00:00:00,VJC - CÔNG TY CỔ PHẦN HÀNG KHÔNG VIETJET,VJCH2126004,VNĐ,,19/08/2021,19/08/2026,,20000000,100000,Coupon,Kết hợp,Định kỳ - Cuối kỳ,Mua lại,,9.5,Hiệu lực,,VJC ,Công ty cổ phần,Bất động sản
547,2021-08-23 00:00:00,VIB - Ngân hàng TMCP Quốc tế Việt Nam,VIBL2128012,VNĐ,,19/08/2021,19/08/2028,,50,1000000000,Coupon,Thả nổi,Định kỳ - Cuối kỳ,Mua lại,,7.57,Hiệu lực,,VIB ,Công ty cổ phần,Tổ chức tín dụng
548,2021-11-18 00:00:00,TCSC - CTCP chứng khoán Kỹ thương,TCSCH2124011,VNĐ,,20/08/2021,20/08/2024,,4999839,100000,Coupon,Kết hợp,Định kỳ - Cuối kỳ,Mua lại,,7.9,Hiệu lực,,TCSC ,Công ty cổ phần,Kinh doanh chứng khoán
549,2021-10-27 00:00:00,VHAC - Công ty CP thương mại - quảng cáo - xây dựng - địa ốc Việt Hân,VHACH2128005,VNĐ,,20/08/2021,20/08/2028,,50000,10000000,Coupon,Cố định,Một lần khi đến hạn,,,10.0,Hiệu lực,,VHAC ,Công ty cổ phần,Bất động sản
550,2021-10-06 00:00:00,CLHC - Công ty TNHH Phát triển Bất động sản Cát Liên Hoa,CLHCH2123004,VNĐ,,20/08/2021,20/08/2023,,35000,1000000,Coupon,Kết hợp,Định kỳ - Cuối kỳ,Mua lại,,11.0,Hiệu lực,,CLHC ,Công ty trách nhiệm hữu hạn,Bất động sản
551,2021-08-30 00:00:00,SOLC - CÔNG TY CỔ PHẦN ĐẦU TƯ & DỊCH VỤ KHÁCH SẠN SOLEIL,SOLCH2123002,VNĐ,,20/08/2021,20/08/2023,,4500000,100000,Coupon,Cố định,Định kỳ - Cuối kỳ,Mua lại,,11.5,Hết hiệu lực,,SOLC ,Công ty cổ phần,Bất động sản
552,2021-09-27 00:00:00,NPEC - CÔNG TY CỔ PHẦN ĐẦU TƯ NĂNG LƯỢNG NAM PHƯƠNG,NPECH2126001,VNĐ,,23/08/2021,23/08/2026,,4500000,100000,Coupon,Kết hợp,Định kỳ - Cuối kỳ,Mua lại,,10.3,Hiệu lực,,NPEC ,Công ty cổ phần,Lĩnh vực khác
553,2021-08-30 00:00:00,GEG - Công ty cổ phần Điện Gia Lai,GEGB2124003,VNĐ,,23/08/2021,23/08/2024,,3000000,100000,Coupon,Kết hợp,Định kỳ - Cuối kỳ,Mua lại,,9.5,Hiệu lực,,GEG ,Công ty cổ phần,Năng lượng
554,2021-11-23 00:00:00,APSC - CÔNG TY CỔ PHẦN CHỨNG KHOÁN ALPHA,APSCH2123001,VNĐ,,23/08/2021,23/08/2023,,153,100000000,Coupon,Cố định,Khác,,,10.0,Hiệu lực,,APSC ,Công ty cổ phần,Kinh doanh chứng khoán
555,2021-08-27 00:00:00,OCB - Ngân hàng TMCP Phương Đông,OCBL2124006,VNĐ,,24/08/2021,24/08/2024,,1000,1000000000,Coupon,Cố định,Định kỳ - Cuối kỳ,Mua lại,,3.5,Hiệu lực,,OCB ,Công ty cổ phần,Tổ chức tín dụng
556,2021-12-01 00:00:00,AECC - Công ty cổ phẩn Anh ngữ APax,AECCH2124002,VNĐ,,24/08/2021,24/08/2024,,30000,10000000,Coupon,Cố định,Định kỳ - Cuối kỳ,Mua lại,,12.5,Hiệu lực,,AECC ,Công ty cổ phần,"Thương mại, dịch vụ"
557,2021-09-06 00:00:00,BSEC - Công ty Cổ phần Bông Sen,BSECH2122001,VNĐ,,24/08/2021,24/08/2022,,4800000,100000,Coupon,Cố định,Định kỳ - Cuối kỳ,Mua lại,,11.0,Hiệu lực,,BSEC ,Công ty cổ phần,"Thương mại, dịch vụ"
558,2021-09-06 00:00:00,BSEC - Công ty Cổ phần Bông Sen,BSECH2122002,VNĐ,,24/08/2021,24/08/2022,,43200000,100000,Coupon,Cố định,Định kỳ - Cuối kỳ,Mua lại,,11.0,Hiệu lực,,BSEC ,Công ty cổ phần,"Thương mại, dịch vụ"
559,2021-08-27 00:00:00,OCB - Ngân hàng TMCP Phương Đông,OCBL2124005,VNĐ,,24/08/2021,24/08/2024,,1000,1000000000,Coupon,Cố định,Định kỳ - Cuối kỳ,Mua lại,,3.5,Hiệu lực,,OCB ,Công ty cổ phần,Tổ chức tín dụng
560,2021-08-26 00:00:00,VIB - Ngân hàng TMCP Quốc tế Việt Nam,VIBL2125013,VNĐ,,25/08/2021,25/08/2025,,600,1000000000,Coupon,Cố định,Định kỳ - Cuối kỳ,Mua lại,,3.8,Hiệu lực,,VIB ,Công ty cổ phần,Tổ chức tín dụng
561,2021-09-22 00:00:00,ACC - Công ty Cổ phần Đầu Tư và Xây Dựng Bình Dương ACC,ACCH2123001,VNĐ,,25/08/2021,25/09/2023,,2500000,100000,Coupon,Cố định,Định kỳ - Cuối kỳ,Mua lại,,10.2,Hiệu lực,,ACC ,Công ty cổ phần,Xây dựng
562,2021-10-27 00:00:00,LAGC - Công ty Cổ phần Tập đoàn Louis Agro,LAGCH2122001,VNĐ,,25/08/2021,25/08/2022,,350000,1000000,Coupon,Cố định,Một lần khi đến hạn,,,11.5,Hiệu lực,,LAGC ,Công ty cổ phần,Lĩnh vực khác
563,2021-09-06 00:00:00,CTG - Ngân hàng Thương mại Cổ phần Công Thương Việt Nam,CTGL2128009,VNĐ,,25/08/2021,25/08/2028,,34,1000000000,Coupon,Thả nổi,Định kỳ - Cuối kỳ,Mua lại,,6.13,Hiệu lực,,CTG ,Công ty cổ phần,Tổ chức tín dụng
564,2021-08-27 00:00:00,SHB - Ngân hàng TMCP Sài Gòn - Hà Nội,SHBH2123006,VNĐ,,26/08/2021,26/08/2023,,900,1000000000,Coupon,Cố định,Định kỳ - Cuối kỳ,,,4.2,Hiệu lực,,SHB ,Công ty cổ phần,Tổ chức tín dụng
565,2021-08-27 00:00:00,VIB - Ngân hàng TMCP Quốc tế Việt Nam,VIBL2125014,VNĐ,,26/08/2021,26/08/2025,,400,1000000000,Coupon,Cố định,Định kỳ - Cuối kỳ,Mua lại,,3.8,Hiệu lực,,VIB ,Công ty cổ phần,Tổ chức tín dụng
566,2021-11-18 00:00:00,VDS - Công ty Cổ phần Chứng khoán Rồng Việt,VDSH2122008,VNĐ,,27/08/2021,27/08/2022,,299240,1000000,Coupon,Cố định,Định kỳ - Cuối kỳ,Mua lại,,9.3,Hiệu lực,,VDS ,Công ty cổ phần,Kinh doanh chứng khoán
567,2021-10-27 00:00:00,BVB - NGÂN HÀNG TMCP BẢN VIỆT,BVBLH2128003,VNĐ,,27/08/2021,27/08/2028,,100,1000000000,Coupon,Cố định,Định kỳ - Cuối kỳ,Mua lại,,7.8,Hiệu lực,,BVB ,Công ty cổ phần,Tổ chức tín dụng
568,2021-09-01 00:00:00,3CIC - Công ty Cổ phần Máy tính - Truyền thông - Điều khiển 3C,3CICH2124001,VNĐ,,27/08/2021,27/08/2024,,2300,100000000,Coupon,Cố định,Định kỳ - Cuối kỳ,Mua lại,,9.0,Hiệu lực,,3CIC ,Công ty cổ phần,Lĩnh vực khác
569,2021-09-08 00:00:00,MBS - Công ty Cổ phần Chứng khoán MB,MBSH2123003,VNĐ,,27/08/2021,27/02/2023,,2000,100000000,Coupon,Cố định,Một lần khi đến hạn,Mua lại,,7.2,Hiệu lực,,MBS ,Công ty cổ phần,Kinh doanh chứng khoán
570,2021-09-07 00:00:00,HD2C - CÔNG TY TNHH ĐIỆN GIÓ HÒA ĐÔNG 2,HD2CH2131010,VNĐ,,30/08/2021,30/08/2031,,160000,1000000,Coupon,Kết hợp,Khác,Mua lại,,10.75,Hiệu lực,,HD2C ,Công ty trách nhiệm hữu hạn,Sản xuất
571,2021-09-07 00:00:00,HD2C - CÔNG TY TNHH ĐIỆN GIÓ HÒA ĐÔNG 2,HD2CH2128007,VNĐ,,30/08/2021,30/08/2028,,110000,1000000,Coupon,Kết hợp,Khác,Mua lại,,10.75,Hiệu lực,,HD2C ,Công ty trách nhiệm hữu hạn,Sản xuất
572,2021-09-07 00:00:00,HD2C - CÔNG TY TNHH ĐIỆN GIÓ HÒA ĐÔNG 2,HD2CH2126005,VNĐ,,30/08/2021,30/08/2026,,100000,1000000,Coupon,Kết hợp,Khác,Mua lại,,10.75,Hiệu lực,,HD2C ,Công ty trách nhiệm hữu hạn,Sản xuất
573,2021-09-07 00:00:00,HD2C - CÔNG TY TNHH ĐIỆN GIÓ HÒA ĐÔNG 2,HD2CH2132011,VNĐ,,30/08/2021,30/08/2032,,200000,1000000,Coupon,Kết hợp,Khác,Mua lại,,10.75,Hiệu lực,,HD2C ,Công ty trách nhiệm hữu hạn,Sản xuất
574,2021-09-07 00:00:00,VBAC - Ngân hàng Nông nghiệp và Phát triển Nông thôn Việt Nam,VBACLH2128004,VNĐ,,30/08/2021,,,0,100000000,Coupon,Thả nổi,,Mua lại,,0.0,Hiệu lực,,VBAC ,Công ty trách nhiệm hữu hạn,Tổ chức tín dụng
575,2021-09-07 00:00:00,ABB - Ngân hàng TMCP An Bình (ABBANK),ABBL2123010,VNĐ,,30/08/2021,30/08/2023,,500,1000000000,Coupon,Cố định,Định kỳ - Cuối kỳ,Mua lại,,3.5,Hiệu lực,,ABB ,Công ty cổ phần,Tổ chức tín dụng
576,2021-09-09 00:00:00,SSB - Ngân hàng TMCP Đông Nam Á,SSBLH2124001,VNĐ,,30/08/2021,30/08/2024,,500,1000000000,Coupon,Cố định,Định kỳ - Cuối kỳ,,,4.1,Hiệu lực,,SSB ,Công ty cổ phần,Tổ chức tín dụng
577,2021-09-06 00:00:00,BID - Ngân hàng TMCP Đầu tư và Phát triển Việt Nam,BIDL2136027,VNĐ,,30/08/2021,30/08/2036,,200,1000000000,Coupon,Cố định,Định kỳ - Cuối kỳ,Hoán đổi; Mua lại,,6.9,Hiệu lực,,BID ,Công ty cổ phần,Tổ chức tín dụng
578,2021-09-07 00:00:00,HD2C - CÔNG TY TNHH ĐIỆN GIÓ HÒA ĐÔNG 2,HD2CH2125004,VNĐ,,30/08/2021,30/08/2025,,80000,1000000,Coupon,Kết hợp,Khác,Mua lại,,10.75,Hiệu lực,,HD2C ,Công ty trách nhiệm hữu hạn,Sản xuất
579,2021-10-08 00:00:00,FLC - Công ty cổ phần tập đoàn FLC,FLCH2122001,VNĐ,,30/08/2021,30/08/2022,,1500000,100000,Coupon,Cố định,Định kỳ - Cuối kỳ,Mua lại,,10.5,Hiệu lực,,FLC ,Công ty cổ phần,Bất động sản
580,2021-09-17 00:00:00,VKTC - CÔNG TY CỔ PHẦN ĐIỆN MẶT TRỜI VKT - HÒA AN,VKTCH2132001,VNĐ,,30/08/2021,10/09/2032,,2460,100000000,Coupon,Thả nổi,Định kỳ - Cuối kỳ,Mua lại,,9.33,Hiệu lực,,VKTC ,Công ty cổ phần,Lĩnh vực khác
581,2021-09-07 00:00:00,HD2C - CÔNG TY TNHH ĐIỆN GIÓ HÒA ĐÔNG 2,HD2CH2123002,VNĐ,,30/08/2021,30/08/2023,,60000,1000000,Coupon,Kết hợp,Khác,Mua lại,,10.75,Hiệu lực,,HD2C ,Công ty trách nhiệm hữu hạn,Sản xuất
582,2021-09-07 00:00:00,VBAC - Ngân hàng Nông nghiệp và Phát triển Nông thôn Việt Nam,VBACLH2131003,VNĐ,,30/08/2021,30/08/2031,,12000,100000000,Coupon,Thả nổi,Định kỳ - Cuối kỳ,Mua lại,,6.53,Hiệu lực,,VBAC ,Công ty trách nhiệm hữu hạn,Tổ chức tín dụng
583,2021-08-31 00:00:00,VPB - NH TMCP VIỆT NAM THỊNH VƯỢNG,VPBL2125022,VNĐ,,30/08/2021,30/08/2025,,500,1000000000,Coupon,Cố định,Định kỳ - Cuối kỳ,Mua lại,,4.0,Hiệu lực,,VPB ,Công ty cổ phần,Tổ chức tín dụng
584,2021-08-31 00:00:00,SHB - Ngân hàng TMCP Sài Gòn - Hà Nội,SHBH2123007,VNĐ,,30/08/2021,30/08/2023,,500,1000000000,Coupon,Cố định,Định kỳ - Cuối kỳ,,,4.2,Hiệu lực,,SHB ,Công ty cổ phần,Tổ chức tín dụng
585,2021-09-07 00:00:00,HD2C - CÔNG TY TNHH ĐIỆN GIÓ HÒA ĐÔNG 2,HD2CH2124003,VNĐ,,30/08/2021,30/08/2024,,70000,1000000,Coupon,Kết hợp,Khác,Mua lại,,10.75,Hiệu lực,,HD2C ,Công ty trách nhiệm hữu hạn,Sản xuất
586,2021-09-07 00:00:00,HD2C - CÔNG TY TNHH ĐIỆN GIÓ HÒA ĐÔNG 2,HD2CH2130009,VNĐ,,30/08/2021,30/08/2030,,140000,1000000,Coupon,Kết hợp,Khác,Mua lại,,10.75,Hiệu lực,,HD2C ,Công ty trách nhiệm hữu hạn,Sản xuất
587,2021-09-07 00:00:00,HD2C - CÔNG TY TNHH ĐIỆN GIÓ HÒA ĐÔNG 2,HD2CH2127006,VNĐ,,30/08/2021,30/08/2027,,100000,1000000,Coupon,Kết hợp,Khác,Mua lại,,10.75,Hiệu lực,,HD2C ,Công ty trách nhiệm hữu hạn,Sản xuất
588,2021-09-07 00:00:00,HD2C - CÔNG TY TNHH ĐIỆN GIÓ HÒA ĐÔNG 2,HD2CH2129008,VNĐ,,30/08/2021,30/08/2029,,120000,1000000,Coupon,Kết hợp,Khác,Mua lại,,10.75,Hiệu lực,,HD2C ,Công ty trách nhiệm hữu hạn,Sản xuất
589,2021-09-07 00:00:00,HD2C - CÔNG TY TNHH ĐIỆN GIÓ HÒA ĐÔNG 2,HD2CH2122001,VNĐ,,30/08/2021,30/08/2022,,25000,1000000,Coupon,Kết hợp,Khác,Mua lại,,10.75,Hiệu lực,,HD2C ,Công ty trách nhiệm hữu hạn,Sản xuất
590,2021-11-30 00:00:00,KTMC - Công ty CP Kim Tín MDF,KTMCH2125001,VNĐ,,30/08/2021,30/08/2025,,500,1000000000,Coupon,Cố định,Định kỳ - Cuối kỳ,Mua lại,,9.5,Hiệu lực,,KTMC ,Công ty cổ phần,Sản xuất
591,2021-09-06 00:00:00,MBB - NGÂN HÀNG TMCP QUÂN ĐỘI,MBBL2128003,VNĐ,,31/08/2021,31/08/2028,,10000,10000000,Coupon,Kết hợp,Định kỳ - Cuối kỳ,Mua lại,,7.1,Hiệu lực,,MBB ,Công ty cổ phần,Tổ chức tín dụng
592,2021-12-03 00:00:00,DRGC - CTCP Đầu tư và Du lịch Vạn Hương,DRGCH2126002,VNĐ,,31/08/2021,31/08/2026,,5000,100000000,Coupon,Kết hợp,Định kỳ - Cuối kỳ,Mua lại,,9.5,Hiệu lực,,DRGC ,Công ty cổ phần,Bất động sản
593,2021-09-01 00:00:00,VPB - NH TMCP VIỆT NAM THỊNH VƯỢNG,VPBL2124023,VNĐ,,31/08/2021,31/08/2024,,2130,1000000000,Coupon,Cố định,Định kỳ - Cuối kỳ,,,3.9,Hiệu lực,,VPB ,Công ty cổ phần,Tổ chức tín dụng
594,2021-09-07 00:00:00,KNCC - CÔNG TY TNHH KN CAM RANH,KNCCH2126001,VNĐ,,31/08/2021,31/08/2026,,10000,100000000,Coupon,Kết hợp,Định kỳ - Cuối kỳ,Mua lại,,10.0,Hiệu lực,,KNCC ,Công ty trách nhiệm hữu hạn,Bất động sản
595,2021-09-06 00:00:00,MBB - NGÂN HÀNG TMCP QUÂN ĐỘI,MBBH2128002,VNĐ,,31/08/2021,31/08/2028,,10000,10000000,Coupon,Thả nổi,Định kỳ - Cuối kỳ,,,7.23,Hiệu lực,,MBB ,Công ty cổ phần,Tổ chức tín dụng
596,2021-09-06 00:00:00,MBB - NGÂN HÀNG TMCP QUÂN ĐỘI,MBBL2128001,VNĐ,,31/08/2021,31/08/2028,,17000,10000000,Coupon,Thả nổi,Định kỳ - Cuối kỳ,,,7.23,Hiệu lực,,MBB ,Công ty cổ phần,Tổ chức tín dụng
597,2021-09-06 00:00:00,HISC - CÔNG TY CỔ PHẦN ĐẦU TƯ VÀ DỊCH VỤ HELIOS,HISCH2124002,VNĐ,,31/08/2021,31/08/2024,,3000,100000000,Coupon,Cố định,Định kỳ - Cuối kỳ,Mua lại,,10.0,Hiệu lực,,HISC ,Công ty cổ phần,Lĩnh vực khác
598,2021-09-09 00:00:00,CTG - Ngân hàng Thương mại Cổ phần Công Thương Việt Nam,CTGL2127011,VNĐ,,31/08/2021,31/08/2027,,180,1000000000,Coupon,Thả nổi,Định kỳ - Cuối kỳ,Mua lại,,6.03,Hiệu lực,,CTG ,Công ty cổ phần,Tổ chức tín dụng
599,2021-04-12 00:00:00,ACBC - Công ty TNHH Chứng khoán ACB,ACBCL2122004,VNĐ,,04/09/2021,04/11/2022,,50,1000000000,Coupon,Cố định,Một lần khi đến hạn,Mua lại,,7.8,Hiệu lực,,ACBC ,Công ty trách nhiệm hữu hạn,Kinh doanh chứng khoán
600,2022-05-13 00:00:00,XDCC - CTCP ĐẦU TƯ XÂY DỰNG XUÂN ĐỈNH,XDCCH2125002,VNĐ,,04/09/2021,04/09/2025,,11000000,100000,Coupon,Kết hợp,Định kỳ - Cuối kỳ,Mua lại,,11.0,Hiệu lực,,XDCC ,Công ty cổ phần,Xây dựng
601,2021-04-23 00:00:00,TNHC - CTCP ĐẦU TƯ VÀ QUẢN LÝ KHÁCH SẠN TNH,TNHCH2128003,VNĐ,,04/09/2021,04/09/2028,,6000,100000000,Coupon,Kết hợp,Định kỳ - Cuối kỳ,,,10.0,Hiệu lực,,TNHC ,Công ty cổ phần,"Thương mại, dịch vụ"
602,2021-07-02 00:00:00,HQNC - CTCP Dịch vụ Giải trí Hưng Thịnh Quy Nhơn,HQNCH2124004,VNĐ,,06/09/2021,06/09/2026,,15000000,100000,Coupon,Thả nổi,Định kỳ - Cuối kỳ,Mua lại,,11.0,Hiệu lực,,HQNC ,Công ty cổ phần,Lĩnh vực khác
603,2021-06-10 00:00:00,VPFC - CÔNG TY TÀI CHÍNH TNHH MTV NGÂN HÀNG VIỆT NAM THỊNH VƯỢNG,VPFCH2123007,VNĐ,,06/09/2021,06/09/2023,,200000,1000000,Coupon,Cố định,Một lần khi đến hạn,Mua lại,,7.5,Hiệu lực,,VPFC ,Công ty trách nhiệm hữu hạn,Lĩnh vực khác
604,2021-06-17 00:00:00,BHBC - CTCP NĂNG LƯỢNG BẮC HÀ,BHBCH2124003,VNĐ,,06/09/2021,06/09/2024,,1000000,100000,Coupon,Cố định,Định kỳ - Cuối kỳ,Mua lại,,10.5,Hiệu lực,,BHBC ,Công ty cổ phần,Sản xuất
605,2021-08-11 00:00:00,BTCC - CTCP TÂN HOÀN CẦU BẾN TRE,BTCCH2133001,VNĐ,,06/09/2021,29/04/2035,,4770,100000000,Coupon,Kết hợp,Định kỳ - Cuối kỳ,Mua lại,,9.5,Hiệu lực,,BTCC ,Công ty cổ phần,Sản xuất
606,2021-08-11 00:00:00,BTCC - CTCP TÂN HOÀN CẦU BẾN TRE,BTCCH2133002,VNĐ,,06/09/2021,29/04/2035,,4770,100000000,Coupon,Kết hợp,Định kỳ - Cuối kỳ,Mua lại,,9.5,Hiệu lực,,BTCC ,Công ty cổ phần,Sản xuất
607,2021-06-14 00:00:00,HLCC - Công ty TNHH Xây dựng và Phát triển Hoàng Long,HLCCH2124002,VNĐ,,06/09/2021,06/09/2024,,10000000,100000,Coupon,Kết hợp,Định kỳ - Cuối kỳ,Mua lại,,11.0,Hiệu lực,,HLCC ,Công ty trách nhiệm hữu hạn,Bất động sản
608,2021-08-25 00:00:00,H79C - CTCP HƯNG THỊNH LAND,H79CH2123015,VNĐ,,06/09/2021,06/09/2023,,800000,1000000,Coupon,Cố định,Định kỳ - Cuối kỳ,Mua lại,,10.7,Hiệu lực,,H79C ,Công ty cổ phần,Bất động sản
609,2021-06-14 00:00:00,VJC - CÔNG TY CỔ PHẦN HÀNG KHÔNG VIETJET,VJCH2126002,VNĐ,,06/09/2021,06/09/2026,,10000000,100000,Coupon,Kết hợp,Khác,Mua lại,,9.5,Hiệu lực,,VJC ,Công ty cổ phần,Bất động sản
610,2021-06-23 00:00:00,TD1C - Công ty cổ phần Điện gió Trung Nam Đắk Lắk 1,TD1CB2135006,VNĐ,,06/09/2021,06/01/2035,,15000000,100000,Coupon,Kết hợp,Định kỳ - Cuối kỳ,Mua lại,,9.5,Hiệu lực,,TD1C ,Công ty cổ phần,Xây dựng
611,2021-07-12 00:00:00,HDB - NH TMCP Phát triển thành phố Hồ Chí Minh ( HDBANK),HDBH2126008,VNĐ,,07/09/2021,07/09/2026,,1000,1000000000,Coupon,Cố định,Định kỳ - Cuối kỳ,Mua lại,,6.3,Hiệu lực,,HDB ,Công ty cổ phần,Tổ chức tín dụng
612,2022-02-17 00:00:00,BJCC - CÔNG TY CỔ PHẦN ĐẦU TƯ THƯƠNG MẠI BRIGHT JUPITER,BJCCH2122001,VNĐ,,08/09/2021,09/09/2022,,215000,1000000,Coupon,Kết hợp,Định kỳ - Cuối kỳ,Mua lại,,10.0,Hiệu lực,,BJCC ,Công ty cổ phần,Bất động sản
613,2021-08-12 00:00:00,OSDC - Công ty cổ phần Outstanding Investment,OSDCH2126003,VNĐ,,08/09/2021,08/09/2026,,6000,100000000,Coupon,Cố định,Định kỳ - Cuối kỳ,Mua lại,,9.5,Hiệu lực,,OSDC ,Công ty cổ phần,Lĩnh vực khác
614,2021-08-30 00:00:00,STNC - Công ty cổ phần Mặt trời Tây Ninh,STNCH2124001,VNĐ,,08/09/2021,08/09/2024,,250000,1000000,Coupon,Thả nổi,Khác,Mua lại,,8.8,Hiệu lực,,STNC ,Công ty cổ phần,"Thương mại, dịch vụ"
615,2021-08-17 00:00:00,TNHC - CTCP ĐẦU TƯ VÀ QUẢN LÝ KHÁCH SẠN TNH,TNHCH2122004,VNĐ,,08/09/2021,08/09/2022,,3000,100000000,Coupon,Cố định,Khác,,,10.0,Hiệu lực,,TNHC ,Công ty cổ phần,"Thương mại, dịch vụ"
616,2021-09-17 00:00:00,SSB - Ngân hàng TMCP Đông Nam Á,SSBL2124003,VNĐ,,09/09/2021,09/09/2024,,700,1000000000,Coupon,Cố định,Định kỳ - Cuối kỳ,,,4.1,Hiệu lực,,SSB ,Công ty cổ phần,Tổ chức tín dụng
617,2021-10-18 00:00:00,WTOC - Tổng Công ty Cổ phần Thương mại Xây dựng,WTOCH2126005,VNĐ,,09/09/2021,19/05/2028,,2000,100000000,Coupon,Kết hợp,Định kỳ - Cuối kỳ,Mua lại,,10.0,Hiệu lực,,WTOC ,Công ty cổ phần,Bất động sản
618,2021-09-23 00:00:00,DVPC - Công ty cổ phần Tập đoàn Vàng bạc Đá quý DOJI,DVPCH2126003,VNĐ,,09/09/2021,09/09/2026,,10000000,100000,Coupon,Kết hợp,Định kỳ - Cuối kỳ,,,8.75,Hiệu lực,,DVPC ,Công ty cổ phần,"Thương mại, dịch vụ"
619,2021-11-18 00:00:00,SSB - Ngân hàng TMCP Đông Nam Á,SSBH2124009,VNĐ,,11/09/2021,11/09/2024,,1000,1000000000,Coupon,Cố định,Định kỳ - Cuối kỳ,Mua lại,,3.7,Hiệu lực,,SSB ,Công ty cổ phần,Tổ chức tín dụng
620,2021-11-18 00:00:00,SSB - Ngân hàng TMCP Đông Nam Á,SSBL2124010,VNĐ,,11/09/2021,11/09/2024,,200,1000000000,Coupon,Cố định,Định kỳ - Cuối kỳ,Mua lại,,3.7,Hiệu lực,,SSB ,Công ty cổ phần,Tổ chức tín dụng
621,2022-01-12 00:00:00,AGM - Công ty cổ phần Xuất nhập khẩu An Giang,AGMH2123001,VNĐ,,11/09/2021,11/09/2023,,350000,1000000,Coupon,Cố định,Định kỳ - Cuối kỳ,,,7.0,Hiệu lực,,AGM ,Công ty cổ phần,Sản xuất
622,2021-12-10 00:00:00,CLHC - Công ty TNHH Phát triển Bất động sản Cát Liên Hoa,CLHCH2122006,VNĐ,,11/09/2021,11/09/2022,,1000000,1000000,Coupon,Cố định,Định kỳ - Cuối kỳ,Mua lại,,8.8,Hiệu lực,,CLHC ,Công ty trách nhiệm hữu hạn,Bất động sản
623,2022-03-18 00:00:00,PSI - Công ty Cổ phần Chứng khoán Dầu khí,PSIH2122005,VNĐ,,12/09/2021,12/09/2022,,2762,100000000,Coupon,Cố định,Định kỳ - Cuối kỳ,Mua lại,,9.0,Hiệu lực,,PSI ,Công ty cổ phần,Kinh doanh chứng khoán
624,2021-12-15 00:00:00,HDB - NH TMCP Phát triển thành phố Hồ Chí Minh ( HDBANK),HDBL2125010,VNĐ,,12/09/2021,12/09/2025,,400,1000000000,Coupon,Cố định,Định kỳ - Cuối kỳ,Mua lại,,3.8,Hiệu lực,,HDB ,Công ty cổ phần,Tổ chức tín dụng
625,2021-12-13 00:00:00,APGC - CTCP TẬP ĐOÀN APEC GROUP,APGCH2126011,VNĐ,,12/09/2021,12/09/2026,,436030,100000,Coupon,Cố định,Định kỳ - Cuối kỳ,Mua lại,,13.0,Hiệu lực,,APGC ,Công ty cổ phần,Bất động sản
626,2022-01-05 00:00:00,HPX - CÔNG TY CỔ PHẦN ĐẦU TƯ HẢI PHÁT,HPXH2122010,VNĐ,,12/09/2021,12/09/2022,,2000,100000000,Coupon,Cố định,Một lần khi đến hạn,Mua lại,,11.0,Hiệu lực,,HPX ,Công ty cổ phần,Bất động sản
627,2022-04-20 00:00:00,VKC - CTCP VKC Holdings,VKCH2123001,VNĐ,,12/09/2021,06/09/2023,,2000,100000000,Coupon,Cố định,Định kỳ - Đầu kỳ,Mua lại,,12.0,Hiệu lực,,VKC ,Công ty cổ phần,Sản xuất
628,2021-09-20 00:00:00,CTG - Ngân hàng Thương mại Cổ phần Công Thương Việt Nam,CTGL2129014,VNĐ,,13/09/2021,13/09/2029,,600,1000000000,Coupon,Thả nổi,Định kỳ - Cuối kỳ,Mua lại,,6.43,Hiệu lực,,CTG ,Công ty cổ phần,Tổ chức tín dụng
629,2021-11-03 00:00:00,VTPC - Công ty Cổ phần Đầu tư và Xây dựng Vạn Trường Phát,VTPCH2126003,VNĐ,,13/09/2021,13/09/2026,,20000000,100000,Coupon,Kết hợp,Định kỳ - Cuối kỳ,Mua lại,,10.0,Hiệu lực,,VTPC ,Công ty cổ phần,Bất động sản
630,2021-12-09 00:00:00,VDS - Công ty Cổ phần Chứng khoán Rồng Việt,VDSH2122009,VNĐ,,15/09/2021,15/09/2022,,399790,1000000,Coupon,Cố định,Định kỳ - Cuối kỳ,Mua lại,,9.3,Hiệu lực,,VDS ,Công ty cổ phần,Kinh doanh chứng khoán
631,2021-09-20 00:00:00,HPX - CÔNG TY CỔ PHẦN ĐẦU TƯ HẢI PHÁT,HPXH2123006,VNĐ,,15/09/2021,15/09/2023,,3000,100000000,Coupon,Cố định,Một lần khi đến hạn,Mua lại,,10.5,Hiệu lực,,HPX ,Công ty cổ phần,Bất động sản
632,2021-12-03 00:00:00,BCM - TỔNG CÔNG TY ĐẦU TƯ VÀ PHÁT TRIỂN CÔNG NGHIỆP - CTCP,BCMH2126005,VNĐ,,15/09/2021,15/09/2026,,2500000,1000000,Coupon,Kết hợp,Định kỳ - Cuối kỳ,Mua lại,,10.0,Hiệu lực,,BCM ,Công ty cổ phần,Bất động sản
633,2021-09-17 00:00:00,SHB - Ngân hàng TMCP Sài Gòn - Hà Nội,SHBH2123008,VNĐ,,15/09/2021,15/09/2023,,1000,1000000000,Coupon,Cố định,Định kỳ - Cuối kỳ,Mua lại,,3.8,Hiệu lực,,SHB ,Công ty cổ phần,Tổ chức tín dụng
634,2021-10-05 00:00:00,VHM - CTCP VINHOMES,VHMB2124001,VNĐ,,15/09/2021,15/09/2024,,21600000,100000,Coupon,Kết hợp,Định kỳ - Cuối kỳ,Mua lại,,8.8,Hiệu lực,,VHM ,Công ty cổ phần,Bất động sản
635,2022-04-07 00:00:00,CLWC - CÔNG TY CỔ PHẦN PHONG ĐIỆN CHƠ LONG,CLWCH2122001,VNĐ,,16/09/2021,16/09/2022,,40000,1000000,Coupon,Kết hợp,Một lần khi đến hạn,Mua lại,,10.75,Hiệu lực,,CLWC ,Công ty cổ phần,Năng lượng
636,2021-09-27 00:00:00,DIG - Tổng công ty cổ phần đầu tư phát triển xây dựng,DIGH2124001,VNĐ,,16/09/2021,16/09/2024,,10000,100000000,Coupon,Kết hợp,Định kỳ - Cuối kỳ,Mua lại,,11.0,Hiệu lực,,DIG ,Công ty cổ phần,Bất động sản
637,2022-04-07 00:00:00,CLWC - CÔNG TY CỔ PHẦN PHONG ĐIỆN CHƠ LONG,CLWCH2125003,VNĐ,,16/09/2021,16/09/2025,,310000,1000000,Coupon,Kết hợp,Định kỳ - Cuối kỳ,Mua lại,,10.75,Hiệu lực,,CLWC ,Công ty cổ phần,Năng lượng
638,2021-09-27 00:00:00,THVC - Công ty Cổ phần Toàn Hải Vân,THVCH2129002,VNĐ,,16/09/2021,30/06/2029,,1000000,100000,Coupon,Kết hợp,Định kỳ - Cuối kỳ,Mua lại,,9.5,Hiệu lực,,THVC ,Công ty cổ phần,"Thương mại, dịch vụ"
639,2022-04-07 00:00:00,CLWC - CÔNG TY CỔ PHẦN PHONG ĐIỆN CHƠ LONG,CLWCH2123002,VNĐ,,16/09/2021,16/09/2023,,120000,1000000,Coupon,Kết hợp,Định kỳ - Cuối kỳ,Mua lại,,10.75,Hiệu lực,,CLWC ,Công ty cổ phần,Năng lượng
640,2021-09-21 00:00:00,VPB - NH TMCP VIỆT NAM THỊNH VƯỢNG,VPBL2124024,VNĐ,,16/09/2021,16/09/2024,,500,1000000000,Coupon,Cố định,Định kỳ - Cuối kỳ,,,3.9,Hiệu lực,,VPB ,Công ty cổ phần,Tổ chức tín dụng
641,2021-09-27 00:00:00,TPAC - CÔNG TY TNHH THÀNH PHỐ AQUA,TPACH2124002,VNĐ,,17/09/2021,17/09/2024,,5000,100000000,Coupon,Kết hợp,Định kỳ - Cuối kỳ,Mua lại,,10.0,Hiệu lực,,TPAC ,Công ty trách nhiệm hữu hạn,Bất động sản
642,2021-11-12 00:00:00,VHAC - Công ty CP thương mại - quảng cáo - xây dựng - địa ốc Việt Hân,VHACH2128007,VNĐ,,17/09/2021,17/09/2028,,50000,10000000,Coupon,Cố định,Một lần khi đến hạn,,,10.0,Hiệu lực,,VHAC ,Công ty cổ phần,Bất động sản
643,2021-11-05 00:00:00,NVL - CTCP TẬP ĐOÀN ĐẦU TƯ ĐỊA ỐC NO VA,NVLH2123010,VNĐ,,17/09/2021,17/03/2025,,10000000,100000,Coupon,Thả nổi,Định kỳ - Cuối kỳ,Mua lại,,10.5,Hiệu lực,,NVL ,Công ty cổ phần,Bất động sản
644,2021-11-08 00:00:00,VCI - CTCP CHỨNG KHOÁN BẢN VIỆT,VCIH2123006,VNĐ,,17/09/2021,17/09/2023,,460,100000000,Coupon,Cố định,Một lần khi đến hạn,Mua lại,,8.0,Hiệu lực,,VCI ,Công ty cổ phần,Kinh doanh chứng khoán
645,2021-09-27 00:00:00,CTG - Ngân hàng Thương mại Cổ phần Công Thương Việt Nam,CTGL2136015,VNĐ,,17/09/2021,17/09/2036,,50,1000000000,Coupon,Cố định,Định kỳ - Cuối kỳ,Mua lại,,6.7,Hiệu lực,,CTG ,Công ty cổ phần,Tổ chức tín dụng
646,2021-09-27 00:00:00,TPAC - CÔNG TY TNHH THÀNH PHỐ AQUA,TPACH2125001,VNĐ,,17/09/2021,17/09/2025,,5000,100000000,Coupon,Kết hợp,Định kỳ - Cuối kỳ,Mua lại,,10.0,Hiệu lực,,TPAC ,Công ty trách nhiệm hữu hạn,Bất động sản
647,2021-09-27 00:00:00,MBB - NGÂN HÀNG TMCP QUÂN ĐỘI,MBBL2128005,VNĐ,,20/09/2021,20/09/2028,,24500,10000000,Coupon,Thả nổi,Định kỳ - Cuối kỳ,,,7.23,Hiệu lực,,MBB ,Công ty cổ phần,Tổ chức tín dụng
648,2021-09-30 00:00:00,TCOC - CTCP Ô TÔ TRƯỜNG HẢI,TCOCH2126001,VNĐ,,20/09/2021,20/09/2026,,24000000,100000,Coupon,Kết hợp,Định kỳ - Cuối kỳ,Mua lại,,8.0,Hiệu lực,,TCOC ,Công ty cổ phần,Sản xuất
649,2021-09-27 00:00:00,NSVC - CÔNG TY TNHH ĐẦU TƯ BẤT ĐỘNG SẢN NGÔI SAO VIỆT,NSVCH2126002,VNĐ,,20/09/2021,20/09/2026,,19000000,100000,Coupon,Cố định,Định kỳ - Cuối kỳ,Mua lại,,11.5,Hết hiệu lực,,NSVC ,Công ty trách nhiệm hữu hạn,Bất động sản
650,2021-12-24 00:00:00,GKM - Công ty Cổ phần Khang Minh Group,GKMH2124001,VNĐ,,20/09/2021,20/09/2024,,10000,10000000,Coupon,Cố định,Một lần khi đến hạn,Mua lại,,12.6,Hiệu lực,,GKM ,Công ty cổ phần,Sản xuất
651,2021-10-06 00:00:00,DVLC - CÔNG TY CỔ PHẦN BẤT ĐỘNG SẢN DRAGON VILLAGE,DVLCH2124001,VNĐ,,20/09/2021,20/09/2026,,5000,100000000,Coupon,Cố định,Định kỳ - Cuối kỳ,Mua lại,,11.0,Hiệu lực,,DVLC ,Công ty cổ phần,Bất động sản
652,2021-10-06 00:00:00,TDIC - CÔNG TY CỔ PHẦN ĐẦU TƯ VÀ PHÁT TRIỂN TRAINCO,TDICH2122001,VNĐ,,20/09/2021,20/09/2022,,1200,100000000,Coupon,Cố định,Định kỳ - Cuối kỳ,Mua lại,,12.0,Hiệu lực,,TDIC ,Công ty cổ phần,Bất động sản
653,2021-10-08 00:00:00,GMEC - Công ty cổ phần Truyền thông và Giải trí Galaxy,GMECH2123005,VNĐ,,20/09/2021,20/09/2025,,250000,100000,Coupon,Cố định,Định kỳ - Cuối kỳ,Mua lại,,12.0,Hiệu lực,,GMEC ,Công ty cổ phần,"Thương mại, dịch vụ"
654,2021-09-30 00:00:00,DVPC - Công ty cổ phần Tập đoàn Vàng bạc Đá quý DOJI,DVPCH2126004,VNĐ,,20/09/2021,20/09/2026,,5000000,100000,Coupon,Kết hợp,Định kỳ - Cuối kỳ,,,8.75,Hiệu lực,,DVPC ,Công ty cổ phần,"Thương mại, dịch vụ"
655,2022-05-05 00:00:00,IDTC - CÔNG TY CỔ PHẦN PHÁT TRIỂN KHU CÔNG NGHIỆP VÀ ĐÔ THỊ THỦ THỪA IDICO-CONAC,IDTCH2123002,VNĐ,,20/09/2021,20/03/2023,,1000000,100000,Coupon,Cố định,Định kỳ - Cuối kỳ,Mua lại,,11.5,Hiệu lực,,IDTC ,Công ty cổ phần,Xây dựng
656,2021-09-24 00:00:00,RHGC - Công ty cổ phần Tập đoàn R&H,RHGCH2122001,VNĐ,,20/09/2021,21/09/2022,,6500000,100000,Coupon,Cố định,Định kỳ - Cuối kỳ,Mua lại,,11.0,Hiệu lực,,RHGC ,Công ty cổ phần,Bất động sản
657,2021-11-09 00:00:00,LCLC - CÔNG TY TNHH KINH DOANH BẤT ĐỘNG SẢN LC,LCLCH2124001,VNĐ,,21/09/2021,21/09/2024,,10000000,100000,Coupon,Kết hợp,Định kỳ - Cuối kỳ,Mua lại,,10.0,Hiệu lực,,LCLC ,Công ty trách nhiệm hữu hạn,Bất động sản
658,2021-11-12 00:00:00,SVAC - Công ty Cổ phần Tập đoàn Sovico,SVACH2124006,VNĐ,,21/09/2021,21/09/2024,,10000,100000000,Coupon,Cố định,Định kỳ - Cuối kỳ,Mua lại,,10.5,Hiệu lực,,SVAC ,Công ty cổ phần,"Thương mại, dịch vụ"
659,2021-12-20 00:00:00,BPGC - CTCP Điện gió Bắc Phương,BPGCH2135001,VNĐ,,21/09/2021,31/03/2035,,1850,100000000,Coupon,Kết hợp,Định kỳ - Cuối kỳ,Mua lại,,9.0,Hiệu lực,,BPGC ,Công ty cổ phần,Năng lượng
660,2021-09-22 00:00:00,VIB - Ngân hàng TMCP Quốc tế Việt Nam,VIBL2128015,VNĐ,,21/09/2021,21/09/2028,,40,1000000000,Coupon,Thả nổi,Định kỳ - Cuối kỳ,Mua lại,,7.5,Hiệu lực,,VIB ,Công ty cổ phần,Tổ chức tín dụng
661,2021-10-11 00:00:00,SAMC - CTCP SUNSHINE AM,SAMCH2125003,VNĐ,,21/09/2021,21/09/2025,,10000000,100000,Coupon,Kết hợp,Định kỳ - Cuối kỳ,Mua lại,,11.0,Hiệu lực,,SAMC ,Công ty cổ phần,Bất động sản
662,2021-11-26 00:00:00,YTWC - Công ty cổ phần Phong điện Yang Trung,YTWCH2122001,VNĐ,,22/09/2021,22/09/2022,,130000,1000000,Coupon,Kết hợp,Một lần khi đến hạn,Mua lại,,10.75,Hiệu lực,,YTWC ,Công ty cổ phần,Sản xuất
663,2021-11-26 00:00:00,YTWC - Công ty cổ phần Phong điện Yang Trung,YTWCH2123002,VNĐ,,22/09/2021,22/09/2023,,140000,1000000,Coupon,Kết hợp,Định kỳ - Cuối kỳ,Mua lại,,10.75,Hiệu lực,,YTWC ,Công ty cổ phần,Sản xuất
664,2021-11-26 00:00:00,YTWC - Công ty cổ phần Phong điện Yang Trung,YTWCH2124003,VNĐ,,22/09/2021,22/09/2024,,230000,1000000,Coupon,Kết hợp,Định kỳ - Cuối kỳ,Mua lại,,10.75,Hiệu lực,,YTWC ,Công ty cổ phần,Sản xuất
665,2021-12-27 00:00:00,TICC - Công ty TNHH MTV Đầu tư TPI,TICCH2124001,VNĐ,,22/09/2021,22/09/2024,,1000000,1000000,Coupon,Kết hợp,Định kỳ - Cuối kỳ,Mua lại,,11.0,Hiệu lực,,TICC ,Công ty trách nhiệm hữu hạn,Bất động sản
666,2021-09-23 00:00:00,SHB - Ngân hàng TMCP Sài Gòn - Hà Nội,SHBH2123009,VNĐ,,22/09/2021,22/09/2023,,950,1000000000,Coupon,Cố định,Định kỳ - Cuối kỳ,Mua lại,,3.8,Hiệu lực,,SHB ,Công ty cổ phần,Tổ chức tín dụng
667,2021-10-26 00:00:00,MACC - Công ty TNHH Marcus,MACCH2124001,VNĐ,,22/09/2021,22/09/2024,,125,1000000000,Coupon,Cố định,Định kỳ - Cuối kỳ,Mua lại,,10.0,Hiệu lực,,MACC ,Công ty trách nhiệm hữu hạn,Lĩnh vực khác
668,2021-09-30 00:00:00,APAC - CTCP AN PHÁT FINANCE,APACH2124003,VNĐ,,22/09/2021,21/09/2024,,50000,1000000,Coupon,Cố định,Một lần khi đến hạn,Hoán đổi; Mua lại,,8.0,Hiệu lực,,APAC ,Công ty cổ phần,"Thương mại, dịch vụ"
669,2021-09-30 00:00:00,BID - Ngân hàng TMCP Đầu tư và Phát triển Việt Nam,BIDL2136029,VNĐ,,22/09/2021,22/09/2036,,200,1000000000,Coupon,Kết hợp,Định kỳ - Cuối kỳ,Hoán đổi; Mua lại,,6.9,Hiệu lực,,BID ,Công ty cổ phần,Tổ chức tín dụng
670,2021-10-01 00:00:00,MBB - NGÂN HÀNG TMCP QUÂN ĐỘI,MBBL2128006,VNĐ,,23/09/2021,23/09/2028,,51500,10000000,Coupon,Thả nổi,Định kỳ - Cuối kỳ,Mua lại,,7.03,Hiệu lực,,MBB ,Công ty cổ phần,Tổ chức tín dụng
671,2021-10-01 00:00:00,SDDC - Công ty Cổ Phần Sao Đỏ Đà Nẵng,SDDCH2122001,VNĐ,,23/09/2021,23/09/2022,,450000,1000000,Coupon,Cố định,Định kỳ - Cuối kỳ,Mua lại,,10.5,Hiệu lực,,SDDC ,Công ty cổ phần,Bất động sản
672,2021-09-29 00:00:00,HRTC - Công ty Cổ phần Dịch vụ Du lịch đường sắt Hà Nội,HRTCH2131001,VNĐ,,23/09/2021,23/09/2031,,230000,10000000,Coupon,Kết hợp,Định kỳ - Cuối kỳ,Mua lại,,9.0,Hết hiệu lực,,HRTC ,Công ty cổ phần,"Thương mại, dịch vụ"
673,2022-07-13 00:00:00,CTG - Ngân hàng Thương mại Cổ phần Công Thương Việt Nam,CTGL2129016,VNĐ,,24/09/2021,24/09/2029,,50,1000000000,Coupon,Thả nổi,Định kỳ - Cuối kỳ,Mua lại,,6.43,Hiệu lực,,CTG ,Công ty cổ phần,Tổ chức tín dụng
674,2021-10-26 00:00:00,CFCC - CÔNG TY XI MĂNG CHINFON,CFCCH2126001,VNĐ,,24/09/2021,24/09/2026,,400,1000000000,Coupon,Kết hợp,Định kỳ - Cuối kỳ,Mua lại,,7.0,Hiệu lực,,CFCC ,Công ty trách nhiệm hữu hạn,Sản xuất
675,2021-10-14 00:00:00,ABGC - CÔNG TY CỔ PHẦN ABG HÀ NỘI,ABGCH2124001,VNĐ,,24/09/2021,24/09/2024,,125,1000000000,Coupon,Cố định,Định kỳ - Cuối kỳ,Mua lại,,10.0,Hiệu lực,,ABGC ,Công ty cổ phần,Bất động sản
676,2021-09-30 00:00:00,PDR - CTCP PHÁT TRIỂN BẤT ĐỘNG SẢN PHÁT ĐẠT,PDRH2123006,VNĐ,,24/09/2021,24/09/2023,,2700,100000000,Coupon,Cố định,Định kỳ - Cuối kỳ,Mua lại,,13.0,Hiệu lực,,PDR ,Công ty cổ phần,Bất động sản
677,2021-10-04 00:00:00,TPB - Ngân hàng Thương mại Cổ phần Tiên Phong,TPBL2124011,VNĐ,,27/09/2021,27/09/2024,,12000,100000000,Coupon,Cố định,Định kỳ - Cuối kỳ,Mua lại,,3.31,Hiệu lực,,TPB ,Công ty cổ phần,Tổ chức tín dụng
678,2021-12-13 00:00:00,HDSC - Công ty Cổ phần Chứng khoán HDB,HDSCH2122001,VNĐ,,27/09/2021,27/09/2022,,285,1000000000,Coupon,Cố định,Định kỳ - Cuối kỳ,Mua lại,,8.5,Hiệu lực,,HDSC ,Công ty cổ phần,Kinh doanh chứng khoán
679,2021-09-30 00:00:00,OCB - Ngân hàng TMCP Phương Đông,OCBL2124007,VNĐ,,27/09/2021,27/09/2024,,1000,1000000000,Coupon,Cố định,Định kỳ - Cuối kỳ,Mua lại,,2.6,Hiệu lực,,OCB ,Công ty cổ phần,Tổ chức tín dụng
680,2021-10-05 00:00:00,STB - Ngân hàng Thương mại Cổ Phần Sài Gòn Thương Tín,STBL2124001,VNĐ,,27/09/2021,27/09/2024,,1000,1000000000,Coupon,Cố định,Định kỳ - Cuối kỳ,,,3.8,Hiệu lực,,STB ,Công ty cổ phần,Tổ chức tín dụng
681,2021-10-04 00:00:00,GAIC - Công ty TNHH Tư Vấn Đầu Tư Gia An,GAICH2131001,VNĐ,,27/09/2021,27/09/2031,,456,1000000000,Coupon,Kết hợp,Khác,Mua lại,,9.0,Hiệu lực,,GAIC ,Công ty trách nhiệm hữu hạn,Bất động sản
682,2021-10-05 00:00:00,STB - Ngân hàng Thương mại Cổ Phần Sài Gòn Thương Tín,STBL2122001,VNĐ,,27/09/2021,27/09/2022,,2000,1000000000,Coupon,Cố định,Một lần khi đến hạn,,,2.9,Hiệu lực,,STB ,Công ty cổ phần,Tổ chức tín dụng
683,2022-05-06 00:00:00,TD1C - Công ty cổ phần Điện gió Trung Nam Đắk Lắk 1,TD1CB2135010,VNĐ,,27/09/2021,29/07/2035,,7500000,100000,Coupon,Kết hợp,Định kỳ - Cuối kỳ,Mua lại,,9.5,Hiệu lực,,TD1C ,Công ty cổ phần,Xây dựng
684,2021-10-04 00:00:00,TPB - Ngân hàng Thương mại Cổ phần Tiên Phong,TPBL2124012,VNĐ,,27/09/2021,27/09/2024,,1500,100000000,Coupon,Cố định,Định kỳ - Cuối kỳ,,,3.71,Hiệu lực,,TPB ,Công ty cổ phần,Tổ chức tín dụng
685,2021-10-19 00:00:00,WTOC - Tổng Công ty Cổ phần Thương mại Xây dựng,WTOCH2126008,VNĐ,,28/09/2021,19/05/2028,,2000,100000000,Coupon,Kết hợp,Định kỳ - Cuối kỳ,Mua lại,,10.0,Hiệu lực,,WTOC ,Công ty cổ phần,Bất động sản
686,2022-03-10 00:00:00,WTOC - Tổng Công ty Cổ phần Thương mại Xây dựng,WTOCH2126009,VNĐ,,28/09/2021,19/05/2028,,1000,100000000,Coupon,Kết hợp,Định kỳ - Cuối kỳ,Mua lại,,10.0,Hiệu lực,,WTOC ,Công ty cổ phần,Bất động sản
687,2021-10-11 00:00:00,NHHC - Công ty CP Đầu tư & Xây dựng Thủy điện Nậm Hồng,NHHCH2131001,VNĐ,,28/09/2021,28/09/2031,,500,500000000,Coupon,Kết hợp,Định kỳ - Cuối kỳ,Mua lại,,9.8,Hiệu lực,,NHHC ,Công ty cổ phần,Sản xuất
688,2021-09-30 00:00:00,OCB - Ngân hàng TMCP Phương Đông,OCBL2124008,VNĐ,,28/09/2021,28/09/2024,,1000,1000000000,Coupon,Cố định,Định kỳ - Cuối kỳ,Mua lại,,2.6,Hiệu lực,,OCB ,Công ty cổ phần,Tổ chức tín dụng
689,2021-11-26 00:00:00,NVL - CTCP TẬP ĐOÀN ĐẦU TƯ ĐỊA ỐC NO VA,NVLH2123013,VNĐ,,28/09/2021,28/03/2023,,4307000,100000,Coupon,Cố định,Định kỳ - Cuối kỳ,,,10.5,Hiệu lực,,NVL ,Công ty cổ phần,Bất động sản
690,2021-12-29 00:00:00,WTOC - Tổng Công ty Cổ phần Thương mại Xây dựng,WTOCH2126006,VNĐ,,28/09/2021,19/05/2028,,4700,100000000,Coupon,Kết hợp,Định kỳ - Cuối kỳ,Mua lại,,10.0,Hiệu lực,,WTOC ,Công ty cổ phần,Bất động sản
691,2021-10-04 00:00:00,TPB - Ngân hàng Thương mại Cổ phần Tiên Phong,TPBL2124013,VNĐ,,28/09/2021,28/09/2024,,10000,100000000,Coupon,Cố định,Định kỳ - Cuối kỳ,,,3.81,Hiệu lực,,TPB ,Công ty cổ phần,Tổ chức tín dụng
692,2021-10-06 00:00:00,BID - Ngân hàng TMCP Đầu tư và Phát triển Việt Nam,BIDL2129030,VNĐ,,28/09/2021,28/09/2029,,1000,100000000,Coupon,Thả nổi,Định kỳ - Cuối kỳ,Hoán đổi; Mua lại,,6.43,Hiệu lực,,BID ,Công ty cổ phần,Tổ chức tín dụng
693,2021-10-19 00:00:00,WTOC - Tổng Công ty Cổ phần Thương mại Xây dựng,WTOCH2126007,VNĐ,,28/09/2021,19/05/2028,,2000,100000000,Coupon,Kết hợp,Định kỳ - Cuối kỳ,Mua lại,,10.0,Hiệu lực,,WTOC ,Công ty cổ phần,Bất động sản
694,2021-10-08 00:00:00,DRGC - CTCP Đầu tư và Du lịch Vạn Hương,DRGCH2126001,VNĐ,,29/09/2021,29/09/2026,,4000000,100000,Coupon,Kết hợp,Định kỳ - Cuối kỳ,Mua lại,,9.0,Hiệu lực,,DRGC ,Công ty cổ phần,Bất động sản
695,2021-10-11 00:00:00,VBB - Ngân hàng Thương mại Cổ phần Việt Nam Thương Tín,VBBL2128002,VNĐ,,29/09/2021,29/09/2028,,25534,10000000,Coupon,Cố định,Định kỳ - Cuối kỳ,Mua lại,,7.8,Hiệu lực,,VBB ,Công ty cổ phần,Tổ chức tín dụng
696,2021-10-04 00:00:00,SHB - Ngân hàng TMCP Sài Gòn - Hà Nội,SHBH2123010,VNĐ,,29/09/2021,29/09/2023,,500,1000000000,Coupon,Cố định,Định kỳ - Cuối kỳ,,,4.2,Hiệu lực,,SHB ,Công ty cổ phần,Tổ chức tín dụng
697,2021-10-08 00:00:00,HTN - CTCP HƯNG THỊNH INCONS,HTNH2122001,VNĐ,,29/09/2021,29/09/2022,,3000000,100000,Coupon,Cố định,Định kỳ - Cuối kỳ,Mua lại,,10.0,Hiệu lực,,HTN ,Công ty cổ phần,Xây dựng
698,2021-09-30 00:00:00,ABB - Ngân hàng TMCP An Bình (ABBANK),ABBL2123011,VNĐ,,29/09/2021,29/09/2023,,1000,1000000000,Coupon,Cố định,Định kỳ - Cuối kỳ,Mua lại,,2.8,Hiệu lực,,ABB ,Công ty cổ phần,Tổ chức tín dụng
699,2021-10-11 00:00:00,ATSC - CÔNG TY CỔ PHẦN THƯƠNG MẠI VÀ DỊCH VỤ KỸ THUẬT NỘI BÀI,ATSCH2131001,VNĐ,,29/09/2021,29/09/2031,,2000,100000000,Coupon,Kết hợp,Định kỳ - Cuối kỳ,Mua lại,,9.0,Hiệu lực,,ATSC ,Công ty cổ phần,Bất động sản
700,2021-10-04 00:00:00,TPB - Ngân hàng Thương mại Cổ phần Tiên Phong,TPBL2124015,VNĐ,,29/09/2021,29/09/2024,,7500,100000000,Coupon,Cố định,Định kỳ - Cuối kỳ,Mua lại,,2.83,Hiệu lực,,TPB ,Công ty cổ phần,Tổ chức tín dụng
701,2021-10-04 00:00:00,TPB - Ngân hàng Thương mại Cổ phần Tiên Phong,TPBL2124014,VNĐ,,29/09/2021,29/09/2024,,9000,100000000,Coupon,Cố định,Định kỳ - Cuối kỳ,,,3.81,Hiệu lực,,TPB ,Công ty cổ phần,Tổ chức tín dụng
702,2022-01-07 00:00:00,CLHC - Công ty TNHH Phát triển Bất động sản Cát Liên Hoa,CLHCH2125005,VNĐ,,30/09/2021,30/09/2025,,1000,1000000,Coupon,Kết hợp,Định kỳ - Cuối kỳ,Mua lại,,11.0,Hiệu lực,,CLHC ,Công ty trách nhiệm hữu hạn,Bất động sản
703,2021-10-11 00:00:00,DIG - Tổng công ty cổ phần đầu tư phát triển xây dựng,DIGH2124002,VNĐ,,30/09/2021,30/09/2024,,10000,100000000,Coupon,Kết hợp,Định kỳ - Cuối kỳ,Mua lại,,11.0,Hiệu lực,,DIG ,Công ty cổ phần,Bất động sản
704,2021-10-25 00:00:00,TDDC - Công ty TNHH Bất Động Sản Thành Đông Đô,TDDCH2131001,VNĐ,,30/09/2021,30/09/2031,,250,1000000000,Coupon,Kết hợp,Định kỳ - Cuối kỳ,Mua lại,,10.0,Hiệu lực,,TDDC ,Công ty trách nhiệm hữu hạn,Bất động sản
705,2021-04-29 00:00:00,EVS - Công ty Cổ phần chứng khoán Everest,EVSH2124002,VNĐ,,03/10/2021,03/10/2024,,30000,10000000,Coupon,Cố định,Định kỳ - Cuối kỳ,Mua lại,,10.0,Hiệu lực,,EVS ,Công ty cổ phần,Kinh doanh chứng khoán
706,2021-06-14 00:00:00,EVS - Công ty Cổ phần chứng khoán Everest,EVSH2122001,VNĐ,,03/10/2021,03/10/2022,,16290,10000000,Coupon,Cố định,Định kỳ - Cuối kỳ,Mua lại,,9.5,Hiệu lực,,EVS ,Công ty cổ phần,Kinh doanh chứng khoán
707,2021-05-31 00:00:00,GDSC - CTCP ĐẦU TƯ NGÔI SAO GIA ĐỊNH,GDSCH2123001,VNĐ,,05/10/2021,05/10/2024,,4000000,100000,Coupon,Kết hợp,Định kỳ - Cuối kỳ,,,11.0,Hiệu lực,,GDSC ,Công ty cổ phần,Bất động sản
708,2021-05-28 00:00:00,DDG - CTCP Đầu tư Công nghiệp Xuất nhập khẩu Đông Dương,DDGH2123001,VNĐ,,05/10/2021,05/10/2025,,3000000,100000,Coupon,Cố định,Định kỳ - Cuối kỳ,,,11.5,Hiệu lực,,DDG ,Công ty cổ phần,Lĩnh vực khác
709,2021-05-20 00:00:00,CTG - Ngân hàng Thương mại Cổ phần Công Thương Việt Nam,CTGH2136002,VNĐ,,05/10/2021,05/10/2036,,85,1000000000,Coupon,Cố định,Định kỳ - Cuối kỳ,Mua lại,,6.7,Hiệu lực,,CTG ,Công ty cổ phần,Tổ chức tín dụng
710,2021-05-13 00:00:00,VCI - CTCP CHỨNG KHOÁN BẢN VIỆT,VCIH2123001,VNĐ,,05/10/2021,05/10/2023,,5000,100000000,Coupon,Thả nổi,Định kỳ - Cuối kỳ,Mua lại,,8.0,Hiệu lực,,VCI ,Công ty cổ phần,Kinh doanh chứng khoán
711,2021-05-20 00:00:00,CTG - Ngân hàng Thương mại Cổ phần Công Thương Việt Nam,CTGH2129001,VNĐ,,05/10/2021,05/10/2029,,1500,1000000000,Coupon,Thả nổi,Định kỳ - Cuối kỳ,Mua lại,,6.48,Hiệu lực,,CTG ,Công ty cổ phần,Tổ chức tín dụng
712,2021-05-13 00:00:00,OCB - Ngân hàng TMCP Phương Đông,OCBH2124001,VNĐ,,05/10/2021,05/10/2024,,1500,1000000000,Coupon,Cố định,Định kỳ - Cuối kỳ,Mua lại,,4.2,Hiệu lực,,OCB ,Công ty cổ phần,Tổ chức tín dụng
713,2021-05-18 00:00:00,RESC - Công ty cổ phần Đầu tư và Phát triển Residence,RESCH2122001,VNĐ,,05/10/2021,05/10/2022,,5000,100000000,Coupon,Cố định,Định kỳ - Cuối kỳ,Mua lại,,9.75,Hiệu lực,,RESC ,Công ty cổ phần,Bất động sản
714,2021-05-20 00:00:00,TPB - Ngân hàng Thương mại Cổ phần Tiên Phong,TPBL2124002,VNĐ,,05/10/2021,05/10/2024,,6000,100000000,Coupon,Cố định,Định kỳ - Cuối kỳ,,,4.1,Hiệu lực,,TPB ,Công ty cổ phần,Tổ chức tín dụng
715,2021-06-25 00:00:00,F88C - Công ty cổ phần kinh doanh F88,F88CH2122006,VNĐ,,06/10/2021,12/10/2022,,1000,100000000,Coupon,Cố định,Định kỳ - Cuối kỳ,Mua lại,,12.5,Hiệu lực,,F88C ,Công ty cổ phần,"Thương mại, dịch vụ"
716,2021-06-22 00:00:00,IDTC - CÔNG TY CỔ PHẦN PHÁT TRIỂN KHU CÔNG NGHIỆP VÀ ĐÔ THỊ THỦ THỪA IDICO-CONAC,IDTCH2123001,VNĐ,,06/10/2021,12/10/2024,,1000000,100000,Coupon,Kết hợp,Định kỳ - Đầu kỳ,Mua lại,,12.5,Hiệu lực,,IDTC ,Công ty cổ phần,Xây dựng
717,2021-06-21 00:00:00,GLJC - CTCP GALACTIC GROUP,GLJCH2125001,VNĐ,,06/10/2021,06/10/2025,,77386,10000000,Coupon,Kết hợp,Định kỳ - Cuối kỳ,Mua lại,,12.5,Hiệu lực,,GLJC ,Công ty cổ phần,Bất động sản
718,2021-09-20 00:00:00,CTG - Ngân hàng Thương mại Cổ phần Công Thương Việt Nam,CTGL2129013,VNĐ,,09/10/2021,09/10/2029,,700,1000000000,Coupon,Thả nổi,Định kỳ - Cuối kỳ,Mua lại,,6.43,Hiệu lực,,CTG ,Công ty cổ phần,Tổ chức tín dụng
719,2021-09-30 00:00:00,HISC - CÔNG TY CỔ PHẦN ĐẦU TƯ VÀ DỊCH VỤ HELIOS,HISCH2124003,VNĐ,,09/10/2021,09/10/2024,,4500,100000000,Coupon,Cố định,Định kỳ - Cuối kỳ,Mua lại,,10.0,Hiệu lực,,HISC ,Công ty cổ phần,Lĩnh vực khác
720,2021-10-13 00:00:00,SSHC - CTCP SUNSHINE HOMES,SSHCH2123001,VNĐ,,09/10/2021,09/10/2023,,24000000,100000,Coupon,Kết hợp,Định kỳ - Cuối kỳ,Mua lại,,10.0,Hiệu lực,,SSHC ,Công ty cổ phần,Xây dựng
721,2021-09-14 00:00:00,PGB - Ngân hàng TMCP Xăng dầu Petrolimex,PGBL2124001,VNĐ,,09/10/2021,09/10/2024,,500,1000000000,Coupon,Cố định,Định kỳ - Cuối kỳ,Mua lại,,4.3,Hiệu lực,,PGB ,Công ty cổ phần,Tổ chức tín dụng
722,2021-09-14 00:00:00,MBB - NGÂN HÀNG TMCP QUÂN ĐỘI,MBBL2128004,VNĐ,,09/10/2021,09/10/2028,,12000,10000000,Coupon,Thả nổi,Định kỳ - Cuối kỳ,,,7.23,Hiệu lực,,MBB ,Công ty cổ phần,Tổ chức tín dụng
723,2021-09-16 00:00:00,BID - Ngân hàng TMCP Đầu tư và Phát triển Việt Nam,BIDL2129011,VNĐ,,09/10/2021,09/10/2029,,3000,1000000000,Coupon,Thả nổi,Định kỳ - Cuối kỳ,Hoán đổi; Mua lại,,6.43,Hiệu lực,,BID ,Công ty cổ phần,Tổ chức tín dụng
724,2021-09-16 00:00:00,MSR - CTCP MASAN HIGH-TECH MATERIALS,MSRB2124001,VNĐ,,09/10/2021,09/10/2024,,10000000,100000,Coupon,Kết hợp,Định kỳ - Cuối kỳ,Mua lại,,9.2,Hiệu lực,,MSR ,Công ty cổ phần,Lĩnh vực khác
725,2021-11-12 00:00:00,SVAC - Công ty Cổ phần Tập đoàn Sovico,SVACH2124005,VNĐ,,09/10/2021,09/10/2024,,10000,100000000,Coupon,Cố định,Định kỳ - Cuối kỳ,Mua lại,,10.5,Hiệu lực,,SVAC ,Công ty cổ phần,"Thương mại, dịch vụ"
726,2022-01-28 00:00:00,GLXC - Tập đoàn Geleximco - Công ty CP,GLXCH2123001,VNĐ,,11/10/2021,11/10/2023,,100000,10000000,Coupon,Cố định,Định kỳ - Cuối kỳ,Mua lại,,9.5,Hiệu lực,,GLXC ,Công ty cổ phần,Bất động sản
727,2022-01-28 00:00:00,GLXC - Tập đoàn Geleximco - Công ty CP,GLXCH2124002,VNĐ,,11/10/2021,11/10/2024,,97973,10000000,Coupon,Kết hợp,Định kỳ - Cuối kỳ,Mua lại,,10.0,Hiệu lực,,GLXC ,Công ty cổ phần,Bất động sản
728,2021-11-18 00:00:00,SSB - Ngân hàng TMCP Đông Nam Á,SSBL2124011,VNĐ,,11/10/2021,11/10/2024,,200,1000000000,Coupon,Cố định,Định kỳ - Cuối kỳ,Mua lại,,3.7,Hiệu lực,,SSB ,Công ty cổ phần,Tổ chức tín dụng
729,2022-01-13 00:00:00,NRCC - CÔNG TY TNHH NAM RẠCH CHIẾC,NRCCH2125001,VNĐ,,12/10/2021,12/10/2025,,1300000,1000000,Coupon,Kết hợp,Định kỳ - Cuối kỳ,Mua lại,,11.0,Hiệu lực,,NRCC ,Công ty trách nhiệm hữu hạn,Bất động sản
730,2022-02-18 00:00:00,CC1 - TỔNG CÔNG TY XÂY DỰNG SỐ 1 - CTCP,CC1H2124003,VNĐ,,12/10/2021,12/10/2024,,8500,100000000,Coupon,Cố định,Định kỳ - Cuối kỳ,Mua lại,,10.0,Hiệu lực,,CC1 ,Công ty cổ phần,Xây dựng
731,2022-01-18 00:00:00,TNPC - CÔNG TY CỔ PHẦN NĂNG LƯỢNG TNPOWER,TNPCH2128001,VNĐ,,12/10/2021,12/10/2028,,50000,10000000,Coupon,Cố định,Định kỳ - Cuối kỳ,,,10.0,Hiệu lực,,TNPC ,Công ty cổ phần,Năng lượng
732,2022-03-18 00:00:00,LDG - Công ty CP Đầu tư LDG,LDGH2123002,VNĐ,,12/10/2021,12/10/2023,,4000,100000000,Coupon,Kết hợp,Định kỳ - Cuối kỳ,Mua lại,,11.5,Hiệu lực,,LDG ,Công ty cổ phần,Bất động sản
733,2022-01-04 00:00:00,TNEC - Công ty TNHH đầu tư và phát triển năng lượng Thành Nguyên,TNECH2122001,VNĐ,,12/10/2021,12/10/2022,,4500000,100000,Coupon,Cố định,Định kỳ - Cuối kỳ,Mua lại,,11.0,Hiệu lực,,TNEC ,Công ty trách nhiệm hữu hạn,Lĩnh vực khác
734,2021-10-20 00:00:00,CIVC - CÔNG TY CỔ PHẦN ĐẦU TƯ VÀ PHÁT TRIỂN BẤT ĐỘNG SẢN THẾ KỶ,CIVCB2124001,VNĐ,,13/10/2021,13/10/2024,,6500000,100000,Coupon,Cố định,Định kỳ - Cuối kỳ,Mua lại,,10.5,Hiệu lực,,CIVC ,Công ty cổ phần,Bất động sản
735,2021-10-19 00:00:00,SSB - Ngân hàng TMCP Đông Nam Á,SSBH2124005,VNĐ,,14/10/2021,14/10/2024,,500,1000000000,Coupon,Cố định,Định kỳ - Cuối kỳ,,,4.1,Hiệu lực,,SSB ,Công ty cổ phần,Tổ chức tín dụng
736,2021-10-27 00:00:00,UNIC - Công ty TNHH Đầu tư Bất động sản Unity,UNICH2124001,VNĐ,,14/10/2021,14/10/2024,,4160,100000000,Coupon,Kết hợp,Định kỳ - Cuối kỳ,Mua lại,,12.5,Hiệu lực,,UNIC ,Công ty trách nhiệm hữu hạn,Bất động sản
737,2021-11-04 00:00:00,RHGC - Công ty cổ phần Tập đoàn R&H,RHGCH2123002,VNĐ,,14/10/2021,14/04/2023,,10000000,100000,Coupon,Cố định,Định kỳ - Cuối kỳ,Mua lại,,11.0,Hiệu lực,,RHGC ,Công ty cổ phần,Bất động sản
738,2021-10-20 00:00:00,MBB - NGÂN HÀNG TMCP QUÂN ĐỘI,MBBL2128010,VNĐ,,14/10/2021,14/10/2028,,10000,10000000,Coupon,Thả nổi,Định kỳ - Cuối kỳ,Mua lại,,7.03,Hiệu lực,,MBB ,Công ty cổ phần,Tổ chức tín dụng
739,2021-10-21 00:00:00,CTG - Ngân hàng Thương mại Cổ phần Công Thương Việt Nam,CTGL2136017,VNĐ,,14/10/2021,14/10/2036,,50,1000000000,Coupon,Cố định,Định kỳ - Cuối kỳ,Mua lại,,6.7,Hiệu lực,,CTG ,Công ty cổ phần,Tổ chức tín dụng
740,2022-01-13 00:00:00,BSEC - Công ty Cổ phần Bông Sen,BSECH2126003,VNĐ,,15/10/2021,15/10/2026,,48000000,100000,Coupon,Kết hợp,Định kỳ - Cuối kỳ,Mua lại,,10.5,Hiệu lực,,BSEC ,Công ty cổ phần,"Thương mại, dịch vụ"
741,2021-12-02 00:00:00,TCSC - CTCP chứng khoán Kỹ thương,TCSCH2124012,VNĐ,,15/10/2021,15/10/2024,,4999989,100000,Coupon,Kết hợp,Định kỳ - Cuối kỳ,Mua lại,,7.9,Hiệu lực,,TCSC ,Công ty cổ phần,Kinh doanh chứng khoán
742,2021-11-08 00:00:00,VCI - CTCP CHỨNG KHOÁN BẢN VIỆT,VCIH2122007,VNĐ,,15/10/2021,15/10/2022,,30000,10000000,Coupon,Cố định,Định kỳ - Cuối kỳ,Mua lại,,8.0,Hiệu lực,,VCI ,Công ty cổ phần,Kinh doanh chứng khoán
743,2021-12-30 00:00:00,DTCC - CÔNG TY CỔ PHẦN KINH DOANH ĐÁ QUÝ VÀ TRANG SỨC ĐỨC TIẾN,DTCCH2122001,VNĐ,,15/10/2021,15/10/2022,,5000,100000000,Coupon,Cố định,Định kỳ - Cuối kỳ,Mua lại,,12.0,Hiệu lực,,DTCC ,Công ty cổ phần,Lĩnh vực khác
744,2021-10-21 00:00:00,ETXC - CÔNG TY CỔ PHẦN CHỨNG KHOÁN DNSE,ETXCH2122001,VNĐ,,15/10/2021,16/10/2022,,1200000,100000,Coupon,Cố định,Định kỳ - Cuối kỳ,Mua lại,,10.5,Hiệu lực,,ETXC ,Công ty cổ phần,Kinh doanh chứng khoán
745,2022-07-13 00:00:00,PACC - Công ty TNHH PAK Việt Nam,PACCH2123001,VNĐ,,15/10/2021,15/04/2023,,506000,100000,Coupon,Cố định,Định kỳ - Cuối kỳ,Mua lại,,11.0,Hiệu lực,,PACC ,Công ty trách nhiệm hữu hạn,Sản xuất
746,2021-10-21 00:00:00,TDLC - CÔNG TY CỔ PHẦN TANDOLAND,TDLCH2126001,VNĐ,,15/10/2021,15/10/2026,,650000,100000,Coupon,Kết hợp,Khác,Mua lại,,9.5,Hiệu lực,,TDLC ,Công ty cổ phần,Bất động sản
747,2021-10-20 00:00:00,BIZC - CÔNG TY CỔ PHẦN KHU CÔNG NGHIỆP THÀNH THÀNH CÔNG,BIZCH2124001,VNĐ,,15/10/2021,15/10/2024,,620000,100000,Coupon,Kết hợp,Định kỳ - Cuối kỳ,Mua lại,,9.5,Hiệu lực,,BIZC ,Công ty cổ phần,Bất động sản
748,2021-10-29 00:00:00,GTLC - Công ty cổ phần GOTEC LAND,GTLCH2125001,VNĐ,,15/10/2021,15/10/2025,,6000000,100000,Coupon,Kết hợp,Định kỳ - Cuối kỳ,,,10.5,Hiệu lực,,GTLC ,Công ty cổ phần,Bất động sản
749,2022-01-18 00:00:00,BPW - Công ty cổ phần cấp thoát nước Bình Phước,BPWH2124001,VNĐ,,15/10/2021,15/10/2024,,1200000,100000,Coupon,Cố định,Định kỳ - Cuối kỳ,Mua lại,,10.5,Hiệu lực,,BPW ,Công ty cổ phần,Sản xuất
750,2021-10-26 00:00:00,CPSC - CÔNG TY TNHH MẶT TRỜI CẨM PHẢ,CPSCB2124002,VNĐ,,18/10/2021,18/10/2024,,2700000,100000,Coupon,Kết hợp,Định kỳ - Cuối kỳ,Mua lại,,8.0,Hiệu lực,,CPSC ,Công ty trách nhiệm hữu hạn,Lĩnh vực khác
751,2021-10-21 00:00:00,MML - CTCP Masan MeatLife,MMLH2124001,VNĐ,,18/10/2021,18/10/2024,,7283990,1000000,Coupon,Cố định,Một lần khi đến hạn,Mua lại,,2.0,Hiệu lực,,MML ,Công ty cổ phần,Lĩnh vực khác
752,2021-11-04 00:00:00,TNRC - Công ty cổ phần đầu tư phát triển bất động sản TNR holdings Việt Nam,TNRCH2128001,VNĐ,,18/10/2021,18/10/2028,,50000,10000000,Coupon,Cố định,Một lần khi đến hạn,,,10.0,Hiệu lực,,TNRC ,Công ty cổ phần,Bất động sản
753,2021-10-29 00:00:00,DVLC - CÔNG TY CỔ PHẦN BẤT ĐỘNG SẢN DRAGON VILLAGE,DVLCH2124003,VNĐ,,19/10/2021,19/10/2026,,5000,100000000,Coupon,Cố định,Định kỳ - Cuối kỳ,Mua lại,,11.0,Hiệu lực,,DVLC ,Công ty cổ phần,Bất động sản
754,2021-10-21 00:00:00,GMEC - Công ty cổ phần Truyền thông và Giải trí Galaxy,GMECH2123006,VNĐ,,19/10/2021,19/10/2025,,250000,100000,Coupon,Cố định,Định kỳ - Cuối kỳ,Mua lại,,12.0,Hiệu lực,,GMEC ,Công ty cổ phần,"Thương mại, dịch vụ"
755,2021-10-27 00:00:00,SSGC - CTCP tập đoàn Sunshine,SSGCH2122001,VNĐ,,19/10/2021,20/10/2022,,5000000,100000,Coupon,Cố định,Định kỳ - Cuối kỳ,Mua lại,,11.0,Hiệu lực,,SSGC ,Công ty cổ phần,Bất động sản
756,2021-12-22 00:00:00,TTE - Công ty Cổ phần Đầu tư Năng lượng Trường Thịnh,TTEH2124001,VNĐ,,19/10/2021,19/10/2024,,2499,100000000,Coupon,Cố định,Khác,Mua lại,,11.0,Hiệu lực,,TTE ,Công ty cổ phần,Lĩnh vực khác
757,2022-05-06 00:00:00,TD1C - Công ty cổ phần Điện gió Trung Nam Đắk Lắk 1,TD1CB2135008,VNĐ,,20/10/2021,29/07/2035,,15000000,100000,Coupon,Kết hợp,Định kỳ - Cuối kỳ,Mua lại,,9.5,Hiệu lực,,TD1C ,Công ty cổ phần,Xây dựng
758,2021-10-26 00:00:00,THVC - Công ty Cổ phần Toàn Hải Vân,THVCH2129003,VNĐ,,21/10/2021,30/06/2029,,1000000,100000,Coupon,Kết hợp,Định kỳ - Cuối kỳ,Mua lại,,9.5,Hiệu lực,,THVC ,Công ty cổ phần,"Thương mại, dịch vụ"
759,2021-10-26 00:00:00,CMX - CÔNG TY CỔ PHẦN CAMIMEX GROUP,CMXH2123001,VNĐ,,22/10/2021,22/10/2023,,1000000,100000,Coupon,Cố định,Định kỳ - Cuối kỳ,Mua lại,,11.5,Hiệu lực,,CMX ,Công ty cổ phần,Lĩnh vực khác
760,2021-10-27 00:00:00,STB - Ngân hàng Thương mại Cổ Phần Sài Gòn Thương Tín,STBL2123003,VNĐ,,22/10/2021,22/10/2023,,1000,1000000000,Coupon,Cố định,Định kỳ - Cuối kỳ,,,3.5,Hiệu lực,,STB ,Công ty cổ phần,Tổ chức tín dụng
761,2021-11-16 00:00:00,VTPC - Công ty Cổ phần Đầu tư và Xây dựng Vạn Trường Phát,VTPCH2126004,VNĐ,,22/10/2021,22/10/2026,,20000000,100000,Coupon,Kết hợp,Định kỳ - Cuối kỳ,Mua lại,,10.0,Hiệu lực,,VTPC ,Công ty cổ phần,Bất động sản
762,2022-01-28 00:00:00,VDS - Công ty Cổ phần Chứng khoán Rồng Việt,VDSH2123001,VNĐ,,22/10/2021,22/10/2023,,47800,1000000,Coupon,Cố định,Định kỳ - Cuối kỳ,Mua lại,,9.3,Hiệu lực,,VDS ,Công ty cổ phần,Kinh doanh chứng khoán
763,2021-11-01 00:00:00,EWHC - Công ty CP Eurowindow Holding,EWHCH2124001,VNĐ,,22/10/2021,22/10/2024,,2500,100000000,Coupon,Cố định,Định kỳ - Cuối kỳ,Mua lại,,10.0,Hiệu lực,,EWHC ,Công ty cổ phần,Bất động sản
764,2021-10-29 00:00:00,MBB - NGÂN HÀNG TMCP QUÂN ĐỘI,MBBL2128011,VNĐ,,25/10/2021,25/10/2028,,8000,10000000,Coupon,Thả nổi,Định kỳ - Cuối kỳ,,,7.23,Hiệu lực,,MBB ,Công ty cổ phần,Tổ chức tín dụng
765,2021-10-29 00:00:00,MBB - NGÂN HÀNG TMCP QUÂN ĐỘI,MBBL2128009,VNĐ,,25/10/2021,25/10/2028,,22000,10000000,Coupon,Cố định,Định kỳ - Cuối kỳ,,,7.2,Hiệu lực,,MBB ,Công ty cổ phần,Tổ chức tín dụng
766,2021-11-17 00:00:00,RHGC - Công ty cổ phần Tập đoàn R&H,RHGCH2123003,VNĐ,,25/10/2021,25/04/2023,,10000000,100000,Coupon,Cố định,Định kỳ - Cuối kỳ,Mua lại,,11.0,Hiệu lực,,RHGC ,Công ty cổ phần,Bất động sản
767,2021-11-05 00:00:00,TLCC - CÔNG TY TNHH XÂY DỰNG VÀ ĐẦU TƯ BẤT ĐỘNG SẢN THẮNG LỢI,TLCCH2126001,VNĐ,,25/10/2021,25/10/2026,,150,1000000000,Coupon,Kết hợp,Định kỳ - Cuối kỳ,Mua lại,,10.0,Hiệu lực,,TLCC ,Công ty trách nhiệm hữu hạn,Bất động sản
768,2022-01-25 00:00:00,DRGC - CTCP Đầu tư và Du lịch Vạn Hương,DRGCH2124004,VNĐ,,25/10/2021,25/10/2024,,5000,100000000,Coupon,Kết hợp,Định kỳ - Cuối kỳ,Mua lại,,9.8,Hiệu lực,,DRGC ,Công ty cổ phần,Bất động sản
769,2021-11-04 00:00:00,SMNC - CTCP SUNSHINE MARINA NHA TRANG,SMNCH2123001,VNĐ,,25/10/2021,25/10/2025,,7500000,100000,Coupon,Cố định,Định kỳ - Cuối kỳ,Mua lại,,11.0,Hiệu lực,,SMNC ,Công ty cổ phần,Bất động sản
770,2021-11-05 00:00:00,CTG - Ngân hàng Thương mại Cổ phần Công Thương Việt Nam,CTGL2127018,VNĐ,,25/10/2021,25/10/2027,,750,1000000000,Coupon,Thả nổi,Định kỳ - Cuối kỳ,Mua lại,,5.98,Hiệu lực,,CTG ,Công ty cổ phần,Tổ chức tín dụng
771,2021-11-05 00:00:00,CTG - Ngân hàng Thương mại Cổ phần Công Thương Việt Nam,CTGL2128019,VNĐ,,25/10/2021,25/10/2028,,400,1000000000,Coupon,Thả nổi,Định kỳ - Cuối kỳ,Mua lại,,6.13,Hiệu lực,,CTG ,Công ty cổ phần,Tổ chức tín dụng
772,2022-02-16 00:00:00,EVS - Công ty Cổ phần chứng khoán Everest,EVSH2123006,VNĐ,,25/10/2021,25/10/2023,,25757,10000000,Coupon,Cố định,Định kỳ - Cuối kỳ,Mua lại,,9.5,Hiệu lực,,EVS ,Công ty cổ phần,Kinh doanh chứng khoán
773,2021-11-03 00:00:00,MCCC - CÔNG TY TNHH CUNG ỨNG VÀ THƯƠNG MẠI MÙA XUÂN,MCCCH2126001,VNĐ,,25/10/2021,25/10/2026,,150,1000000000,Coupon,Kết hợp,Định kỳ - Cuối kỳ,Mua lại,,10.0,Hiệu lực,,MCCC ,Công ty trách nhiệm hữu hạn,"Thương mại, dịch vụ"
774,2022-08-01 00:00:00,APGC - CTCP Tập đoàn Apec Group,APGCH2124001,VNĐ,,26/10/2021,26/10/2024,,83615,100000,Coupon,Cố định,Định kỳ - Cuối kỳ,Mua lại,,12.0,Hiệu lực,,APGC ,Công ty cổ phần,Bất động sản
775,2022-08-01 00:00:00,APGC - CTCP Tập đoàn Apec Group,APGCH2122009,VNĐ,,26/10/2021,26/10/2022,,114460,100000,Coupon,Cố định,Định kỳ - Cuối kỳ,Mua lại,,10.0,Hiệu lực,,APGC ,Công ty cổ phần,Bất động sản
776,2022-08-01 00:00:00,APGC - CTCP Tập đoàn Apec Group,APGCH2123005,VNĐ,,26/10/2021,26/10/2023,,44580,100000,Coupon,Cố định,Định kỳ - Cuối kỳ,Mua lại,,11.0,Hiệu lực,,APGC ,Công ty cổ phần,Bất động sản
777,2021-11-02 00:00:00,DBIC - CÔNG TY TNHH MỘT THÀNH VIÊN ĐẦU TƯ VÀ PHÁT TRIỂN DB,DBICB2124001,VNĐ,,26/10/2021,26/10/2024,,13600000,100000,Coupon,Cố định,Định kỳ - Cuối kỳ,Mua lại,,9.5,Hiệu lực,,DBIC ,Công ty trách nhiệm hữu hạn,Bất động sản
778,2021-11-17 00:00:00,APGC - CTCP TẬP ĐOÀN APEC GROUP,APGCH2123007,VNĐ,,26/10/2021,26/10/2023,,12555,100000,Coupon,Cố định,Định kỳ - Cuối kỳ,Mua lại,,10.5,Hiệu lực,,APGC ,Công ty cổ phần,Bất động sản
779,2021-11-17 00:00:00,APGC - CTCP TẬP ĐOÀN APEC GROUP,APGCH2124003,VNĐ,,26/10/2021,26/10/2024,,22650,100000,Coupon,Cố định,Định kỳ - Cuối kỳ,Mua lại,,11.0,Hiệu lực,,APGC ,Công ty cổ phần,Bất động sản
780,2021-11-25 00:00:00,MVJC - CÔNG TY CỔ PHẦN ĐẦU TƯ ĐỊA ỐC MAI VIÊN,MVJCH2124001,VNĐ,,26/10/2021,26/10/2024,,60000,10000000,Coupon,Cố định,Định kỳ - Cuối kỳ,Mua lại,,11.5,Hiệu lực,,MVJC ,Công ty cổ phần,Bất động sản
781,2021-11-16 00:00:00,SSB - Ngân hàng TMCP Đông Nam Á,SSBH2124006,VNĐ,,26/10/2021,26/10/2024,,750,1000000000,Coupon,Cố định,Định kỳ - Cuối kỳ,Mua lại,,3.8,Hiệu lực,,SSB ,Công ty cổ phần,Tổ chức tín dụng
782,2023-10-02 00:00:00,SHB - Ngân hàng TMCP Sài Gòn - Hà Nội,SHBH2124013,VNĐ,,27/10/2021,27/10/2024,,600,1000000000,Coupon,Cố định,Định kỳ - Cuối kỳ,Mua lại,,4.2,Hiệu lực,,SHB ,Công ty cổ phần,Tổ chức tín dụng
783,2021-12-21 00:00:00,VC2 - Công ty Cổ phần Đầu tư và Xây dựng Vina2,VC2H2122001,VNĐ,,27/10/2021,27/10/2022,,1500,100000000,Coupon,Cố định,Định kỳ - Cuối kỳ,Mua lại,,11.5,Hiệu lực,,VC2 ,Công ty cổ phần,Xây dựng
784,2021-11-22 00:00:00,VJC - CÔNG TY CỔ PHẦN HÀNG KHÔNG VIETJET,VJCH2124005,VNĐ,,27/10/2021,27/10/2024,,10000000,100000,Coupon,Kết hợp,Định kỳ - Cuối kỳ,Mua lại,,9.5,Hiệu lực,,VJC ,Công ty cổ phần,Bất động sản
785,2021-11-16 00:00:00,SSB - Ngân hàng TMCP Đông Nam Á,SSBH2124007,VNĐ,,27/10/2021,27/10/2024,,750,1000000000,Coupon,Cố định,Định kỳ - Cuối kỳ,Mua lại,,3.8,Hiệu lực,,SSB ,Công ty cổ phần,Tổ chức tín dụng
786,2021-10-29 00:00:00,ABB - Ngân hàng TMCP An Bình (ABBANK),ABBL2124013,VNĐ,,27/10/2021,27/10/2024,,500,1000000000,Coupon,Cố định,Định kỳ - Cuối kỳ,Mua lại,,3.0,Hiệu lực,,ABB ,Công ty cổ phần,Tổ chức tín dụng
787,2021-10-28 00:00:00,SHB - Ngân hàng TMCP Sài Gòn - Hà Nội,SHBH2123012,VNĐ,,27/10/2021,27/10/2023,,150,1000000000,Coupon,Cố định,Định kỳ - Cuối kỳ,,,4.2,Hiệu lực,,SHB ,Công ty cổ phần,Tổ chức tín dụng
788,2021-12-07 00:00:00,CC1 - TỔNG CÔNG TY XÂY DỰNG SỐ 1 - CTCP,CC1H2124002,VNĐ,,27/10/2021,27/10/2024,,8000,100000000,Coupon,Cố định,Định kỳ - Cuối kỳ,Mua lại,,10.0,Hiệu lực,,CC1 ,Công ty cổ phần,Xây dựng
789,2021-11-01 00:00:00,VIB - Ngân hàng TMCP Quốc tế Việt Nam,VIBL2125016,VNĐ,,27/10/2021,27/10/2025,,1000,1000000000,Coupon,Cố định,Định kỳ - Cuối kỳ,Mua lại,,3.8,Hiệu lực,,VIB ,Công ty cổ phần,Tổ chức tín dụng
790,2022-07-22 00:00:00,HPX - CÔNG TY CỔ PHẦN ĐẦU TƯ HẢI PHÁT,HPXH2123008,VNĐ,,28/10/2021,28/10/2024,,2500000,100000,Coupon,Cố định,Định kỳ - Cuối kỳ,Mua lại,,11.0,Hiệu lực,,HPX ,Công ty cổ phần,Bất động sản
791,2021-11-05 00:00:00,SSGC - CTCP tập đoàn Sunshine,SSGCH2122002,VNĐ,,28/10/2021,29/10/2022,,5000000,100000,Coupon,Cố định,Định kỳ - Cuối kỳ,Mua lại,,11.0,Hiệu lực,,SSGC ,Công ty cổ phần,Bất động sản
792,2021-11-03 00:00:00,HDB - NH TMCP Phát triển thành phố Hồ Chí Minh ( HDBANK),HDBL2129009,VNĐ,,28/10/2021,28/10/2029,,120,1000000000,Coupon,Thả nổi,Định kỳ - Cuối kỳ,Mua lại,,7.32,Hiệu lực,,HDB ,Công ty cổ phần,Tổ chức tín dụng
793,2021-11-05 00:00:00,STB - Ngân hàng Thương mại Cổ Phần Sài Gòn Thương Tín,STBL2123004,VNĐ,,28/10/2021,28/10/2023,,1000,1000000000,Coupon,Cố định,Định kỳ - Cuối kỳ,,,3.5,Hiệu lực,,STB ,Công ty cổ phần,Tổ chức tín dụng
794,2022-02-14 00:00:00,DCAC - Công ty Cổ phần Tập đoàn Đèo Cả,DCACH2124001,VNĐ,,28/10/2021,28/10/2024,,2000,100000000,Coupon,Cố định,Định kỳ - Cuối kỳ,Mua lại,,11.5,Hiệu lực,,DCAC ,Công ty cổ phần,Xây dựng
795,2021-11-03 00:00:00,VBAC - Ngân hàng Nông nghiệp và Phát triển Nông thôn Việt Nam,VBACLH2128005,VNĐ,,28/10/2021,28/10/2028,,10000,100000000,Coupon,Thả nổi,Định kỳ - Cuối kỳ,Mua lại,,6.53,Hiệu lực,,VBAC ,Công ty trách nhiệm hữu hạn,Tổ chức tín dụng
796,2022-05-10 00:00:00,SSHC - CTCP SUNSHINE HOMES,SSHCH2123002,VNĐ,,28/10/2021,28/10/2023,,10000000,100000,Coupon,Cố định,Định kỳ - Cuối kỳ,Mua lại,,11.0,Hiệu lực,,SSHC ,Công ty cổ phần,Xây dựng
797,2021-11-01 00:00:00,VIB - Ngân hàng TMCP Quốc tế Việt Nam,VIBL2125017,VNĐ,,28/10/2021,28/10/2025,,850,1000000000,Coupon,Cố định,Định kỳ - Cuối kỳ,Mua lại,,3.8,Hiệu lực,,VIB ,Công ty cổ phần,Tổ chức tín dụng
798,2021-11-09 00:00:00,DPG - CTCP ĐẠT PHƯƠNG,DPGH2124001,VNĐ,,28/10/2021,28/10/2024,,3000,100000000,Coupon,Kết hợp,Định kỳ - Cuối kỳ,Mua lại,,10.5,Hiệu lực,,DPG ,Công ty cổ phần,Xây dựng
799,2021-11-12 00:00:00,TNRC - Công ty cổ phần đầu tư phát triển bất động sản TNR holdings Việt Nam,TNRCH2128002,VNĐ,,28/10/2021,28/10/2028,,50000,10000000,Coupon,Cố định,Một lần khi đến hạn,,,10.0,Hiệu lực,,TNRC ,Công ty cổ phần,Bất động sản
800,2023-10-02 00:00:00,SHB - Ngân hàng TMCP Sài Gòn - Hà Nội,SHBH2124014,VNĐ,,28/10/2021,28/10/2024,,300,1000000000,Coupon,Cố định,Định kỳ - Cuối kỳ,Mua lại,,4.2,Hiệu lực,,SHB ,Công ty cổ phần,Tổ chức tín dụng
801,2021-11-15 00:00:00,CSLC - CTCP Địa ốc Châu Sơn,CSLCH2123001,VNĐ,,28/10/2021,28/01/2023,,1000,100000000,Coupon,Cố định,Một lần khi đến hạn,Mua lại,,11.0,Hiệu lực,,CSLC ,Công ty cổ phần,Lĩnh vực khác
802,2021-11-08 00:00:00,VBB - Ngân hàng Thương mại Cổ phần Việt Nam Thương Tín,VBBL2128003,VNĐ,,29/10/2021,29/10/2028,,22455,10000000,Coupon,Thả nổi,Định kỳ - Cuối kỳ,Mua lại,,8.03,Hiệu lực,,VBB ,Công ty cổ phần,Tổ chức tín dụng
803,2021-11-10 00:00:00,ABGC - CÔNG TY CỔ PHẦN ABG HÀ NỘI,ABGCH2126002,VNĐ,,29/10/2021,29/10/2026,,140,1000000000,Coupon,Kết hợp,Định kỳ - Cuối kỳ,Mua lại,,10.0,Hiệu lực,,ABGC ,Công ty cổ phần,Bất động sản
804,2021-11-03 00:00:00,KISC - CTCP CHỨNG KHOÁN KIS VIỆT NAM,KISCH2122002,VNĐ,,29/10/2021,28/10/2022,,1290,100000000,Coupon,Cố định,Định kỳ - Cuối kỳ,,,6.3,Hiệu lực,,KISC ,Công ty cổ phần,Kinh doanh chứng khoán
805,2021-11-02 00:00:00,APAC - CTCP AN PHÁT FINANCE,APACH2124004,VNĐ,,29/10/2021,28/10/2024,,200000,1000000,Coupon,Cố định,Một lần khi đến hạn,Hoán đổi; Mua lại,,8.0,Hiệu lực,,APAC ,Công ty cổ phần,"Thương mại, dịch vụ"
806,2021-12-10 00:00:00,MAFC - Công ty cổ phần Mavin Austfeed,MAFCH2125001,VNĐ,,29/10/2021,29/10/2025,,2000,100000000,Coupon,Cố định,Định kỳ - Cuối kỳ,,,10.5,Hiệu lực,,MAFC ,Công ty cổ phần,Sản xuất
807,2021-03-15 00:00:00,OSDC - Công ty cổ phần Outstanding Investment,OSDCH2124002,VNĐ,,03/11/2021,03/11/2024,,1000,100000000,Coupon,Cố định,Định kỳ - Cuối kỳ,Mua lại,,11.0,Hiệu lực,,OSDC ,Công ty cổ phần,Lĩnh vực khác
808,2021-04-15 00:00:00,TIBC - CÔNG TY TNHH ĐÀU TƯ VÀ KINH DOANH BẤT ĐỘNG SẢN THỦ THIÊM,TIBCH2124001,VNĐ,,03/11/2021,03/11/2024,,10000000,100000,Không xác định,,Định kỳ - Cuối kỳ,Hoán đổi; Mua lại,,11.0,Hiệu lực,,TIBC ,Công ty trách nhiệm hữu hạn,Lĩnh vực khác
809,2021-03-17 00:00:00,CMM - CTCP CAMIMEX,CMMH2123001,VNĐ,,03/11/2021,03/11/2023,,1000000,100000,Coupon,Cố định,Định kỳ - Cuối kỳ,Mua lại,,11.25,Hiệu lực,,CMM ,Công ty cổ phần,Sản xuất
810,2022-04-21 00:00:00,KISC - CTCP CHỨNG KHOÁN KIS VIỆT NAM,KISCH2123001,VNĐ,,03/11/2021,03/11/2023,,3000,100000000,Coupon,Cố định,Định kỳ - Cuối kỳ,,,6.4,Hiệu lực,,KISC ,Công ty cổ phần,Kinh doanh chứng khoán
811,2021-07-09 00:00:00,MREC - CTCP BẤT ĐỘNG SẢN MỸ,MRECH2128001,VNĐ,,05/11/2021,05/11/2028,,10000,100000000,Coupon,Kết hợp,Định kỳ - Cuối kỳ,,,10.0,Hiệu lực,,MREC ,Công ty cổ phần,Bất động sản
812,2021-09-22 00:00:00,NBB - Công ty cổ phần Đầu tư Năm Bảy Bảy,NBBH2124001,VNĐ,,06/11/2021,06/11/2024,,4900,100000000,Coupon,Kết hợp,Định kỳ - Cuối kỳ,Mua lại,,11.0,Hiệu lực,,NBB ,Công ty cổ phần,Bất động sản
813,2021-06-15 00:00:00,HDB - NH TMCP Phát triển thành phố Hồ Chí Minh ( HDBANK),HDBL2128003,VNĐ,,06/11/2021,06/11/2028,,600,1000000000,Coupon,Thả nổi,Định kỳ - Cuối kỳ,Mua lại,,7.77,Hiệu lực,,HDB ,Công ty cổ phần,Tổ chức tín dụng
814,2021-07-28 00:00:00,GEXC - CT TNHH MTV ĐẦU TƯ GEX,GEXCH2126001,VNĐ,,06/11/2021,06/11/2026,,10000,100000000,Coupon,Cố định,Định kỳ - Cuối kỳ,Mua lại,,9.0,Hiệu lực,,GEXC ,Công ty trách nhiệm hữu hạn,Lĩnh vực khác
815,2021-07-13 00:00:00,BCM - TỔNG CÔNG TY ĐẦU TƯ VÀ PHÁT TRIỂN CÔNG NGHIỆP - CTCP,BCMH2123003,VNĐ,,06/11/2021,06/11/2023,,5000,100000000,Coupon,Cố định,Định kỳ - Cuối kỳ,,,9.0,Hiệu lực,,BCM ,Công ty cổ phần,Bất động sản
816,2021-07-13 00:00:00,BCM - TỔNG CÔNG TY ĐẦU TƯ VÀ PHÁT TRIỂN CÔNG NGHIỆP - CTCP,BCMH2123002,VNĐ,,06/11/2021,06/11/2023,,5000,100000000,Coupon,Cố định,Định kỳ - Cuối kỳ,Mua lại,,8.2,Hiệu lực,,BCM ,Công ty cổ phần,Bất động sản
817,2021-06-21 00:00:00,CTI - Công ty Cổ phần Đầu tư Phát triển Cường Thuận IDICO,CTIB2124001,VNĐ,,06/11/2021,06/11/2024,,150,1000000000,Coupon,Kết hợp,Định kỳ - Cuối kỳ,Mua lại,,10.2,Hiệu lực,,CTI ,Công ty cổ phần,Xây dựng
818,2021-06-24 00:00:00,H79C - CTCP HƯNG THỊNH LAND,H79CH2124017,VNĐ,,06/11/2021,06/11/2024,,6000000,100000,Coupon,Kết hợp,Định kỳ - Cuối kỳ,Mua lại,,10.0,Hiệu lực,,H79C ,Công ty cổ phần,Bất động sản
819,2021-06-16 00:00:00,BID - Ngân hàng TMCP Đầu tư và Phát triển Việt Nam,BIDL2128004,VNĐ,,06/11/2021,06/11/2028,,300,1000000000,Coupon,Thả nổi,Định kỳ - Cuối kỳ,Hoán đổi; Mua lại,,6.18,Hiệu lực,,BID ,Công ty cổ phần,Tổ chức tín dụng
820,2021-08-20 00:00:00,MSB - Ngân hàng TMCP Hàng Hải Việt Nam,MSBL2124005,VNĐ,,08/11/2021,08/11/2024,,1000,1000000000,Coupon,Cố định,Định kỳ - Cuối kỳ,Mua lại,,3.7,Hiệu lực,,MSB ,Công ty cổ phần,Tổ chức tín dụng
821,2021-08-17 00:00:00,CVT - Công ty Cổ phần CMC,CVTB2125003,VNĐ,,08/11/2021,08/11/2025,,3000000,100000,Coupon,Cố định,Định kỳ - Đầu kỳ,Mua lại,,10.6,Hiệu lực,,CVT ,Công ty cổ phần,Sản xuất
822,2021-08-17 00:00:00,CVT - Công ty Cổ phần CMC,CVTB2122001,VNĐ,,08/11/2021,08/11/2022,,1000000,100000,Coupon,Cố định,Định kỳ - Đầu kỳ,Mua lại,,9.5,Hiệu lực,,CVT ,Công ty cổ phần,Sản xuất
823,2021-08-17 00:00:00,CVT - Công ty Cổ phần CMC,CVTB2123002,VNĐ,,08/11/2021,08/11/2023,,1000000,100000,Coupon,Cố định,Định kỳ - Đầu kỳ,Mua lại,,10.0,Hiệu lực,,CVT ,Công ty cổ phần,Sản xuất
824,2021-09-30 00:00:00,HPX - CÔNG TY CỔ PHẦN ĐẦU TƯ HẢI PHÁT,HPXH2122005,VNĐ,,08/11/2021,16/10/2022,,1000000,100000,Coupon,Cố định,Một lần khi đến hạn,Mua lại,,10.5,Hiệu lực,,HPX ,Công ty cổ phần,Bất động sản
825,2021-08-16 00:00:00,PDR - CTCP PHÁT TRIỂN BẤT ĐỘNG SẢN PHÁT ĐẠT,PDRH2123005,VNĐ,,08/11/2021,08/11/2023,,2000,100000000,Coupon,Cố định,Định kỳ - Cuối kỳ,Mua lại,,13.0,Hiệu lực,,PDR ,Công ty cổ phần,Bất động sản
826,2021-08-17 00:00:00,CVT - Công ty Cổ phần CMC,CVTB2126004,VNĐ,,08/11/2021,08/11/2026,,2000000,100000,Coupon,Cố định,Định kỳ - Đầu kỳ,Mua lại,,10.6,Hiệu lực,,CVT ,Công ty cổ phần,Sản xuất
827,2022-01-06 00:00:00,AIEC - Công ty Cổ phần Giáo dục quốc tế Mỹ AIS,AIECH2122001,VNĐ,,10/11/2021,10/11/2022,,2500000,100000,Coupon,Cố định,Định kỳ - Cuối kỳ,Mua lại,,11.0,Hiệu lực,,AIEC ,Công ty cổ phần,"Thương mại, dịch vụ"
828,2021-10-22 00:00:00,HBDC - Công ty TNHH Mua Bán nợ Hòa Bình,HBDCB2124002,VNĐ,,10/11/2021,10/11/2024,,4500000,100000,Coupon,Kết hợp,Định kỳ - Cuối kỳ,Mua lại,,8.5,Hiệu lực,,HBDC ,Công ty trách nhiệm hữu hạn,Lĩnh vực khác
829,2021-10-21 00:00:00,DHAC - Công ty TNHH Một thành viên Đầu tư DHA,DHACH2124001,VNĐ,,10/11/2021,10/11/2024,,355000,1000000,Coupon,Kết hợp,Định kỳ - Cuối kỳ,Mua lại,,10.0,Hiệu lực,,DHAC ,Công ty trách nhiệm hữu hạn,Lĩnh vực khác
830,2021-11-18 00:00:00,SSB - Ngân hàng TMCP Đông Nam Á,SSBH2124012,VNĐ,,11/11/2021,11/11/2024,,100,1000000000,Coupon,Cố định,Định kỳ - Cuối kỳ,Mua lại,,3.7,Hết hiệu lực,,SSB ,Công ty cổ phần,Tổ chức tín dụng
831,2022-05-16 00:00:00,SSB - Ngân hàng TMCP Đông Nam Á,SSBL2124012,VNĐ,,11/11/2021,11/11/2024,,100,1000000000,Coupon,Cố định,Định kỳ - Cuối kỳ,Mua lại,,3.7,Hiệu lực,,SSB ,Công ty cổ phần,Tổ chức tín dụng
832,2021-12-31 00:00:00,VCI - CTCP CHỨNG KHOÁN BẢN VIỆT,VCIH2123008,VNĐ,,11/11/2021,11/11/2023,,955,100000000,Coupon,Cố định,Định kỳ - Cuối kỳ,Mua lại,,8.0,Hiệu lực,,VCI ,Công ty cổ phần,Kinh doanh chứng khoán
833,2021-11-15 00:00:00,MBB - NGÂN HÀNG TMCP QUÂN ĐỘI,MBBL2128013,VNĐ,,11/11/2021,11/11/2028,,20000,10000000,Coupon,Thả nổi,Định kỳ - Cuối kỳ,Mua lại,,7.03,Hiệu lực,,MBB ,Công ty cổ phần,Tổ chức tín dụng
834,2021-11-15 00:00:00,VBB - Ngân hàng Thương mại Cổ phần Việt Nam Thương Tín,VBBL2128004,VNĐ,,11/11/2021,11/11/2028,,10000,10000000,Coupon,Thả nổi,Định kỳ - Cuối kỳ,Mua lại,,8.03,Hiệu lực,,VBB ,Công ty cổ phần,Tổ chức tín dụng
835,2022-01-24 00:00:00,KBC - TỔNG CÔNG TY PHÁT TRIỂN ĐÔ THỊ KINH BẮC - CTCP,KBCH2124003,VNĐ,,11/11/2021,11/11/2024,,10000000,100000,Coupon,Kết hợp,Định kỳ - Cuối kỳ,Mua lại,,10.5,Hiệu lực,,KBC ,Công ty cổ phần,Lĩnh vực khác
836,2021-11-23 00:00:00,IPA - CTCP Tập đoàn Đầu tư I.P.A,IPAH2124002,VNĐ,,15/11/2021,15/11/2024,,10000000,100000,Coupon,Cố định,Định kỳ - Cuối kỳ,Mua lại,,9.5,Hiệu lực,,IPA ,Công ty cổ phần,Lĩnh vực khác
837,2022-01-11 00:00:00,F88C - Công ty cổ phần kinh doanh F88,F88CH2123011,VNĐ,,15/11/2021,15/05/2023,,2000,100000000,Coupon,Cố định,Định kỳ - Cuối kỳ,Mua lại,,11.5,Hiệu lực,,F88C ,Công ty cổ phần,"Thương mại, dịch vụ"
838,2021-12-03 00:00:00,TNRC - Công ty cổ phần đầu tư phát triển bất động sản TNR holdings Việt Nam,TNRCH2128004,VNĐ,,15/11/2021,15/11/2028,,50000,10000000,Coupon,Cố định,Một lần khi đến hạn,,,10.0,Hiệu lực,,TNRC ,Công ty cổ phần,Bất động sản
839,2022-02-16 00:00:00,IMGC - CÔNG TY CỔ PHẦN ĐẦU TƯ IMG HUẾ,IMGCH2126002,VNĐ,,15/11/2021,15/11/2026,,310,100000000,Coupon,Kết hợp,Định kỳ - Cuối kỳ,Mua lại,,9.5,Hiệu lực,,IMGC ,Công ty cổ phần,Bất động sản
840,2021-11-18 00:00:00,VCB - NGÂN HÀNG TMCP NGOẠI THƯƠNG VIỆT NAM,VCBH2131001,VNĐ,,15/11/2021,15/11/2031,,950,1000000000,Coupon,Cố định,Định kỳ - Cuối kỳ,Mua lại,,6.7,Hiệu lực,,VCB ,Công ty cổ phần,Tổ chức tín dụng
841,2021-11-16 00:00:00,ABB - Ngân hàng TMCP An Bình (ABBANK),ABBL2124014,VNĐ,,15/11/2021,15/11/2024,,500,1000000000,Coupon,Cố định,Định kỳ - Cuối kỳ,Mua lại,,3.0,Hiệu lực,,ABB ,Công ty cổ phần,Tổ chức tín dụng
842,2021-12-30 00:00:00,SHB - Ngân hàng TMCP Sài Gòn - Hà Nội,SHBH2124015,VNĐ,,16/11/2021,16/11/2024,,450,1000000000,Coupon,Cố định,Định kỳ - Cuối kỳ,Mua lại,,4.2,Hiệu lực,,SHB ,Công ty cổ phần,Tổ chức tín dụng
843,2021-11-25 00:00:00,QALC - CÔNG TY TNHH ĐẦU TƯ BẤT ĐỘNG SẢN QUANG ANH,QALCH2123001,VNĐ,,16/11/2021,16/11/2023,,50,1000000000,Coupon,Kết hợp,Định kỳ - Cuối kỳ,Hoán đổi; Mua lại,,10.0,Hiệu lực,,QALC ,Công ty trách nhiệm hữu hạn,Bất động sản
844,2022-02-15 00:00:00,H39C - Công ty Cổ phần Hưng Thịnh Investment,H39CH2123002,VNĐ,,16/11/2021,16/11/2023,,800000,1000000,Coupon,Cố định,Định kỳ - Cuối kỳ,Mua lại,,11.0,Hiệu lực,,H39C ,Công ty cổ phần,Bất động sản
845,2022-02-17 00:00:00,TCSC - CTCP chứng khoán Kỹ thương,TCSCH2123014,VNĐ,,17/11/2021,17/11/2023,,4350000,100000,Coupon,Cố định,Định kỳ - Cuối kỳ,Mua lại,,7.5,Hiệu lực,,TCSC ,Công ty cổ phần,Kinh doanh chứng khoán
846,2021-11-24 00:00:00,MBS - Công ty Cổ phần Chứng khoán MB,MBSH2123004,VNĐ,,17/11/2021,17/05/2023,,90,1000000000,Coupon,Cố định,Định kỳ - Cuối kỳ,Mua lại,,7.3,Hiệu lực,,MBS ,Công ty cổ phần,Kinh doanh chứng khoán
847,2022-04-14 00:00:00,VTPC - Công ty Cổ phần Đầu tư và Xây dựng Vạn Trường Phát,VTPCH2126005,VNĐ,,17/11/2021,17/11/2026,,20000000,100000,Coupon,Kết hợp,Định kỳ - Cuối kỳ,Mua lại,,10.0,Hiệu lực,,VTPC ,Công ty cổ phần,Bất động sản
848,2021-12-30 00:00:00,SHB - Ngân hàng TMCP Sài Gòn - Hà Nội,SHBH2123016,VNĐ,,17/11/2021,17/11/2023,,500,1000000000,Coupon,Cố định,Định kỳ - Cuối kỳ,,,4.2,Hiệu lực,,SHB ,Công ty cổ phần,Tổ chức tín dụng
849,2021-11-25 00:00:00,BVB - NGÂN HÀNG TMCP BẢN VIỆT,BVBLH2128004,VNĐ,,18/11/2021,18/11/2028,,100,1000000000,Coupon,Cố định,Định kỳ - Cuối kỳ,Mua lại,,8.2,Hiệu lực,,BVB ,Công ty cổ phần,Tổ chức tín dụng
850,2022-02-16 00:00:00,NVL - CTCP TẬP ĐOÀN ĐẦU TƯ ĐỊA ỐC NO VA,NVLH2123014,VNĐ,,18/11/2021,18/05/2023,,10000000,100000,Coupon,Cố định,Định kỳ - Cuối kỳ,,,10.5,Hiệu lực,,NVL ,Công ty cổ phần,Bất động sản
851,2022-01-25 00:00:00,NPHC - Công ty CP Quốc tế Ngàn Phố,NPHCH2124001,VNĐ,,18/11/2021,18/11/2024,,676,100000000,Coupon,Cố định,Định kỳ - Cuối kỳ,,,12.9,Hiệu lực,,NPHC ,Công ty cổ phần,Lĩnh vực khác
852,2022-02-22 00:00:00,AVIC - Công ty cổ phần Đầu tư và Phát triển Hạ tầng An Việt,AVICH2124001,VNĐ,,18/11/2021,18/11/2024,,1799,100000000,Coupon,Cố định,Định kỳ - Cuối kỳ,Mua lại,,11.0,Hiệu lực,,AVIC ,Công ty cổ phần,Bất động sản
853,2022-03-03 00:00:00,WTOC - Tổng Công ty Cổ phần Thương mại Xây dựng,WTOCH2125004,VNĐ,,18/11/2021,19/05/2027,,1240,100000000,Coupon,Kết hợp,Định kỳ - Cuối kỳ,Mua lại,,10.0,Hiệu lực,,WTOC ,Công ty cổ phần,Bất động sản
854,2022-01-11 00:00:00,FDLC - CÔNG TY CỔ PHẦN NGOẠI THƯƠNG VÀ PHÁT TRIỂN ĐẦU TƯ ĐỊA ỐC CHÂU LỤC,FDLCH2123001,VNĐ,,18/11/2021,18/11/2023,,10000000,100000,Coupon,Kết hợp,Định kỳ - Cuối kỳ,Mua lại,,9.0,Hiệu lực,,FDLC ,Công ty cổ phần,Bất động sản
855,2021-11-24 00:00:00,VCB - NGÂN HÀNG TMCP NGOẠI THƯƠNG VIỆT NAM,VCBH2131003,VNĐ,,19/11/2021,19/11/2031,,600,1000000000,Coupon,Cố định,Định kỳ - Cuối kỳ,Mua lại,,6.7,Hiệu lực,,VCB ,Công ty cổ phần,Tổ chức tín dụng
856,2021-11-24 00:00:00,AAA - Công ty cổ phần Nhựa An Phát Xanh,AAAH2124001,VNĐ,,19/11/2021,19/11/2024,,470,1000000000,Coupon,Cố định,Định kỳ - Cuối kỳ,Mua lại,,8.0,Hiệu lực,,AAA ,Công ty cổ phần,Sản xuất
857,2021-11-24 00:00:00,VCB - NGÂN HÀNG TMCP NGOẠI THƯƠNG VIỆT NAM,VCBH2128002,VNĐ,,19/11/2021,19/11/2028,,200,1000000000,Coupon,Thả nổi,Định kỳ - Cuối kỳ,Mua lại,,6.13,Hiệu lực,,VCB ,Công ty cổ phần,Tổ chức tín dụng
858,2021-11-29 00:00:00,LLPC - Công ty TNHH Đầu tư kinh doanh bất động sản Liên Lập,LLPCH2126003,VNĐ,,19/11/2021,19/11/2026,,4320000,100000,Coupon,Kết hợp,Định kỳ - Cuối kỳ,Mua lại,,8.7,Hiệu lực,,LLPC ,Công ty trách nhiệm hữu hạn,Bất động sản
859,2021-12-31 00:00:00,STNC - Công ty cổ phần Mặt trời Tây Ninh,STNCH2123002,VNĐ,,19/11/2021,19/11/2023,,8000,100000000,Coupon,Cố định,Định kỳ - Cuối kỳ,Mua lại,,9.2,Hiệu lực,,STNC ,Công ty cổ phần,"Thương mại, dịch vụ"
860,2021-11-22 00:00:00,GMEC - Công ty cổ phần Truyền thông và Giải trí Galaxy,GMECH2123007,VNĐ,,19/11/2021,19/11/2025,,250000,100000,Coupon,Cố định,Định kỳ - Cuối kỳ,Mua lại,,12.0,Hiệu lực,,GMEC ,Công ty cổ phần,"Thương mại, dịch vụ"
861,2022-01-21 00:00:00,VNJC - Công ty cổ phần Đầu tư Vua Nệm,VNJCH2123001,VNĐ,,20/11/2021,20/11/2023,,700,100000000,Coupon,Cố định,Định kỳ - Cuối kỳ,Mua lại,,12.0,Hiệu lực,,VNJC ,Công ty cổ phần,Lĩnh vực khác
862,2022-04-05 00:00:00,LDTC - Công ty cổ phần Lầu Đài Trắng,LDTCH2123001,VNĐ,,22/11/2021,22/05/2023,,2400,100000000,Coupon,Cố định,Định kỳ - Cuối kỳ,Mua lại,,11.5,Hiệu lực,,LDTC ,Công ty cổ phần,Bất động sản
863,2021-12-06 00:00:00,NRC - Công ty cổ phần tập đoàn Danh Khôi,NRCH2123001,VNĐ,,22/11/2021,22/05/2023,,1600000,100000,Coupon,Cố định,Định kỳ - Cuối kỳ,Mua lại,,11.0,Hiệu lực,,NRC ,Công ty cổ phần,Bất động sản
864,2021-11-29 00:00:00,LLPC - Công ty TNHH Đầu tư kinh doanh bất động sản Liên Lập,LLPCH2124001,VNĐ,,22/11/2021,22/11/2024,,1000000,100000,Coupon,Kết hợp,Định kỳ - Cuối kỳ,Mua lại,,8.7,Hiệu lực,,LLPC ,Công ty trách nhiệm hữu hạn,Bất động sản
865,2021-11-24 00:00:00,WTPC - CÔNG TY CỔ PHẦN CUNG ĐIỆN MÙA ĐÔNG,WTPCH2124002,VNĐ,,22/11/2021,22/11/2024,,1960000,100000,Coupon,Cố định,Định kỳ - Cuối kỳ,Mua lại,,11.5,Hết hiệu lực,,WTPC ,Công ty cổ phần,Bất động sản
866,2021-11-24 00:00:00,WTPC - CÔNG TY CỔ PHẦN CUNG ĐIỆN MÙA ĐÔNG,WTPCH2124001,VNĐ,,22/11/2021,22/11/2024,,2540000,100000,Coupon,Cố định,Định kỳ - Cuối kỳ,Mua lại,,11.5,Hết hiệu lực,,WTPC ,Công ty cổ phần,Bất động sản
867,2021-12-06 00:00:00,SAMC - CTCP SUNSHINE AM,SAMCH2126004,VNĐ,,22/11/2021,22/11/2026,,10000000,100000,Coupon,Kết hợp,Định kỳ - Cuối kỳ,Mua lại,,11.0,Hiệu lực,,SAMC ,Công ty cổ phần,Bất động sản
868,2021-11-29 00:00:00,TPB - Ngân hàng Thương mại Cổ phần Tiên Phong,TPBL2124016,VNĐ,,22/11/2021,22/11/2024,,10000,100000000,Coupon,Cố định,Định kỳ - Cuối kỳ,Mua lại,,3.21,Hiệu lực,,TPB ,Công ty cổ phần,Tổ chức tín dụng
869,2021-11-30 00:00:00,AKHC - Công ty cổ phần Đầu tư An Khải Hưng,AKHCH2123001,VNĐ,,23/11/2021,23/02/2023,,180000,1000000,Coupon,Cố định,Định kỳ - Cuối kỳ,Mua lại,,12.5,Hiệu lực,,AKHC ,Công ty cổ phần,Bất động sản
870,2021-11-29 00:00:00,TPB - Ngân hàng Thương mại Cổ phần Tiên Phong,TPBL2124017,VNĐ,,23/11/2021,23/11/2024,,10000,100000000,Coupon,Cố định,Định kỳ - Cuối kỳ,Mua lại,,3.21,Hiệu lực,,TPB ,Công ty cổ phần,Tổ chức tín dụng
871,2022-08-01 00:00:00,APGC - CTCP Tập đoàn Apec Group,APGCH2124002,VNĐ,,23/11/2021,23/11/2024,,35260,100000,Coupon,Cố định,Định kỳ - Cuối kỳ,Mua lại,,12.0,Hiệu lực,,APGC ,Công ty cổ phần,Bất động sản
872,2021-12-01 00:00:00,VCB - NGÂN HÀNG TMCP NGOẠI THƯƠNG VIỆT NAM,VCBH2131005,VNĐ,,24/11/2021,24/11/2031,,500,1000000000,Coupon,Thả nổi,Định kỳ - Cuối kỳ,Mua lại,,6.53,Hiệu lực,,VCB ,Công ty cổ phần,Tổ chức tín dụng
873,2021-12-01 00:00:00,LLPC - Công ty TNHH Đầu tư kinh doanh bất động sản Liên Lập,LLPCH2125002,VNĐ,,24/11/2021,24/11/2025,,3000000,100000,Coupon,Kết hợp,Định kỳ - Cuối kỳ,Mua lại,,8.7,Hiệu lực,,LLPC ,Công ty trách nhiệm hữu hạn,Bất động sản
874,2021-12-07 00:00:00,APBC - CÔNG TY CỔ PHẦN ĐẦU TƯ - PHÁT TRIỂN ĐẦU TƯ ĐÔ THỊ ÂN PHÚ,APBCH2125001,VNĐ,,24/11/2021,24/11/2025,,500000,100000,Coupon,Kết hợp,Khác,Mua lại,,10.5,Hiệu lực,,APBC ,Công ty cổ phần,Bất động sản
875,2022-01-28 00:00:00,VDS - Công ty Cổ phần Chứng khoán Rồng Việt,VDSH2122010,VNĐ,,24/11/2021,24/11/2022,,121965,1000000,Coupon,Cố định,Định kỳ - Cuối kỳ,Mua lại,,9.3,Hiệu lực,,VDS ,Công ty cổ phần,Kinh doanh chứng khoán
876,2021-12-01 00:00:00,VCB - NGÂN HÀNG TMCP NGOẠI THƯƠNG VIỆT NAM,VCBH2128004,VNĐ,,24/11/2021,24/11/2028,,500,1000000000,Coupon,Thả nổi,Định kỳ - Cuối kỳ,Mua lại,,6.13,Hiệu lực,,VCB ,Công ty cổ phần,Tổ chức tín dụng
877,2021-12-03 00:00:00,BCMC - CTCP Phát triển hạ tầng kỹ thuật Becamex-Bình Phước,BCMCH2128001,VNĐ,,24/11/2021,29/12/2028,,5100,100000000,Coupon,Kết hợp,Định kỳ - Cuối kỳ,Mua lại,,10.5,Hiệu lực,,BCMC ,Công ty cổ phần,Bất động sản
878,2021-12-06 00:00:00,PCIC - CÔNG TY CỔ PHẦN ĐẦU TƯ PEARL CITY,PCICH2124001,VNĐ,,24/11/2021,24/11/2024,,1000,100000000,Coupon,Cố định,Định kỳ - Cuối kỳ,Mua lại,,12.0,Hiệu lực,,PCIC ,Công ty cổ phần,"Thương mại, dịch vụ"
879,2022-01-24 00:00:00,TCSC - CTCP chứng khoán Kỹ thương,TCSCH2124013,VNĐ,,25/11/2021,25/11/2024,,1341426,100000,Coupon,Kết hợp,Định kỳ - Cuối kỳ,Mua lại,,7.1,Hiệu lực,,TCSC ,Công ty cổ phần,Kinh doanh chứng khoán
880,2021-12-06 00:00:00,HPX - CÔNG TY CỔ PHẦN ĐẦU TƯ HẢI PHÁT,HPXH2124009,VNĐ,,25/11/2021,25/11/2024,,2500000,100000,Coupon,Kết hợp,Một lần khi đến hạn,Mua lại,,10.0,Hiệu lực,,HPX ,Công ty cổ phần,Bất động sản
881,2022-01-06 00:00:00,NPEC - CÔNG TY CỔ PHẦN ĐẦU TƯ NĂNG LƯỢNG NAM PHƯƠNG,NPECH2128002,VNĐ,,26/11/2021,26/11/2028,,9000000,100000,Coupon,Kết hợp,Định kỳ - Cuối kỳ,Mua lại,,10.5,Hiệu lực,,NPEC ,Công ty cổ phần,Lĩnh vực khác
882,2021-12-24 00:00:00,TSLC - CÔNG TY CỔ PHẦN THÁI SƠN - LONG AN,TSLCH2129001,VNĐ,,26/11/2021,26/11/2029,,4600000,1000000,Coupon,Kết hợp,Định kỳ - Cuối kỳ,Mua lại,,11.0,Hiệu lực,,TSLC ,Công ty cổ phần,Bất động sản
883,2021-11-30 00:00:00,BHBC - CTCP NĂNG LƯỢNG BẮC HÀ,BHBCH2124004,VNĐ,,26/11/2021,26/11/2024,,3000000,100000,Coupon,Cố định,Định kỳ - Cuối kỳ,Mua lại,,9.5,Hiệu lực,,BHBC ,Công ty cổ phần,Sản xuất
884,2022-03-01 00:00:00,TITC - Công ty Cổ phần Đầu tư sản xuất và Thương mại Tiến Trường,TITCH2124001,VNĐ,,26/11/2021,26/11/2024,,90000,10000000,Coupon,Cố định,Định kỳ - Cuối kỳ,Mua lại,,11.5,Hiệu lực,,TITC ,Công ty cổ phần,Xây dựng
885,2021-12-06 00:00:00,DLAC - CTCP ĐẦU TƯ & XÂY DỰNG KIÊN TRUNG,DLACH2124001,VNĐ,,26/11/2021,26/11/2024,,3000,100000000,Coupon,Cố định,Định kỳ - Cuối kỳ,,,11.0,Hiệu lực,,DLAC ,Công ty cổ phần,Bất động sản
886,2022-07-06 00:00:00,"VNEC - CÔNG TY CỔ PHẦN ĐẦU TƯ, THƯƠNG MẠI VÀ PHÁT TRIỂN XÂY DỰNG SUNSHINE VNE",VNECH2123001,VNĐ,,26/11/2021,26/11/2023,,10000000,100000,Coupon,Cố định,Định kỳ - Cuối kỳ,Mua lại,,11.0,Hiệu lực,,VNEC ,Công ty cổ phần,"Thương mại, dịch vụ"
887,2021-12-07 00:00:00,DIG - Tổng công ty cổ phần đầu tư phát triển xây dựng,DIGH2124003,VNĐ,,26/11/2021,26/11/2024,,15000,100000000,Coupon,Kết hợp,Định kỳ - Cuối kỳ,Mua lại,,11.0,Hiệu lực,,DIG ,Công ty cổ phần,Bất động sản
888,2022-06-02 00:00:00,CDC - CÔNG TY CỔ PHẦN CHƯƠNG DƯƠNG,CDCH2124001,VNĐ,,26/11/2021,26/11/2024,,1119500,100000,Coupon,Cố định,Định kỳ - Cuối kỳ,Mua lại,,11.0,Hiệu lực,,CDC ,Công ty cổ phần,Xây dựng
889,2021-12-06 00:00:00,THVC - Công ty Cổ phần Toàn Hải Vân,THVCH2129004,VNĐ,,26/11/2021,30/06/2029,,1000000,100000,Coupon,Kết hợp,Định kỳ - Cuối kỳ,Mua lại,,9.5,Hiệu lực,,THVC ,Công ty cổ phần,"Thương mại, dịch vụ"
890,2021-12-02 00:00:00,VBB - Ngân hàng Thương mại Cổ phần Việt Nam Thương Tín,VBBL2128005,VNĐ,,26/11/2021,26/11/2028,,14098,10000000,Coupon,Thả nổi,Định kỳ - Cuối kỳ,Mua lại,,8.03,Hiệu lực,,VBB ,Công ty cổ phần,Tổ chức tín dụng
891,2021-12-02 00:00:00,TPB - Ngân hàng Thương mại Cổ phần Tiên Phong,TPBL2125019,VNĐ,,29/11/2021,29/11/2025,,5000,100000000,Coupon,Cố định,Định kỳ - Cuối kỳ,Mua lại,,3.81,Hiệu lực,,TPB ,Công ty cổ phần,Tổ chức tín dụng
892,2021-12-16 00:00:00,DAKC - Công ty Liên doanh TNHH Phát triển đô thị mới An Khánh,DAKCH2124001,VNĐ,,29/11/2021,29/11/2024,,10000,100000000,Coupon,Cố định,Định kỳ - Cuối kỳ,Mua lại,,11.0,Hiệu lực,,DAKC ,Công ty trách nhiệm hữu hạn,Bất động sản
893,2022-05-06 00:00:00,TD1C - Công ty cổ phần Điện gió Trung Nam Đắk Lắk 1,TD1CB2135009,VNĐ,,29/11/2021,29/07/2035,,15000000,100000,Coupon,Kết hợp,Định kỳ - Cuối kỳ,Mua lại,,9.5,Hiệu lực,,TD1C ,Công ty cổ phần,Xây dựng
894,2021-12-10 00:00:00,CTG - Ngân hàng Thương mại Cổ phần Công Thương Việt Nam,CTGL2136020,VNĐ,,29/11/2021,29/11/2036,,140,1000000000,Coupon,Cố định,Định kỳ - Cuối kỳ,Mua lại,,6.5,Hiệu lực,,CTG ,Công ty cổ phần,Tổ chức tín dụng
895,2021-12-02 00:00:00,TPB - Ngân hàng Thương mại Cổ phần Tiên Phong,TPBL2124018,VNĐ,,29/11/2021,29/11/2024,,15000,100000000,Coupon,Cố định,Định kỳ - Cuối kỳ,Mua lại,,2.63,Hiệu lực,,TPB ,Công ty cổ phần,Tổ chức tín dụng
896,2022-02-28 00:00:00,NTCC - Công ty TNHH Ngọc Thiên,NTCCH2124001,VNĐ,,30/11/2021,30/11/2024,,5000000,100000,Coupon,Cố định,Định kỳ - Cuối kỳ,Mua lại,,11.0,Hiệu lực,,NTCC ,Công ty trách nhiệm hữu hạn,Sản xuất
897,2022-02-25 00:00:00,PQSC - Công ty TNHH Mặt trời Phú Quốc,PQSCB2124001,VNĐ,,30/11/2021,30/11/2024,,10000000,100000,Coupon,Kết hợp,Định kỳ - Cuối kỳ,Mua lại,,7.7,Hiệu lực,,PQSC ,Công ty trách nhiệm hữu hạn,Bất động sản
898,2021-12-10 00:00:00,MBB - NGÂN HÀNG TMCP QUÂN ĐỘI,MBBL2128014,VNĐ,,30/11/2021,30/11/2028,,100,10000000,Coupon,Cố định,Định kỳ - Cuối kỳ,Mua lại,,7.1,Hiệu lực,,MBB ,Công ty cổ phần,Tổ chức tín dụng
899,2021-12-14 00:00:00,SVBC - Công ty cổ phần Sovico,SVBCH2124002,VNĐ,,30/11/2021,30/11/2026,,10000,100000000,Coupon,Cố định,Định kỳ - Cuối kỳ,Mua lại,,10.5,Hiệu lực,,SVBC ,Công ty cổ phần,"Thương mại, dịch vụ"
900,2022-01-06 00:00:00,MREC - CTCP BẤT ĐỘNG SẢN MỸ,MRECH2128005,VNĐ,,30/11/2021,30/11/2028,,50000,10000000,Coupon,Cố định,Một lần khi đến hạn,,,10.0,Hiệu lực,,MREC ,Công ty cổ phần,Bất động sản
901,2021-12-15 00:00:00,BSI - Công ty Cổ phần Chứng khoán Ngân hàng Đầu tư và Phát triển Việt Nam,BSIH2122003,VNĐ,,30/11/2021,30/11/2022,,2909400,100000,Coupon,Cố định,Định kỳ - Cuối kỳ,Mua lại,,7.8,Hiệu lực,,BSI ,Công ty cổ phần,Kinh doanh chứng khoán
902,2022-01-04 00:00:00,DNCC - Công ty Cổ phần Đại Nam,DNCCH2126001,VNĐ,,30/11/2021,30/11/2026,,1800000,100000,Coupon,Kết hợp,Định kỳ - Cuối kỳ,Mua lại,,10.0,Hiệu lực,,DNCC ,Công ty cổ phần,Bất động sản
903,2021-12-09 00:00:00,VBAC - Ngân hàng Nông nghiệp và Phát triển Nông thôn Việt Nam,VBACLH2128006,VNĐ,,30/11/2021,30/11/2028,,10577,100000000,Coupon,Thả nổi,Định kỳ - Cuối kỳ,Mua lại,,6.63,Hiệu lực,,VBAC ,Công ty trách nhiệm hữu hạn,Tổ chức tín dụng
904,2021-04-14 00:00:00,VPB - NH TMCP VIỆT NAM THỊNH VƯỢNG,VPBL2124006,VNĐ,,04/12/2021,04/12/2024,,300,1000000000,Coupon,Cố định,Định kỳ - Cuối kỳ,Mua lại,,3.9,Hiệu lực,,VPB ,Công ty cổ phần,Tổ chức tín dụng
905,2021-04-14 00:00:00,VPB - NH TMCP VIỆT NAM THỊNH VƯỢNG,VPBL2124005,VNĐ,,04/12/2021,04/12/2024,,500,1000000000,Coupon,Cố định,Định kỳ - Cuối kỳ,,,4.2,Hiệu lực,,VPB ,Công ty cổ phần,Tổ chức tín dụng
906,2021-04-20 00:00:00,GEG - Công ty cổ phần Điện Gia Lai,GEGB2124001,VNĐ,,04/12/2021,04/12/2024,,5000000,100000,Coupon,Kết hợp,Định kỳ - Cuối kỳ,Mua lại,,9.5,Hiệu lực,,GEG ,Công ty cổ phần,Năng lượng
907,2021-05-19 00:00:00,TTDC - CTCP Tập đoàn Thái Tuấn,TTDCH2122001,VNĐ,,04/12/2021,27/07/2024,,3000,100000000,Coupon,Cố định,Định kỳ - Cuối kỳ,Mua lại,,11.0,Hiệu lực,,TTDC ,Công ty cổ phần,Sản xuất
908,2021-04-27 00:00:00,WDLC - CÔNG TY CỔ PHẦN BẤT ĐỘNG SẢN WONDERLAND,WDLCH2126001,VNĐ,,04/12/2021,04/12/2026,,10000000,100000,Coupon,Kết hợp,Định kỳ - Cuối kỳ,Mua lại,,11.0,Hiệu lực,,WDLC ,Công ty cổ phần,Lĩnh vực khác
909,2021-05-17 00:00:00,VPB - NH TMCP VIỆT NAM THỊNH VƯỢNG,VPBL2124014,VNĐ,,05/12/2021,05/12/2024,,400,1000000000,Coupon,Cố định,Định kỳ - Cuối kỳ,Mua lại,,3.9,Hiệu lực,,VPB ,Công ty cổ phần,Tổ chức tín dụng
910,2021-06-16 00:00:00,HQNC - CTCP Dịch vụ Giải trí Hưng Thịnh Quy Nhơn,HQNCH2124003,VNĐ,,05/12/2021,05/12/2026,,25000000,100000,Coupon,Kết hợp,Định kỳ - Cuối kỳ,Mua lại,,11.0,Hiệu lực,,HQNC ,Công ty cổ phần,Lĩnh vực khác
911,2021-05-20 00:00:00,TPB - Ngân hàng Thương mại Cổ phần Tiên Phong,TPBL2124003,VNĐ,,05/12/2021,05/12/2024,,10000,100000000,Coupon,Cố định,Định kỳ - Cuối kỳ,Mua lại,,3.8,Hiệu lực,,TPB ,Công ty cổ phần,Tổ chức tín dụng
912,2021-10-22 00:00:00,TCSC - CTCP chứng khoán Kỹ thương,TCSCH2124006,VNĐ,,07/12/2021,07/12/2024,,4999977,100000,Coupon,Kết hợp,Định kỳ - Cuối kỳ,Mua lại,,8.45,Hiệu lực,,TCSC ,Công ty cổ phần,Kinh doanh chứng khoán
913,2021-09-07 00:00:00,PHDC - CÔNG TY TNHH ĐIỆN GIÓ PHƯỚC HỮU - DUYÊN HẢI 1,PHDCH2126005,VNĐ,,08/12/2021,08/12/2026,,50000,1000000,Coupon,Kết hợp,Khác,Mua lại,,10.75,Hiệu lực,,PHDC ,Công ty trách nhiệm hữu hạn,Sản xuất
914,2021-09-07 00:00:00,PHDC - CÔNG TY TNHH ĐIỆN GIÓ PHƯỚC HỮU - DUYÊN HẢI 1,PHDCH2123002,VNĐ,,08/12/2021,08/12/2023,,20000,1000000,Coupon,Kết hợp,Định kỳ - Cuối kỳ,Mua lại,,10.75,Hiệu lực,,PHDC ,Công ty trách nhiệm hữu hạn,Sản xuất
915,2021-09-07 00:00:00,PHDC - CÔNG TY TNHH ĐIỆN GIÓ PHƯỚC HỮU - DUYÊN HẢI 1,PHDCH2124003,VNĐ,,08/12/2021,08/12/2024,,30000,1000000,Coupon,Kết hợp,Khác,Mua lại,,10.75,Hiệu lực,,PHDC ,Công ty trách nhiệm hữu hạn,Sản xuất
916,2021-09-07 00:00:00,PHDC - CÔNG TY TNHH ĐIỆN GIÓ PHƯỚC HỮU - DUYÊN HẢI 1,PHDCH2127006,VNĐ,,08/12/2021,08/12/2027,,60000,1000000,Coupon,Kết hợp,Khác,Mua lại,,10.75,Hiệu lực,,PHDC ,Công ty trách nhiệm hữu hạn,Sản xuất
917,2021-09-07 00:00:00,PHDC - CÔNG TY TNHH ĐIỆN GIÓ PHƯỚC HỮU - DUYÊN HẢI 1,PHDCH2128007,VNĐ,,08/12/2021,08/12/2028,,60000,1000000,Coupon,Kết hợp,Khác,Mua lại,,10.75,Hiệu lực,,PHDC ,Công ty trách nhiệm hữu hạn,Sản xuất
918,2021-09-07 00:00:00,PHDC - CÔNG TY TNHH ĐIỆN GIÓ PHƯỚC HỮU - DUYÊN HẢI 1,PHDCH2125004,VNĐ,,08/12/2021,08/12/2025,,40000,1000000,Coupon,Kết hợp,Khác,Mua lại,,10.75,Hiệu lực,,PHDC ,Công ty trách nhiệm hữu hạn,Sản xuất
919,2021-09-07 00:00:00,PHDC - CÔNG TY TNHH ĐIỆN GIÓ PHƯỚC HỮU - DUYÊN HẢI 1,PHDCH2129008,VNĐ,,08/12/2021,08/12/2029,,60000,1000000,Coupon,Kết hợp,Khác,Mua lại,,10.75,Hiệu lực,,PHDC ,Công ty trách nhiệm hữu hạn,Sản xuất
920,2021-09-07 00:00:00,PHDC - CÔNG TY TNHH ĐIỆN GIÓ PHƯỚC HỮU - DUYÊN HẢI 1,PHDCH2122001,VNĐ,,08/12/2021,08/12/2022,,20000,1000000,Coupon,Kết hợp,Định kỳ - Cuối kỳ,Mua lại,,10.75,Hiệu lực,,PHDC ,Công ty trách nhiệm hữu hạn,Sản xuất
921,2021-09-07 00:00:00,PHDC - CÔNG TY TNHH ĐIỆN GIÓ PHƯỚC HỮU - DUYÊN HẢI 1,PHDCH2134013,VNĐ,,08/12/2021,08/12/2034,,80000,1000000,Coupon,Kết hợp,Khác,Mua lại,,10.75,Hiệu lực,,PHDC ,Công ty trách nhiệm hữu hạn,Sản xuất
922,2021-09-07 00:00:00,PHDC - CÔNG TY TNHH ĐIỆN GIÓ PHƯỚC HỮU - DUYÊN HẢI 1,PHDCH2131010,VNĐ,,08/12/2021,08/12/2031,,70000,1000000,Coupon,Kết hợp,Khác,Mua lại,,10.75,Hiệu lực,,PHDC ,Công ty trách nhiệm hữu hạn,Sản xuất
923,2021-09-07 00:00:00,PHDC - CÔNG TY TNHH ĐIỆN GIÓ PHƯỚC HỮU - DUYÊN HẢI 1,PHDCH2132011,VNĐ,,08/12/2021,08/12/2032,,70000,1000000,Coupon,Kết hợp,Khác,Mua lại,,10.75,Hiệu lực,,PHDC ,Công ty trách nhiệm hữu hạn,Sản xuất
924,2021-09-07 00:00:00,PHDC - CÔNG TY TNHH ĐIỆN GIÓ PHƯỚC HỮU - DUYÊN HẢI 1,PHDCH2130009,VNĐ,,08/12/2021,08/12/2030,,70000,1000000,Coupon,Kết hợp,Khác,Mua lại,,10.75,Hiệu lực,,PHDC ,Công ty trách nhiệm hữu hạn,Sản xuất
925,2021-08-19 00:00:00,BID - Ngân hàng TMCP Đầu tư và Phát triển Việt Nam,BIDL2129026,VNĐ,,08/12/2021,08/12/2029,,500,1000000000,Coupon,Thả nổi,Định kỳ - Cuối kỳ,Hoán đổi; Mua lại,,6.45,Hiệu lực,,BID ,Công ty cổ phần,Tổ chức tín dụng
926,2021-08-13 00:00:00,VIB - Ngân hàng TMCP Quốc tế Việt Nam,VIBL2128010,VNĐ,,08/12/2021,08/12/2028,,150,1000000000,Coupon,Thả nổi,Định kỳ - Cuối kỳ,Mua lại,,7.57,Hiệu lực,,VIB ,Công ty cổ phần,Tổ chức tín dụng
927,2021-09-07 00:00:00,PHDC - CÔNG TY TNHH ĐIỆN GIÓ PHƯỚC HỮU - DUYÊN HẢI 1,PHDCH2133012,VNĐ,,08/12/2021,08/12/2033,,80000,1000000,Coupon,Kết hợp,Khác,Mua lại,,10.75,Hiệu lực,,PHDC ,Công ty trách nhiệm hữu hạn,Sản xuất
928,2021-10-19 00:00:00,NVL - CTCP TẬP ĐOÀN ĐẦU TƯ ĐỊA ỐC NO VA,NVLH2123009,VNĐ,,08/12/2021,02/12/2023,,10000000,100000,Coupon,Cố định,Định kỳ - Cuối kỳ,,,10.5,Hiệu lực,,NVL ,Công ty cổ phần,Bất động sản
929,2021-11-22 00:00:00,VCI - CTCP CHỨNG KHOÁN BẢN VIỆT,VCIH2123009,VNĐ,,11/12/2021,11/12/2023,,1000,100000000,Coupon,Cố định,Định kỳ - Cuối kỳ,Mua lại,,8.0,Hiệu lực,,VCI ,Công ty cổ phần,Kinh doanh chứng khoán
930,2021-11-19 00:00:00,NTLC - Công ty cổ phần đầu tư thương mại phát triển Nhất tín,NTLCH2123001,VNĐ,,11/12/2021,05/12/2023,,500,100000000,Coupon,Cố định,Định kỳ - Cuối kỳ,Mua lại,,11.5,Hiệu lực,,NTLC ,Công ty cổ phần,Lĩnh vực khác
931,2021-11-24 00:00:00,PDCC - Công ty Cổ phần Địa ốc Phương Đông,PDCCH2124001,VNĐ,,11/12/2021,11/12/2024,,900,1000000000,Coupon,Kết hợp,Định kỳ - Cuối kỳ,Mua lại,,10.0,Hiệu lực,,PDCC ,Công ty cổ phần,Bất động sản
932,2021-12-15 00:00:00,VIB - Ngân hàng TMCP Quốc tế Việt Nam,VIBL2128020,VNĐ,,13/12/2021,13/12/2028,,500,1000000000,Coupon,Thả nổi,Định kỳ - Cuối kỳ,Mua lại,,7.33,Hiệu lực,,VIB ,Công ty cổ phần,Tổ chức tín dụng
933,2021-12-24 00:00:00,ACB - Ngân hàng TMCP Á Châu,ACBH2123014,VNĐ,,13/12/2021,13/12/2023,,500,1000000000,Coupon,Cố định,Định kỳ - Cuối kỳ,Mua lại,,3.1,Hiệu lực,,ACB ,Công ty cổ phần,Tổ chức tín dụng
934,2021-12-24 00:00:00,LPB - Ngân hàng Thương mại Cổ phần Bưu Điện Liên Việt,LPBH2124014,VNĐ,,13/12/2021,13/12/2024,,1000,1000000000,Coupon,Cố định,Định kỳ - Cuối kỳ,Mua lại,,3.3,Hiệu lực,,LPB ,Công ty cổ phần,Tổ chức tín dụng
935,2021-12-28 00:00:00,HCSC - Công ty cổ phần Hoàn Cầu Solar LA,HCSCH2126001,VNĐ,,13/12/2021,13/12/2026,,11000,100000000,Coupon,Thả nổi,Định kỳ - Cuối kỳ,Mua lại,,10.0,Hiệu lực,,HCSC ,Công ty cổ phần,Xây dựng
936,2021-12-22 00:00:00,SHS - Công ty Cổ phần chứng khoán Sài Gòn - Hà Nội,SHSH2122002,VNĐ,,13/12/2021,13/12/2022,,350,1000000000,Coupon,Cố định,Định kỳ - Cuối kỳ,,,7.8,Hiệu lực,,SHS ,Công ty cổ phần,Kinh doanh chứng khoán
937,2021-12-15 00:00:00,ABB - Ngân hàng TMCP An Bình (ABBANK),ABBL2123015,VNĐ,,14/12/2021,14/12/2023,,1000,1000000000,Coupon,Cố định,Định kỳ - Cuối kỳ,Mua lại,,2.8,Hiệu lực,,ABB ,Công ty cổ phần,Tổ chức tín dụng
938,2021-12-24 00:00:00,SSB - Ngân hàng TMCP Đông Nam Á,SSBL2123013,VNĐ,,14/12/2021,14/06/2023,,500,1000000000,Coupon,Cố định,Định kỳ - Cuối kỳ,,,3.2,Hiệu lực,,SSB ,Công ty cổ phần,Tổ chức tín dụng
939,2021-12-17 00:00:00,HDB - NH TMCP Phát triển thành phố Hồ Chí Minh ( HDBANK),HDBL2128011,VNĐ,,14/12/2021,14/12/2028,,200,1000000000,Coupon,Thả nổi,Định kỳ - Cuối kỳ,Mua lại,,7.12,Hiệu lực,,HDB ,Công ty cổ phần,Tổ chức tín dụng
940,2022-04-07 00:00:00,TDLC - CÔNG TY CỔ PHẦN TANDOLAND,TDLCH2126002,VNĐ,,14/12/2021,15/10/2026,,300000,100000,Coupon,Kết hợp,Định kỳ - Cuối kỳ,Mua lại,,9.5,Hiệu lực,,TDLC ,Công ty cổ phần,Bất động sản
941,2021-12-22 00:00:00,VIB - Ngân hàng TMCP Quốc tế Việt Nam,VIBL2124021,VNĐ,,14/12/2021,14/12/2024,,2000,1000000000,Coupon,Cố định,Định kỳ - Cuối kỳ,Mua lại,,1.8,Hiệu lực,,VIB ,Công ty cổ phần,Tổ chức tín dụng
942,2021-12-24 00:00:00,SSB - Ngân hàng TMCP Đông Nam Á,SSBL2124014,VNĐ,,15/12/2021,15/12/2024,,700,1000000000,Coupon,Cố định,Định kỳ - Cuối kỳ,Mua lại,,3.6,Hiệu lực,,SSB ,Công ty cổ phần,Tổ chức tín dụng
943,2021-12-23 00:00:00,VPB - NH TMCP VIỆT NAM THỊNH VƯỢNG,VPBL2124025,VNĐ,,15/12/2021,15/12/2024,,1670,1000000000,Coupon,Cố định,Định kỳ - Cuối kỳ,Mua lại,,2.4,Hiệu lực,,VPB ,Công ty cổ phần,Tổ chức tín dụng
944,2021-12-22 00:00:00,VIB - Ngân hàng TMCP Quốc tế Việt Nam,VIBL2124022,VNĐ,,15/12/2021,15/12/2024,,1000,1000000000,Coupon,Cố định,Định kỳ - Cuối kỳ,Mua lại,,2.0,Hiệu lực,,VIB ,Công ty cổ phần,Tổ chức tín dụng
945,2021-12-17 00:00:00,OCB - Ngân hàng TMCP Phương Đông,OCBL2124011,VNĐ,,15/12/2021,15/12/2024,,500,1000000000,Coupon,Cố định,Định kỳ - Cuối kỳ,Mua lại,,3.2,Hiệu lực,,OCB ,Công ty cổ phần,Tổ chức tín dụng
946,2021-12-20 00:00:00,HDB - NH TMCP Phát triển thành phố Hồ Chí Minh ( HDBANK),HDBL2123013,VNĐ,,15/12/2021,15/12/2023,,2000,1000000000,Coupon,Cố định,Định kỳ - Cuối kỳ,Mua lại,,3.2,Hiệu lực,,HDB ,Công ty cổ phần,Tổ chức tín dụng
947,2022-01-06 00:00:00,SVBC - Công ty cổ phần Sovico,SVBCH2124004,VNĐ,,15/12/2021,15/12/2026,,10000,100000000,Coupon,Cố định,Định kỳ - Cuối kỳ,Mua lại,,10.5,Hiệu lực,,SVBC ,Công ty cổ phần,"Thương mại, dịch vụ"
948,2021-12-17 00:00:00,MBB - NGÂN HÀNG TMCP QUÂN ĐỘI,MBBL2128016,VNĐ,,15/12/2021,15/12/2028,,39700,10000000,Coupon,Cố định,Định kỳ - Cuối kỳ,Mua lại,,7.1,Hiệu lực,,MBB ,Công ty cổ phần,Tổ chức tín dụng
949,2021-12-17 00:00:00,HDB - NH TMCP Phát triển thành phố Hồ Chí Minh ( HDBANK),HDBL2124012,VNĐ,,15/12/2021,15/12/2024,,2000,1000000000,Coupon,Cố định,Định kỳ - Cuối kỳ,Mua lại,,3.2,Hiệu lực,,HDB ,Công ty cổ phần,Tổ chức tín dụng
950,2022-01-11 00:00:00,SDIC - Công ty Cổ phần Đầu tư và Phát triển Sài Gòn,SDICB2124001,VNĐ,,15/12/2021,15/12/2024,,65746000,100000,Coupon,Kết hợp,Định kỳ - Cuối kỳ,Mua lại,,10.0,Hiệu lực,,SDIC ,Công ty cổ phần,Xây dựng
951,2022-02-24 00:00:00,UDIC - CÔNG TY CỔ PHẦN ĐẦU TƯ PHÁT TRIỂN ĐÔ THỊ VÀ KHU CÔNG NGHIỆP,UDICH2123001,VNĐ,,15/12/2021,15/06/2023,,1250,100000000,Coupon,Cố định,Định kỳ - Cuối kỳ,Mua lại,,10.5,Hiệu lực,,UDIC ,Công ty cổ phần,Lĩnh vực khác
952,2021-12-24 00:00:00,MSFC - Công ty Tài chính TNHH MB Shinsei,MSFCLH2123001,VNĐ,,15/12/2021,15/12/2023,,500,1000000000,Coupon,Cố định,Định kỳ - Cuối kỳ,,,6.3,Hiệu lực,,MSFC ,Công ty trách nhiệm hữu hạn,Tổ chức tín dụng
953,2021-12-28 00:00:00,LPB - Ngân hàng Thương mại Cổ phần Bưu Điện Liên Việt,LPBH2124015,VNĐ,,15/12/2021,15/12/2024,,1000,1000000000,Coupon,Cố định,Định kỳ - Cuối kỳ,Mua lại,,3.3,Hiệu lực,,LPB ,Công ty cổ phần,Tổ chức tín dụng
954,2022-03-28 00:00:00,CLAC - Công ty TNHH Đầu tư Cam Lâm,CLACH2124003,VNĐ,,16/12/2021,16/12/2024,,24000,10000000,Coupon,Cố định,Định kỳ - Cuối kỳ,Mua lại,,11.5,Hiệu lực,,CLAC ,Công ty trách nhiệm hữu hạn,Bất động sản
955,2022-03-24 00:00:00,BIDC - Công ty cổ phần BIDGROUP,BIDCH2124002,VNĐ,,16/12/2021,16/12/2024,,330,1000000000,Coupon,Kết hợp,Khác,Mua lại,,11.0,Hiệu lực,,BIDC ,Công ty cổ phần,Bất động sản
956,2021-12-22 00:00:00,HDB - NH TMCP Phát triển thành phố Hồ Chí Minh ( HDBANK),HDBL2124014,VNĐ,,16/12/2021,16/12/2024,,1500,1000000000,Coupon,Cố định,Định kỳ - Cuối kỳ,Mua lại,,3.2,Hiệu lực,,HDB ,Công ty cổ phần,Tổ chức tín dụng
957,2021-12-22 00:00:00,VIB - Ngân hàng TMCP Quốc tế Việt Nam,VIBL2124023,VNĐ,,16/12/2021,16/12/2024,,1500,1000000000,Coupon,Cố định,Định kỳ - Cuối kỳ,Mua lại,,2.0,Hiệu lực,,VIB ,Công ty cổ phần,Tổ chức tín dụng
958,2022-03-24 00:00:00,FHDC - Công ty Cổ phần Flamingo Holding Group,FHDCH2124001,VNĐ,,16/12/2021,16/12/2024,,6000,100000000,Coupon,Cố định,Định kỳ - Cuối kỳ,Mua lại,,11.0,Hiệu lực,,FHDC ,Công ty cổ phần,Bất động sản
959,2021-12-17 00:00:00,ABB - Ngân hàng TMCP An Bình (ABBANK),ABBL2123016,VNĐ,,16/12/2021,16/12/2023,,1000,1000000000,Coupon,Cố định,Định kỳ - Cuối kỳ,Mua lại,,2.8,Hiệu lực,,ABB ,Công ty cổ phần,Tổ chức tín dụng
960,2021-12-17 00:00:00,DL1 - CÔNG TY CP TẬP ĐOÀN ALPHA SEVEN,DL1H2122001,VNĐ,,16/12/2021,16/12/2022,,200000,1000000,Coupon,Cố định,Khác,Mua lại,,8.0,Hiệu lực,,DL1 ,Công ty cổ phần,Lĩnh vực khác
961,2021-12-23 00:00:00,PDR - CTCP PHÁT TRIỂN BẤT ĐỘNG SẢN PHÁT ĐẠT,PDRH2123009,VNĐ,,16/12/2021,16/12/2023,,1500,100000000,Coupon,Cố định,Định kỳ - Cuối kỳ,Mua lại,,12.0,Hiệu lực,,PDR ,Công ty cổ phần,Bất động sản
962,2021-12-24 00:00:00,SSB - Ngân hàng TMCP Đông Nam Á,SSBH2124015,VNĐ,,16/12/2021,16/12/2024,,1000,1000000000,Coupon,Cố định,Định kỳ - Cuối kỳ,Mua lại,,3.6,Hiệu lực,,SSB ,Công ty cổ phần,Tổ chức tín dụng
963,2021-12-23 00:00:00,VPB - NH TMCP VIỆT NAM THỊNH VƯỢNG,VPBL2124026,VNĐ,,16/12/2021,16/12/2024,,1000,1000000000,Coupon,Cố định,Định kỳ - Cuối kỳ,Mua lại,,2.4,Hiệu lực,,VPB ,Công ty cổ phần,Tổ chức tín dụng
964,2022-02-28 00:00:00,WTPC - CÔNG TY CỔ PHẦN CUNG ĐIỆN MÙA ĐÔNG,WTPCH2125003,VNĐ,,16/12/2021,16/12/2025,,32300000,100000,Coupon,Cố định,Định kỳ - Cuối kỳ,Mua lại,,11.0,Hết hiệu lực,,WTPC ,Công ty cổ phần,Bất động sản
965,2022-08-19 00:00:00,BVB - NGÂN HÀNG TMCP BẢN VIỆT,BVBH2124005,VNĐ,,17/12/2021,17/12/2024,,1000,1000000000,Coupon,Cố định,Định kỳ - Cuối kỳ,Mua lại,,6.0,Hiệu lực,,BVB ,Công ty cổ phần,Tổ chức tín dụng
966,2021-12-29 00:00:00,MBB - NGÂN HÀNG TMCP QUÂN ĐỘI,MBBL2128018,VNĐ,,17/12/2021,17/12/2028,,40000,10000000,Coupon,Cố định,Định kỳ - Cuối kỳ,Mua lại,,7.1,Hiệu lực,,MBB ,Công ty cổ phần,Tổ chức tín dụng
967,2022-01-14 00:00:00,DPHC - Công ty Cổ phần Đại Phú Hòa,DPHCB2124001,VNĐ,,17/12/2021,17/12/2024,,35600000,100000,Coupon,Kết hợp,Định kỳ - Cuối kỳ,Mua lại,,10.67,Hiệu lực,,DPHC ,Công ty cổ phần,Bất động sản
968,2021-12-24 00:00:00,BVB - NGÂN HÀNG TMCP BẢN VIỆT,BVBLH2124005,VNĐ,,17/12/2021,17/12/2024,,1000,1000000000,Coupon,Cố định,Định kỳ - Cuối kỳ,Mua lại,,6.0,Hết hiệu lực,,BVB ,Công ty cổ phần,Tổ chức tín dụng
969,2021-12-22 00:00:00,HDB - NH TMCP Phát triển thành phố Hồ Chí Minh ( HDBANK),HDBL2125015,VNĐ,,17/12/2021,17/12/2025,,600,1000000000,Coupon,Cố định,Định kỳ - Cuối kỳ,Mua lại,,3.8,Hiệu lực,,HDB ,Công ty cổ phần,Tổ chức tín dụng
970,2021-12-28 00:00:00,BHVC - CÔNG TY CỔ PHẦN BÁCH HƯNG VƯƠNG,BHVCB2122001,VNĐ,,17/12/2021,17/12/2022,,29800000,100000,Coupon,Kết hợp,Một lần khi đến hạn,Mua lại,,10.0,Hiệu lực,,BHVC ,Công ty cổ phần,Bất động sản
971,2021-12-28 00:00:00,SVLC - Công ty Cổ phần Đầu tư Sun Valley,SVLCB2125001,VNĐ,,17/12/2021,17/12/2025,,35600000,100000,Coupon,Kết hợp,Định kỳ - Cuối kỳ,Mua lại,,10.75,Hiệu lực,,SVLC ,Công ty cổ phần,Bất động sản
972,2022-04-18 00:00:00,PHIC - Công ty TNHH Đầu tư Phúc Hậu,PHICH2124001,VNĐ,,17/12/2021,17/12/2024,,40000,10000000,Coupon,Cố định,Định kỳ - Cuối kỳ,Mua lại,,11.5,Hiệu lực,,PHIC ,Công ty trách nhiệm hữu hạn,Bất động sản
973,2022-01-12 00:00:00,BJCC - CÔNG TY CỔ PHẦN ĐẦU TƯ THƯƠNG MẠI BRIGHT JUPITER,BJCCH2124002,VNĐ,,17/12/2021,17/12/2024,,4850000,100000,Coupon,Kết hợp,Định kỳ - Cuối kỳ,Mua lại,,11.0,Hiệu lực,,BJCC ,Công ty cổ phần,Bất động sản
974,2021-12-30 00:00:00,MBB - NGÂN HÀNG TMCP QUÂN ĐỘI,MBBL2128019,VNĐ,,18/12/2021,18/12/2028,,29900,10000000,Coupon,Cố định,Định kỳ - Cuối kỳ,Mua lại,,7.1,Hiệu lực,,MBB ,Công ty cổ phần,Tổ chức tín dụng
975,2021-12-23 00:00:00,VPB - NH TMCP VIỆT NAM THỊNH VƯỢNG,VPBL2124027,VNĐ,,20/12/2021,20/12/2024,,300,1000000000,Coupon,Cố định,Định kỳ - Cuối kỳ,Mua lại,,2.4,Hiệu lực,,VPB ,Công ty cổ phần,Tổ chức tín dụng
976,2021-12-30 00:00:00,MBB - NGÂN HÀNG TMCP QUÂN ĐỘI,MBBL2128020,VNĐ,,20/12/2021,,,0,10000000,Coupon,Cố định,Định kỳ - Cuối kỳ,Mua lại,,7.1,Hiệu lực,,MBB ,Công ty cổ phần,Tổ chức tín dụng
977,2021-12-21 00:00:00,GMEC - Công ty cổ phần Truyền thông và Giải trí Galaxy,GMECH2123008,VNĐ,,20/12/2021,20/12/2025,,250000,100000,Coupon,Cố định,Định kỳ - Cuối kỳ,Mua lại,,12.0,Hiệu lực,,GMEC ,Công ty cổ phần,"Thương mại, dịch vụ"
978,2022-02-11 00:00:00,AGG - CÔNG TY CỔ PHẦN ĐẦU TƯ VÀ PHÁT TRIỂN BÁT ĐỘNG SẢN AN GIA,AGGH2122001,VNĐ,,20/12/2021,20/12/2022,,3000,100000000,Coupon,Cố định,Định kỳ - Cuối kỳ,Mua lại,,11.0,Hiệu lực,,AGG ,Công ty cổ phần,Bất động sản
979,2022-01-28 00:00:00,DAKC - Công ty Liên doanh TNHH Phát triển đô thị mới An Khánh,DAKCH2124002,VNĐ,,20/12/2021,20/12/2024,,10000,100000000,Coupon,Cố định,Định kỳ - Cuối kỳ,Mua lại,,11.0,Hiệu lực,,DAKC ,Công ty trách nhiệm hữu hạn,Bất động sản
980,2021-12-24 00:00:00,ACB - Ngân hàng TMCP Á Châu,ACBH2122015,VNĐ,,20/12/2021,20/12/2022,,1000,1000000000,Coupon,Cố định,Định kỳ - Cuối kỳ,Mua lại,,2.45,Hiệu lực,,ACB ,Công ty cổ phần,Tổ chức tín dụng
981,2021-12-30 00:00:00,SHB - Ngân hàng TMCP Sài Gòn - Hà Nội,SHBH2123017,VNĐ,,20/12/2021,20/12/2023,,1000,1000000000,Coupon,Cố định,Định kỳ - Cuối kỳ,Mua lại,,3.8,Hiệu lực,,SHB ,Công ty cổ phần,Tổ chức tín dụng
982,2022-03-18 00:00:00,XTCC - CTCP Xi măng Xuân Thành,XTCCH2136002,VNĐ,,20/12/2021,02/06/2036,,4400,100000000,Coupon,Kết hợp,Định kỳ - Cuối kỳ,Mua lại,,10.5,Hiệu lực,,XTCC ,Công ty cổ phần,Sản xuất
983,2021-12-24 00:00:00,VBB - Ngân hàng Thương mại Cổ phần Việt Nam Thương Tín,VBBL2128006,VNĐ,,20/12/2021,20/12/2028,,20000,10000000,Coupon,Thả nổi,Định kỳ - Cuối kỳ,Mua lại,,8.03,Hiệu lực,,VBB ,Công ty cổ phần,Tổ chức tín dụng
984,2022-01-04 00:00:00,IPA - CTCP Tập đoàn Đầu tư I.P.A,IPAH2124003,VNĐ,,20/12/2021,20/12/2024,,10000000,100000,Coupon,Cố định,Định kỳ - Cuối kỳ,Mua lại,,9.5,Hiệu lực,,IPA ,Công ty cổ phần,Lĩnh vực khác
985,2021-12-23 00:00:00,VPB - NH TMCP VIỆT NAM THỊNH VƯỢNG,VPBL2124028,VNĐ,,21/12/2021,21/12/2024,,2500,1000000000,Coupon,Cố định,Định kỳ - Cuối kỳ,Mua lại,,2.4,Hiệu lực,,VPB ,Công ty cổ phần,Tổ chức tín dụng
986,2021-12-23 00:00:00,VTR - CTCP DU LỊCH VÀ TIẾP THỊ GIAO THÔNG VẬN TẢI VIỆT NAM - VIETRAVEL,VTRH2123001,VNĐ,,21/12/2021,21/12/2023,,500000,1000000,Coupon,Kết hợp,Định kỳ - Cuối kỳ,Mua lại,,8.2,Hiệu lực,,VTR ,Công ty cổ phần,Lĩnh vực khác
987,2022-01-06 00:00:00,BSI - Công ty Cổ phần Chứng khoán Ngân hàng Đầu tư và Phát triển Việt Nam,BSIH2122004,VNĐ,,21/12/2021,21/12/2022,,1489000,100000,Coupon,Cố định,Định kỳ - Cuối kỳ,Mua lại,,7.8,Hiệu lực,,BSI ,Công ty cổ phần,Kinh doanh chứng khoán
988,2022-01-12 00:00:00,SVBC - Công ty cổ phần Sovico,SVBCH2124005,VNĐ,,21/12/2021,21/12/2026,,10000,100000000,Coupon,Cố định,Định kỳ - Cuối kỳ,Mua lại,,10.5,Hiệu lực,,SVBC ,Công ty cổ phần,"Thương mại, dịch vụ"
989,2021-12-24 00:00:00,VIB - Ngân hàng TMCP Quốc tế Việt Nam,VIBL2124024,VNĐ,,21/12/2021,21/12/2024,,1000,1000000000,Coupon,Cố định,Định kỳ - Cuối kỳ,Mua lại,,3.15,Hiệu lực,,VIB ,Công ty cổ phần,Tổ chức tín dụng
990,2021-12-30 00:00:00,MBB - NGÂN HÀNG TMCP QUÂN ĐỘI,MBBL2128021,VNĐ,,21/12/2021,21/12/2028,,2000,10000000,Coupon,Cố định,Định kỳ - Cuối kỳ,Mua lại,,7.1,Hiệu lực,,MBB ,Công ty cổ phần,Tổ chức tín dụng
991,2022-07-26 00:00:00,GLTC - CTCP ĐẦU TƯ VÀ KINH DOANH GOLF LONG THÀNH,GLTCH2124001,VNĐ,,21/12/2021,21/12/2024,,10000000,100000,Coupon,Kết hợp,Định kỳ - Cuối kỳ,Mua lại,,9.5,Hiệu lực,,GLTC ,Công ty cổ phần,"Thương mại, dịch vụ"
992,2021-12-30 00:00:00,SHB - Ngân hàng TMCP Sài Gòn - Hà Nội,SHBH2123018,VNĐ,,21/12/2021,21/12/2023,,500,1000000000,Coupon,Cố định,Định kỳ - Cuối kỳ,Mua lại,,3.8,Hiệu lực,,SHB ,Công ty cổ phần,Tổ chức tín dụng
993,2022-01-04 00:00:00,LPB - Ngân hàng Thương mại Cổ phần Bưu Điện Liên Việt,LPBH2124016,VNĐ,,21/12/2021,21/12/2024,,990,1000000000,Coupon,Cố định,Định kỳ - Cuối kỳ,Mua lại,,3.3,Hiệu lực,,LPB ,Công ty cổ phần,Tổ chức tín dụng
994,2021-12-28 00:00:00,VBAC - Ngân hàng Nông nghiệp và Phát triển Nông thôn Việt Nam,VBACLH2128007,VNĐ,,22/12/2021,22/12/2028,,6000,100000000,Coupon,Thả nổi,Định kỳ - Cuối kỳ,Mua lại,,6.63,Hiệu lực,,VBAC ,Công ty trách nhiệm hữu hạn,Tổ chức tín dụng
995,2022-03-28 00:00:00,YTWC - Công ty cổ phần Phong điện Yang Trung,YTWCH2125005,VNĐ,,22/12/2021,22/09/2025,,260000,1000000,Coupon,Kết hợp,Định kỳ - Cuối kỳ,Mua lại,,10.75,Hiệu lực,,YTWC ,Công ty cổ phần,Sản xuất
996,2021-12-30 00:00:00,WPCC - CÔNG TY CỔ PHẦN WEALTH POWER,WPCCB2122001,VNĐ,,22/12/2021,22/12/2022,,28800000,100000,Coupon,Kết hợp,Một lần khi đến hạn,Mua lại,,10.0,Hiệu lực,,WPCC ,Công ty cổ phần,Bất động sản
997,2022-03-17 00:00:00,KHG - CTCP Tập Đoàn KHẢI HOÀN LAND,KHGH2123002,VNĐ,,22/12/2021,22/06/2024,,300000,1000000,Coupon,Cố định,Định kỳ - Cuối kỳ,,,13.5,Hiệu lực,,KHG ,Công ty cổ phần,Bất động sản
998,2021-12-30 00:00:00,MBB - NGÂN HÀNG TMCP QUÂN ĐỘI,MBBL2128017,VNĐ,,22/12/2021,22/12/2028,,30000,10000000,Coupon,Thả nổi,Định kỳ - Cuối kỳ,Mua lại,,7.03,Hiệu lực,,MBB ,Công ty cổ phần,Tổ chức tín dụng
999,2021-12-29 00:00:00,BVS - Công ty Cổ phần Chứng khoán Bảo Việt,BVSH2123001,VNĐ,,22/12/2021,22/12/2023,,1000000,100000,Coupon,Thả nổi,Định kỳ - Cuối kỳ,Mua lại,,4.0,Hiệu lực,,BVS ,Công ty cổ phần,Kinh doanh chứng khoán
1000,2021-12-28 00:00:00,HDB - NH TMCP Phát triển thành phố Hồ Chí Minh ( HDBANK),HDBL2125017,VNĐ,,22/12/2021,22/12/2025,,600,1000000000,Coupon,Cố định,Định kỳ - Cuối kỳ,Mua lại,,3.8,Hiệu lực,,HDB ,Công ty cổ phần,Tổ chức tín dụng
1001,2021-12-24 00:00:00,VIB - Ngân hàng TMCP Quốc tế Việt Nam,VIBL2124025,VNĐ,,22/12/2021,22/12/2024,,1000,1000000000,Coupon,Cố định,Định kỳ - Cuối kỳ,Mua lại,,3.15,Hiệu lực,,VIB ,Công ty cổ phần,Tổ chức tín dụng
1002,2022-03-28 00:00:00,YTWC - Công ty cổ phần Phong điện Yang Trung,YTWCH2124004,VNĐ,,22/12/2021,22/09/2024,,30000,1000000,Coupon,Kết hợp,Định kỳ - Cuối kỳ,Mua lại,,10.75,Hiệu lực,,YTWC ,Công ty cổ phần,Sản xuất
1003,2021-12-28 00:00:00,HDB - NH TMCP Phát triển thành phố Hồ Chí Minh ( HDBANK),HDBL2124016,VNĐ,,22/12/2021,22/12/2024,,1000,1000000000,Coupon,Cố định,Định kỳ - Cuối kỳ,Mua lại,,3.2,Hiệu lực,,HDB ,Công ty cổ phần,Tổ chức tín dụng
1004,2022-01-12 00:00:00,VC2 - Công ty Cổ phần Đầu tư và Xây dựng Vina2,VC2H2124002,VNĐ,,22/12/2021,22/12/2024,,1100,100000000,Coupon,Kết hợp,Định kỳ - Cuối kỳ,Mua lại,,11.5,Hiệu lực,,VC2 ,Công ty cổ phần,Xây dựng
1005,2022-03-28 00:00:00,YTWC - Công ty cổ phần Phong điện Yang Trung,YTWCH2126006,VNĐ,,22/12/2021,22/09/2026,,260000,1000000,Coupon,Kết hợp,Định kỳ - Cuối kỳ,Mua lại,,10.75,Hiệu lực,,YTWC ,Công ty cổ phần,Sản xuất
1006,2021-12-23 00:00:00,VPB - NH TMCP VIỆT NAM THỊNH VƯỢNG,VPBL2124029,VNĐ,,22/12/2021,22/12/2024,,2500,1000000000,Coupon,Cố định,Định kỳ - Cuối kỳ,Mua lại,,2.4,Hiệu lực,,VPB ,Công ty cổ phần,Tổ chức tín dụng
1007,2022-02-09 00:00:00,H39C - Công ty Cổ phần Hưng Thịnh Investment,H39CH2123004,VNĐ,,22/12/2021,22/12/2023,,6000000,100000,Coupon,Kết hợp,Định kỳ - Cuối kỳ,Mua lại,,11.0,Hiệu lực,,H39C ,Công ty cổ phần,Bất động sản
1008,2022-04-01 00:00:00,SSB - Ngân hàng TMCP Đông Nam Á,SSBH2124016,VNĐ,,22/12/2021,22/12/2024,,1000,1000000000,Coupon,Cố định,Định kỳ - Cuối kỳ,Mua lại,,3.7,Hiệu lực,,SSB ,Công ty cổ phần,Tổ chức tín dụng
1009,2022-03-30 00:00:00,SBPC - Công ty Cổ phần Sunbay Ninh Thuận,SBPCB2124001,VNĐ,,23/12/2021,23/12/2024,,1000,100000,Coupon,Kết hợp,Định kỳ - Cuối kỳ,Mua lại,,9.5,Hiệu lực,,SBPC ,Công ty cổ phần,Lĩnh vực khác
1010,2021-12-31 00:00:00,SHB - Ngân hàng TMCP Sài Gòn - Hà Nội,SHBH2123019,VNĐ,,23/12/2021,23/12/2023,,500,1000000000,Coupon,Cố định,Định kỳ - Cuối kỳ,Mua lại,,3.8,Hiệu lực,,SHB ,Công ty cổ phần,Tổ chức tín dụng
1011,2022-01-04 00:00:00,MBB - NGÂN HÀNG TMCP QUÂN ĐỘI,MBBL2128022,VNĐ,,23/12/2021,,,0,10000000,Coupon,Cố định,Định kỳ - Cuối kỳ,Mua lại,,7.1,Hiệu lực,,MBB ,Công ty cổ phần,Tổ chức tín dụng
1012,2021-12-31 00:00:00,VCB - NGÂN HÀNG TMCP NGOẠI THƯƠNG VIỆT NAM,VCBH2131008,VNĐ,,23/12/2021,23/12/2031,,300,1000000000,Coupon,Cố định,Định kỳ - Cuối kỳ,Mua lại,,6.7,Hiệu lực,,VCB ,Công ty cổ phần,Tổ chức tín dụng
1013,2022-03-30 00:00:00,SBPC - Công ty Cổ phần Sunbay Ninh Thuận,SBPCB2124002,VNĐ,,23/12/2021,23/12/2024,,7999000,100000,Coupon,Kết hợp,Định kỳ - Cuối kỳ,Mua lại,,9.5,Hiệu lực,,SBPC ,Công ty cổ phần,Lĩnh vực khác
1014,2022-01-14 00:00:00,GEX - Công ty cổ phần Tập đoàn Gelex,GEXH2124002,VNĐ,,23/12/2021,23/12/2024,,10000,100000000,Coupon,Cố định,Định kỳ - Cuối kỳ,Mua lại,,8.5,Hiệu lực,,GEX ,Công ty cổ phần,Sản xuất
1015,2021-12-30 00:00:00,MSFC - Công ty Tài chính TNHH MB Shinsei,MSFCLH2123002,VNĐ,,23/12/2021,23/06/2023,,450,1000000000,Coupon,Cố định,Định kỳ - Cuối kỳ,,,5.8,Hiệu lực,,MSFC ,Công ty trách nhiệm hữu hạn,Tổ chức tín dụng
1016,2021-12-24 00:00:00,VIB - Ngân hàng TMCP Quốc tế Việt Nam,VIBL2124026,VNĐ,,23/12/2021,23/12/2024,,1000,1000000000,Coupon,Cố định,Định kỳ - Cuối kỳ,Mua lại,,3.15,Hiệu lực,,VIB ,Công ty cổ phần,Tổ chức tín dụng
1017,2022-03-21 00:00:00,PDR - CTCP PHÁT TRIỂN BẤT ĐỘNG SẢN PHÁT ĐẠT,PDRH2123010,VNĐ,,23/12/2021,23/12/2023,,5000,100000000,Coupon,Cố định,Định kỳ - Cuối kỳ,Mua lại,,12.0,Hiệu lực,,PDR ,Công ty cổ phần,Bất động sản
1018,2022-03-29 00:00:00,TCSC - CTCP chứng khoán Kỹ thương,TCSCH2124015,VNĐ,,23/12/2021,23/12/2024,,4977337,100000,Coupon,Kết hợp,Định kỳ - Cuối kỳ,Mua lại,,7.5,Hiệu lực,,TCSC ,Công ty cổ phần,Kinh doanh chứng khoán
1019,2021-12-28 00:00:00,BIZC - CÔNG TY CỔ PHẦN KHU CÔNG NGHIỆP THÀNH THÀNH CÔNG,BIZCH2124003,VNĐ,,23/12/2021,15/10/2024,,1380000,100000,Coupon,Kết hợp,Khác,Mua lại,,9.5,Hiệu lực,,BIZC ,Công ty cổ phần,Bất động sản
1020,2022-03-09 00:00:00,VDS - Công ty Cổ phần Chứng khoán Rồng Việt,VDSH2122011,VNĐ,,24/12/2021,24/12/2022,,349350,1000000,Coupon,Cố định,Định kỳ - Cuối kỳ,Mua lại,,9.3,Hiệu lực,,VDS ,Công ty cổ phần,Kinh doanh chứng khoán
1021,2022-09-14 00:00:00,HPX - CÔNG TY CỔ PHẦN ĐẦU TƯ HẢI PHÁT,HPXH2123011,VNĐ,,24/12/2021,24/12/2023,,4500000,100000,Coupon,Cố định,Định kỳ - Cuối kỳ,Mua lại,,10.0,Hiệu lực,,HPX ,Công ty cổ phần,Bất động sản
1022,2021-12-28 00:00:00,VPRC - CÔNG TY CỔ PHẦN VINAPRINT,VPRCH2124001,VNĐ,,24/12/2021,24/12/2024,,2000,100000000,Coupon,Kết hợp,Định kỳ - Cuối kỳ,Mua lại,,11.0,Hiệu lực,,VPRC ,Công ty cổ phần,"Thương mại, dịch vụ"
1023,2022-03-28 00:00:00,PHDC - CÔNG TY TNHH ĐIỆN GIÓ PHƯỚC HỮU - DUYÊN HẢI 1,PHDCH2136015,VNĐ,,24/12/2021,24/09/2036,,100000,1000000,Coupon,Kết hợp,Định kỳ - Cuối kỳ,Mua lại,,10.75,Hiệu lực,,PHDC ,Công ty trách nhiệm hữu hạn,Sản xuất
1024,2022-01-04 00:00:00,BAB - Ngân hàng Thương Mại Cổ Phần Bắc Á,BABL2128004,VNĐ,,24/12/2021,24/12/2028,,200,1000000000,Coupon,Thả nổi,Định kỳ - Cuối kỳ,Mua lại,,7.52,Hiệu lực,,BAB ,Công ty cổ phần,Tổ chức tín dụng
1025,2022-03-28 00:00:00,PHDC - CÔNG TY TNHH ĐIỆN GIÓ PHƯỚC HỮU - DUYÊN HẢI 1,PHDCH2137016,VNĐ,,24/12/2021,24/09/2037,,100000,1000000,Coupon,Kết hợp,Định kỳ - Cuối kỳ,Mua lại,,10.75,Hiệu lực,,PHDC ,Công ty trách nhiệm hữu hạn,Sản xuất
1026,2022-03-28 00:00:00,HD2C - CÔNG TY TNHH ĐIỆN GIÓ HÒA ĐÔNG 2,HD2CH2134013,VNĐ,,24/12/2021,24/09/2034,,240000,1000000,Coupon,Kết hợp,Định kỳ - Cuối kỳ,Mua lại,,10.75,Hiệu lực,,HD2C ,Công ty trách nhiệm hữu hạn,Sản xuất
1027,2022-03-28 00:00:00,PHDC - CÔNG TY TNHH ĐIỆN GIÓ PHƯỚC HỮU - DUYÊN HẢI 1,PHDCH2135014,VNĐ,,24/12/2021,24/09/2035,,100000,1000000,Coupon,Kết hợp,Định kỳ - Cuối kỳ,Mua lại,,10.75,Hiệu lực,,PHDC ,Công ty trách nhiệm hữu hạn,Sản xuất
1028,2022-03-28 00:00:00,HD2C - CÔNG TY TNHH ĐIỆN GIÓ HÒA ĐÔNG 2,HD2CH2138017,VNĐ,,24/12/2021,24/09/2038,,175000,1000000,Coupon,Kết hợp,Định kỳ - Cuối kỳ,Mua lại,,10.75,Hiệu lực,,HD2C ,Công ty trách nhiệm hữu hạn,Sản xuất
1029,2022-01-19 00:00:00,HPX - CÔNG TY CỔ PHẦN ĐẦU TƯ HẢI PHÁT,HPXH2122011,VNĐ,,24/12/2021,24/12/2022,,4500000,100000,Coupon,Cố định,Định kỳ - Cuối kỳ,Mua lại,,10.0,Hết hiệu lực,,HPX ,Công ty cổ phần,Bất động sản
1030,2022-01-04 00:00:00,MBB - NGÂN HÀNG TMCP QUÂN ĐỘI,MBBL2128023,VNĐ,,24/12/2021,,,0,10000000,Coupon,Cố định,Định kỳ - Cuối kỳ,Mua lại,,7.1,Hiệu lực,,MBB ,Công ty cổ phần,Tổ chức tín dụng
1031,2022-03-25 00:00:00,CLWC - CÔNG TY CỔ PHẦN PHONG ĐIỆN CHƠ LONG,CLWCH2124004,VNĐ,,24/12/2021,16/09/2024,,180000,1000000,Coupon,Kết hợp,Định kỳ - Cuối kỳ,Mua lại,,10.75,Hiệu lực,,CLWC ,Công ty cổ phần,Năng lượng
1032,2022-03-25 00:00:00,CLWC - CÔNG TY CỔ PHẦN PHONG ĐIỆN CHƠ LONG,CLWCH2126005,VNĐ,,24/12/2021,16/09/2026,,340000,1000000,Coupon,Kết hợp,Định kỳ - Cuối kỳ,Mua lại,,10.75,Hiệu lực,,CLWC ,Công ty cổ phần,Năng lượng
1033,2022-02-21 00:00:00,NVL - CTCP TẬP ĐOÀN ĐẦU TƯ ĐỊA ỐC NO VA,NVLH2122015,VNĐ,,24/12/2021,24/12/2022,,10000,100000000,Coupon,Cố định,Định kỳ - Cuối kỳ,Mua lại,,10.0,Hiệu lực,,NVL ,Công ty cổ phần,Bất động sản
1034,2023-10-17 00:00:00,CLWC - CÔNG TY CỔ PHẦN PHONG ĐIỆN CHƠ LONG,CLWCH2127006,VNĐ,,24/12/2021,16/09/2027,,380000,1000000,Coupon,Kết hợp,Định kỳ - Cuối kỳ,Mua lại,,10.75,Hiệu lực,,CLWC ,Công ty cổ phần,Năng lượng
1035,2022-02-18 00:00:00,F88C - Công ty cổ phần kinh doanh F88,F88CH2123012,VNĐ,,24/12/2021,24/06/2023,,2500,100000000,Coupon,Cố định,Định kỳ - Cuối kỳ,Mua lại,,11.5,Hiệu lực,,F88C ,Công ty cổ phần,"Thương mại, dịch vụ"
1036,2022-03-28 00:00:00,HD2C - CÔNG TY TNHH ĐIỆN GIÓ HÒA ĐÔNG 2,HD2CH2136015,VNĐ,,24/12/2021,24/09/2036,,250000,1000000,Coupon,Kết hợp,Định kỳ - Cuối kỳ,Mua lại,,10.75,Hiệu lực,,HD2C ,Công ty trách nhiệm hữu hạn,Sản xuất
1037,2022-03-28 00:00:00,HD2C - CÔNG TY TNHH ĐIỆN GIÓ HÒA ĐÔNG 2,HD2CH2133012,VNĐ,,24/12/2021,24/09/2033,,200000,1000000,Coupon,Kết hợp,Định kỳ - Cuối kỳ,Mua lại,,10.75,Hiệu lực,,HD2C ,Công ty trách nhiệm hữu hạn,Sản xuất
1038,2022-03-28 00:00:00,HD2C - CÔNG TY TNHH ĐIỆN GIÓ HÒA ĐÔNG 2,HD2CH2135014,VNĐ,,24/12/2021,24/09/2035,,250000,1000000,Coupon,Kết hợp,Định kỳ - Cuối kỳ,Mua lại,,10.75,Hiệu lực,,HD2C ,Công ty trách nhiệm hữu hạn,Sản xuất
1039,2022-03-28 00:00:00,HD2C - CÔNG TY TNHH ĐIỆN GIÓ HÒA ĐÔNG 2,HD2CH2137016,VNĐ,,24/12/2021,24/09/2037,,250000,1000000,Coupon,Kết hợp,Định kỳ - Cuối kỳ,Mua lại,,10.75,Hiệu lực,,HD2C ,Công ty trách nhiệm hữu hạn,Sản xuất
1040,2022-01-04 00:00:00,MBB - NGÂN HÀNG TMCP QUÂN ĐỘI,MBBL2128024,VNĐ,,25/12/2021,,,0,10000000,Coupon,Cố định,Định kỳ - Cuối kỳ,Mua lại,,7.1,Hiệu lực,,MBB ,Công ty cổ phần,Tổ chức tín dụng
1041,2022-01-21 00:00:00,TNPC - CÔNG TY CỔ PHẦN NĂNG LƯỢNG TNPOWER,TNPCH2128002,VNĐ,,27/12/2021,27/12/2028,,50000,10000000,Coupon,Cố định,Một lần khi đến hạn,,,10.0,Hiệu lực,,TNPC ,Công ty cổ phần,Năng lượng
1042,2022-03-16 00:00:00,VIFC - CTCP SẢN XUẤT VÀ KINH DOANH VINFAST,VIFCB2124004,VNĐ,,27/12/2021,27/12/2024,,50000000,100000,Coupon,Kết hợp,Định kỳ - Cuối kỳ,Mua lại,,9.25,Hiệu lực,,VIFC ,Công ty cổ phần,Sản xuất
1043,2022-01-07 00:00:00,LPB - Ngân hàng Thương mại Cổ phần Bưu Điện Liên Việt,LPBH2124017,VNĐ,,27/12/2021,27/12/2024,,1100,1000000000,Coupon,Cố định,Định kỳ - Cuối kỳ,Mua lại,,2.9,Hiệu lực,,LPB ,Công ty cổ phần,Tổ chức tín dụng
1044,2022-04-08 00:00:00,TQSC - Công ty TNHH Tư vấn & Quản lý Smart Invest,TQSCH2131001,VNĐ,,27/12/2021,27/12/2031,,376800,1000000,Coupon,Cố định,Định kỳ - Cuối kỳ,Mua lại,,10.5,Hiệu lực,,TQSC ,Công ty trách nhiệm hữu hạn,"Thương mại, dịch vụ"
1045,2022-03-28 00:00:00,XTCC - CTCP Xi măng Xuân Thành,XTCCH2136001,VNĐ,,27/12/2021,02/06/2036,,3000,100000000,Coupon,Kết hợp,Định kỳ - Cuối kỳ,Mua lại,,10.5,Hiệu lực,,XTCC ,Công ty cổ phần,Sản xuất
1046,2022-01-12 00:00:00,SPJC - Công ty cổ phần Sài Gòn Phú Minh,SPJCH2126002,VNĐ,,27/12/2021,27/12/2026,,533,100000000,Coupon,Kết hợp,Định kỳ - Cuối kỳ,Mua lại,,11.25,Hiệu lực,,SPJC ,Công ty cổ phần,Bất động sản
1047,2022-03-29 00:00:00,SPCC - Công ty cổ phần Sapphire Coast,SPCCH2124001,VNĐ,,27/12/2021,27/12/2024,,7066,100000000,Coupon,Cố định,Định kỳ - Cuối kỳ,Mua lại,,10.5,Hiệu lực,,SPCC ,Công ty cổ phần,Bất động sản
1048,2022-02-24 00:00:00,TVSC - Công ty cổ phần Điện Mặt Trời Trung Nam Trà Vinh,TVSCH2123001,VNĐ,,27/12/2021,27/12/2023,,400000,1000000,Coupon,Cố định,Định kỳ - Cuối kỳ,Mua lại,,10.0,Hiệu lực,,TVSC ,Công ty cổ phần,Sản xuất
1049,2022-01-05 00:00:00,HDB - NH TMCP Phát triển thành phố Hồ Chí Minh ( HDBANK),HDBL2128018,VNĐ,,27/12/2021,27/12/2028,,50000,10000000,Coupon,Thả nổi,Định kỳ - Cuối kỳ,Mua lại,,7.52,Hiệu lực,,HDB ,Công ty cổ phần,Tổ chức tín dụng
1050,2022-04-04 00:00:00,PAMC - Công ty TNHH MTV Quản lý Nợ và Khai thác Tài sản Ngân hàng TMCP Đại chúng Việt Nam,PAMCH2123001,VNĐ,,27/12/2021,27/06/2023,,1000,100000000,Coupon,Thả nổi,Định kỳ - Cuối kỳ,Mua lại; None,,10.5,Hiệu lực,,PAMC ,Công ty trách nhiệm hữu hạn,"Thương mại, dịch vụ"
1051,2021-12-31 00:00:00,VIB - Ngân hàng TMCP Quốc tế Việt Nam,VIBL2128027,VNĐ,,27/12/2021,27/12/2028,,100000,10000000,Coupon,Thả nổi,Định kỳ - Cuối kỳ,Mua lại,,7.32,Hiệu lực,,VIB ,Công ty cổ phần,Tổ chức tín dụng
1052,2022-06-28 00:00:00,VJC - CÔNG TY CỔ PHẦN HÀNG KHÔNG VIETJET,VJCH2124007,VNĐ,,27/12/2021,27/12/2024,,30000000,100000,Coupon,Kết hợp,Định kỳ - Cuối kỳ,Mua lại,,9.5,Hiệu lực,,VJC ,Công ty cổ phần,Bất động sản
1053,2022-03-24 00:00:00,CPSC - CÔNG TY TNHH MẶT TRỜI CẨM PHẢ,CPSCB2124003,VNĐ,,28/12/2021,28/12/2024,,100000,100000,Coupon,Kết hợp,Định kỳ - Cuối kỳ,Mua lại,,8.0,Hiệu lực,,CPSC ,Công ty trách nhiệm hữu hạn,Lĩnh vực khác
1054,2022-03-30 00:00:00,RHGC - Công ty cổ phần Tập đoàn R&H,RHGCH2124006,VNĐ,,28/12/2021,28/12/2026,,20000000,100000,Coupon,Kết hợp,Định kỳ - Đầu kỳ,Mua lại,,11.0,Hiệu lực,,RHGC ,Công ty cổ phần,Bất động sản
1055,2022-03-29 00:00:00,TCSC - CTCP chứng khoán Kỹ thương,TCSCH2123016,VNĐ,,28/12/2021,28/12/2023,,200020,100000,Coupon,Cố định,Định kỳ - Cuối kỳ,Mua lại,,7.5,Hiệu lực,,TCSC ,Công ty cổ phần,Kinh doanh chứng khoán
1056,2022-03-30 00:00:00,H79C - CTCP HƯNG THỊNH LAND,H79CH2123022,VNĐ,,28/12/2021,28/12/2023,,4000000,100000,Coupon,Kết hợp,Định kỳ - Cuối kỳ,Mua lại,,10.3,Hiệu lực,,H79C ,Công ty cổ phần,Bất động sản
1057,2021-12-29 00:00:00,VPB - NH TMCP VIỆT NAM THỊNH VƯỢNG,VPBL2124030,VNĐ,,28/12/2021,28/12/2024,,2000,1000000000,Coupon,Cố định,Định kỳ - Cuối kỳ,Mua lại,,2.4,Hiệu lực,,VPB ,Công ty cổ phần,Tổ chức tín dụng
1058,2022-04-06 00:00:00,TTCC - CTCP đầu tư Thành Thành Công,TTCCH2125004,VNĐ,,28/12/2021,28/12/2025,,120000,1000000,Coupon,Kết hợp,Khác,Mua lại,,7.25,Hiệu lực,,TTCC ,Công ty cổ phần,Lĩnh vực khác
1059,2022-04-06 00:00:00,FLC - Công ty cổ phần tập đoàn FLC,FLCH2123003,VNĐ,,28/12/2021,28/12/2023,,115000,10000000,Coupon,Cố định,Định kỳ - Cuối kỳ,Mua lại,,12.0,Hiệu lực,,FLC ,Công ty cổ phần,Bất động sản
1060,2022-01-27 00:00:00,VIFC - CTCP SẢN XUẤT VÀ KINH DOANH VINFAST,VIFCB2124003,VNĐ,,28/12/2021,28/12/2024,,15000000,100000,Coupon,Kết hợp,Định kỳ - Cuối kỳ,Mua lại,,9.0,Hiệu lực,,VIFC ,Công ty cổ phần,Sản xuất
1061,2021-12-31 00:00:00,DL1 - CÔNG TY CP TẬP ĐOÀN ALPHA SEVEN,DL1H2122002,VNĐ,,28/12/2021,28/12/2022,,200000,1000000,Coupon,Cố định,Khác,Mua lại,,8.0,Hiệu lực,,DL1 ,Công ty cổ phần,Lĩnh vực khác
1062,2022-01-04 00:00:00,VBB - Ngân hàng Thương mại Cổ phần Việt Nam Thương Tín,VBBL2128010,VNĐ,,28/12/2021,28/12/2028,,9030,10000000,Coupon,Thả nổi,Định kỳ - Cuối kỳ,Mua lại,,8.03,Hiệu lực,,VBB ,Công ty cổ phần,Tổ chức tín dụng
1063,2022-01-14 00:00:00,TCD - CTCP ĐẦU TƯ PHÁT TRIỂN CÔNG NGHIỆP VÀ VẬN TẢI,TCDH2124002,VNĐ,,28/12/2021,28/12/2024,,500000,1000000,Coupon,Kết hợp,Định kỳ - Cuối kỳ,Mua lại,,11.5,Hiệu lực,,TCD ,Công ty cổ phần,Xây dựng
1064,2022-01-08 00:00:00,MBB - NGÂN HÀNG TMCP QUÂN ĐỘI,MBBL2128027,VNĐ,,28/12/2021,,,0,10000000,Coupon,Cố định,Định kỳ - Cuối kỳ,Mua lại,,7.1,Hiệu lực,,MBB ,Công ty cổ phần,Tổ chức tín dụng
1065,2022-04-29 00:00:00,VPJC - Công ty Cổ phần Xây dựng số 1 Việt Phong,VPJCH2123001,VNĐ,,28/12/2021,28/12/2023,,56913,10000000,Coupon,Cố định,Định kỳ - Cuối kỳ,Mua lại,,11.5,Hiệu lực,,VPJC ,Công ty cổ phần,Xây dựng
1066,2022-03-29 00:00:00,LTRC - Công ty Cổ phần Long Thành Riverside,LTRCH2126001,VNĐ,,29/12/2021,29/12/2026,,290,1000000000,Coupon,Kết hợp,Định kỳ - Cuối kỳ,Mua lại,,9.5,Hiệu lực,,LTRC ,Công ty cổ phần,Bất động sản
1067,2022-03-29 00:00:00,TCSC - CTCP chứng khoán Kỹ thương,TCSCH2124017,VNĐ,,29/12/2021,29/11/2024,,15000,100000,Coupon,Kết hợp,Định kỳ - Cuối kỳ,Mua lại,,8.23,Hiệu lực,,TCSC ,Công ty cổ phần,Kinh doanh chứng khoán
1068,2022-05-26 00:00:00,TVLC - Công ty TNHH Thế Vượng,TVLCH2122001,VNĐ,,29/12/2021,29/12/2022,,10,1000000000,Coupon,Cố định,Định kỳ - Cuối kỳ,Mua lại,,9.5,Hiệu lực,,TVLC ,Công ty trách nhiệm hữu hạn,Lĩnh vực khác
1069,2022-01-10 00:00:00,KNCC - CÔNG TY TNHH KN CAM RANH,KNCCH2126002,VNĐ,,29/12/2021,29/12/2026,,1000,1000000000,Coupon,Kết hợp,Định kỳ - Cuối kỳ,Mua lại,,11.0,Hiệu lực,,KNCC ,Công ty trách nhiệm hữu hạn,Bất động sản
1070,2022-01-06 00:00:00,ALPC - CÔNG TY CỔ PHẦN ĐẦU TƯ ALPHANAM,ALPCH2123001,VNĐ,,29/12/2021,29/12/2023,,2000000,100000,Coupon,Cố định,Định kỳ - Cuối kỳ,Mua lại,,10.5,Hiệu lực,,ALPC ,Công ty cổ phần,Lĩnh vực khác
1071,2022-08-11 00:00:00,TPAC - CÔNG TY TNHH THÀNH PHỐ AQUA,TPACH2123003,VNĐ,,29/12/2021,29/12/2023,,5000,100000000,Coupon,Kết hợp,Định kỳ - Cuối kỳ,,,10.0,Hiệu lực,,TPAC ,Công ty trách nhiệm hữu hạn,Bất động sản
1072,2022-03-23 00:00:00,BNCC - Công ty cổ phần dịch vụ cáp treo Bà Nà,BNCCB2126002,VNĐ,,29/12/2021,29/12/2026,,800000,100000,Coupon,Kết hợp,Định kỳ - Cuối kỳ,Mua lại,,8.0,Hiệu lực,,BNCC ,Công ty cổ phần,"Thương mại, dịch vụ"
1073,2022-01-04 00:00:00,MBB - NGÂN HÀNG TMCP QUÂN ĐỘI,MBBL2128028,VNĐ,,29/12/2021,,,0,10000000,Coupon,Cố định,Định kỳ - Cuối kỳ,Mua lại,,7.1,Hiệu lực,,MBB ,Công ty cổ phần,Tổ chức tín dụng
1074,2022-08-11 00:00:00,TPAC - CÔNG TY TNHH THÀNH PHỐ AQUA,TPACH2122004,VNĐ,,29/12/2021,29/12/2022,,5000,100000000,Coupon,Kết hợp,Định kỳ - Cuối kỳ,,,10.0,Hiệu lực,,TPAC ,Công ty trách nhiệm hữu hạn,Bất động sản
1075,2022-01-04 00:00:00,BAB - Ngân hàng Thương Mại Cổ Phần Bắc Á,BABL2128005,VNĐ,,29/12/2021,29/12/2028,,50000,10000000,Coupon,Thả nổi,Định kỳ - Cuối kỳ,Mua lại,,8.12,Hiệu lực,,BAB ,Công ty cổ phần,Tổ chức tín dụng
1076,2021-12-31 00:00:00,SHB - Ngân hàng TMCP Sài Gòn - Hà Nội,SHBH2123020,VNĐ,,29/12/2021,29/12/2023,,500,1000000000,Coupon,Cố định,Định kỳ - Cuối kỳ,,,4.2,Hiệu lực,,SHB ,Công ty cổ phần,Tổ chức tín dụng
1077,2022-01-05 00:00:00,BVB - NGÂN HÀNG TMCP BẢN VIỆT,BVBLH2128006,VNĐ,,29/12/2021,29/12/2028,,230,1000000000,Coupon,Cố định,Định kỳ - Cuối kỳ,Mua lại,,8.5,Hiệu lực,,BVB ,Công ty cổ phần,Tổ chức tín dụng
1078,2021-12-30 00:00:00,MSFC - Công ty Tài chính TNHH MB Shinsei,MSFCLH2123003,VNĐ,,29/12/2021,29/12/2023,,500,1000000000,Coupon,Cố định,Định kỳ - Cuối kỳ,,,6.3,Hiệu lực,,MSFC ,Công ty trách nhiệm hữu hạn,Tổ chức tín dụng
1079,2021-12-30 00:00:00,MBB - NGÂN HÀNG TMCP QUÂN ĐỘI,MBBL2128025,VNĐ,,29/12/2021,29/12/2028,,100000,10000000,Coupon,Thả nổi,Định kỳ - Cuối kỳ,Mua lại,,7.03,Hiệu lực,,MBB ,Công ty cổ phần,Tổ chức tín dụng
1080,2022-07-15 00:00:00,NRC - Công ty cổ phần tập đoàn Danh Khôi,NRCH2123002,VNĐ,,29/12/2021,29/12/2023,,2000000,100000,Coupon,Cố định,Định kỳ - Cuối kỳ,Mua lại,,11.0,Hiệu lực,,NRC ,Công ty cổ phần,Bất động sản
1081,2022-04-01 00:00:00,VLGC - Công ty Cổ phần Tập đoàn Đầu tư và Quản lý giáo dục Văn Lang,VLGCH2124001,VNĐ,,29/12/2021,29/12/2024,,22000000,100000,Coupon,Cố định,Định kỳ - Cuối kỳ,Mua lại,,2.0,Hiệu lực,,VLGC ,Công ty cổ phần,Lĩnh vực khác
1082,2022-04-01 00:00:00,TSLC - CÔNG TY CỔ PHẦN THÁI SƠN - LONG AN,TSLCH2129002,VNĐ,,30/12/2021,30/11/2029,,4100000,1000000,Coupon,Kết hợp,Định kỳ - Cuối kỳ,Mua lại,,11.0,Hiệu lực,,TSLC ,Công ty cổ phần,Bất động sản
1083,2022-04-12 00:00:00,LACC - Công ty Cổ phần Thương mại Dịch Vụ Hoa Lâm An,LACCH2124001,VNĐ,,30/12/2021,30/12/2024,,70000,10000000,Coupon,Cố định,Định kỳ - Cuối kỳ,Mua lại,,11.5,Hiệu lực,,LACC ,Công ty cổ phần,Bất động sản
1084,2022-04-06 00:00:00,NTGC - Công ty Cổ phần Tập đoàn Ngọc Thiên Global,NTGCH2124002,VNĐ,,30/12/2021,30/12/2024,,453299,1000000,Coupon,Cố định,Định kỳ - Cuối kỳ,Mua lại,,11.5,Hiệu lực,,NTGC ,Công ty cổ phần,Lĩnh vực khác
1085,2022-01-04 00:00:00,MBB - NGÂN HÀNG TMCP QUÂN ĐỘI,MBBL2128026,VNĐ,,30/12/2021,,,0,10000000,Coupon,Cố định,Định kỳ - Cuối kỳ,Mua lại,,7.1,Hiệu lực,,MBB ,Công ty cổ phần,Tổ chức tín dụng
1086,2022-09-16 00:00:00,DMDC - Công ty cổ phần Quản lý Tài sản Pyxis (tên cũ:Công ty Cổ phần Thời trang & May mặc Demoda),DMDCH2131002,VNĐ,,30/12/2021,30/12/2031,,105000,1000000,Coupon,Cố định,Định kỳ - Cuối kỳ,Mua lại,,10.5,Hiệu lực,,DMDC ,Công ty cổ phần,Lĩnh vực khác
1087,2022-01-14 00:00:00,SUJC - Công ty cổ phần đầu tư Summer Beach,SUJCH2125001,VNĐ,,30/12/2021,30/12/2025,,150000,10000000,Coupon,Kết hợp,Định kỳ - Cuối kỳ,Mua lại,,12.5,Hiệu lực,,SUJC ,Công ty cổ phần,Bất động sản
1088,2022-08-17 00:00:00,TLPC - Công ty Cổ phần Nhiệt điện Thăng Long,TLPCH2126001,VNĐ,,30/12/2021,30/12/2026,,1125,1000000000,Coupon,Kết hợp,Định kỳ - Cuối kỳ,Mua lại,,9.5,Hiệu lực,,TLPC ,Công ty cổ phần,Sản xuất
1089,2022-01-14 00:00:00,HCSC - Công ty cổ phần Hoàn Cầu Solar LA,HCSCH2126002,VNĐ,,30/12/2021,30/12/2026,,6000,100000000,Coupon,Kết hợp,Định kỳ - Cuối kỳ,Mua lại,,10.0,Hiệu lực,,HCSC ,Công ty cổ phần,Xây dựng
1090,2022-01-05 00:00:00,HDB - NH TMCP Phát triển thành phố Hồ Chí Minh ( HDBANK),HDBL2124021,VNĐ,,30/12/2021,30/12/2024,,300,1000000000,Coupon,Cố định,Định kỳ - Cuối kỳ,Mua lại,,2.5,Hiệu lực,,HDB ,Công ty cổ phần,Tổ chức tín dụng
1091,2022-01-10 00:00:00,GDUC - Công ty TNHH Bất động sản Gia Đức,GDUCH2131001,VNĐ,,30/12/2021,30/12/2031,,13000,100000000,Coupon,Kết hợp,Định kỳ - Cuối kỳ,Mua lại,,10.0,Hiệu lực,,GDUC ,Công ty trách nhiệm hữu hạn,Bất động sản
1092,2022-03-17 00:00:00,RHGC - Công ty cổ phần Tập đoàn R&H,RHGCH2124007,VNĐ,,30/12/2021,30/12/2024,,9440,100000,Coupon,Kết hợp,Định kỳ - Đầu kỳ,Mua lại,,11.0,Hiệu lực,,RHGC ,Công ty cổ phần,Bất động sản
1093,2022-01-25 00:00:00,HBC - Công ty Cổ Phần Tập Đoàn Xây Dựng Hòa Bình,HBCH2126001,VNĐ,,30/12/2021,30/12/2026,,500,1000000000,Coupon,Kết hợp,Định kỳ - Cuối kỳ,Mua lại,,9.6,Hiệu lực,,HBC ,Công ty trách nhiệm hữu hạn,Bất động sản
1094,2022-01-05 00:00:00,HDB - NH TMCP Phát triển thành phố Hồ Chí Minh ( HDBANK),HDBL2125020,VNĐ,,30/12/2021,30/12/2025,,1000,1000000000,Coupon,Cố định,Định kỳ - Cuối kỳ,Mua lại,,3.8,Hiệu lực,,HDB ,Công ty cổ phần,Tổ chức tín dụng
1095,2022-02-14 00:00:00,CGGC - Công ty Cổ phần Đầu tư thương mại và dịch vụ Việt Mỹ A&V,CGGCH2124001,VNĐ,,30/12/2021,30/12/2024,,2830,100000000,Coupon,Kết hợp,Định kỳ - Cuối kỳ,Mua lại,,12.0,Hiệu lực,,CGGC ,Công ty cổ phần,Bất động sản
1096,2022-04-12 00:00:00,HLSC - CÔNG TY TNHH MẶT TRỜI HẠ LONG,HLSCH2123002,VNĐ,,31/12/2021,31/12/2023,,2400,100000000,Coupon,Cố định,Định kỳ - Cuối kỳ,Mua lại,,9.5,Hiệu lực,,HLSC ,Công ty trách nhiệm hữu hạn,Lĩnh vực khác
1097,2022-01-10 00:00:00,TALC - Công ty Cổ phần Bất động sản Taseco,TALCH2123001,VNĐ,,31/12/2021,31/12/2023,,1250,100000000,Coupon,Kết hợp,Định kỳ - Cuối kỳ,Mua lại,,10.0,Hiệu lực,,TALC ,Công ty cổ phần,Bất động sản
1098,2022-01-13 00:00:00,SNLC - CÔNG TY CỔ PHẦN SIGNO LAND,SNLCH2123001,VNĐ,,31/12/2021,30/06/2023,,13666,100000000,Coupon,Kết hợp,Định kỳ - Cuối kỳ,Mua lại,,12.5,Hiệu lực,,SNLC ,Công ty cổ phần,Bất động sản
1099,2022-04-08 00:00:00,GCIC - Công ty TNHH Đầu tư Gia Cường,GCICH2125001,VNĐ,,31/12/2021,31/12/2025,,4680000,100000,Coupon,Kết hợp,Định kỳ - Đầu kỳ,Mua lại,,9.0,Hiệu lực,,GCIC ,Công ty trách nhiệm hữu hạn,Bất động sản
1100,2022-01-11 00:00:00,THI - CTCP THIẾT BỊ ĐIỆN,THIH2126001,VNĐ,,31/12/2021,31/12/2026,,4000,100000000,Coupon,Kết hợp,Định kỳ - Cuối kỳ,Mua lại,,7.5,Hiệu lực,,THI ,Công ty cổ phần,Sản xuất
1101,2022-01-11 00:00:00,DXG - CTCP tập đoàn Đất Xanh,DXGH2125002,VNĐ,,31/12/2021,31/12/2025,,2000,100000000,Coupon,Cố định,Định kỳ - Cuối kỳ,Mua lại,,10.6,Hiệu lực,,DXG ,Công ty cổ phần,Bất động sản
1102,2022-01-10 00:00:00,MBB - NGÂN HÀNG TMCP QUÂN ĐỘI,MBBL2128029,VNĐ,,31/12/2021,31/12/2028,,3000,10000000,Coupon,Thả nổi,Định kỳ - Cuối kỳ,Mua lại,,7.03,Hiệu lực,,MBB ,Công ty cổ phần,Tổ chức tín dụng
1103,2022-01-13 00:00:00,TMDC - CÔNG TY CỔ PHẦN MUA BÁN NỢ THUẬN MINH,TMDCH2123001,VNĐ,,31/12/2021,30/06/2024,,4959,100000000,Coupon,Kết hợp,Định kỳ - Cuối kỳ,Mua lại,,12.5,Hiệu lực,,TMDC ,Công ty cổ phần,Lĩnh vực khác
1104,2022-01-11 00:00:00,DFF - CÔNG TY CỔ PHẦN TẬP ĐOÀN ĐUA FAT,DFFH2124002,VNĐ,,31/12/2021,31/12/2024,,3000000,100000,Coupon,Kết hợp,Định kỳ - Cuối kỳ,Mua lại,,10.5,Hiệu lực,,DFF ,Công ty cổ phần,Xây dựng
1105,2022-04-12 00:00:00,EVS - Công ty Cổ phần chứng khoán Everest,EVSH2123007,VNĐ,,31/12/2021,31/12/2023,,21126,10000000,Coupon,Cố định,Định kỳ - Cuối kỳ,Mua lại,,9.5,Hiệu lực,,EVS ,Công ty cổ phần,Kinh doanh chứng khoán
1106,2022-04-12 00:00:00,TBLC - CTCP Kinh doanh Bất động sản Thái Bình,TBLCH2122001,VNĐ,,31/12/2021,31/12/2022,,3000000,100000,Coupon,Cố định,Định kỳ - Cuối kỳ,Mua lại,,9.5,Hiệu lực,,TBLC ,Công ty cổ phần,Bất động sản
1107,2022-05-06 00:00:00,WTOC - Tổng Công ty Cổ phần Thương mại Xây dựng,WTOCH2126011,VNĐ,,31/12/2021,19/05/2028,,2300,100000000,Coupon,Kết hợp,Định kỳ - Cuối kỳ,Mua lại,,10.0,Hiệu lực,,WTOC ,Công ty cổ phần,Bất động sản
1108,2022-01-10 00:00:00,LTLC - Công ty TNHH Đầu tư - Kinh doanh Bất động sản Long Thượng Lộc,LTLCH2123001,VNĐ,,31/12/2021,31/12/2023,,2200,100000000,Coupon,Cố định,Định kỳ - Cuối kỳ,Mua lại,,11.0,Hiệu lực,,LTLC ,Công ty trách nhiệm hữu hạn,Bất động sản
1109,2022-01-06 00:00:00,SHS - Công ty Cổ phần chứng khoán Sài Gòn - Hà Nội,SHSH2123003,VNĐ,,31/12/2021,31/12/2023,,160,1000000000,Coupon,Cố định,Định kỳ - Cuối kỳ,,,8.1,Hiệu lực,,SHS ,Công ty cổ phần,Kinh doanh chứng khoán
1110,2022-01-06 00:00:00,MBB - NGÂN HÀNG TMCP QUÂN ĐỘI,MBBL2128030,VNĐ,,31/12/2021,31/12/2028,,300,10000000,Coupon,Cố định,Định kỳ - Cuối kỳ,Mua lại,,7.1,Hiệu lực,,MBB ,Công ty cổ phần,Tổ chức tín dụng
1111,2022-01-06 00:00:00,SBA - CTCP Sông Ba,SBAH2125001,VNĐ,,31/12/2021,31/12/2025,,300000,100000,Coupon,Cố định,Định kỳ - Cuối kỳ,,,11.0,Hiệu lực,,SBA ,Công ty cổ phần,Sản xuất
1112,2022-01-05 00:00:00,SRSC - CTCP ĐẦU TƯ VÀ XÂY DỰNG SUNRISE VIỆT NAM,SRSCH2124002,VNĐ,,31/12/2021,31/12/2024,,5000000,100000,Coupon,Kết hợp,Định kỳ - Cuối kỳ,,,11.0,Hiệu lực,,SRSC ,Công ty cổ phần,Bất động sản
1113,2022-05-04 00:00:00,WTOC - Tổng Công ty Cổ phần Thương mại Xây dựng,WTOCH2126010,VNĐ,,31/12/2021,19/05/2028,,2350,100000000,Coupon,Kết hợp,Định kỳ - Cuối kỳ,Mua lại,,10.0,Hiệu lực,,WTOC ,Công ty cổ phần,Bất động sản
1114,2022-04-28 00:00:00,TNPC - CÔNG TY CỔ PHẦN NĂNG LƯỢNG TNPOWER,TNPCH2128004,VNĐ,,31/12/2021,31/12/2028,,50000,10000000,Coupon,Cố định,Một lần khi đến hạn,,,10.0,Hiệu lực,,TNPC ,Công ty cổ phần,Năng lượng
1115,2021-12-31 00:00:00,KSB - CTCP KHOÁNG SẢN VÀ XÂY DỰNG BÌNH DƯƠNG,KSBH2124002,VNĐ,,31/12/2021,,,0,100000000,Coupon,Kết hợp,,Mua lại,,11.5,Hiệu lực,,KSB ,Công ty cổ phần,Lĩnh vực khác
1116,2022-04-12 00:00:00,PAIC - Công ty Cổ phần Nông nghiệp sạch Phú Sơn,PAICH2124001,VNĐ,,31/12/2021,31/12/2024,,35000,10000000,Coupon,Cố định,Định kỳ - Cuối kỳ,Mua lại,,11.5,Hiệu lực,,PAIC ,Công ty cổ phần,Bất động sản
1117,2023-10-16 00:00:00,BAB - Ngân hàng Thương Mại Cổ Phần Bắc Á,BABL2128006,VNĐ,,31/12/2021,31/12/2028,,200,1000000000,Coupon,Thả nổi,Định kỳ - Cuối kỳ,Mua lại,,7.52,Hiệu lực,,BAB ,Công ty cổ phần,Tổ chức tín dụng
1118,2022-03-23 00:00:00,TNPC - CÔNG TY CỔ PHẦN NĂNG LƯỢNG TNPOWER,TNPCH2128003,VNĐ,,31/12/2021,31/12/2028,,50000,10000000,Coupon,Cố định,Một lần khi đến hạn,,,10.0,Hiệu lực,,TNPC ,Công ty cổ phần,Năng lượng
1119,2022-02-14 00:00:00,VHAC - Công ty CP thương mại - quảng cáo - xây dựng - địa ốc Việt Hân,VHACH2128009,VNĐ,,31/12/2021,31/12/2028,,30000,10000000,Coupon,Cố định,Một lần khi đến hạn,,,10.0,Hiệu lực,,VHAC ,Công ty cổ phần,Bất động sản
1120,2022-01-18 00:00:00,GEX - Công ty cổ phần Tập đoàn Gelex,GEXH2124003,VNĐ,,31/12/2021,31/12/2024,,5000,100000000,Coupon,Kết hợp,Định kỳ - Cuối kỳ,Mua lại,,8.5,Hiệu lực,,GEX ,Công ty cổ phần,Sản xuất
1121,2022-06-02 00:00:00,VDIC - Công ty TNHH thương mại và đầu tư Việt Đức,VDICH2128001,VNĐ,,31/12/2021,31/12/2028,,17000,100000000,Coupon,Kết hợp,Khác,Mua lại,,12.5,Hiệu lực,,VDIC ,Công ty trách nhiệm hữu hạn,Bất động sản
1122,2022-02-14 00:00:00,MREC - CTCP BẤT ĐỘNG SẢN MỸ,MRECH2128006,VNĐ,,31/12/2021,31/12/2028,,30000,10000000,Coupon,Cố định,Một lần khi đến hạn,,,10.0,Hiệu lực,,MREC ,Công ty cổ phần,Bất động sản
1123,2022-04-06 00:00:00,GLXC - Tập đoàn Geleximco - Công ty CP,GLXCH2123003,VNĐ,,31/12/2021,31/12/2023,,100809,10000000,Coupon,Cố định,Định kỳ - Cuối kỳ,Mua lại,,9.5,Hiệu lực,,GLXC ,Công ty cổ phần,Bất động sản
1124,2022-04-05 00:00:00,SEEC - Công ty Cổ phần Seedcom,SEECH2123001,VNĐ,,31/12/2021,31/12/2023,,2000,100000000,Coupon,Kết hợp,Định kỳ - Cuối kỳ,Mua lại,,11.5,Hiệu lực,,SEEC ,Công ty cổ phần,Lĩnh vực khác
1125,2022-01-27 00:00:00,NWCC - CÔNG TY TNHH NEW WORLD CAPITAL,NWCCH2124001,VNĐ,,31/12/2021,31/12/2024,,10000,10000000,Coupon,Cố định,Một lần khi đến hạn,Mua lại,,11.0,Hiệu lực,,NWCC ,Công ty trách nhiệm hữu hạn,Bất động sản
1126,2022-01-26 00:00:00,HTN - CTCP HƯNG THỊNH INCONS,HTNBH2122002,VNĐ,,31/12/2021,31/12/2022,,300000,1000000,Coupon,Cố định,Định kỳ - Cuối kỳ,Mua lại,,10.5,Hiệu lực,,HTN ,Công ty cổ phần,Xây dựng
1127,2022-04-04 00:00:00,DRGC - CTCP Đầu tư và Du lịch Vạn Hương,DRGCH2123005,VNĐ,,31/12/2021,31/12/2023,,14996,100000000,Coupon,Cố định,Định kỳ - Cuối kỳ,Mua lại,,9.8,Hiệu lực,,DRGC ,Công ty cổ phần,Bất động sản
1128,2022-04-01 00:00:00,IMGC - CÔNG TY CỔ PHẦN ĐẦU TƯ IMG HUẾ,IMGCH2126003,VNĐ,,31/12/2021,15/11/2026,,32,100000000,Coupon,Kết hợp,Định kỳ - Cuối kỳ,Mua lại,,9.5,Hiệu lực,,IMGC ,Công ty cổ phần,Bất động sản
1129,2022-01-26 00:00:00,TRSC - Tổng công ty Xây dựng Trường Sơn,TRSCH2126001,VNĐ,,31/12/2021,31/12/2026,,3000,100000000,Coupon,Kết hợp,Định kỳ - Cuối kỳ,Mua lại,,8.0,Hiệu lực,,TRSC ,Công ty trách nhiệm hữu hạn,Xây dựng
1130,2022-04-01 00:00:00,LIG - Công ty Cổ phần LICOGI 13,LIGH2123001,VNĐ,,31/12/2021,31/12/2023,,750000,100000,Coupon,Kết hợp,Định kỳ - Cuối kỳ,Mua lại,,11.0,Hiệu lực,,LIG ,Công ty cổ phần,Xây dựng
1131,2022-04-07 00:00:00,MNRC - CÔNG TY CỔ PHẦN ĐẦU TƯ VÀ DỊCH VỤ ĐẤT XANH MIỀN NAM,MNRCH2123001,VNĐ,,31/12/2021,31/12/2023,,1500,100000000,Coupon,Kết hợp,Định kỳ - Cuối kỳ,Mua lại,,12.0,Hiệu lực,,MNRC ,Công ty cổ phần,Bất động sản
1132,2022-03-18 00:00:00,CKG - CTCP Tập đoàn tư vấn đầu tư xây dựng Kiên Giang,CKGH2124001,VNĐ,,31/12/2021,31/12/2024,,5000000,100000,Coupon,Cố định,Định kỳ - Cuối kỳ,Mua lại,,10.0,Hiệu lực,,CKG ,Công ty cổ phần,Bất động sản
1133,2022-03-22 00:00:00,TNRC - Công ty cổ phần đầu tư phát triển bất động sản TNR holdings Việt Nam,TNRCH2128005,VNĐ,,31/12/2021,31/12/2028,,30000,10000000,Coupon,Cố định,Một lần khi đến hạn,,,10.0,Hiệu lực,,TNRC ,Công ty cổ phần,Bất động sản
1134,2022-02-17 00:00:00,SSGC - CTCP tập đoàn Sunshine,SSGCH2127004,VNĐ,,31/12/2021,31/12/2027,,20000000,100000,Coupon,Kết hợp,Định kỳ - Cuối kỳ,,,11.0,Hiệu lực,,SSGC ,Công ty cổ phần,Bất động sản
1135,2022-04-20 00:00:00,PSH - Công ty cổ phần Thương mại Đầu tư Dầu khí Nam Sông Hậu,PSHH2224001,VNĐ,,03/01/2022,03/01/2024,,200000,1000000,Coupon,Cố định,Định kỳ - Cuối kỳ,Mua lại,,11.0,Hiệu lực,,PSH ,Công ty cổ phần,Lĩnh vực khác
1136,2022-06-28 00:00:00,PSI - Công ty Cổ phần Chứng khoán Dầu khí,PSIH2223001,VNĐ,,04/01/2022,04/01/2023,,1000,100000000,Coupon,Cố định,Định kỳ - Cuối kỳ,Mua lại,,9.0,Hiệu lực,,PSI ,Công ty cổ phần,Kinh doanh chứng khoán
1137,2022-07-04 00:00:00,PSI - Công ty Cổ phần Chứng khoán Dầu khí,PSIH2223002,VNĐ,,04/01/2022,10/01/2023,,2000,100000000,Coupon,Cố định,Định kỳ - Cuối kỳ,Mua lại,,9.5,Hiệu lực,,PSI ,Công ty cổ phần,Kinh doanh chứng khoán
1138,2022-09-12 00:00:00,VDS - CTCP Chứng khoán Rồng Việt,VDSH2224002,VNĐ,,06/01/2022,06/01/2024,,45400,1000000,Coupon,Cố định,Định kỳ - Cuối kỳ,Mua lại,,9.6,Hiệu lực,,VDS ,Công ty cổ phần,Kinh doanh chứng khoán
1139,2022-10-07 00:00:00,HVUC - Công ty Cổ phần Thương mại Dịch vụ tổng hợp Hoàn Vũ,HVUCH2224001,VNĐ,,07/01/2022,07/01/2024,,382,100000000,Coupon,Cố định,Định kỳ - Cuối kỳ,Mua lại,,12.0,Hiệu lực,,HVUC ,Công ty cổ phần,"Thương mại, dịch vụ"
1140,2022-08-10 00:00:00,VDS - CTCP Chứng khoán Rồng Việt,VDSH2223006,VNĐ,,08/01/2022,08/01/2023,,300000,1000000,Coupon,Cố định,Định kỳ - Cuối kỳ,Mua lại,,9.3,Hiệu lực,,VDS ,Công ty cổ phần,Kinh doanh chứng khoán
1141,2022-08-09 00:00:00,SREC - CÔNG TY TNHH ĐẦU TƯ VÀ PHÁT TRIỂN BẤT ĐỘNG SẢN SEASIDE HOMES,SRECH2226001,VNĐ,,13/01/2022,13/01/2026,,150000,10000000,Coupon,Kết hợp,Định kỳ - Cuối kỳ,Mua lại,,12.5,Hiệu lực,,SREC ,Công ty trách nhiệm hữu hạn,Bất động sản
1142,2022-01-21 00:00:00,NCLC - Công ty TNHH Đâu tư và Phát triển Bất động sản Nice Star,NCLCH2226001,VNĐ,,13/01/2022,13/01/2026,,150000,10000000,Coupon,Kết hợp,Định kỳ - Cuối kỳ,Mua lại,,12.5,Hiệu lực,,NCLC ,Công ty trách nhiệm hữu hạn,Bất động sản
1143,2022-10-24 00:00:00,DMIC - CT TNHH ĐẦU TƯ XUẤT NHẬP KHẨU TỔNG HỢP ĐỨC MAI,DMICH2227001,VNĐ,,13/01/2022,13/01/2027,,286065,1000000,Coupon,Kết hợp,Định kỳ - Cuối kỳ,Mua lại,,9.0,Hiệu lực,,DMIC ,Công ty trách nhiệm hữu hạn,Bất động sản
1144,2022-01-25 00:00:00,TDNC - Công ty Cổ Phần Trung Thủy - Đà Nẵng,TDNCH2225001,VNĐ,,14/01/2022,14/07/2025,,13000,100000000,Coupon,Kết hợp,Định kỳ - Cuối kỳ,Mua lại,,10.0,Hiệu lực,,TDNC ,Công ty cổ phần,Bất động sản
1145,2022-01-25 00:00:00,GINC - Công ty CP Đầu tư hội nhập Toàn Cầu,GINCH2224001,VNĐ,,14/01/2022,14/07/2024,,1900,100000000,Coupon,Kết hợp,Định kỳ - Cuối kỳ,Mua lại,,12.5,Hiệu lực,,GINC ,Công ty cổ phần,Xây dựng
1146,2022-03-03 00:00:00,NTTC - Công ty Cổ phần Thương mại Đầu tư Nhà Toàn Thắng,NTTCH2226001,VNĐ,,14/01/2022,,,0,100000000,Coupon,Kết hợp,Khác,Mua lại,,12.5,Hiệu lực,,NTTC ,Công ty cổ phần,Bất động sản
1147,2022-01-21 00:00:00,BVB - NGÂN HÀNG TMCP BẢN VIỆT,BVBLH2229001,VNĐ,,14/01/2022,14/01/2029,,200,1000000000,Coupon,Cố định,Định kỳ - Cuối kỳ,Mua lại,,8.6,Hiệu lực,,BVB ,Công ty cổ phần,Tổ chức tín dụng
1148,2022-01-20 00:00:00,VLDC - CÔNG TY CỔ PHẦN PHÁT TRIỂN ĐẤT VIỆT,VLDCH2225001,VNĐ,,14/01/2022,14/01/2025,,16000,100000000,Coupon,Kết hợp,Định kỳ - Cuối kỳ,Mua lại,,10.0,Hiệu lực,,VLDC ,Công ty cổ phần,Bất động sản
1149,2022-01-27 00:00:00,H39C - Công ty Cổ phần Hưng Thịnh Investment,H39CH2229001,VNĐ,,14/01/2022,14/01/2029,,20000,100000000,Coupon,Kết hợp,Định kỳ - Cuối kỳ,Mua lại,,9.0,Hiệu lực,,H39C ,Công ty cổ phần,Bất động sản
1150,2022-01-26 00:00:00,MTJC - CTCP Đá Mỹ thuật,MTJCH2227001,VNĐ,,14/01/2022,,,0,100000000,Coupon,Thả nổi,Định kỳ - Cuối kỳ,Mua lại,,0.0,Hiệu lực,,MTJC ,Công ty cổ phần,Sản xuất
1151,2022-03-11 00:00:00,TDG - Công ty Cổ phần Đầu tư TDG Global,TDGBH2223001,VNĐ,,18/01/2022,18/01/2023,,40000,1000000,Coupon,Cố định,Định kỳ - Cuối kỳ,,,12.5,Hiệu lực,,TDG ,Công ty cổ phần,Lĩnh vực khác
1152,2022-04-28 00:00:00,GHVC - Công ty Cổ phần GreenHill Village,GHVCH2224001,VNĐ,,24/01/2022,24/01/2024,,2053,100000000,Coupon,Kết hợp,Định kỳ - Cuối kỳ,Mua lại,,11.0,Hiệu lực,,GHVC ,Công ty cổ phần,Bất động sản
1153,2022-04-26 00:00:00,NDTC - Công ty TNHH Nam Đại Thành Phú Quốc,NDTCH2224001,VNĐ,,25/01/2022,25/01/2024,,2400,100000000,Coupon,Kết hợp,Định kỳ - Cuối kỳ,Mua lại,,9.5,Hiệu lực,,NDTC ,Công ty trách nhiệm hữu hạn,Bất động sản
1154,2022-02-10 00:00:00,NRCC - CÔNG TY TNHH NAM RẠCH CHIẾC,NRCCH2226001,VNĐ,,26/01/2022,26/01/2026,,700000,1000000,Coupon,Kết hợp,Định kỳ - Cuối kỳ,Mua lại,,11.0,Hiệu lực,,NRCC ,Công ty trách nhiệm hữu hạn,Bất động sản
1155,2022-04-29 00:00:00,DRGC - CTCP Đầu tư và Du lịch Vạn Hương,DRGCH2226001,VNĐ,,26/01/2022,31/08/2026,,11950,100000000,Coupon,Kết hợp,Định kỳ - Cuối kỳ,Mua lại,,9.5,Hiệu lực,,DRGC ,Công ty cổ phần,Bất động sản
1156,2022-03-08 00:00:00,AIEC - Công ty Cổ phần Giáo dục quốc tế Mỹ AIS,AIECH2223001,VNĐ,,26/01/2022,26/07/2023,,2500000,100000,Coupon,Cố định,Định kỳ - Cuối kỳ,Mua lại,,11.5,Hiệu lực,,AIEC ,Công ty cổ phần,"Thương mại, dịch vụ"
1157,2022-02-21 00:00:00,TNPC - CÔNG TY CỔ PHẦN NĂNG LƯỢNG TNPOWER,TNPCH2223001,VNĐ,,27/01/2022,27/01/2023,,3000,100000000,Coupon,Cố định,Định kỳ - Cuối kỳ,Mua lại,,10.0,Hiệu lực,,TNPC ,Công ty cổ phần,Năng lượng
1158,2022-01-28 00:00:00,HBC - Công ty Cổ Phần Tập Đoàn Xây Dựng Hòa Bình,HBCH2225001,VNĐ,,27/01/2022,27/01/2025,,500,1000000000,Coupon,Kết hợp,Định kỳ - Cuối kỳ,Mua lại,,9.75,Hiệu lực,,HBC ,Công ty trách nhiệm hữu hạn,Bất động sản
1159,2022-02-21 00:00:00,F88C - Công ty cổ phần kinh doanh F88,F88CH2223001,VNĐ,,27/01/2022,27/01/2023,,300,100000000,Coupon,Cố định,Định kỳ - Cuối kỳ,Mua lại,,10.0,Hiệu lực,,F88C ,Công ty cổ phần,"Thương mại, dịch vụ"
1160,2022-06-10 00:00:00,TTRC - CÔNG TY CỔ PHẦN THƯƠNG MẠI DU LỊCH TÂN THÀNH,TTRCH2225001,VNĐ,,03/02/2022,03/02/2025,,389150,100000,Coupon,Kết hợp,Định kỳ - Cuối kỳ,Mua lại,,12.0,Hiệu lực,,TTRC ,Công ty cổ phần,Bất động sản
1161,2022-06-09 00:00:00,MBB - NGÂN HÀNG TMCP QUÂN ĐỘI,MBBL2229012,VNĐ,,06/02/2022,06/02/2029,,10000,10000000,Coupon,Thả nổi,Định kỳ - Cuối kỳ,Mua lại,,6.83,Hiệu lực,,MBB ,Công ty cổ phần,Tổ chức tín dụng
1162,2022-08-08 00:00:00,CTG - Ngân hàng Thương mại cổ phần Công Thương Việt Nam,CTGL2230009,VNĐ,,08/02/2022,08/02/2030,,50,1000000000,Coupon,Thả nổi,Định kỳ - Cuối kỳ,Mua lại,,6.5,Hiệu lực,,CTG ,Công ty cổ phần,Tổ chức tín dụng
1163,2022-08-08 00:00:00,ACB - Ngân hàng TMCP Á Châu,ACBH2223008,VNĐ,,08/02/2022,08/02/2023,,150,1000000000,Coupon,Cố định,Định kỳ - Cuối kỳ,Mua lại,,4.5,Hiệu lực,,ACB ,Công ty cổ phần,Tổ chức tín dụng
1164,2022-04-05 00:00:00,NVL - CTCP TẬP ĐOÀN ĐẦU TƯ ĐỊA ỐC NO VA,NVLH2224005,VNĐ,,16/02/2022,16/02/2024,,5000000,100000,Coupon,Cố định,Định kỳ - Cuối kỳ,,,10.5,Hiệu lực,,NVL ,Công ty cổ phần,Bất động sản
1165,2022-04-19 00:00:00,VBB - Ngân hàng Thương mại Cổ phần Việt Nam Thương Tín,VBBL2229002,VNĐ,,18/02/2022,18/02/2029,,10000,10000000,Coupon,Thả nổi,Định kỳ - Cuối kỳ,Mua lại,,8.23,Hiệu lực,,VBB ,Công ty cổ phần,Tổ chức tín dụng
1166,2022-05-27 00:00:00,AAS - Công ty Cổ phần Chứng khoán SmartInvest,AASH2227001,VNĐ,,18/02/2022,18/02/2027,,127988,1000000,Coupon,Cố định,Định kỳ - Cuối kỳ,Mua lại,,10.5,Hiệu lực,,AAS ,Công ty cổ phần,Kinh doanh chứng khoán
1167,2022-05-06 00:00:00,SECC - Công ty Cổ phần Xây lắp Sunshine E&C,SECCH2224001,VNĐ,,18/02/2022,18/02/2024,,8000000,100000,Coupon,Cố định,Định kỳ - Cuối kỳ,Mua lại,,11.0,Hiệu lực,,SECC ,Công ty cổ phần,Lĩnh vực khác
1168,2022-03-04 00:00:00,CTRC - Công ty TNHH Đầu tư cao su Cường Thịnh,CTRCH2224001,VNĐ,,21/02/2022,21/02/2024,,545000,1000000,Coupon,Kết hợp,Một lần khi đến hạn,Mua lại,,8.5,Hiệu lực,,CTRC ,Công ty trách nhiệm hữu hạn,Lĩnh vực khác
1169,2022-02-28 00:00:00,F88C - Công ty cổ phần kinh doanh F88,F88CH2223002,VNĐ,,21/02/2022,21/02/2023,,200,100000000,Coupon,Cố định,Định kỳ - Cuối kỳ,Mua lại,,10.0,Hiệu lực,,F88C ,Công ty cổ phần,"Thương mại, dịch vụ"
1170,2022-03-18 00:00:00,F88C - Công ty cổ phần kinh doanh F88,F88CH2223003,VNĐ,,21/02/2022,21/02/2023,,2000,100000000,Coupon,Cố định,Định kỳ - Cuối kỳ,Mua lại,,12.0,Hiệu lực,,F88C ,Công ty cổ phần,"Thương mại, dịch vụ"
1171,2022-03-02 00:00:00,MSFC - Công ty Tài chính TNHH MB Shinsei,MSFCLH2224001,VNĐ,,21/02/2022,21/02/2024,,400,1000000000,Coupon,Cố định,Định kỳ - Cuối kỳ,,,6.3,Hiệu lực,,MSFC ,Công ty trách nhiệm hữu hạn,Tổ chức tín dụng
1172,2022-03-18 00:00:00,DGT - CTCP CÔNG TRÌNH GIAO THÔNG ĐỒNG NAI,DGTH2224001,VNĐ,,22/02/2022,22/02/2024,,3500000,100000,Coupon,Kết hợp,Định kỳ - Cuối kỳ,Mua lại,,11.0,Hiệu lực,,DGT ,Công ty cổ phần,Xây dựng
1173,2022-05-30 00:00:00,EIGC - CÔNG TY CỔ PHẦN TẬP ĐOÀN HẠ TẦNG GIÁO DỤC,EIGCH2227001,VNĐ,,22/02/2022,22/02/2027,,621917,1000000,Coupon,Kết hợp,Định kỳ - Cuối kỳ,Mua lại,,12.0,Hiệu lực,,EIGC ,Công ty cổ phần,Lĩnh vực khác
1174,2022-06-21 00:00:00,NSIC - CTCP Chứng khoán Quốc gia,NSICH2223001,VNĐ,,23/02/2022,23/02/2023,,1976,100000000,Coupon,Cố định,Định kỳ - Cuối kỳ,,,9.5,Hiệu lực,,NSIC ,Công ty cổ phần,Kinh doanh chứng khoán
1175,2022-03-04 00:00:00,TCI - Công ty cổ phần chứng khoán Thành Công,TCIH2223001,VNĐ,,23/02/2022,23/02/2023,,2000,100000000,Coupon,Cố định,Định kỳ - Cuối kỳ,,,10.0,Hiệu lực,,TCI ,Công ty cổ phần,Kinh doanh chứng khoán
1176,2022-05-31 00:00:00,DRH - Công ty Cổ phần DRH Holding,DRHH2224001,VNĐ,,23/02/2022,23/02/2024,,410000,1000000,Coupon,Cố định,Định kỳ - Cuối kỳ,Mua lại,,12.0,Hiệu lực,,DRH ,Công ty cổ phần,Bất động sản
1177,2022-04-25 00:00:00,VDS - CTCP Chứng khoán Rồng Việt,VDSH2223001,VNĐ,,24/02/2022,24/02/2023,,299950,1000000,Coupon,Cố định,Định kỳ - Cuối kỳ,Mua lại,,9.3,Hiệu lực,,VDS ,Công ty cổ phần,Kinh doanh chứng khoán
1178,2022-05-27 00:00:00,VDS - CTCP Chứng khoán Rồng Việt,VDSH2224001,VNĐ,,24/02/2022,24/02/2024,,66050,1000000,Coupon,Cố định,Định kỳ - Cuối kỳ,Mua lại,,9.6,Hiệu lực,,VDS ,Công ty cổ phần,Kinh doanh chứng khoán
1179,2022-03-07 00:00:00,F88C - Công ty cổ phần kinh doanh F88,F88CH2223004,VNĐ,,25/02/2022,25/02/2023,,1000,100000000,Coupon,Cố định,Định kỳ - Cuối kỳ,Mua lại,,12.0,Hiệu lực,,F88C ,Công ty cổ phần,"Thương mại, dịch vụ"
1180,2022-03-01 00:00:00,IPA - CTCP Tập đoàn Đầu tư I.P.A,IPAH2225001,VNĐ,,25/02/2022,25/02/2025,,10000000,100000,Coupon,Cố định,Định kỳ - Cuối kỳ,Mua lại,,9.5,Hiệu lực,,IPA ,Công ty cổ phần,Lĩnh vực khác
1181,2022-03-08 00:00:00,VIB - Ngân hàng TMCP Quốc tế Việt Nam,VIBL2225002,VNĐ,,28/02/2022,28/02/2025,,2000,1000000000,Coupon,Cố định,Định kỳ - Cuối kỳ,Mua lại,,3.3,Hiệu lực,,VIB ,Công ty cổ phần,Tổ chức tín dụng
1182,2022-03-08 00:00:00,VIB - Ngân hàng TMCP Quốc tế Việt Nam,VIBL2226001,VNĐ,,28/02/2022,28/02/2026,,948,1000000000,Coupon,Cố định,Định kỳ - Cuối kỳ,Mua lại,,3.9,Hiệu lực,,VIB ,Công ty cổ phần,Tổ chức tín dụng
1183,2022-04-25 00:00:00,VDS - CTCP Chứng khoán Rồng Việt,VDSH2223002,VNĐ,,03/03/2022,03/03/2023,,299930,1000000,Coupon,Cố định,Định kỳ - Cuối kỳ,Mua lại,,9.3,Hiệu lực,,VDS ,Công ty cổ phần,Kinh doanh chứng khoán
1184,2022-06-17 00:00:00,HTEC - CTCP NĂNG LƯỢNG HÒA THẮNG,HTECH2133001,VNĐ,,03/03/2022,31/12/2035,,5450,100000000,Coupon,Kết hợp,Định kỳ - Cuối kỳ,Mua lại,,10.0,Hiệu lực,,HTEC ,Công ty cổ phần,Sản xuất
1185,2022-03-31 00:00:00,HNVC - CTCP Bất động sản Hano-vid,HNVCH2229001,VNĐ,,03/03/2022,03/03/2029,,50000,10000000,Coupon,Cố định,Một lần khi đến hạn,,,10.0,Hiệu lực,,HNVC ,Công ty cổ phần,Bất động sản
1186,2022-09-16 00:00:00,HPJC - CÔNG TY CỔ PHẦN ĐẦU TƯ HOÀNG PHÚC QUỐC TẾ,HPJCH2224001,VNĐ,,06/03/2022,06/03/2024,,110,100000000,Coupon,Cố định,Định kỳ - Cuối kỳ,Mua lại,,12.5,Hiệu lực,,HPJC ,Công ty cổ phần,"Thương mại, dịch vụ"
1187,2022-06-13 00:00:00,CTG - Ngân hàng Thương mại Cổ phần Công Thương Việt Nam,CTGL2237001,VNĐ,,06/03/2022,06/03/2037,,100,1000000000,Coupon,Thả nổi,Định kỳ - Cuối kỳ,Mua lại,,6.75,Hiệu lực,,CTG ,Công ty cổ phần,Tổ chức tín dụng
1188,2022-06-09 00:00:00,MBB - NGÂN HÀNG TMCP QUÂN ĐỘI,MBBL2225013,VNĐ,,06/03/2022,06/03/2025,,2500,1000000000,Coupon,Cố định,Định kỳ - Cuối kỳ,Mua lại,,4.0,Hiệu lực,,MBB ,Công ty cổ phần,Tổ chức tín dụng
1189,2022-08-08 00:00:00,ACB - Ngân hàng TMCP Á Châu,ACBH2223009,VNĐ,,08/03/2022,08/03/2023,,150,1000000000,Coupon,Cố định,Định kỳ - Cuối kỳ,Mua lại,,4.5,Hiệu lực,,ACB ,Công ty cổ phần,Tổ chức tín dụng
1190,2022-11-07 00:00:00,CTF - Công ty cổ phần City Auto,CTFH2224001,VNĐ,,11/03/2022,05/03/2024,,500,100000000,Coupon,Cố định,Định kỳ - Cuối kỳ,Mua lại,,11.0,Hiệu lực,,CTF ,Công ty cổ phần,"Thương mại, dịch vụ"
1191,2022-04-21 00:00:00,AGM - Công ty cổ phần Xuất nhập khẩu An Giang,AGMH2223001,VNĐ,,14/03/2022,14/09/2023,,300000,1000000,Coupon,Cố định,Định kỳ - Cuối kỳ,Mua lại,,7.0,Hiệu lực,,AGM ,Công ty cổ phần,Sản xuất
1192,2022-06-21 00:00:00,NVL - Công ty cổ phần tập đoàn Đầu tư Địa ốc Nova,NVLH2224006,VNĐ,,15/03/2022,15/03/2024,,15000000,100000,Coupon,Cố định,Định kỳ - Cuối kỳ,,,10.5,Hiệu lực,,NVL ,Công ty cổ phần,Bất động sản
1193,2022-05-09 00:00:00,F88C - Công ty cổ phần kinh doanh F88,F88CH2223005,VNĐ,,15/03/2022,15/09/2023,,1000,100000000,Coupon,Cố định,Định kỳ - Cuối kỳ,Mua lại,,11.5,Hiệu lực,,F88C ,Công ty cổ phần,"Thương mại, dịch vụ"
1194,2022-04-07 00:00:00,MBS - Công ty Cổ phần Chứng khoán MB,MBSH2223001,VNĐ,,15/03/2022,15/09/2023,,2000,100000000,Coupon,Cố định,Một lần khi đến hạn,Mua lại,,7.2,Hiệu lực,,MBS ,Công ty cổ phần,Kinh doanh chứng khoán
1195,2022-05-11 00:00:00,VDS - CTCP Chứng khoán Rồng Việt,VDSH2223003,VNĐ,,15/03/2022,15/03/2023,,199680,1000000,Coupon,Cố định,Định kỳ - Cuối kỳ,Mua lại,,9.3,Hiệu lực,,VDS ,Công ty cổ phần,Kinh doanh chứng khoán
1196,2022-06-17 00:00:00,NWSC - Công ty CP Nova W Sand,NWSCH2224001,VNĐ,,16/03/2022,16/03/2024,,300000,1000000,Coupon,Cố định,Định kỳ - Đầu kỳ,Mua lại,,11.0,Hiệu lực,,NWSC ,Công ty cổ phần,Bất động sản
1197,2022-06-22 00:00:00,TNGC - CTCP Đầu tư Xây Dựng Trung Nam,TNGCH2223001,VNĐ,,16/03/2022,16/03/2023,,400000,1000000,Coupon,Cố định,Định kỳ - Cuối kỳ,,,9.5,Hiệu lực,,TNGC ,Công ty cổ phần,Lĩnh vực khác
1198,2022-04-08 00:00:00,NSRC - Công ty TNHH Đầu Tư Địa Ốc Nova Saigon Royal,NSRCH2223001,VNĐ,,17/03/2022,17/09/2023,,10000,100000000,Coupon,Cố định,Khác,,,10.5,Hiệu lực,,NSRC ,Công ty trách nhiệm hữu hạn,Bất động sản
1199,2022-03-23 00:00:00,NPEC - CÔNG TY CỔ PHẦN ĐẦU TƯ NĂNG LƯỢNG NAM PHƯƠNG,NPECH2229001,VNĐ,,18/03/2022,18/03/2029,,3000000,100000,Coupon,Kết hợp,Định kỳ - Cuối kỳ,Mua lại,,10.5,Hiệu lực,,NPEC ,Công ty cổ phần,Lĩnh vực khác
1200,2022-03-22 00:00:00,TVLC - Công ty TNHH Thế Vượng,TVLCH2223001,VNĐ,,18/03/2022,18/03/2023,,50,1000000000,Coupon,Cố định,Định kỳ - Cuối kỳ,Mua lại,,9.5,Hiệu lực,,TVLC ,Công ty trách nhiệm hữu hạn,Lĩnh vực khác
1201,2022-06-10 00:00:00,HLPC - CTCP ĐẦU TƯ BẤT ĐỘNG SẢN HƯNG LỘC PHÁT,HLPCH2223001,VNĐ,,21/03/2022,21/09/2024,,150000,1000000,Coupon,Cố định,Khác,,,14.0,Hiệu lực,,HLPC ,Công ty cổ phần,Bất động sản
1202,2022-03-31 00:00:00,HNVC - CTCP Bất động sản Hano-vid,HNVCH2229002,VNĐ,,21/03/2022,21/03/2029,,50000,10000000,Coupon,Cố định,Một lần khi đến hạn,,,10.0,Hiệu lực,,HNVC ,Công ty cổ phần,Bất động sản
1203,2022-03-28 00:00:00,ADS - CÔNG TY CỔ PHẦN DAMSAN,ADSH2224001,VNĐ,,21/03/2022,21/03/2024,,100000,1000000,Coupon,Cố định,Định kỳ - Cuối kỳ,Mua lại,,4.0,Hiệu lực,,ADS ,Công ty cổ phần,Sản xuất
1204,2022-06-23 00:00:00,TNGC - CTCP Đầu tư Xây Dựng Trung Nam,TNGCH2223002,VNĐ,,22/03/2022,22/03/2023,,3000,100000000,Coupon,Cố định,Định kỳ - Cuối kỳ,Mua lại,,9.5,Hiệu lực,,TNGC ,Công ty cổ phần,Lĩnh vực khác
1205,2022-06-20 00:00:00,H79C - CTCP Hưng Thịnh Land,H79CH2225002,VNĐ,,23/03/2022,23/03/2025,,7000000,100000,Coupon,Kết hợp,Định kỳ - Cuối kỳ,Mua lại,,11.0,Hiệu lực,,H79C ,Công ty cổ phần,Bất động sản
1206,2022-03-28 00:00:00,BVB - NGÂN HÀNG TMCP BẢN VIỆT,BVBL2229004,VNĐ,,24/03/2022,24/03/2029,,100,1000000000,Coupon,Cố định,Định kỳ - Cuối kỳ,Mua lại,,8.6,Hiệu lực,,BVB ,Công ty cổ phần,Tổ chức tín dụng
1207,2022-04-06 00:00:00,PDR - CTCP PHÁT TRIỂN BẤT ĐỘNG SẢN PHÁT ĐẠT,PDRH2224001,VNĐ,,25/03/2022,25/03/2024,,3000,100000000,Coupon,Cố định,Định kỳ - Cuối kỳ,Mua lại,,11.2,Hiệu lực,,PDR ,Công ty cổ phần,Bất động sản
1208,2022-04-01 00:00:00,DBJC - CÔNG TY CỔ PHẦN ĐIỆN BIÊN,DBJCH2225001,VNĐ,,25/03/2022,25/03/2025,,1300000,100000,Coupon,Kết hợp,Định kỳ - Cuối kỳ,Mua lại,,11.0,Hiệu lực,,DBJC ,Công ty cổ phần,Bất động sản
1209,2022-06-27 00:00:00,NHRC - Công ty Cổ phần Nova Hotels & Resorts,NHRCH2225001,VNĐ,,28/03/2022,28/03/2025,,3000000,100000,Coupon,Cố định,Định kỳ - Cuối kỳ,Mua lại,,10.5,Hiệu lực,,NHRC ,Công ty cổ phần,Bất động sản
1210,2022-04-05 00:00:00,ACB - Ngân hàng TMCP Á Châu,ACBH2224001,VNĐ,,28/03/2022,28/03/2024,,650,1000000000,Coupon,Cố định,Định kỳ - Cuối kỳ,Mua lại,,3.9,Hiệu lực,,ACB ,Công ty cổ phần,Tổ chức tín dụng
1211,2022-04-29 00:00:00,USMC - Công ty Cổ phần Nhà máy Trang thiết bị Y tế USM Healthcare,USMCH2223001,VNĐ,,28/03/2022,28/07/2023,,422,1000000000,Zero coupon,,,,,0.0,Hiệu lực,,USMC ,Công ty cổ phần,Sản xuất
1212,2022-05-06 00:00:00,APGC - CTCP TẬP ĐOÀN APEC GROUP,APGCH2225006,VNĐ,,29/03/2022,29/03/2025,,498700,100000,Coupon,Cố định,Định kỳ - Cuối kỳ,Mua lại,,12.5,Hiệu lực,,APGC ,Công ty cổ phần,Bất động sản
1213,2022-04-15 00:00:00,APGC - CTCP TẬP ĐOÀN APEC GROUP,APGCH2225005,VNĐ,,29/03/2022,29/03/2025,,346308,100000,Coupon,Cố định,Định kỳ - Cuối kỳ,,,13.0,Hiệu lực,,APGC ,Công ty cổ phần,Bất động sản
1214,2022-04-12 00:00:00,ALIC - Công ty Cổ phần Air Link,ALICB2223001,VNĐ,,30/03/2022,30/09/2023,,25700000,100000,Coupon,Kết hợp,Khác,Mua lại,,8.2,Hiệu lực,,ALIC ,Công ty cổ phần,Bất động sản
1215,2022-07-12 00:00:00,TPCC - Công ty CP Bất động sản Tiến Phước,TPCCH2223001,VNĐ,,30/03/2022,30/03/2024,,161384,1000000,Coupon,Cố định,Định kỳ - Cuối kỳ,Mua lại,,11.0,Hiệu lực,,TPCC ,Công ty cổ phần,Lĩnh vực khác
1216,2022-06-07 00:00:00,TDLC - CÔNG TY CỔ PHẦN TANDOLAND,TDLCH2226001,VNĐ,,30/03/2022,15/10/2026,,900000,100000,Coupon,Kết hợp,Định kỳ - Cuối kỳ,Mua lại,,9.5,Hiệu lực,,TDLC ,Công ty cổ phần,Bất động sản
1217,2022-04-12 00:00:00,ALIC - Công ty Cổ phần Air Link,ALICB2223002,VNĐ,,30/03/2022,30/09/2023,,12400000,100000,Coupon,Kết hợp,Khác,Mua lại,,8.2,Hiệu lực,,ALIC ,Công ty cổ phần,Bất động sản
1218,2022-04-08 00:00:00,WWCC - Công ty cổ phần WorldWide Capital,WWCCB2223001,VNĐ,,30/03/2022,30/09/2023,,21500000,100000,Coupon,Kết hợp,Khác,Mua lại,,8.2,Hiệu lực,,WWCC ,Công ty cổ phần,Bất động sản
1219,2022-04-08 00:00:00,WWCC - Công ty cổ phần WorldWide Capital,WWCCB2223002,VNĐ,,30/03/2022,30/09/2023,,12600000,100000,Coupon,Kết hợp,Khác,Mua lại,,8.2,Hiệu lực,,WWCC ,Công ty cổ phần,Bất động sản
1220,2022-04-12 00:00:00,KHTC - Công ty Cổ phần Xây dựng Kiên Hưng Thịnh,KHTCB2223002,VNĐ,,30/03/2022,30/09/2023,,11100000,100000,Coupon,Kết hợp,Khác,Mua lại,,8.2,Hiệu lực,,KHTC ,Công ty cổ phần,Xây dựng
1221,2022-04-12 00:00:00,KHTC - Công ty Cổ phần Xây dựng Kiên Hưng Thịnh,KHTCB2223001,VNĐ,,30/03/2022,30/09/2023,,25000000,100000,Coupon,Kết hợp,Khác,Mua lại,,8.2,Hiệu lực,,KHTC ,Công ty cổ phần,Xây dựng
1222,2022-04-08 00:00:00,ETXC - CÔNG TY CỔ PHẦN CHỨNG KHOÁN DNSE,ETXCH2223001,VNĐ,,30/03/2022,30/03/2023,,1500000,100000,Coupon,Cố định,Định kỳ - Cuối kỳ,Mua lại,,10.5,Hiệu lực,,ETXC ,Công ty cổ phần,Kinh doanh chứng khoán
1223,2022-04-04 00:00:00,VIB - Ngân hàng TMCP Quốc tế Việt Nam,VIBL2225003,VNĐ,,31/03/2022,31/03/2025,,1000,1000000000,Coupon,Cố định,Định kỳ - Cuối kỳ,Mua lại,,3.9,Hiệu lực,,VIB ,Công ty cổ phần,Tổ chức tín dụng
1224,2022-07-12 00:00:00,EVS - Công ty Cổ phần chứng khoán Everest,EVSH2224001,VNĐ,,31/03/2022,31/03/2024,,12730,10000000,Coupon,Cố định,Định kỳ - Cuối kỳ,Mua lại,,10.0,Hiệu lực,,EVS ,Công ty cổ phần,Kinh doanh chứng khoán
1225,2022-04-12 00:00:00,VKIC - Công ty Cổ phần Đầu tư Vast King,VKICB2225001,VNĐ,,31/03/2022,31/03/2025,,22600000,100000,Coupon,Kết hợp,Định kỳ - Cuối kỳ,Mua lại,,9.03,Hiệu lực,,VKIC ,Công ty cổ phần,Bất động sản
1226,2022-05-24 00:00:00,PC1 - CÔNG TY CỔ PHẦN TẬP ĐOÀN PC1,PC1H2227001,VNĐ,,31/03/2022,31/03/2027,,3000,100000000,Coupon,Kết hợp,Định kỳ - Cuối kỳ,Mua lại,,10.0,Hiệu lực,,PC1 ,Công ty cổ phần,Năng lượng
1227,2022-06-08 00:00:00,NVL - Công ty cổ phần tập đoàn Đầu tư Địa ốc Nova,NVLH2223008,VNĐ,,31/03/2022,30/09/2023,,1573,100000000,Coupon,Cố định,Định kỳ - Cuối kỳ,Mua lại,,9.8,Hiệu lực,,NVL ,Công ty cổ phần,Bất động sản
1228,2022-06-08 00:00:00,NVL - Công ty cổ phần tập đoàn Đầu tư Địa ốc Nova,NVLH2223007,VNĐ,,31/03/2022,31/03/2023,,6257,100000000,Coupon,Cố định,Định kỳ - Cuối kỳ,Mua lại,,9.5,Hiệu lực,,NVL ,Công ty cổ phần,Bất động sản
1229,2022-03-14 00:00:00,BVB - NGÂN HÀNG TMCP BẢN VIỆT,BVBL2229002,VNĐ,,03/04/2022,03/04/2029,,100,1000000000,Coupon,Cố định,Định kỳ - Cuối kỳ,Mua lại,,8.6,Hiệu lực,,BVB ,Công ty cổ phần,Tổ chức tín dụng
1230,2022-05-27 00:00:00,PSH - Công ty cổ phần Thương mại Đầu tư Dầu khí Nam Sông Hậu,PSHH2224002,VNĐ,,04/04/2022,04/04/2024,,400000,1000000,Coupon,Kết hợp,Định kỳ - Cuối kỳ,Mua lại,,11.5,Hiệu lực,,PSH ,Công ty cổ phần,Lĩnh vực khác
1231,2022-04-13 00:00:00,VPB - NH TMCP VIỆT NAM THỊNH VƯỢNG,VPBL2225001,VNĐ,,04/04/2022,04/04/2025,,200,1000000000,Coupon,Cố định,Định kỳ - Cuối kỳ,Mua lại,,3.0,Hiệu lực,,VPB ,Công ty cổ phần,Tổ chức tín dụng
1232,2022-07-11 00:00:00,VDS - CTCP Chứng khoán Rồng Việt,VDSH2223004,VNĐ,,04/04/2022,04/04/2023,,182190,1000000,Coupon,Cố định,Định kỳ - Cuối kỳ,Mua lại,,9.3,Hiệu lực,,VDS ,Công ty cổ phần,Kinh doanh chứng khoán
1233,2022-07-08 00:00:00,EIGC - CÔNG TY CỔ PHẦN TẬP ĐOÀN HẠ TẦNG GIÁO DỤC,EIGCH2227002,VNĐ,,04/04/2022,04/04/2027,,1340895,1000000,Coupon,Kết hợp,Định kỳ - Cuối kỳ,Mua lại,,12.0,Hiệu lực,,EIGC ,Công ty cổ phần,Lĩnh vực khác
1234,2022-07-22 00:00:00,F88C - Công ty cổ phần kinh doanh F88,F88CH2223006,VNĐ,,05/04/2022,05/04/2023,,2000,100000000,Coupon,Cố định,Định kỳ - Cuối kỳ,Mua lại,,11.0,Hiệu lực,,F88C ,Công ty cổ phần,"Thương mại, dịch vụ"
1235,2022-05-04 00:00:00,SBVC - NGÂN HÀNG TNHH MỘT THÀNH VIÊN SHINHAN VIỆT NAM,SBVCL2224002,VNĐ,,05/04/2022,05/04/2024,,1000,1000000000,Coupon,Cố định,Định kỳ - Cuối kỳ,,,4.0,Hiệu lực,,SBVC ,Công ty trách nhiệm hữu hạn,Tổ chức tín dụng
1236,2022-08-30 00:00:00,KVIC - Công ty Cổ phần Đầu tư Kiến Vàng,KVICH2223002,VNĐ,,07/04/2022,07/04/2023,,10090,1000000,Coupon,Cố định,Định kỳ - Cuối kỳ,Mua lại,,11.5,Hiệu lực,,KVIC ,Công ty cổ phần,Bất động sản
1237,2022-11-10 00:00:00,DTI - CTCP Đầu tư Đức Trung,DTIH2223001,VNĐ,,11/04/2022,11/04/2023,,1000,100000000,Coupon,Cố định,Định kỳ - Cuối kỳ,Mua lại,,12.0,Hiệu lực,,DTI ,Công ty cổ phần,Bất động sản
1238,2022-04-27 00:00:00,VBAC - Ngân hàng Nông nghiệp và Phát triển Nông thôn Việt Nam,VBACLH2229001,VNĐ,,15/04/2022,15/04/2029,,11400,100000000,Coupon,Thả nổi,Định kỳ - Cuối kỳ,Mua lại,,6.63,Hiệu lực,,VBAC ,Công ty trách nhiệm hữu hạn,Tổ chức tín dụng
1239,2022-07-18 00:00:00,TCB - Ngân hàng TMCP Kỹ thương Việt Nam,TCBL2225001,VNĐ,,15/04/2022,15/04/2025,,1950,1000000000,Coupon,Cố định,Định kỳ - Cuối kỳ,Mua lại,,3.8,Hiệu lực,,TCB ,Công ty cổ phần,Tổ chức tín dụng
1240,2022-04-25 00:00:00,BAB - Ngân hàng Thương Mại Cổ Phần Bắc Á,BABL2225001,VNĐ,,15/04/2022,15/04/2025,,1000,1000000000,Coupon,Cố định,Định kỳ - Cuối kỳ,Mua lại,,4.2,Hiệu lực,,BAB ,Công ty cổ phần,Tổ chức tín dụng
1241,2022-04-20 00:00:00,MBB - NGÂN HÀNG TMCP QUÂN ĐỘI,MBBL2225004,VNĐ,,15/04/2022,15/04/2025,,2000,1000000000,Coupon,Cố định,Định kỳ - Cuối kỳ,Mua lại,,3.8,Hiệu lực,,MBB ,Công ty cổ phần,Tổ chức tín dụng
1242,2022-08-02 00:00:00,LDP - Công ty cổ phần Dược Lâm Đồng (LADOPHAR),LDPH2223001,VNĐ,,18/04/2022,18/04/2023,,442850,100000,Coupon,Cố định,Định kỳ - Cuối kỳ,Mua lại,,12.0,Hết hiệu lực,,LDP ,Công ty cổ phần,Sản xuất
1243,2022-04-20 00:00:00,MSB - Ngân hàng TMCP Hàng Hải Việt Nam,MSBL2225001,VNĐ,,18/04/2022,18/04/2025,,1000,1000000000,Coupon,Kết hợp,Định kỳ - Cuối kỳ,Mua lại,,4.0,Hiệu lực,,MSB ,Công ty cổ phần,Tổ chức tín dụng
1244,2022-04-21 00:00:00,MBB - NGÂN HÀNG TMCP QUÂN ĐỘI,MBBL2225005,VNĐ,,18/04/2022,18/04/2025,,200,1000000000,Coupon,Cố định,Định kỳ - Cuối kỳ,Mua lại,,3.8,Hiệu lực,,MBB ,Công ty cổ phần,Tổ chức tín dụng
1245,2022-04-26 00:00:00,STB - Ngân hàng Thương mại Cổ Phần Sài Gòn Thương Tín,STBL2225001,VNĐ,,18/04/2022,18/04/2025,,1000,1000000000,Coupon,Cố định,Định kỳ - Cuối kỳ,Mua lại,,3.6,Hiệu lực,,STB ,Công ty cổ phần,Tổ chức tín dụng
1246,2022-04-24 00:00:00,THVC - Công ty Cổ phần Toàn Hải Vân,THVCH2229001,VNĐ,,18/04/2022,30/06/2029,,1500000,100000,Coupon,Kết hợp,Định kỳ - Cuối kỳ,Mua lại,,9.5,Hiệu lực,,THVC ,Công ty cổ phần,"Thương mại, dịch vụ"
1247,2022-04-29 00:00:00,BAB - Ngân hàng Thương Mại Cổ Phần Bắc Á,BABL2225002,VNĐ,,19/04/2022,19/04/2025,,500,1000000000,Coupon,Cố định,Định kỳ - Cuối kỳ,Mua lại,,4.2,Hiệu lực,,BAB ,Công ty cổ phần,Tổ chức tín dụng
1248,2022-04-25 00:00:00,THDC - CTCP thép Hòa Phát Hải Dương,THDCH2223001,VNĐ,,20/04/2022,20/04/2023,,682,1000000000,Coupon,Cố định,Định kỳ - Cuối kỳ,,,3.47,Hiệu lực,,THDC ,Công ty cổ phần,Sản xuất
1249,2022-04-27 00:00:00,NAB - Ngân hàng Thương mại Cổ phần Nam Á,NABL2225001,VNĐ,,21/04/2022,21/04/2025,,200,1000000000,Coupon,Cố định,Định kỳ - Cuối kỳ,Mua lại,,4.1,Hiệu lực,,NAB ,Công ty cổ phần,Tổ chức tín dụng
1250,2022-05-04 00:00:00,MST - Công ty Cổ phần Đầu tư MST,MSTH2223001,VNĐ,,21/04/2022,21/04/2025,,12000,10000000,Coupon,Kết hợp,Định kỳ - Cuối kỳ,Mua lại,,12.0,Hiệu lực,,MST ,Công ty cổ phần,Lĩnh vực khác
1251,2022-04-26 00:00:00,STB - Ngân hàng Thương mại Cổ Phần Sài Gòn Thương Tín,STBL2225002,VNĐ,,22/04/2022,22/04/2025,,500,1000000000,Coupon,Cố định,Định kỳ - Cuối kỳ,Mua lại,,4.2,Hiệu lực,,STB ,Công ty cổ phần,Tổ chức tín dụng
1252,2022-04-29 00:00:00,BAB - Ngân hàng Thương Mại Cổ Phần Bắc Á,BABL2225003,VNĐ,,25/04/2022,25/04/2025,,1500,1000000000,Coupon,Cố định,Định kỳ - Cuối kỳ,Mua lại,,4.2,Hiệu lực,,BAB ,Công ty cổ phần,Tổ chức tín dụng
1253,2022-05-26 00:00:00,LTCC - Công ty Cổ phần xi măng Long Thành,LTCCH2136001,VNĐ,,25/04/2022,19/05/2036,,836,100000000,Coupon,Kết hợp,Định kỳ - Cuối kỳ,Mua lại,,10.5,Hiệu lực,,LTCC ,Công ty cổ phần,Sản xuất
1254,2022-04-29 00:00:00,VPFC - CÔNG TY TÀI CHÍNH TNHH NGÂN HÀNG VIỆT NAM THỊNH VƯỢNG SMBC,VPFCH2224001,VNĐ,,25/04/2022,25/04/2024,,300000,1000000,Coupon,Kết hợp,Khác,,,6.8,Hiệu lực,,VPFC ,Công ty trách nhiệm hữu hạn,Lĩnh vực khác
1255,2022-05-11 00:00:00,JHIC - Công ty CP Doanh nghiệp Xã Hội Ivy Care,JHICH2228001,VNĐ,,26/04/2022,26/04/2028,,225000,100000,Coupon,Cố định,Định kỳ - Cuối kỳ,Mua lại,,1.33,Hiệu lực,,JHIC ,Công ty cổ phần,Lĩnh vực khác
1256,2022-04-29 00:00:00,STB - Ngân hàng Thương mại Cổ Phần Sài Gòn Thương Tín,STBL2225003,VNĐ,,26/04/2022,26/04/2025,,1000,1000000000,Coupon,Cố định,Định kỳ - Cuối kỳ,Mua lại,,3.6,Hiệu lực,,STB ,Công ty cổ phần,Tổ chức tín dụng
1257,2022-05-09 00:00:00,BID - Ngân hàng TMCP Đầu tư và Phát triển Việt Nam,BIDH2230001,VNĐ,,26/04/2022,26/04/2030,,5000000,100000,Coupon,Thả nổi,Định kỳ - Cuối kỳ,Hoán đổi; Mua lại,,6.43,Hiệu lực,,BID ,Công ty cổ phần,Tổ chức tín dụng
1258,2022-05-06 00:00:00,ACB - Ngân hàng TMCP Á Châu,ACBH2224003,VNĐ,,28/04/2022,26/04/2024,,2000,1000000000,Coupon,Cố định,Định kỳ - Cuối kỳ,Mua lại,,3.9,Hiệu lực,,ACB ,Công ty cổ phần,Tổ chức tín dụng
1259,2022-05-27 00:00:00,VPI - CTCP Đầu tư Văn Phú - Invest,VPIB2225001,VNĐ,,28/04/2022,28/04/2025,,2433,100000000,Coupon,Cố định,Định kỳ - Cuối kỳ,Mua lại,,10.5,Hiệu lực,,VPI ,Công ty cổ phần,Bất động sản
1260,2022-04-29 00:00:00,SBVC - NGÂN HÀNG TNHH MỘT THÀNH VIÊN SHINHAN VIỆT NAM,SBVCL2224001,VNĐ,,28/04/2022,28/04/2024,,1000,1000000000,Coupon,Cố định,Định kỳ - Cuối kỳ,,,4.0,Hiệu lực,,SBVC ,Công ty trách nhiệm hữu hạn,Tổ chức tín dụng
1261,2022-05-05 00:00:00,VPFC - CÔNG TY TÀI CHÍNH TNHH NGÂN HÀNG VIỆT NAM THỊNH VƯỢNG SMBC,VPFCH2224002,VNĐ,,28/04/2022,28/04/2024,,200000,1000000,Coupon,Kết hợp,Khác,,,6.8,Hiệu lực,,VPFC ,Công ty trách nhiệm hữu hạn,Lĩnh vực khác
1262,2022-05-05 00:00:00,SSB - Ngân hàng TMCP Đông Nam Á,SSBH2224001,VNĐ,,28/04/2022,,,0,1000000000,Coupon,Cố định,Định kỳ - Cuối kỳ,,,4.2,Hiệu lực,,SSB ,Công ty cổ phần,Tổ chức tín dụng
1263,2022-05-06 00:00:00,STB - Ngân hàng Thương mại Cổ Phần Sài Gòn Thương Tín,STBL2225004,VNĐ,,29/04/2022,29/04/2025,,500,1000000000,Coupon,Cố định,Định kỳ - Cuối kỳ,Mua lại,,4.2,Hiệu lực,,STB ,Công ty cổ phần,Tổ chức tín dụng
1264,2022-05-24 00:00:00,HAJC - Công ty cổ phần Hội An Invest,HAJCH2225002,VNĐ,,29/04/2022,29/10/2025,,300,1000000000,Coupon,Kết hợp,Định kỳ - Cuối kỳ,Mua lại,,10.0,Hiệu lực,,HAJC ,Công ty cổ phần,Bất động sản
1265,2022-05-06 00:00:00,HAJC - Công ty cổ phần Hội An Invest,HAJCH2225001,VNĐ,,29/04/2022,29/04/2025,,450,1000000000,Coupon,Kết hợp,Định kỳ - Cuối kỳ,Mua lại,,10.0,Hiệu lực,,HAJC ,Công ty cổ phần,Bất động sản
1266,2022-05-06 00:00:00,MSFC - Công ty Tài chính TNHH MB Shinsei,MSFCLH2225002,VNĐ,,29/04/2022,29/04/2025,,300,1000000000,Coupon,Kết hợp,Định kỳ - Cuối kỳ,,,6.7,Hiệu lực,,MSFC ,Công ty trách nhiệm hữu hạn,Tổ chức tín dụng
1267,2022-05-05 00:00:00,VPFC - CÔNG TY TÀI CHÍNH TNHH NGÂN HÀNG VIỆT NAM THỊNH VƯỢNG SMBC,VPFCH2224003,VNĐ,,29/04/2022,29/04/2024,,300000,1000000,Coupon,Kết hợp,Một lần khi đến hạn,,,7.0,Hiệu lực,,VPFC ,Công ty trách nhiệm hữu hạn,Lĩnh vực khác
1268,2022-05-10 00:00:00,HAJC - Công ty cổ phần Hội An Invest,HAJCH2223001,VNĐ,,29/04/2022,29/04/2023,,50,1000000000,Coupon,Kết hợp,Định kỳ - Cuối kỳ,Mua lại,,10.0,Hiệu lực,,HAJC ,Công ty cổ phần,Bất động sản
1269,2022-05-18 00:00:00,GSPC - Công ty CP in và bao bì Goldsun,GSPCB2225001,VNĐ,,29/04/2022,29/04/2025,,6800000,100000,Coupon,Thả nổi,Định kỳ - Cuối kỳ,Mua lại,,11.0,Hiệu lực,,GSPC ,Công ty cổ phần,Sản xuất
1270,2022-05-16 00:00:00,HAJC - Công ty cổ phần Hội An Invest,HAJCH2224001,VNĐ,,29/04/2022,29/04/2024,,200,1000000000,Coupon,Kết hợp,Định kỳ - Cuối kỳ,Mua lại,,10.0,Hiệu lực,,HAJC ,Công ty cổ phần,Bất động sản
1271,2022-05-17 00:00:00,GSPC - Công ty CP in và bao bì Goldsun,GSPCB2227002,VNĐ,,29/04/2022,29/04/2027,,2400000,100000,Coupon,Thả nổi,Định kỳ - Cuối kỳ,Mua lại,,11.0,Hiệu lực,,GSPC ,Công ty cổ phần,Sản xuất
1272,2022-05-09 00:00:00,TCB - Ngân hàng TMCP Kỹ thương Việt Nam,TCBL2225002,VNĐ,,29/04/2022,29/04/2025,,500,1000000000,Coupon,Cố định,Định kỳ - Cuối kỳ,Mua lại,,3.8,Hiệu lực,,TCB ,Công ty cổ phần,Tổ chức tín dụng
1273,2022-05-05 00:00:00,MBB - NGÂN HÀNG TMCP QUÂN ĐỘI,MBBL2227006,VNĐ,,29/04/2022,30/04/2027,,36000,10000000,Coupon,Thả nổi,Định kỳ - Cuối kỳ,,,7.03,Hiệu lực,,MBB ,Công ty cổ phần,Tổ chức tín dụng
1274,2022-04-07 00:00:00,BVB - NGÂN HÀNG TMCP BẢN VIỆT,BVBL2229005,VNĐ,,04/05/2022,04/05/2029,,200,1000000000,Coupon,Cố định,Định kỳ - Cuối kỳ,Mua lại,,8.6,Hiệu lực,,BVB ,Công ty cổ phần,Tổ chức tín dụng
1275,2022-04-15 00:00:00,MBB - NGÂN HÀNG TMCP QUÂN ĐỘI,MBBL2225001,VNĐ,,04/05/2022,04/05/2025,,700,1000000000,Coupon,Cố định,Định kỳ - Cuối kỳ,Mua lại,,3.8,Hiệu lực,,MBB ,Công ty cổ phần,Tổ chức tín dụng
1276,2022-04-14 00:00:00,ACB - Ngân hàng TMCP Á Châu,ACBH2224002,VNĐ,,04/05/2022,04/05/2024,,1000,1000000000,Coupon,Cố định,Định kỳ - Cuối kỳ,Mua lại,,3.9,Hiệu lực,,ACB ,Công ty cổ phần,Tổ chức tín dụng
1277,2022-05-10 00:00:00,TNGC - Công ty CP Đầu tư Xây Dựng Trung Nam,TNGCB2224003,VNĐ,,04/05/2022,04/05/2024,,20000000,100000,Coupon,Kết hợp,Định kỳ - Cuối kỳ,Mua lại,,10.0,Hiệu lực,,TNGC ,Công ty cổ phần,Lĩnh vực khác
1278,2022-05-10 00:00:00,SSB - Ngân hàng TMCP Đông Nam Á,SSBH2225002,VNĐ,,05/05/2022,05/05/2025,,500,1000000000,Coupon,Cố định,Định kỳ - Cuối kỳ,Mua lại,,4.2,Hiệu lực,,SSB ,Công ty cổ phần,Tổ chức tín dụng
1279,2022-05-13 00:00:00,OCB - Ngân hàng TMCP Phương Đông,OCBL2225001,VNĐ,,05/05/2022,05/05/2025,,2000,1000000000,Coupon,Cố định,Định kỳ - Cuối kỳ,Mua lại,,3.5,Hiệu lực,,OCB ,Công ty cổ phần,Tổ chức tín dụng
1280,2022-08-30 00:00:00,VDS - CTCP Chứng khoán Rồng Việt,VDSH2223005,VNĐ,,07/05/2022,07/05/2023,,200000,1000000,Coupon,Cố định,Định kỳ - Cuối kỳ,Mua lại,,9.3,Hiệu lực,,VDS ,Công ty cổ phần,Kinh doanh chứng khoán
1281,2022-08-11 00:00:00,BVB - NGÂN HÀNG TMCP BẢN VIỆT,BVBL2229007,VNĐ,,08/05/2022,08/05/2029,,60,1000000000,Coupon,Cố định,Định kỳ - Cuối kỳ,Mua lại,,8.6,Hiệu lực,,BVB ,Công ty cổ phần,Tổ chức tín dụng
1282,2022-09-21 00:00:00,NTDC - CÔNG TY TNHH NO VA THẢO ĐIỀN,NTDCH2227001,VNĐ,,09/05/2022,09/05/2027,,23000000,100000,Coupon,Kết hợp,Định kỳ - Cuối kỳ,Mua lại,,10.5,Hiệu lực,,NTDC ,Công ty trách nhiệm hữu hạn,Bất động sản
1283,2022-05-19 00:00:00,MBB - NGÂN HÀNG TMCP QUÂN ĐỘI,MBBL2229010,VNĐ,,13/05/2022,13/05/2029,,101000,10000000,Coupon,Thả nổi,Định kỳ - Cuối kỳ,Mua lại,,6.83,Hiệu lực,,MBB ,Công ty cổ phần,Tổ chức tín dụng
1284,2022-05-27 00:00:00,SBPC - Công ty Cổ phần Sunbay Ninh Thuận,SBPCB2225001,VNĐ,,17/05/2022,17/05/2025,,2000000,100000,Coupon,Kết hợp,Định kỳ - Cuối kỳ,Mua lại,,9.5,Hiệu lực,,SBPC ,Công ty cổ phần,Lĩnh vực khác
1285,2022-05-27 00:00:00,SBPC - Công ty Cổ phần Sunbay Ninh Thuận,SBPCB2227002,VNĐ,,17/05/2022,17/05/2027,,3000000,100000,Coupon,Kết hợp,Định kỳ - Cuối kỳ,Mua lại,,9.5,Hiệu lực,,SBPC ,Công ty cổ phần,Lĩnh vực khác
1286,2022-05-23 00:00:00,ABB - Ngân hàng TMCP An Bình (ABBANK),ABBL2225001,VNĐ,,17/05/2022,17/05/2025,,500,1000000000,Coupon,Cố định,Định kỳ - Cuối kỳ,Mua lại,,4.4,Hiệu lực,,ABB ,Công ty cổ phần,Tổ chức tín dụng
1287,2022-05-27 00:00:00,MYPC - Công ty TNHH Đầu tư và Kinh doanh Địa ốc Mỹ Phú,MYPCH2226001,VNĐ,,17/05/2022,17/05/2026,,7000000,100000,Coupon,Kết hợp,Định kỳ - Cuối kỳ,Mua lại,,10.0,Hiệu lực,,MYPC ,Công ty trách nhiệm hữu hạn,Bất động sản
1288,2022-05-19 00:00:00,MSB - Ngân hàng TMCP Hàng Hải Việt Nam,MSBL2225002,VNĐ,,17/05/2022,17/05/2025,,1000,1000000000,Coupon,Cố định,Định kỳ - Cuối kỳ,Mua lại,,4.3,Hiệu lực,,MSB ,Công ty cổ phần,Tổ chức tín dụng
1289,2022-05-27 00:00:00,SBPC - Công ty Cổ phần Sunbay Ninh Thuận,SBPCB2228003,VNĐ,,17/05/2022,17/05/2028,,4000000,100000,Coupon,Kết hợp,Định kỳ - Cuối kỳ,Mua lại,,9.5,Hiệu lực,,SBPC ,Công ty cổ phần,Lĩnh vực khác
1290,2022-05-19 00:00:00,LTRC - Công ty Cổ phần Long Thành Riverside,LTRCH2226001,VNĐ,,17/05/2022,29/12/2026,,50,1000000000,Coupon,Kết hợp,Định kỳ - Cuối kỳ,Mua lại,,9.5,Hiệu lực,,LTRC ,Công ty cổ phần,Bất động sản
1291,2022-05-23 00:00:00,BID - Ngân hàng TMCP Đầu tư và Phát triển Việt Nam,BIDH2230004,VNĐ,,18/05/2022,18/05/2030,,5000000,100000,Coupon,Thả nổi,Định kỳ - Cuối kỳ,Hoán đổi; Mua lại,,6.43,Hiệu lực,,BID ,Công ty cổ phần,Tổ chức tín dụng
1292,2022-05-30 00:00:00,APBC - CÔNG TY CỔ PHẦN ĐẦU TƯ - PHÁT TRIỂN ĐẦU TƯ ĐÔ THỊ ÂN PHÚ,APBCH2225002,VNĐ,,18/05/2022,24/11/2025,,500000,100000,Coupon,Kết hợp,Định kỳ - Cuối kỳ,Mua lại,,10.5,Hiệu lực,,APBC ,Công ty cổ phần,Bất động sản
1293,2022-05-24 00:00:00,DPQC - Công ty Cổ phần Đầu tư và Phát triển du lịch Phú Quốc,DPQCH2227001,VNĐ,,18/05/2022,18/05/2027,,7172000,100000,Coupon,Kết hợp,Định kỳ - Cuối kỳ,Mua lại,,10.0,Hiệu lực,,DPQC ,Công ty cổ phần,"Thương mại, dịch vụ"
1294,2022-05-30 00:00:00,NVL - Công ty cổ phần tập đoàn Đầu tư Địa ốc Nova,NVLH2232001,VNĐ,,19/05/2022,19/05/2032,,5543,1000000000,Coupon,Cố định,Định kỳ - Cuối kỳ,Mua lại,,10.0,Hiệu lực,,NVL ,Công ty cổ phần,Bất động sản
1295,2022-11-02 00:00:00,PC1 - CÔNG TY CỔ PHẦN TẬP ĐOÀN PC1,PC1H2227002,VNĐ,,19/05/2022,19/05/2027,,9000,100000000,Coupon,Kết hợp,Định kỳ - Cuối kỳ,Mua lại,,10.0,Hiệu lực,,PC1 ,Công ty cổ phần,Năng lượng
1296,2022-05-30 00:00:00,NVL - Công ty cổ phần tập đoàn Đầu tư Địa ốc Nova,NVLH2232002,VNĐ,,19/05/2022,19/05/2032,,231,1000000000,Coupon,Cố định,Định kỳ - Cuối kỳ,Mua lại,,8.0,Hiệu lực,,NVL ,Công ty cổ phần,Bất động sản
1297,2022-05-25 00:00:00,HDB - NH TMCP Phát triển thành phố Hồ Chí Minh ( HDBANK),HDBL2230001,VNĐ,,20/05/2022,20/05/2030,,180,1000000000,Coupon,Thả nổi,Định kỳ - Cuối kỳ,Mua lại,,7.32,Hiệu lực,,HDB ,Công ty cổ phần,Tổ chức tín dụng
1298,2022-05-25 00:00:00,ACB - Ngân hàng TMCP Á Châu,ACBH2223004,VNĐ,,23/05/2022,23/05/2023,,1000,1000000000,Coupon,Cố định,Định kỳ - Cuối kỳ,Mua lại,,4.0,Hiệu lực,,ACB ,Công ty cổ phần,Tổ chức tín dụng
1299,2022-06-02 00:00:00,TPB - Ngân hàng Thương mại cổ phần Tiên Phong,TPBL2225001,VNĐ,,23/05/2022,23/05/2025,,5000,100000000,Coupon,Cố định,Định kỳ - Cuối kỳ,Mua lại,,4.03,Hiệu lực,,TPB ,Công ty cổ phần,Tổ chức tín dụng
1300,2022-05-26 00:00:00,LTRC - Công ty Cổ phần Long Thành Riverside,LTRCH2226002,VNĐ,,24/05/2022,29/12/2026,,55,1000000000,Coupon,Kết hợp,Định kỳ - Cuối kỳ,Mua lại,,9.5,Hiệu lực,,LTRC ,Công ty cổ phần,Bất động sản
1301,2022-06-06 00:00:00,TPB - Ngân hàng Thương mại cổ phần Tiên Phong,TPBL2225002,VNĐ,,24/05/2022,24/05/2025,,5000,100000000,Coupon,Cố định,Định kỳ - Cuối kỳ,Mua lại,,4.03,Hiệu lực,,TPB ,Công ty cổ phần,Tổ chức tín dụng
1302,2022-05-30 00:00:00,MBB - NGÂN HÀNG TMCP QUÂN ĐỘI,MBBL2225011,VNĐ,,24/05/2022,24/05/2025,,1300,1000000000,Coupon,Cố định,Định kỳ - Cuối kỳ,Mua lại,,4.1,Hiệu lực,,MBB ,Công ty cổ phần,Tổ chức tín dụng
1303,2022-06-06 00:00:00,TPB - Ngân hàng Thương mại cổ phần Tiên Phong,TPBL2225003,VNĐ,,24/05/2022,24/05/2025,,10000,100000000,Coupon,Cố định,Định kỳ - Cuối kỳ,Mua lại,,4.14,Hiệu lực,,TPB ,Công ty cổ phần,Tổ chức tín dụng
1304,2022-06-04 00:00:00,ORS - Công ty Cổ phần Chứng khoán Tiên Phong,ORSH2227001,VNĐ,,24/05/2022,24/05/2027,,5000000,100000,Coupon,Kết hợp,Định kỳ - Cuối kỳ,,,9.2,Hiệu lực,,ORS ,Công ty cổ phần,Kinh doanh chứng khoán
1305,2022-05-25 00:00:00,ACB - Ngân hàng TMCP Á Châu,ACBH2223005,VNĐ,,24/05/2022,24/05/2023,,1000,1000000000,Coupon,Cố định,Định kỳ - Cuối kỳ,Mua lại,,4.0,Hiệu lực,,ACB ,Công ty cổ phần,Tổ chức tín dụng
1306,2022-05-31 00:00:00,LPB - Ngân hàng Thương mại Cổ phần Bưu Điện Liên Việt,LPBH2225001,VNĐ,,25/05/2022,25/05/2025,,500,1000000000,Coupon,Cố định,Định kỳ - Cuối kỳ,Mua lại,,4.0,Hiệu lực,,LPB ,Công ty cổ phần,Tổ chức tín dụng
1307,2022-06-10 00:00:00,NPMC - CT TNHH KHAI THÁC CHẾ BIẾN KHOÁNG SẢN NÚI PHÁO,NPMCH2227001,VNĐ,,25/05/2022,25/05/2027,,5000000,100000,Coupon,Kết hợp,Định kỳ - Cuối kỳ,Mua lại,,9.3,Hiệu lực,,NPMC ,Công ty trách nhiệm hữu hạn,Sản xuất
1308,2022-06-06 00:00:00,TPB - Ngân hàng Thương mại cổ phần Tiên Phong,TPBL2225005,VNĐ,,25/05/2022,25/05/2025,,5000,100000000,Coupon,Cố định,Định kỳ - Cuối kỳ,Mua lại,,4.14,Hiệu lực,,TPB ,Công ty cổ phần,Tổ chức tín dụng
1309,2022-06-03 00:00:00,TCB - Ngân hàng TMCP Kỹ thương Việt Nam,TCBL2225004,VNĐ,,25/05/2022,25/05/2025,,500,1000000000,Coupon,Cố định,Định kỳ - Cuối kỳ,Mua lại,,3.8,Hiệu lực,,TCB ,Công ty cổ phần,Tổ chức tín dụng
1310,2022-08-19 00:00:00,TTCC - CTCP đầu tư Thành Thành Công,TTCCH2226001,VNĐ,,25/05/2022,25/05/2026,,75000,1000000,Coupon,Cố định,Định kỳ - Cuối kỳ,Mua lại,,7.25,Hiệu lực,,TTCC ,Công ty cổ phần,Lĩnh vực khác
1311,2022-06-06 00:00:00,TPB - Ngân hàng Thương mại cổ phần Tiên Phong,TPBL2225004,VNĐ,,25/05/2022,25/05/2025,,5000,100000000,Coupon,Cố định,Định kỳ - Cuối kỳ,Mua lại,,4.03,Hiệu lực,,TPB ,Công ty cổ phần,Tổ chức tín dụng
1312,2022-06-01 00:00:00,ASG - CTCP TẬP ĐOÀN ASG,ASGH2225001,VNĐ,,25/05/2022,25/05/2025,,3000,100000000,Coupon,Cố định,Định kỳ - Cuối kỳ,,,9.5,Hiệu lực,,ASG ,Công ty cổ phần,"Thương mại, dịch vụ"
1313,2022-06-06 00:00:00,TPB - Ngân hàng Thương mại cổ phần Tiên Phong,TPBL2225006,VNĐ,,25/05/2022,25/05/2025,,5000,100000000,Coupon,Cố định,Định kỳ - Cuối kỳ,Mua lại,,4.31,Hiệu lực,,TPB ,Công ty cổ phần,Tổ chức tín dụng
1314,2022-07-08 00:00:00,VUNC - Công ty cổ phần Vua Nệm,VUNCH2224001,VNĐ,,26/05/2022,26/05/2024,,1500,100000000,Coupon,Cố định,Định kỳ - Cuối kỳ,Mua lại,,12.5,Hiệu lực,,VUNC ,Công ty cổ phần,"Thương mại, dịch vụ"
1315,2022-06-06 00:00:00,TPB - Ngân hàng Thương mại cổ phần Tiên Phong,TPBL2225007,VNĐ,,26/05/2022,26/05/2025,,5000,100000000,Coupon,Cố định,Định kỳ - Cuối kỳ,Mua lại,,4.0,Hiệu lực,,TPB ,Công ty cổ phần,Tổ chức tín dụng
1316,2022-06-01 00:00:00,DPQC - Công ty Cổ phần Đầu tư và Phát triển du lịch Phú Quốc,DPQCH2227002,VNĐ,,26/05/2022,26/05/2027,,5125350,100000,Coupon,Kết hợp,Định kỳ - Cuối kỳ,Mua lại,,10.0,Hiệu lực,,DPQC ,Công ty cổ phần,"Thương mại, dịch vụ"
1317,2022-06-03 00:00:00,VIFC - CTCP SẢN XUẤT VÀ KINH DOANH VINFAST,VIFCB2225001,VNĐ,,26/05/2022,26/05/2025,,5000000,100000,Coupon,Kết hợp,Định kỳ - Cuối kỳ,Mua lại,,9.26,Hiệu lực,,VIFC ,Công ty cổ phần,Sản xuất
1318,2022-06-07 00:00:00,TPB - Ngân hàng Thương mại cổ phần Tiên Phong,TPBL2225008,VNĐ,,26/05/2022,26/05/2025,,9990,100000000,Coupon,Cố định,Định kỳ - Cuối kỳ,Mua lại,,4.31,Hiệu lực,,TPB ,Công ty cổ phần,Tổ chức tín dụng
1319,2022-06-06 00:00:00,NAB - Ngân hàng Thương mại Cổ phần Nam Á,NABL2225002,VNĐ,,27/05/2022,27/05/2025,,100,1000000000,Coupon,Cố định,Định kỳ - Cuối kỳ,Mua lại,,4.4,Hiệu lực,,NAB ,Công ty cổ phần,Tổ chức tín dụng
1320,2022-05-30 00:00:00,VPFC - CÔNG TY TÀI CHÍNH TNHH NGÂN HÀNG VIỆT NAM THỊNH VƯỢNG SMBC,VPFCH2224004,VNĐ,,27/05/2022,27/05/2024,,500000,1000000,Coupon,Kết hợp,Khác,,,6.8,Hiệu lực,,VPFC ,Công ty trách nhiệm hữu hạn,Lĩnh vực khác
1321,2022-06-02 00:00:00,HDB - NH TMCP Phát triển thành phố Hồ Chí Minh ( HDBANK),HDBL2225002,VNĐ,,30/05/2022,30/05/2025,,1500,1000000000,Coupon,Cố định,Định kỳ - Cuối kỳ,Mua lại,,4.2,Hiệu lực,,HDB ,Công ty cổ phần,Tổ chức tín dụng
1322,2022-06-03 00:00:00,VIFC - CTCP SẢN XUẤT VÀ KINH DOANH VINFAST,VIFCB2225002,VNĐ,,30/05/2022,30/05/2025,,5000000,100000,Coupon,Kết hợp,Định kỳ - Cuối kỳ,Mua lại,,9.26,Hiệu lực,,VIFC ,Công ty cổ phần,Sản xuất
1323,2022-06-03 00:00:00,VIFC - CTCP SẢN XUẤT VÀ KINH DOANH VINFAST,VIFCB2225003,VNĐ,,30/05/2022,30/05/2025,,5000000,100000,Coupon,Kết hợp,Định kỳ - Cuối kỳ,Mua lại,,9.26,Hiệu lực,,VIFC ,Công ty cổ phần,Sản xuất
1324,2022-06-06 00:00:00,ACB - Ngân hàng TMCP Á Châu,ACBH2223006,VNĐ,,30/05/2022,30/11/2023,,1500,1000000000,Coupon,Cố định,Định kỳ - Cuối kỳ,Mua lại,,4.0,Hiệu lực,,ACB ,Công ty cổ phần,Tổ chức tín dụng
1325,2022-06-03 00:00:00,VIFC - CTCP SẢN XUẤT VÀ KINH DOANH VINFAST,VIFCB2225004,VNĐ,,30/05/2022,30/05/2025,,5000000,100000,Coupon,Kết hợp,Định kỳ - Cuối kỳ,Mua lại,,9.26,Hiệu lực,,VIFC ,Công ty cổ phần,Sản xuất
1326,2022-06-02 00:00:00,VIB - Ngân hàng TMCP Quốc tế Việt Nam,VIBL2225004,VNĐ,,31/05/2022,31/05/2025,,1000,1000000000,Coupon,Cố định,Định kỳ - Cuối kỳ,Mua lại,,4.0,Hiệu lực,,VIB ,Công ty cổ phần,Tổ chức tín dụng
1327,2022-06-02 00:00:00,HDB - NH TMCP Phát triển thành phố Hồ Chí Minh ( HDBANK),HDBL2232004,VNĐ,,31/05/2022,31/05/2032,,100,1000000000,Coupon,Thả nổi,Định kỳ - Cuối kỳ,Mua lại,,7.52,Hiệu lực,,HDB ,Công ty cổ phần,Tổ chức tín dụng
1328,2022-06-02 00:00:00,HDB - NH TMCP Phát triển thành phố Hồ Chí Minh ( HDBANK),HDBL2225003,VNĐ,,31/05/2022,31/05/2025,,1100,1000000000,Coupon,Cố định,Định kỳ - Cuối kỳ,Mua lại,,4.2,Hiệu lực,,HDB ,Công ty cổ phần,Tổ chức tín dụng
1329,2022-06-24 00:00:00,HGAC - CÔNG TY CỔ PHẦN SẢN XUẤT VÀ ĐẦU TƯ HOÀNG GIA,HGACH2224001,VNĐ,,04/06/2022,,,0,1000000,Coupon,Cố định,,Mua lại,,,Hiệu lực,,HGAC ,Công ty cổ phần,Sản xuất
1330,2022-07-08 00:00:00,AGG - CÔNG TY CỔ PHẦN ĐẦU TƯ VÀ PHÁT TRIỂN BÁT ĐỘNG SẢN AN GIA,AGGH2224002,VNĐ,,04/06/2022,04/06/2024,,177,100000000,Coupon,Cố định,Định kỳ - Cuối kỳ,Mua lại,,11.25,Hiệu lực,,AGG ,Công ty cổ phần,Bất động sản
1331,2022-05-16 00:00:00,BID - Ngân hàng TMCP Đầu tư và Phát triển Việt Nam,BIDH2230002,VNĐ,,05/06/2022,05/06/2030,,11500000,100000,Coupon,Thả nổi,Định kỳ - Cuối kỳ,Hoán đổi; Mua lại,,6.43,Hiệu lực,,BID ,Công ty cổ phần,Tổ chức tín dụng
1332,2022-05-11 00:00:00,SBVC - NGÂN HÀNG TNHH MỘT THÀNH VIÊN SHINHAN VIỆT NAM,SBVCL2224003,VNĐ,,05/06/2022,05/06/2024,,800,1000000000,Coupon,Cố định,Định kỳ - Cuối kỳ,,,4.0,Hiệu lực,,SBVC ,Công ty trách nhiệm hữu hạn,Tổ chức tín dụng
1333,2022-05-16 00:00:00,BID - Ngân hàng TMCP Đầu tư và Phát triển Việt Nam,BIDH2237003,VNĐ,,05/06/2022,05/06/2037,,2000000,100000,Coupon,Thả nổi,Định kỳ - Cuối kỳ,Hoán đổi; Mua lại,,6.73,Hiệu lực,,BID ,Công ty cổ phần,Tổ chức tín dụng
1334,2022-05-11 00:00:00,MBB - NGÂN HÀNG TMCP QUÂN ĐỘI,MBBL2227007,VNĐ,,05/06/2022,05/07/2027,,5000,10000000,Coupon,Thả nổi,Định kỳ - Cuối kỳ,,,7.03,Hiệu lực,,MBB ,Công ty cổ phần,Tổ chức tín dụng
1335,2022-08-15 00:00:00,TKLC - Công ty cổ phần Tonkin Land,TKLCH2225001,VNĐ,,05/06/2022,05/06/2025,,1195,100000000,Coupon,Kết hợp,Định kỳ - Cuối kỳ,,,11.0,Hiệu lực,,TKLC ,Công ty cổ phần,Bất động sản
1336,2022-06-13 00:00:00,MSFC - Công ty Tài chính TNHH MB Shinsei,MSFCLH2224003,VNĐ,,06/06/2022,06/06/2024,,100,1000000000,Coupon,Cố định,Định kỳ - Cuối kỳ,,,6.5,Hiệu lực,,MSFC ,Công ty trách nhiệm hữu hạn,Tổ chức tín dụng
1337,2022-09-12 00:00:00,VPB - NH TMCP VIỆT NAM THỊNH VƯỢNG,VPBL2223002,VNĐ,,09/06/2022,10/06/2023,,2000,1000000000,Coupon,Cố định,Một lần khi đến hạn,,,5.5,Hiệu lực,,VPB ,Công ty cổ phần,Tổ chức tín dụng
1338,2022-09-20 00:00:00,CVSC - Công ty cổ phần CVS Holding,CVSCH2225001,VNĐ,,13/06/2022,13/06/2025,,106,1000000000,Coupon,Cố định,Định kỳ - Cuối kỳ,,,10.0,Hiệu lực,,CVSC ,Công ty cổ phần,"Thương mại, dịch vụ"
1339,2022-07-15 00:00:00,FCN - CTCP FECON,FCNH2223001,VNĐ,,13/06/2022,13/12/2023,,150000,1000000,Coupon,Cố định,Định kỳ - Cuối kỳ,Mua lại,,11.0,Hiệu lực,,FCN ,Công ty cổ phần,Xây dựng
1340,2022-06-15 00:00:00,VPFC - CÔNG TY TÀI CHÍNH TNHH NGÂN HÀNG VIỆT NAM THỊNH VƯỢNG SMBC,VPFCH2224007,VNĐ,,14/06/2022,14/06/2024,,300000,1000000,Coupon,Kết hợp,Định kỳ - Cuối kỳ,,,6.8,Hiệu lực,,VPFC ,Công ty trách nhiệm hữu hạn,Lĩnh vực khác
1341,2022-06-24 00:00:00,NLG - Công ty Cổ phần Đầu tư Nam Long,NLGH2229001,VNĐ,,14/06/2022,28/03/2029,,500,1000000000,Coupon,Kết hợp,Định kỳ - Cuối kỳ,Mua lại,,9.35,Hiệu lực,,NLG ,Công ty cổ phần,Bất động sản
1342,2022-06-16 00:00:00,OCB - Ngân hàng TMCP Phương Đông,OCBL2225004,VNĐ,,14/06/2022,14/06/2025,,300,1000000000,Coupon,Cố định,Định kỳ - Cuối kỳ,Mua lại,,4.4,Hiệu lực,,OCB ,Công ty cổ phần,Tổ chức tín dụng
1343,2022-06-24 00:00:00,TCB - Ngân hàng TMCP Kỹ thương Việt Nam,TCBL2225005,VNĐ,,14/06/2022,14/06/2025,,1500,1000000000,Coupon,Cố định,Định kỳ - Cuối kỳ,Mua lại,,4.3,Hiệu lực,,TCB ,Công ty cổ phần,Tổ chức tín dụng
1344,2022-06-24 00:00:00,TCB - Ngân hàng TMCP Kỹ thương Việt Nam,TCBL2225006,VNĐ,,15/06/2022,15/06/2025,,1500,1000000000,Coupon,Cố định,Định kỳ - Cuối kỳ,Mua lại,,4.3,Hiệu lực,,TCB ,Công ty cổ phần,Tổ chức tín dụng
1345,2022-06-20 00:00:00,MBB - NGÂN HÀNG TMCP QUÂN ĐỘI,MBBL2229016,VNĐ,,15/06/2022,15/06/2029,,5000,10000000,Coupon,Cố định,Định kỳ - Cuối kỳ,,,7.05,Hiệu lực,,MBB ,Công ty cổ phần,Tổ chức tín dụng
1346,2022-06-20 00:00:00,MBB - NGÂN HÀNG TMCP QUÂN ĐỘI,MBBL2227015,VNĐ,,15/06/2022,16/06/2027,,5000,10000000,Coupon,Thả nổi,Định kỳ - Cuối kỳ,,,6.95,Hiệu lực,,MBB ,Công ty cổ phần,Tổ chức tín dụng
1347,2022-06-24 00:00:00,TCB - Ngân hàng TMCP Kỹ thương Việt Nam,TCBL2225007,VNĐ,,16/06/2022,16/06/2025,,1500,1000000000,Coupon,Cố định,Định kỳ - Cuối kỳ,Mua lại,,4.2,Hiệu lực,,TCB ,Công ty cổ phần,Tổ chức tín dụng
1348,2022-07-06 00:00:00,CPGC - Công ty Cổ phần tập đoàn Casper Việt Nam,CPGCH2225001,VNĐ,,16/06/2022,16/06/2025,,3000,100000000,Coupon,Cố định,Định kỳ - Cuối kỳ,Mua lại,,11.0,Hiệu lực,,CPGC ,Công ty cổ phần,"Thương mại, dịch vụ"
1349,2022-06-20 00:00:00,OCB - Ngân hàng TMCP Phương Đông,OCBL2225005,VNĐ,,16/06/2022,16/06/2025,,500,1000000000,Coupon,Cố định,Định kỳ - Cuối kỳ,Mua lại,,4.4,Hiệu lực,,OCB ,Công ty cổ phần,Tổ chức tín dụng
1350,2022-06-28 00:00:00,TASC - CTCP TẬP ĐOÀN TASECO,TASCH2223001,VNĐ,,20/06/2022,20/06/2023,,1200,100000000,Coupon,Cố định,Định kỳ - Cuối kỳ,,,11.0,Hiệu lực,,TASC ,Công ty cổ phần,Bất động sản
1351,2022-06-30 00:00:00,TCB - Ngân hàng TMCP Kỹ thương Việt Nam,TCBL2225008,VNĐ,,20/06/2022,20/06/2025,,1000,1000000000,Coupon,Cố định,Định kỳ - Cuối kỳ,Mua lại,,4.2,Hiệu lực,,TCB ,Công ty cổ phần,Tổ chức tín dụng
1352,2022-07-04 00:00:00,LPB - Ngân hàng Thương mại Cổ phần Bưu Điện Liên Việt,LPBH2224002,VNĐ,,21/06/2022,21/06/2024,,1000,1000000000,Coupon,Cố định,Định kỳ - Cuối kỳ,Mua lại,,4.4,Hiệu lực,,LPB ,Công ty cổ phần,Tổ chức tín dụng
1353,2022-06-22 00:00:00,BAB - Ngân hàng Thương Mại Cổ Phần Bắc Á,BABL2225004,VNĐ,,21/06/2022,21/06/2025,,500,1000000000,Coupon,Cố định,Định kỳ - Cuối kỳ,Mua lại,,4.7,Hiệu lực,,BAB ,Công ty cổ phần,Tổ chức tín dụng
1354,2022-06-30 00:00:00,TCB - Ngân hàng TMCP Kỹ thương Việt Nam,TCBL2225009,VNĐ,,21/06/2022,21/06/2025,,1000,1000000000,Coupon,Cố định,Định kỳ - Cuối kỳ,Mua lại,,4.2,Hiệu lực,,TCB ,Công ty cổ phần,Tổ chức tín dụng
1355,2022-06-29 00:00:00,BID - Ngân hàng TMCP Đầu tư và Phát triển Việt Nam,BIDL2224008,VNĐ,,21/06/2022,21/06/2024,,1000,1000000000,Coupon,Cố định,Định kỳ - Cuối kỳ,,,4.2,Hiệu lực,,BID ,Công ty cổ phần,Tổ chức tín dụng
1356,2022-06-28 00:00:00,MSB - Ngân hàng TMCP Hàng Hải Việt Nam,MSBL2225003,VNĐ,,21/06/2022,21/06/2025,,1000,1000000000,Coupon,Cố định,Định kỳ - Cuối kỳ,Mua lại,,4.3,Hiệu lực,,MSB ,Công ty cổ phần,Tổ chức tín dụng
1357,2022-06-29 00:00:00,BID - Ngân hàng TMCP Đầu tư và Phát triển Việt Nam,BIDLH2232010,VNĐ,,22/06/2022,22/06/2032,,14,1000000000,Coupon,Thả nổi,Định kỳ - Cuối kỳ,Hoán đổi; Mua lại,,6.55,Hiệu lực,,BID ,Công ty cổ phần,Tổ chức tín dụng
1358,2022-06-28 00:00:00,OCB - Ngân hàng TMCP Phương Đông,OCBL2225006,VNĐ,,22/06/2022,22/06/2025,,1000,1000000000,Coupon,Cố định,Định kỳ - Cuối kỳ,Mua lại,,4.4,Hiệu lực,,OCB ,Công ty cổ phần,Tổ chức tín dụng
1359,2022-06-24 00:00:00,VIB - Ngân hàng TMCP Quốc tế Việt Nam,VIBL2225006,VNĐ,,22/06/2022,22/06/2025,,400,1000000000,Coupon,Cố định,Định kỳ - Cuối kỳ,Mua lại,,4.3,Hiệu lực,,VIB ,Công ty cổ phần,Tổ chức tín dụng
1360,2022-06-29 00:00:00,BID - Ngân hàng TMCP Đầu tư và Phát triển Việt Nam,BIDLH2230009,VNĐ,,22/06/2022,22/06/2030,,1981,1000000000,Coupon,Thả nổi,Định kỳ - Cuối kỳ,Hoán đổi; Mua lại,,6.45,Hiệu lực,,BID ,Công ty cổ phần,Tổ chức tín dụng
1361,2022-06-30 00:00:00,TCB - Ngân hàng TMCP Kỹ thương Việt Nam,TCBL2225010,VNĐ,,23/06/2022,23/06/2025,,500,1000000000,Coupon,Cố định,Định kỳ - Cuối kỳ,Mua lại,,4.2,Hiệu lực,,TCB ,Công ty cổ phần,Tổ chức tín dụng
1362,2022-06-29 00:00:00,PAPC - Công ty cổ phần Pacific Partners,PAPCH2223001,VNĐ,,23/06/2022,23/06/2023,,1000,100000000,Coupon,Cố định,Định kỳ - Cuối kỳ,,,11.0,Hiệu lực,,PAPC ,Công ty cổ phần,"Thương mại, dịch vụ"
1363,2022-06-27 00:00:00,OCB - Ngân hàng TMCP Phương Đông,OCBL2225007,VNĐ,,23/06/2022,23/06/2025,,500,1000000000,Coupon,Cố định,Định kỳ - Cuối kỳ,Mua lại,,4.4,Hiệu lực,,OCB ,Công ty cổ phần,Tổ chức tín dụng
1364,2022-06-28 00:00:00,BID - Ngân hàng TMCP Đầu tư và Phát triển Việt Nam,BIDL2230011,VNĐ,,23/06/2022,23/06/2030,,2000,1000000000,Coupon,Thả nổi,Định kỳ - Cuối kỳ,Hoán đổi; Mua lại,,6.45,Hiệu lực,,BID ,Công ty cổ phần,Tổ chức tín dụng
1365,2022-07-14 00:00:00,DPQC - Công ty Cổ phần Đầu tư và Phát triển du lịch Phú Quốc,DPQCH2227004,VNĐ,,23/06/2022,23/06/2027,,7892420,100000,Coupon,Kết hợp,Định kỳ - Cuối kỳ,Mua lại,,10.0,Hiệu lực,,DPQC ,Công ty cổ phần,"Thương mại, dịch vụ"
1366,2022-07-12 00:00:00,CPTC - Công ty cổ phần Đầu tư và Xây dựng Giao thông Vận Tải,CPTCH2227001,VNĐ,,24/06/2022,30/06/2027,,125,100000000,Coupon,Thả nổi,Định kỳ - Cuối kỳ,Mua lại,,8.5,Hiệu lực,,CPTC ,Công ty cổ phần,Bất động sản
1367,2022-09-22 00:00:00,TNGC - CTCP Đầu tư Xây Dựng Trung Nam,TNGCH2223004,VNĐ,,24/06/2022,24/06/2023,,430000,1000000,Coupon,Cố định,Định kỳ - Cuối kỳ,,,10.0,Hiệu lực,,TNGC ,Công ty cổ phần,Lĩnh vực khác
1368,2022-06-29 00:00:00,CTG - Ngân hàng Thương mại cổ phần Công Thương Việt Nam,CTGL2237002,VNĐ,,24/06/2022,24/06/2037,,200,1000000000,Coupon,Cố định,Định kỳ - Cuối kỳ,Mua lại,,6.8,Hiệu lực,,CTG ,Công ty cổ phần,Tổ chức tín dụng
1369,2022-06-30 00:00:00,IPDC - CÔNG TY CỔ PHẦN IMG PHƯỚC ĐÔNG,IPDCH2230001,VNĐ,,27/06/2022,27/06/2030,,1000,100000000,Coupon,Kết hợp,Định kỳ - Cuối kỳ,Mua lại,,8.5,Hiệu lực,,IPDC ,Công ty cổ phần,Bất động sản
1370,2022-07-01 00:00:00,F88C - Công ty cổ phần kinh doanh F88,F88CH2223007,VNĐ,,27/06/2022,27/06/2023,,450,100000000,Coupon,Cố định,Định kỳ - Cuối kỳ,Mua lại,,10.0,Hiệu lực,,F88C ,Công ty cổ phần,"Thương mại, dịch vụ"
1371,2022-10-05 00:00:00,DKDC - Công ty TNHH Du lịch Khách sạn Đông Á,DKDCH2227001,VNĐ,,28/06/2022,28/06/2027,,300000,1000000,Coupon,Cố định,Định kỳ - Cuối kỳ,Mua lại,,10.5,Hiệu lực,,DKDC ,Công ty trách nhiệm hữu hạn,"Thương mại, dịch vụ"
1372,2022-07-05 00:00:00,LPB - Ngân hàng Thương mại Cổ phần Bưu Điện Liên Việt,LPBH2225003,VNĐ,,28/06/2022,28/06/2025,,1000,1000000000,Coupon,Cố định,Định kỳ - Cuối kỳ,Mua lại,,4.5,Hiệu lực,,LPB ,Công ty cổ phần,Tổ chức tín dụng
1373,2022-07-12 00:00:00,ORS - Công ty Cổ phần Chứng khoán Tiên Phong,ORSH2227002,VNĐ,,28/06/2022,28/06/2027,,5000000,100000,Coupon,Kết hợp,Định kỳ - Cuối kỳ,,,9.2,Hiệu lực,,ORS ,Công ty cổ phần,Kinh doanh chứng khoán
1374,2022-07-06 00:00:00,DALC - Công ty TNHH Đầu tư và Phát triển BĐS Đại Hùng,DALCH2226001,VNĐ,,29/06/2022,29/06/2026,,150000,10000000,Coupon,Kết hợp,Định kỳ - Cuối kỳ,Mua lại,,12.5,Hiệu lực,,DALC ,Công ty trách nhiệm hữu hạn,Bất động sản
1375,2022-07-06 00:00:00,CTG - Ngân hàng Thương mại cổ phần Công Thương Việt Nam,CTGL2230003,VNĐ,,29/06/2022,29/06/2030,,1200,1000000000,Coupon,Thả nổi,Định kỳ - Cuối kỳ,Mua lại,,6.48,Hiệu lực,,CTG ,Công ty cổ phần,Tổ chức tín dụng
1376,2022-07-06 00:00:00,LPB - Ngân hàng Thương mại Cổ phần Bưu Điện Liên Việt,LPBH2225004,VNĐ,,29/06/2022,29/06/2025,,1000,1000000000,Coupon,Cố định,Định kỳ - Cuối kỳ,Mua lại,,4.4,Hiệu lực,,LPB ,Công ty cổ phần,Tổ chức tín dụng
1377,2022-06-30 00:00:00,KVIC - Công ty Cổ phần Đầu tư Kiến Vàng,KVICH2223001,VNĐ,,29/06/2022,29/09/2023,,50000,1000000,Coupon,Cố định,Định kỳ - Cuối kỳ,Mua lại,,11.5,Hiệu lực,,KVIC ,Công ty cổ phần,Bất động sản
1378,2022-07-01 00:00:00,BID - Ngân hàng TMCP Đầu tư và Phát triển Việt Nam,BIDL2232013,VNĐ,,29/06/2022,29/06/2032,,200,1000000000,Coupon,Thả nổi,Định kỳ - Cuối kỳ,Hoán đổi; Mua lại,,6.88,Hiệu lực,,BID ,Công ty cổ phần,Tổ chức tín dụng
1379,2022-07-01 00:00:00,BID - Ngân hàng TMCP Đầu tư và Phát triển Việt Nam,BIDL2230012,VNĐ,,29/06/2022,29/06/2030,,1000,1000000000,Coupon,Thả nổi,Định kỳ - Cuối kỳ,Hoán đổi; Mua lại,,6.48,Hiệu lực,,BID ,Công ty cổ phần,Tổ chức tín dụng
1380,2022-10-04 00:00:00,TQSC - Công ty TNHH Tư vấn & Quản lý Smart Invest,TQSCH2227001,VNĐ,,30/06/2022,30/06/2027,,200000,1000000,Coupon,Cố định,Định kỳ - Cuối kỳ,Mua lại,,10.5,Hiệu lực,,TQSC ,Công ty trách nhiệm hữu hạn,"Thương mại, dịch vụ"
1381,2022-07-07 00:00:00,TREC - CÔNG TY CỔ PHẦN NĂNG LƯỢNG TÁI TẠO TRUNG NAM,TRECB2223001,VNĐ,,30/06/2022,30/06/2023,,15000000,100000,Coupon,Cố định,Định kỳ - Cuối kỳ,Mua lại,,11.5,Hiệu lực,,TREC ,Công ty cổ phần,Năng lượng
1382,2022-07-01 00:00:00,VIB - Ngân hàng TMCP Quốc tế Việt Nam,VIBL2225007,VNĐ,,30/06/2022,30/06/2025,,600,1000000000,Coupon,Cố định,Định kỳ - Cuối kỳ,Mua lại,,4.4,Hiệu lực,,VIB ,Công ty cổ phần,Tổ chức tín dụng
1383,2022-07-13 00:00:00,VBAC - Ngân hàng Nông nghiệp và Phát triển Nông thôn Việt Nam,VBACLH2228002,VNĐ,,30/06/2022,30/06/2028,,3,1000000000,Coupon,Thả nổi,Định kỳ - Cuối kỳ,Mua lại,,6.28,Hiệu lực,,VBAC ,Công ty trách nhiệm hữu hạn,Tổ chức tín dụng
1384,2022-07-04 00:00:00,HDB - NH TMCP Phát triển thành phố Hồ Chí Minh ( HDBANK),HDBL2232005,VNĐ,,30/06/2022,30/06/2032,,26,1000000000,Coupon,Thả nổi,Định kỳ - Cuối kỳ,Mua lại,,7.57,Hiệu lực,,HDB ,Công ty cổ phần,Tổ chức tín dụng
1385,2022-07-13 00:00:00,VBAC - Ngân hàng Nông nghiệp và Phát triển Nông thôn Việt Nam,VBACLH2230004,VNĐ,,30/06/2022,,,0,1000000000,Coupon,Thả nổi,,Mua lại,,6.68,Hiệu lực,,VBAC ,Công ty trách nhiệm hữu hạn,Tổ chức tín dụng
1386,2022-07-06 00:00:00,BID - Ngân hàng TMCP Đầu tư và Phát triển Việt Nam,BIDL2223014,VNĐ,,30/06/2022,30/09/2023,,1500,1000000000,Coupon,Cố định,Một lần khi đến hạn,,,4.1,Hiệu lực,,BID ,Công ty cổ phần,Tổ chức tín dụng
1387,2022-07-06 00:00:00,BVCC - Ngân hàng TMCP Bảo Việt,BVCCL2229001,VNĐ,,30/06/2022,30/06/2029,,1000,1000000000,Coupon,Thả nổi,Định kỳ - Cuối kỳ,Mua lại,,7.58,Hiệu lực,,BVCC ,Công ty cổ phần,Tổ chức tín dụng
1388,2022-07-13 00:00:00,VBAC - Ngân hàng Nông nghiệp và Phát triển Nông thôn Việt Nam,VBACLH2229003,VNĐ,,30/06/2022,,,0,1000000000,Coupon,Thả nổi,,Mua lại,,6.58,Hiệu lực,,VBAC ,Công ty trách nhiệm hữu hạn,Tổ chức tín dụng
1389,2022-07-04 00:00:00,OCB - Ngân hàng TMCP Phương Đông,OCBL2225008,VNĐ,,30/06/2022,30/06/2025,,300,1000000000,Coupon,Cố định,Định kỳ - Cuối kỳ,Mua lại,,4.4,Hiệu lực,,OCB ,Công ty cổ phần,Tổ chức tín dụng
1390,2022-07-13 00:00:00,VBAC - Ngân hàng Nông nghiệp và Phát triển Nông thôn Việt Nam,VBACLH2232005,VNĐ,,30/06/2022,30/06/2032,,200,1000000000,Coupon,Thả nổi,Định kỳ - Cuối kỳ,Mua lại,,6.88,Hiệu lực,,VBAC ,Công ty trách nhiệm hữu hạn,Tổ chức tín dụng
1391,2022-02-10 00:00:00,TKCC - Công ty Cổ phần Đầu tư Xây dựng Tường Khải,TKCCB2223001,VNĐ,,01/07/2022,01/07/2023,,29900000,100000,Coupon,Kết hợp,Một lần khi đến hạn,Mua lại,,9.72,Hiệu lực,,TKCC ,Công ty cổ phần,Xây dựng
1392,2022-05-18 00:00:00,EGSC - Công ty Cổ phần Đầu tư và Phát triển Eagle Side,EGSCB2223001,VNĐ,,01/07/2022,01/07/2023,,39300000,100000,Coupon,Kết hợp,Một lần khi đến hạn,Mua lại,,9.72,Hiệu lực,,EGSC ,Công ty cổ phần,Bất động sản
1393,2022-01-28 00:00:00,MTPC - Công ty Cổ phần Xây dựng Minh Trường Phú,MTPCB2223001,VNĐ,,01/07/2022,01/07/2023,,29500000,100000,Coupon,Kết hợp,Một lần khi đến hạn,Mua lại,,9.72,Hiệu lực,,MTPC ,Công ty cổ phần,Xây dựng
1394,2022-06-13 00:00:00,H79C - CTCP Hưng Thịnh Land,H79CH2223001,VNĐ,,03/07/2022,03/07/2023,,984686,1000000,Coupon,Cố định,Định kỳ - Cuối kỳ,Mua lại,,11.0,Hiệu lực,,H79C ,Công ty cổ phần,Bất động sản
1395,2022-04-15 00:00:00,IDC - TỔNG CÔNG TY IDICO - CTCP,IDCH2225002,VNĐ,,04/07/2022,04/07/2025,,400,1000000000,Coupon,Cố định,Định kỳ - Cuối kỳ,,,8.0,Hiệu lực,,IDC ,Công ty cổ phần,Bất động sản
1396,2022-04-14 00:00:00,MBB - NGÂN HÀNG TMCP QUÂN ĐỘI,MBBL2225002,VNĐ,,04/07/2022,04/07/2025,,1000,1000000000,Coupon,Cố định,Định kỳ - Cuối kỳ,Mua lại,,3.8,Hiệu lực,,MBB ,Công ty cổ phần,Tổ chức tín dụng
1397,2022-07-18 00:00:00,PSH - Công ty cổ phần Thương mại Đầu tư Dầu khí Nam Sông Hậu,PSHH2224003,VNĐ,,06/07/2022,06/07/2024,,400000,1000000,Coupon,Kết hợp,Định kỳ - Cuối kỳ,Mua lại,,10.0,Hiệu lực,,PSH ,Công ty cổ phần,Lĩnh vực khác
1398,2022-06-13 00:00:00,BID - Ngân hàng TMCP Đầu tư và Phát triển Việt Nam,BIDL2223005,VNĐ,,06/07/2022,09/07/2023,,1700,1000000000,Coupon,Cố định,Một lần khi đến hạn,,,3.8,Hiệu lực,,BID ,Công ty cổ phần,Tổ chức tín dụng
1399,2022-06-08 00:00:00,VIB - Ngân hàng TMCP Quốc tế Việt Nam,VIBL2225005,VNĐ,,06/07/2022,06/07/2025,,1000,1000000000,Coupon,Cố định,Định kỳ - Cuối kỳ,Mua lại,,4.4,Hiệu lực,,VIB ,Công ty cổ phần,Tổ chức tín dụng
1400,2022-06-08 00:00:00,VPFC - CÔNG TY TÀI CHÍNH TNHH NGÂN HÀNG VIỆT NAM THỊNH VƯỢNG SMBC,VPFCH2224005,VNĐ,,06/07/2022,06/07/2024,,400000,1000000,Coupon,Kết hợp,Khác,,,6.8,Hiệu lực,,VPFC ,Công ty trách nhiệm hữu hạn,Lĩnh vực khác
1401,2022-07-18 00:00:00,CTG - Ngân hàng Thương mại cổ phần Công Thương Việt Nam,CTGL2230004,VNĐ,,07/07/2022,07/07/2030,,195,1000000000,Coupon,Thả nổi,Định kỳ - Cuối kỳ,Mua lại,,6.48,Hiệu lực,,CTG ,Công ty cổ phần,Tổ chức tín dụng
1402,2022-07-18 00:00:00,TCB - Ngân hàng TMCP Kỹ thương Việt Nam,TCBL2225011,VNĐ,,07/07/2022,07/07/2025,,1000,1000000000,Coupon,Cố định,Định kỳ - Cuối kỳ,Mua lại,,4.3,Hiệu lực,,TCB ,Công ty cổ phần,Tổ chức tín dụng
1403,2022-07-19 00:00:00,LPB - Ngân hàng Thương mại Cổ phần Bưu Điện Liên Việt,LPBH2225005,VNĐ,,07/07/2022,07/07/2025,,500,1000000000,Coupon,Cố định,Định kỳ - Cuối kỳ,Mua lại,,4.4,Hiệu lực,,LPB ,Công ty cổ phần,Tổ chức tín dụng
1404,2022-07-22 00:00:00,DPQC - Công ty Cổ phần Đầu tư và Phát triển du lịch Phú Quốc,DPQCH2227005,VNĐ,,13/07/2022,13/07/2027,,5841040,100000,Coupon,Kết hợp,Định kỳ - Cuối kỳ,Mua lại,,10.0,Hiệu lực,,DPQC ,Công ty cổ phần,"Thương mại, dịch vụ"
1405,2022-10-19 00:00:00,ENTC - CTCP Đầu tư Du lịch Eurowindow Nha Trang,ENTCH2228002,VNĐ,,14/07/2022,14/07/2028,,3860000,100000,Coupon,Kết hợp,Định kỳ - Cuối kỳ,Mua lại,,10.0,Hiệu lực,,ENTC ,Công ty cổ phần,Bất động sản
1406,2022-07-27 00:00:00,DPQC - Công ty Cổ phần Đầu tư và Phát triển du lịch Phú Quốc,DPQCH2227006,VNĐ,,14/07/2022,14/07/2027,,5841040,100000,Coupon,Kết hợp,Định kỳ - Cuối kỳ,Mua lại,,10.0,Hiệu lực,,DPQC ,Công ty cổ phần,"Thương mại, dịch vụ"
1407,2022-07-19 00:00:00,HDB - NH TMCP Phát triển thành phố Hồ Chí Minh ( HDBANK),HDBL2229006,VNĐ,,14/07/2022,14/07/2029,,100,1000000000,Coupon,Thả nổi,Định kỳ - Cuối kỳ,Mua lại,,7.37,Hiệu lực,,HDB ,Công ty cổ phần,Tổ chức tín dụng
1408,2022-10-20 00:00:00,APEC - Công ty TNHH An Phú Cần Thơ,APECH2224001,VNĐ,,15/07/2022,15/07/2024,,9880,10000000,Coupon,Cố định,Định kỳ - Cuối kỳ,Mua lại,,10.0,Hiệu lực,,APEC ,Công ty cổ phần,Bất động sản
1409,2022-07-21 00:00:00,HDB - NH TMCP Phát triển thành phố Hồ Chí Minh ( HDBANK),HDBH2227007,VNĐ,,15/07/2022,15/07/2027,,1000,1000000000,Coupon,Cố định,Định kỳ - Cuối kỳ,Mua lại,,6.4,Hiệu lực,,HDB ,Công ty cổ phần,Tổ chức tín dụng
1410,2022-09-21 00:00:00,F88C - Công ty cổ phần kinh doanh F88,F88CH2223008,VNĐ,,15/07/2022,15/07/2023,,1000,100000000,Coupon,Cố định,Định kỳ - Cuối kỳ,Mua lại,,11.0,Hiệu lực,,F88C ,Công ty cổ phần,"Thương mại, dịch vụ"
1411,2022-07-22 00:00:00,VCB - NGÂN HÀNG TMCP NGOẠI THƯƠNG VIỆT NAM,VCBH2237002,VNĐ,,15/07/2022,15/07/2037,,800,1000000000,Coupon,Cố định,Định kỳ - Cuối kỳ,Mua lại,,6.8,Hiệu lực,,VCB ,Công ty cổ phần,Tổ chức tín dụng
1412,2022-07-25 00:00:00,CTG - Ngân hàng Thương mại cổ phần Công Thương Việt Nam,CTGL2230005,VNĐ,,19/07/2022,19/07/2030,,50,1000000000,Coupon,Thả nổi,Định kỳ - Cuối kỳ,Mua lại,,6.48,Hiệu lực,,CTG ,Công ty cổ phần,Tổ chức tín dụng
1413,2022-10-17 00:00:00,LTRC - Công ty Cổ phần Long Thành Riverside,LTRCH2226003,VNĐ,,20/07/2022,29/12/2026,,100,1000000000,Coupon,Kết hợp,Định kỳ - Cuối kỳ,,,9.5,Hiệu lực,,LTRC ,Công ty cổ phần,Bất động sản
1414,2022-07-28 00:00:00,HAAC - Công ty Cổ phần Đầu tư Kinh doanh Bất động sản Hà An,HAACH2226001,VNĐ,,20/07/2022,20/07/2026,,2100,100000000,Coupon,Cố định,Định kỳ - Cuối kỳ,Mua lại,,11.0,Hiệu lực,,HAAC ,Công ty cổ phần,Bất động sản
1415,2022-07-27 00:00:00,BID - Ngân hàng TMCP Đầu tư và Phát triển Việt Nam,BIDLH2229016,VNĐ,,20/07/2022,20/07/2029,,124,1000000000,Coupon,Thả nổi,Định kỳ - Cuối kỳ,Hoán đổi; Mua lại,,6.33,Hiệu lực,,BID ,Công ty cổ phần,Tổ chức tín dụng
1416,2022-07-27 00:00:00,BID - Ngân hàng TMCP Đầu tư và Phát triển Việt Nam,BIDLH2230017,VNĐ,,20/07/2022,20/07/2030,,370,1000000000,Coupon,Thả nổi,Định kỳ - Cuối kỳ,Hoán đổi; Mua lại,,6.48,Hiệu lực,,BID ,Công ty cổ phần,Tổ chức tín dụng
1417,2022-07-26 00:00:00,BID - Ngân hàng TMCP Đầu tư và Phát triển Việt Nam,BIDLH2232018,VNĐ,,20/07/2022,,,0,1000000000,Coupon,Thả nổi,Định kỳ - Cuối kỳ,Hoán đổi; Mua lại,,6.68,Hiệu lực,,BID ,Công ty cổ phần,Tổ chức tín dụng
1418,2022-07-28 00:00:00,BID - Ngân hàng TMCP Đầu tư và Phát triển Việt Nam,BIDL2224019,VNĐ,,20/07/2022,20/04/2024,,1500,1000000000,Coupon,Cố định,Định kỳ - Cuối kỳ,,,4.6,Hiệu lực,,BID ,Công ty cổ phần,Tổ chức tín dụng
1419,2022-08-01 00:00:00,LPB - Ngân hàng Thương mại Cổ phần Bưu Điện Liên Việt,LPBH2225006,VNĐ,,21/07/2022,21/07/2025,,1000,1000000000,Coupon,Cố định,Định kỳ - Cuối kỳ,Mua lại,,4.7,Hiệu lực,,LPB ,Công ty cổ phần,Tổ chức tín dụng
1420,2022-07-28 00:00:00,BID - Ngân hàng TMCP Đầu tư và Phát triển Việt Nam,BIDL2224020,VNĐ,,21/07/2022,21/04/2024,,1500,1000000000,Coupon,Cố định,Định kỳ - Cuối kỳ,,,4.6,Hiệu lực,,BID ,Công ty cổ phần,Tổ chức tín dụng
1421,2022-08-01 00:00:00,TPB - Ngân hàng Thương mại cổ phần Tiên Phong,TPBL2225009,VNĐ,,21/07/2022,21/07/2025,,11000,100000000,Coupon,Cố định,Định kỳ - Cuối kỳ,Mua lại,,4.83,Hiệu lực,,TPB ,Công ty cổ phần,Tổ chức tín dụng
1422,2022-07-22 00:00:00,OCB - Ngân hàng TMCP Phương Đông,OCBL2225009,VNĐ,,21/07/2022,21/07/2025,,1000,1000000000,Coupon,Cố định,Định kỳ - Cuối kỳ,Mua lại,,4.5,Hiệu lực,,OCB ,Công ty cổ phần,Tổ chức tín dụng
1423,2022-07-26 00:00:00,CTG - Ngân hàng Thương mại cổ phần Công Thương Việt Nam,CTGL2237006,VNĐ,,21/07/2022,21/07/2037,,185,1000000000,Coupon,Cố định,Định kỳ - Cuối kỳ,Mua lại,,6.8,Hiệu lực,,CTG ,Công ty cổ phần,Tổ chức tín dụng
1424,2022-07-29 00:00:00,VCB - NGÂN HÀNG TMCP NGOẠI THƯƠNG VIỆT NAM,VCBH2237003,VNĐ,,22/07/2022,22/07/2037,,350,1000000000,Coupon,Cố định,Định kỳ - Cuối kỳ,Mua lại,,6.8,Hiệu lực,,VCB ,Công ty cổ phần,Tổ chức tín dụng
1425,2022-08-04 00:00:00,GSPC - CTCP In và Bao bì Goldsun,GSPCB2225003,VNĐ,,22/07/2022,22/07/2025,,482000,100000,Coupon,Kết hợp,Định kỳ - Cuối kỳ,Mua lại,,11.0,Hiệu lực,,GSPC ,Công ty cổ phần,Sản xuất
1426,2022-07-29 00:00:00,VCB - NGÂN HÀNG TMCP NGOẠI THƯƠNG VIỆT NAM,VCBH2230004,VNĐ,,22/07/2022,22/07/2030,,300,1000000000,Coupon,Thả nổi,Định kỳ - Cuối kỳ,Mua lại,,6.48,Hiệu lực,,VCB ,Công ty cổ phần,Tổ chức tín dụng
1427,2022-07-25 00:00:00,HDB - NH TMCP Phát triển thành phố Hồ Chí Minh ( HDBANK),HDBL2229008,VNĐ,,22/07/2022,22/07/2029,,50,1000000000,Coupon,Thả nổi,Định kỳ - Cuối kỳ,Mua lại,,7.37,Hiệu lực,,HDB ,Công ty cổ phần,Tổ chức tín dụng
1428,2022-08-12 00:00:00,DXMC - CÔNG TY CỔ PHẦN DỊCH VỤ VÀ ĐỊA ỐC ĐẤT XANH MIỀN BẮC,DXMCH2224001,VNĐ,,22/07/2022,22/07/2024,,1000,100000000,Coupon,Cố định,Định kỳ - Cuối kỳ,Mua lại,,11.0,Hiệu lực,,DXMC ,Công ty cổ phần,Bất động sản
1429,2022-07-25 00:00:00,MSB - Ngân hàng TMCP Hàng Hải Việt Nam,MSBL2224004,VNĐ,,22/07/2022,22/07/2024,,400,1000000000,Coupon,Cố định,Định kỳ - Cuối kỳ,,,5.0,Hiệu lực,,MSB ,Công ty cổ phần,Tổ chức tín dụng
1430,2022-07-27 00:00:00,ACB - Ngân hàng TMCP Á Châu,ACBH2223007,VNĐ,,25/07/2022,25/07/2023,,500,1000000000,Coupon,Cố định,Định kỳ - Cuối kỳ,Mua lại,,4.5,Hiệu lực,,ACB ,Công ty cổ phần,Tổ chức tín dụng
1431,2022-10-20 00:00:00,TCB - Ngân hàng TMCP Kỹ thương Việt Nam,TCBL2225012,VNĐ,,25/07/2022,25/07/2025,,1100,1000000000,Coupon,Cố định,Định kỳ - Cuối kỳ,Mua lại,,4.5,Hiệu lực,,TCB ,Công ty cổ phần,Tổ chức tín dụng
1432,2022-08-04 00:00:00,VCI - CTCP CHỨNG KHOÁN BẢN VIỆT,VCIH2224001,VNĐ,,25/07/2022,25/07/2024,,120,1000000000,Coupon,Cố định,Định kỳ - Cuối kỳ,Mua lại,,8.0,Hiệu lực,,VCI ,Công ty cổ phần,Kinh doanh chứng khoán
1433,2022-08-08 00:00:00,LPB - Ngân hàng Thương mại Cổ phần Bưu Điện Liên Việt,LPBH2225007,VNĐ,,26/07/2022,26/07/2025,,1000,1000000000,Coupon,Cố định,Định kỳ - Cuối kỳ,Mua lại,,4.8,Hiệu lực,,LPB ,Công ty cổ phần,Tổ chức tín dụng
1434,2022-08-08 00:00:00,BID - Ngân hàng TMCP Đầu tư và Phát triển Việt Nam,BIDL2234022,VNĐ,,26/07/2022,26/07/2034,,25,1000000000,Coupon,Thả nổi,Định kỳ - Cuối kỳ,Hoán đổi; Mua lại,,6.68,Hiệu lực,,BID ,Công ty cổ phần,Tổ chức tín dụng
1435,2022-08-05 00:00:00,BID - Ngân hàng TMCP Đầu tư và Phát triển Việt Nam,BIDL2230023,VNĐ,,26/07/2022,26/07/2030,,30,1000000000,Coupon,Thả nổi,Định kỳ - Cuối kỳ,Hoán đổi; Mua lại,,6.48,Hiệu lực,,BID ,Công ty cổ phần,Tổ chức tín dụng
1436,2022-08-02 00:00:00,CTG - Ngân hàng Thương mại cổ phần Công Thương Việt Nam,CTGL2230007,VNĐ,,26/07/2022,26/07/2030,,70,1000000000,Coupon,Thả nổi,Định kỳ - Cuối kỳ,Mua lại,,6.48,Hiệu lực,,CTG ,Công ty cổ phần,Tổ chức tín dụng
1437,2022-08-08 00:00:00,BID - Ngân hàng TMCP Đầu tư và Phát triển Việt Nam,BIDL2242021,VNĐ,,26/07/2022,26/07/2042,,100,1000000000,Coupon,Kết hợp,Định kỳ - Cuối kỳ,Hoán đổi; Mua lại,,7.0,Hiệu lực,,BID ,Công ty cổ phần,Tổ chức tín dụng
1438,2022-07-29 00:00:00,MBB - NGÂN HÀNG TMCP QUÂN ĐỘI,MBBL2225017,VNĐ,,26/07/2022,26/07/2025,,3000,1000000000,Coupon,Cố định,Định kỳ - Cuối kỳ,Mua lại,,4.8,Hiệu lực,,MBB ,Công ty cổ phần,Tổ chức tín dụng
1439,2022-07-27 00:00:00,HDB - NH TMCP Phát triển thành phố Hồ Chí Minh ( HDBANK),HDBL2232009,VNĐ,,26/07/2022,26/07/2032,,34,1000000000,Coupon,Thả nổi,Định kỳ - Cuối kỳ,Mua lại,,7.57,Hiệu lực,,HDB ,Công ty cổ phần,Tổ chức tín dụng
1440,2022-08-02 00:00:00,CTG - Ngân hàng Thương mại cổ phần Công Thương Việt Nam,CTGL2237008,VNĐ,,28/07/2022,28/07/2037,,40,1000000000,Coupon,Cố định,Định kỳ - Cuối kỳ,Mua lại,,6.8,Hiệu lực,,CTG ,Công ty cổ phần,Tổ chức tín dụng
1441,2022-08-02 00:00:00,DPQC - Công ty Cổ phần Đầu tư và Phát triển du lịch Phú Quốc,DPQCH2227007,VNĐ,,28/07/2022,28/07/2027,,11173570,100000,Coupon,Kết hợp,Định kỳ - Cuối kỳ,Mua lại,,10.0,Hiệu lực,,DPQC ,Công ty cổ phần,"Thương mại, dịch vụ"
1442,2022-08-03 00:00:00,MBB - NGÂN HÀNG TMCP QUÂN ĐỘI,MBBL2229018,VNĐ,,28/07/2022,28/07/2029,,3000,10000000,Coupon,Thả nổi,Định kỳ - Cuối kỳ,Mua lại,,6.9,Hiệu lực,,MBB ,Công ty cổ phần,Tổ chức tín dụng
1443,2022-07-29 00:00:00,HDB - NH TMCP Phát triển thành phố Hồ Chí Minh ( HDBANK),HDBL2225010,VNĐ,,28/07/2022,28/07/2025,,1000,1000000000,Coupon,Cố định,Định kỳ - Cuối kỳ,Mua lại,,4.7,Hiệu lực,,HDB ,Công ty cổ phần,Tổ chức tín dụng
1444,2022-09-12 00:00:00,DPJC - Công ty Cổ phần Đầu tư Xây dựng Đại Thịnh Phát,DPJCH2224001,VNĐ,,29/07/2022,29/07/2024,,5000,100000000,Coupon,Cố định,Định kỳ - Cuối kỳ,Mua lại,,12.5,Hiệu lực,,DPJC ,Công ty cổ phần,Bất động sản
1445,2022-08-15 00:00:00,TASC - CTCP TẬP ĐOÀN TASECO,TASCH2223002,VNĐ,,29/07/2022,29/07/2023,,1000,100000000,Coupon,Cố định,Định kỳ - Cuối kỳ,,,10.5,Hiệu lực,,TASC ,Công ty cổ phần,Bất động sản
1446,2022-08-12 00:00:00,TNGC - CTCP Đầu tư Xây Dựng Trung Nam,TNGCH2224005,VNĐ,,29/07/2022,29/07/2024,,100,1000000000,Coupon,Cố định,Định kỳ - Cuối kỳ,,,9.7,Hiệu lực,,TNGC ,Công ty cổ phần,Lĩnh vực khác
1447,2022-03-14 00:00:00,BVB - NGÂN HÀNG TMCP BẢN VIỆT,BVBL2229003,VNĐ,,03/08/2022,03/08/2029,,150,1000000000,Coupon,Cố định,Định kỳ - Cuối kỳ,Mua lại,,8.6,Hiệu lực,,BVB ,Công ty cổ phần,Tổ chức tín dụng
1448,2022-06-07 00:00:00,ENOC - CÔNG TY CỔ PHẦN NĂNG LƯỢNG ĐẠI DƯƠNG,ENOCH2224001,VNĐ,,03/08/2022,03/08/2024,,376,100000000,Coupon,Cố định,Định kỳ - Cuối kỳ,Mua lại,,10.0,Hiệu lực,,ENOC ,Công ty cổ phần,Xây dựng
1449,2022-04-13 00:00:00,BVB - NGÂN HÀNG TMCP BẢN VIỆT,BVBL2229006,VNĐ,,04/08/2022,04/08/2029,,100,1000000000,Coupon,Cố định,Định kỳ - Cuối kỳ,Mua lại,,8.6,Hiệu lực,,BVB ,Công ty cổ phần,Tổ chức tín dụng
1450,2022-05-09 00:00:00,APBC - CÔNG TY CỔ PHẦN ĐẦU TƯ - PHÁT TRIỂN ĐẦU TƯ ĐÔ THỊ ÂN PHÚ,APBCH2225001,VNĐ,,04/08/2022,24/11/2025,,500000,100000,Coupon,Kết hợp,Định kỳ - Cuối kỳ,Mua lại,,10.5,Hiệu lực,,APBC ,Công ty cổ phần,Bất động sản
1451,2022-06-15 00:00:00,SSB - Ngân hàng TMCP Đông Nam Á,SSBL2225004,VNĐ,,06/08/2022,06/08/2025,,300,1000000000,Coupon,Cố định,Định kỳ - Cuối kỳ,Mua lại,,4.7,Hiệu lực,,SSB ,Công ty cổ phần,Tổ chức tín dụng
1452,2022-06-13 00:00:00,BID - Ngân hàng TMCP Đầu tư và Phát triển Việt Nam,BIDL2223006,VNĐ,,06/08/2022,09/08/2023,,2300,1000000000,Coupon,Cố định,Một lần khi đến hạn,,,3.8,Hiệu lực,,BID ,Công ty cổ phần,Tổ chức tín dụng
1453,2022-06-10 00:00:00,BID - Ngân hàng TMCP Đầu tư và Phát triển Việt Nam,BIDL2230007,VNĐ,,06/08/2022,06/08/2030,,460,1000000000,Coupon,Thả nổi,Định kỳ - Cuối kỳ,Hoán đổi; Mua lại,,6.45,Hiệu lực,,BID ,Công ty cổ phần,Tổ chức tín dụng
1454,2022-07-13 00:00:00,EVF - Công ty Tài chính cổ phần Điện Lực,EVFH2232001,VNĐ,,07/08/2022,07/08/2032,,1725,1000000000,Coupon,Cố định,Định kỳ - Cuối kỳ,Mua lại,,6.7,Hiệu lực,,EVF ,Công ty cổ phần,Tổ chức tín dụng
1455,2022-09-15 00:00:00,SSB - Ngân hàng TMCP Đông Nam Á,SSBH2227005,VNĐ,,09/08/2022,09/08/2027,,750,1000000000,Coupon,Cố định,Định kỳ - Cuối kỳ,,,6.6,Hiệu lực,,SSB ,Công ty cổ phần,Tổ chức tín dụng
1456,2022-09-15 00:00:00,CTG - Ngân hàng Thương mại cổ phần Công Thương Việt Nam,CTGL2232013,VNĐ,,09/08/2022,09/08/2032,,90,1000000000,Coupon,Cố định,Định kỳ - Cuối kỳ,Mua lại,,6.8,Hiệu lực,,CTG ,Công ty cổ phần,Tổ chức tín dụng
1457,2022-10-20 00:00:00,AIEC - Công ty Cổ phần Giáo dục quốc tế Mỹ AIS,AIECH2224002,VNĐ,,09/08/2022,09/08/2024,,317842,1000000,Coupon,Cố định,Định kỳ - Cuối kỳ,Mua lại,,10.5,Hiệu lực,,AIEC ,Công ty cổ phần,"Thương mại, dịch vụ"
1458,2022-09-20 00:00:00,TPB - Ngân hàng Thương mại cổ phần Tiên Phong,TPBL2225010,VNĐ,,09/08/2022,09/08/2025,,3000,100000000,Coupon,Cố định,Định kỳ - Cuối kỳ,Mua lại,,5.83,Hiệu lực,,TPB ,Công ty cổ phần,Tổ chức tín dụng
1459,2022-08-23 00:00:00,VCB - NGÂN HÀNG TMCP NGOẠI THƯƠNG VIỆT NAM,VCBH2232006,VNĐ,,15/08/2022,15/08/2032,,100,1000000000,Coupon,Thả nổi,Định kỳ - Cuối kỳ,Mua lại,,6.6,Hiệu lực,,VCB ,Công ty cổ phần,Tổ chức tín dụng
1460,2022-09-27 00:00:00,VDS - CTCP Chứng khoán Rồng Việt,VDSH2223007,VNĐ,,19/08/2022,19/08/2023,,199305,1000000,Coupon,Cố định,Định kỳ - Cuối kỳ,Mua lại,,9.3,Hiệu lực,,VDS ,Công ty cổ phần,Kinh doanh chứng khoán
1461,2022-08-23 00:00:00,CTG - Ngân hàng Thương mại cổ phần Công Thương Việt Nam,CTGL2237010,VNĐ,,19/08/2022,19/08/2037,,100,1000000000,Coupon,Cố định,Định kỳ - Cuối kỳ,Mua lại,,6.9,Hiệu lực,,CTG ,Công ty cổ phần,Tổ chức tín dụng
1462,2022-08-31 00:00:00,ACB - Ngân hàng TMCP Á Châu,ACBH2223010,VNĐ,,22/08/2022,22/11/2023,,500,1000000000,Coupon,Cố định,Định kỳ - Cuối kỳ,Mua lại,,5.05,Hiệu lực,,ACB ,Công ty cổ phần,Tổ chức tín dụng
1463,2022-08-30 00:00:00,VPFC - CÔNG TY TÀI CHÍNH TNHH NGÂN HÀNG VIỆT NAM THỊNH VƯỢNG SMBC,VPFCH2224008,VNĐ,,22/08/2022,22/08/2024,,100000,1000000,Coupon,Thả nổi,Định kỳ - Cuối kỳ,,,7.5,Hiệu lực,,VPFC ,Công ty trách nhiệm hữu hạn,Lĩnh vực khác
1464,2022-08-23 00:00:00,STB - Ngân hàng Thương mại Cổ Phần Sài Gòn Thương Tín,STBL2225005,VNĐ,,22/08/2022,22/08/2025,,300,1000000000,Coupon,Cố định,Định kỳ - Cuối kỳ,Mua lại,,4.9,Hiệu lực,,STB ,Công ty cổ phần,Tổ chức tín dụng
1465,2022-08-31 00:00:00,KDH - Công ty Cổ phần Đầu tư và Kinh doanh nhà Khang Điền,KDHH2225001,VNĐ,,23/08/2022,23/08/2025,,800,1000000000,Coupon,Cố định,Định kỳ - Cuối kỳ,Mua lại,,12.0,Hiệu lực,,KDH ,Công ty cổ phần,Bất động sản
1466,2022-08-29 00:00:00,CTG - Ngân hàng Thương mại cổ phần Công Thương Việt Nam,CTGL2230011,VNĐ,,23/08/2022,23/08/2030,,230,1000000000,Coupon,Thả nổi,Định kỳ - Cuối kỳ,Mua lại,,6.5,Hiệu lực,,CTG ,Công ty cổ phần,Tổ chức tín dụng
1467,2022-08-26 00:00:00,STB - Ngân hàng Thương mại Cổ Phần Sài Gòn Thương Tín,STBL2225006,VNĐ,,24/08/2022,24/08/2025,,1000,1000000000,Coupon,Cố định,Định kỳ - Cuối kỳ,Mua lại,,5.3,Hiệu lực,,STB ,Công ty cổ phần,Tổ chức tín dụng
1468,2022-09-05 00:00:00,VCB - NGÂN HÀNG TMCP NGOẠI THƯƠNG VIỆT NAM,VCBH2232007,VNĐ,,24/08/2022,24/08/2032,,90,1000000000,Coupon,Cố định,Định kỳ - Cuối kỳ,Mua lại,,6.7,Hiệu lực,,VCB ,Công ty cổ phần,Tổ chức tín dụng
1469,2022-08-26 00:00:00,OCB - Ngân hàng TMCP Phương Đông,OCBL2225010,VNĐ,,24/08/2022,24/08/2025,,1000,1000000000,Coupon,Cố định,Định kỳ - Cuối kỳ,Mua lại,,5.2,Hiệu lực,,OCB ,Công ty cổ phần,Tổ chức tín dụng
1470,2022-08-25 00:00:00,MBB - NGÂN HÀNG TMCP QUÂN ĐỘI,MBBL2225019,VNĐ,,24/08/2022,24/08/2025,,500,1000000000,Coupon,Cố định,Định kỳ - Cuối kỳ,Mua lại,,5.2,Hiệu lực,,MBB ,Công ty cổ phần,Tổ chức tín dụng
1471,2022-10-24 00:00:00,KGRC - Công ty Cổ phần Liên doanh Kangaroo Quốc tế,KGRCH2225001,VNĐ,,25/08/2022,25/08/2025,,1020,100000000,Coupon,Cố định,Định kỳ - Cuối kỳ,Mua lại,,10.0,Hiệu lực,,KGRC ,Công ty cổ phần,Sản xuất
1472,2022-08-26 00:00:00,HDB - NH TMCP Phát triển thành phố Hồ Chí Minh ( HDBANK),HDBL2225011,VNĐ,,25/08/2022,25/08/2025,,1000,1000000000,Coupon,Cố định,Định kỳ - Cuối kỳ,Mua lại,,5.5,Hiệu lực,,HDB ,Công ty cổ phần,Tổ chức tín dụng
1473,2022-09-05 00:00:00,OCB - Ngân hàng TMCP Phương Đông,OCBL2225011,VNĐ,,26/08/2022,26/08/2025,,500,1000000000,Coupon,Cố định,Định kỳ - Cuối kỳ,Mua lại,,5.6,Hiệu lực,,OCB ,Công ty cổ phần,Tổ chức tín dụng
1474,2022-09-06 00:00:00,BID - Ngân hàng TMCP Đầu tư và Phát triển Việt Nam,BIDLH2230025,VNĐ,,26/08/2022,26/08/2030,,552,1000000000,Coupon,Thả nổi,Định kỳ - Cuối kỳ,Hoán đổi; Mua lại,,6.7,Hiệu lực,,BID ,Công ty cổ phần,Tổ chức tín dụng
1475,2022-09-06 00:00:00,BID - Ngân hàng TMCP Đầu tư và Phát triển Việt Nam,BIDLH2229024,VNĐ,,26/08/2022,26/08/2029,,79,1000000000,Coupon,Thả nổi,Định kỳ - Cuối kỳ,Hoán đổi; Mua lại,,6.5,Hiệu lực,,BID ,Công ty cổ phần,Tổ chức tín dụng
1476,2022-09-06 00:00:00,BID - Ngân hàng TMCP Đầu tư và Phát triển Việt Nam,BIDLH2232026,VNĐ,,26/08/2022,26/08/2032,,27,1000000000,Coupon,Thả nổi,Định kỳ - Cuối kỳ,Hoán đổi; Mua lại,,6.9,Hiệu lực,,BID ,Công ty cổ phần,Tổ chức tín dụng
1477,2022-09-05 00:00:00,OCB - Ngân hàng TMCP Phương Đông,OCBL2225012,VNĐ,,29/08/2022,29/08/2025,,300,1000000000,Coupon,Cố định,Định kỳ - Cuối kỳ,Mua lại,,5.5,Hiệu lực,,OCB ,Công ty cổ phần,Tổ chức tín dụng
1478,2022-09-06 00:00:00,BID - Ngân hàng TMCP Đầu tư và Phát triển Việt Nam,BIDL2224027,VNĐ,,29/08/2022,29/12/2024,,1500,1000000000,Coupon,Cố định,Định kỳ - Cuối kỳ,,,5.2,Hiệu lực,,BID ,Công ty cổ phần,Tổ chức tín dụng
1479,2022-09-05 00:00:00,ACB - Ngân hàng TMCP Á Châu,ACBH2223011,VNĐ,,29/08/2022,29/08/2023,,1000,1000000000,Coupon,Cố định,Định kỳ - Cuối kỳ,Mua lại,,5.5,Hiệu lực,,ACB ,Công ty cổ phần,Tổ chức tín dụng
1480,2023-01-03 00:00:00,H39C - Công ty Cổ phần Hưng Thịnh Investment,H39CH2224003,VNĐ,,29/08/2022,29/08/2024,,742129,1000000,Coupon,Cố định,Định kỳ - Cuối kỳ,Mua lại,,10.5,Hiệu lực,,H39C ,Công ty cổ phần,Bất động sản
1481,2022-11-11 00:00:00,TREC - CÔNG TY CỔ PHẦN NĂNG LƯỢNG TÁI TẠO TRUNG NAM,TRECH2224002,VNĐ,,29/08/2022,29/08/2024,,5000000,100000,Coupon,Cố định,Định kỳ - Cuối kỳ,Mua lại,,10.5,Hiệu lực,,TREC ,Công ty cổ phần,Năng lượng
1482,2022-09-05 00:00:00,OCB - Ngân hàng TMCP Phương Đông,OCBL2225013,VNĐ,,30/08/2022,30/08/2025,,1000,1000000000,Coupon,Cố định,Định kỳ - Cuối kỳ,Mua lại,,5.4,Hiệu lực,,OCB ,Công ty cổ phần,Tổ chức tín dụng
1483,2022-09-05 00:00:00,ACB - Ngân hàng TMCP Á Châu,ACBH2224012,VNĐ,,30/08/2022,30/08/2024,,1500,1000000000,Coupon,Cố định,Định kỳ - Cuối kỳ,Mua lại,,5.2,Hiệu lực,,ACB ,Công ty cổ phần,Tổ chức tín dụng
1484,2022-09-05 00:00:00,BVB - NGÂN HÀNG TMCP BẢN VIỆT,BVBL2229008,VNĐ,,30/08/2022,30/08/2029,,100,1000000000,Coupon,Cố định,Định kỳ - Cuối kỳ,Mua lại,,8.7,Hiệu lực,,BVB ,Công ty cổ phần,Tổ chức tín dụng
1485,2022-09-06 00:00:00,HDB - NH TMCP Phát triển thành phố Hồ Chí Minh ( HDBANK),HDBL2225012,VNĐ,,30/08/2022,30/08/2025,,500,1000000000,Coupon,Cố định,Định kỳ - Cuối kỳ,Mua lại,,5.7,Hiệu lực,,HDB ,Công ty cổ phần,Tổ chức tín dụng
1486,2022-09-08 00:00:00,CTG - Ngân hàng Thương mại cổ phần Công Thương Việt Nam,CTGL2237012,VNĐ,,30/08/2022,30/08/2037,,100,1000000000,Coupon,Thả nổi,Định kỳ - Cuối kỳ,Mua lại,,6.8,Hiệu lực,,CTG ,Công ty cổ phần,Tổ chức tín dụng
1487,2022-09-07 00:00:00,OCB - Ngân hàng TMCP Phương Đông,OCBL2225014,VNĐ,,31/08/2022,31/08/2025,,1000,1000000000,Coupon,Cố định,Định kỳ - Cuối kỳ,Mua lại,,5.4,Hiệu lực,,OCB ,Công ty cổ phần,Tổ chức tín dụng
1488,2022-09-06 00:00:00,HDB - NH TMCP Phát triển thành phố Hồ Chí Minh ( HDBANK),HDBL2229013,VNĐ,,31/08/2022,31/08/2029,,10,1000000000,Coupon,Thả nổi,Định kỳ - Cuối kỳ,Mua lại,,7.2,Hiệu lực,,HDB ,Công ty cổ phần,Tổ chức tín dụng
1489,2022-09-06 00:00:00,BVCC - Ngân hàng TMCP Bảo Việt,BVCCL2229002,VNĐ,,31/08/2022,31/08/2029,,800,1000000000,Coupon,Thả nổi,Định kỳ - Cuối kỳ,Mua lại,,7.6,Hiệu lực,,BVCC ,Công ty cổ phần,Tổ chức tín dụng
1490,2022-09-07 00:00:00,BVB - NGÂN HÀNG TMCP BẢN VIỆT,BVBL2229009,VNĐ,,31/08/2022,31/08/2029,,100,1000000000,Coupon,Cố định,Định kỳ - Cuối kỳ,Mua lại,,8.6,Hiệu lực,,BVB ,Công ty cổ phần,Tổ chức tín dụng
1491,2022-09-08 00:00:00,HCVC - CÔNG TY TÀI CHÍNH TRÁCH NHIỆM HỮU HẠN MỘT THÀNH VIÊN HOME CREDIT VIỆT NAM,HCVCL2224001,VNĐ,,31/08/2022,31/08/2024,,600,1000000000,Coupon,Kết hợp,Khác,,,7.4,Hiệu lực,,HCVC ,Công ty trách nhiệm hữu hạn,Tổ chức tín dụng
1492,2022-02-15 00:00:00,VBB - Ngân hàng Thương mại Cổ phần Việt Nam Thương Tín,VBBL2229001,VNĐ,,02/09/2022,02/09/2029,,30000,10000000,Coupon,Thả nổi,Định kỳ - Cuối kỳ,Mua lại,,8.23,Hiệu lực,,VBB ,Công ty cổ phần,Tổ chức tín dụng
1493,2022-05-11 00:00:00,MBB - NGÂN HÀNG TMCP QUÂN ĐỘI,MBBL2227008,VNĐ,,05/09/2022,05/10/2027,,4000,10000000,Coupon,Thả nổi,Định kỳ - Cuối kỳ,,,7.03,Hiệu lực,,MBB ,Công ty cổ phần,Tổ chức tín dụng
1494,2022-08-11 00:00:00,VCB - NGÂN HÀNG TMCP NGOẠI THƯƠNG VIỆT NAM,VCBH2230005,VNĐ,,08/09/2022,08/09/2030,,1500,1000000000,Coupon,Thả nổi,Định kỳ - Cuối kỳ,Mua lại,,6.5,Hiệu lực,,VCB ,Công ty cổ phần,Tổ chức tín dụng
1495,2022-10-20 00:00:00,DPJC - Công ty Cổ phần Đầu tư Xây dựng Đại Thịnh Phát,DPJCH2224002,VNĐ,,08/09/2022,08/09/2024,,4717,100000000,Coupon,Cố định,Định kỳ - Cuối kỳ,Mua lại,,12.5,Hiệu lực,,DPJC ,Công ty cổ phần,Bất động sản
1496,2022-09-19 00:00:00,TTCC - CTCP đầu tư Thành Thành Công,TTCCH2229002,VNĐ,,09/09/2022,09/09/2029,,6000000,100000,Coupon,Cố định,Định kỳ - Cuối kỳ,Mua lại,,8.4,Hiệu lực,,TTCC ,Công ty cổ phần,Lĩnh vực khác
1497,2022-09-14 00:00:00,OCB - Ngân hàng TMCP Phương Đông,OCBL2225015,VNĐ,,09/09/2022,09/09/2025,,300,1000000000,Coupon,Cố định,Định kỳ - Cuối kỳ,Mua lại,,5.8,Hiệu lực,,OCB ,Công ty cổ phần,Tổ chức tín dụng
1498,2022-09-15 00:00:00,BID - Ngân hàng TMCP Đầu tư và Phát triển Việt Nam,BIDL2237028,VNĐ,,09/09/2022,09/09/2037,,60,1000000000,Coupon,Kết hợp,Định kỳ - Cuối kỳ,Hoán đổi; Mua lại,,7.2,Hiệu lực,,BID ,Công ty cổ phần,Tổ chức tín dụng
1499,2022-12-15 00:00:00,TNEC - Công ty TNHH đầu tư và phát triển năng lượng Thành Nguyên,TNECH2227001,VNĐ,,12/09/2022,12/09/2027,,5000,100000000,Coupon,Kết hợp,Định kỳ - Cuối kỳ,Mua lại,,13.0,Hiệu lực,,TNEC ,Công ty trách nhiệm hữu hạn,Lĩnh vực khác
1500,2022-12-19 00:00:00,BID - Ngân hàng TMCP Đầu tư và Phát triển Việt Nam,BIDL2242033,VNĐ,,12/09/2022,12/09/2042,,200,1000000000,Coupon,Kết hợp,Định kỳ - Cuối kỳ,Hoán đổi; Mua lại,,8.5,Hiệu lực,,BID ,Công ty cổ phần,Tổ chức tín dụng
1501,2022-09-19 00:00:00,HCVC - CÔNG TY TÀI CHÍNH TRÁCH NHIỆM HỮU HẠN MỘT THÀNH VIÊN HOME CREDIT VIỆT NAM,HCVCL2224002,VNĐ,,13/09/2022,13/03/2024,,300,1000000000,Coupon,Cố định,Khác,,,7.2,Hiệu lực,,HCVC ,Công ty trách nhiệm hữu hạn,Tổ chức tín dụng
1502,2022-09-22 00:00:00,CTG - Ngân hàng Thương mại cổ phần Công Thương Việt Nam,CTGL2230014,VNĐ,,15/09/2022,15/09/2030,,3000,1000000000,Coupon,Thả nổi,Định kỳ - Cuối kỳ,Mua lại,,6.7,Hiệu lực,,CTG ,Công ty cổ phần,Tổ chức tín dụng
1503,2022-09-20 00:00:00,OCB - Ngân hàng TMCP Phương Đông,OCBL2225016,VNĐ,,15/09/2022,15/09/2025,,500,1000000000,Coupon,Cố định,Định kỳ - Cuối kỳ,,,6.8,Hiệu lực,,OCB ,Công ty cổ phần,Tổ chức tín dụng
1504,2022-09-21 00:00:00,BID - Ngân hàng TMCP Đầu tư và Phát triển Việt Nam,BIDL2229029,VNĐ,,15/09/2022,15/09/2029,,500,1000000000,Coupon,Thả nổi,Định kỳ - Cuối kỳ,Hoán đổi; Mua lại,,6.8,Hiệu lực,,BID ,Công ty cổ phần,Tổ chức tín dụng
1505,2022-10-17 00:00:00,VDS - CTCP Chứng khoán Rồng Việt,VDSH2224003,VNĐ,,15/09/2022,15/09/2024,,5000,1000000,Coupon,Cố định,Định kỳ - Cuối kỳ,Mua lại,,9.6,Hiệu lực,,VDS ,Công ty cổ phần,Kinh doanh chứng khoán
1506,2022-09-20 00:00:00,OCB - Ngân hàng TMCP Phương Đông,OCBL2225017,VNĐ,,15/09/2022,15/09/2025,,1000,1000000000,Coupon,Cố định,Định kỳ - Cuối kỳ,Mua lại,,5.9,Hiệu lực,,OCB ,Công ty cổ phần,Tổ chức tín dụng
1507,2022-10-20 00:00:00,F88C - Công ty cổ phần kinh doanh F88,F88CH2223009,VNĐ,,15/09/2022,15/09/2023,,209,100000000,Coupon,Cố định,Một lần khi đến hạn,Mua lại,,11.0,Hiệu lực,,F88C ,Công ty cổ phần,"Thương mại, dịch vụ"
1508,2022-09-26 00:00:00,VDS - CTCP Chứng khoán Rồng Việt,VDSH2223009,VNĐ,,15/09/2022,15/09/2023,,200000,1000000,Coupon,Cố định,Định kỳ - Cuối kỳ,Mua lại,,9.3,Hiệu lực,,VDS ,Công ty cổ phần,Kinh doanh chứng khoán
1509,2022-09-21 00:00:00,HCVC - CÔNG TY TÀI CHÍNH TRÁCH NHIỆM HỮU HẠN MỘT THÀNH VIÊN HOME CREDIT VIỆT NAM,HCVCL2224003,VNĐ,,15/09/2022,15/03/2024,,200,1000000000,Coupon,Cố định,Khác,,,7.2,Hiệu lực,,HCVC ,Công ty trách nhiệm hữu hạn,Tổ chức tín dụng
1510,2022-09-23 00:00:00,VBAC - Ngân hàng Nông nghiệp và Phát triển Nông thôn Việt Nam,VBACLH2229011,VNĐ,,16/09/2022,16/09/2029,,0,1000000000,Coupon,Thả nổi,Định kỳ - Cuối kỳ,Mua lại,,6.8,Hiệu lực,,VBAC ,Công ty trách nhiệm hữu hạn,Tổ chức tín dụng
1511,2022-09-23 00:00:00,VBAC - Ngân hàng Nông nghiệp và Phát triển Nông thôn Việt Nam,VBACLH2232013,VNĐ,,16/09/2022,16/09/2032,,435,1000000000,Coupon,Thả nổi,Định kỳ - Cuối kỳ,Mua lại,,7.2,Hiệu lực,,VBAC ,Công ty trách nhiệm hữu hạn,Tổ chức tín dụng
1512,2022-09-23 00:00:00,VBAC - Ngân hàng Nông nghiệp và Phát triển Nông thôn Việt Nam,VBACLH2228010,VNĐ,,16/09/2022,16/09/2028,,53,1000000000,Coupon,Thả nổi,Định kỳ - Cuối kỳ,Mua lại,,6.6,Hiệu lực,,VBAC ,Công ty trách nhiệm hữu hạn,Tổ chức tín dụng
1513,2022-09-23 00:00:00,VBAC - Ngân hàng Nông nghiệp và Phát triển Nông thôn Việt Nam,VBACLH2230012,VNĐ,,16/09/2022,16/09/2030,,0,1000000000,Coupon,Thả nổi,Định kỳ - Cuối kỳ,Mua lại,,7.0,Hiệu lực,,VBAC ,Công ty trách nhiệm hữu hạn,Tổ chức tín dụng
1514,2022-09-21 00:00:00,MBB - NGÂN HÀNG TMCP QUÂN ĐỘI,MBBL2229020,VNĐ,,16/09/2022,16/09/2029,,10000,10000000,Coupon,Thả nổi,Định kỳ - Cuối kỳ,,,7.1,Hiệu lực,,MBB ,Công ty cổ phần,Tổ chức tín dụng
1515,2022-09-22 00:00:00,SGCC - Công ty TNHH Đầu tư Sài Gòn 3 Capital,SGCCH2223001,VNĐ,,16/09/2022,16/09/2023,,1850,100000000,Coupon,Cố định,Định kỳ - Cuối kỳ,,,10.5,Hiệu lực,,SGCC ,Công ty trách nhiệm hữu hạn,"Thương mại, dịch vụ"
1516,2022-09-26 00:00:00,MSN - Công ty Cổ phần Tập đoàn Masan,MSNH2227004,VNĐ,,21/09/2022,21/09/2027,,8000,100000000,Coupon,Kết hợp,Định kỳ - Cuối kỳ,Mua lại,,9.5,Hiệu lực,,MSN ,Công ty cổ phần,Lĩnh vực khác
1517,2022-09-26 00:00:00,MSN - Công ty Cổ phần Tập đoàn Masan,MSNH2227003,VNĐ,,21/09/2022,21/09/2027,,7000,100000000,Coupon,Kết hợp,Định kỳ - Cuối kỳ,Mua lại,,9.5,Hiệu lực,,MSN ,Công ty cổ phần,Lĩnh vực khác
1518,2022-09-28 00:00:00,NPMC - CT TNHH KHAI THÁC CHẾ BIẾN KHOÁNG SẢN NÚI PHÁO,NPMCB2227002,VNĐ,,22/09/2022,22/09/2027,,2900,100000000,Coupon,Kết hợp,Định kỳ - Cuối kỳ,Mua lại,,10.0,Hiệu lực,,NPMC ,Công ty trách nhiệm hữu hạn,Sản xuất
1519,2022-09-30 00:00:00,VIFC - CTCP SẢN XUẤT VÀ KINH DOANH VINFAST,VIFCB2225005,VNĐ,,26/09/2022,26/09/2025,,3000,100000000,Coupon,Kết hợp,Định kỳ - Cuối kỳ,Mua lại,,10.42,Hiệu lực,,VIFC ,Công ty cổ phần,Sản xuất
1520,2022-10-25 00:00:00,VIFC - CTCP SẢN XUẤT VÀ KINH DOANH VINFAST,VIFCB2225007,VNĐ,,26/09/2022,26/09/2025,,100,100000000,Coupon,Kết hợp,Định kỳ - Cuối kỳ,Mua lại,,10.42,Hiệu lực,,VIFC ,Công ty cổ phần,Sản xuất
1521,2022-10-11 00:00:00,VIFC - CTCP SẢN XUẤT VÀ KINH DOANH VINFAST,VIFCB2225006,VNĐ,,26/09/2022,26/09/2025,,3000,100000000,Coupon,Kết hợp,Định kỳ - Cuối kỳ,Mua lại,,10.42,Hiệu lực,,VIFC ,Công ty cổ phần,Sản xuất
1522,2022-10-25 00:00:00,VIFC - CTCP SẢN XUẤT VÀ KINH DOANH VINFAST,VIFCB2225008,VNĐ,,26/09/2022,26/09/2025,,100,100000000,Coupon,Kết hợp,Định kỳ - Cuối kỳ,Mua lại,,10.42,Hiệu lực,,VIFC ,Công ty cổ phần,Sản xuất
1523,2022-10-28 00:00:00,TCD - CTCP ĐẦU TƯ PHÁT TRIỂN CÔNG NGHIỆP VÀ VẬN TẢI,TCDH2227002,VNĐ,,27/09/2022,27/09/2027,,9900,100000000,Coupon,Kết hợp,Định kỳ - Cuối kỳ,Mua lại,,11.0,Hiệu lực,,TCD ,Công ty cổ phần,Xây dựng
1524,2022-10-06 00:00:00,SLIC - CTCP ĐẦU TƯ BẤT ĐỘNG SẢN SƠN KIM,SLICH2225001,VNĐ,,29/09/2022,29/09/2025,,5000,100000000,Coupon,Kết hợp,Định kỳ - Cuối kỳ,Mua lại,,11.5,Hiệu lực,,SLIC ,Công ty cổ phần,Bất động sản
1525,2022-11-04 00:00:00,NSRC - Công ty TNHH Đầu Tư Địa Ốc Nova Saigon Royal,NSRCH2223002,VNĐ,,30/09/2022,,,0,100000000,Coupon,Cố định,Định kỳ - Cuối kỳ,,,9.5,Hiệu lực,,NSRC ,Công ty trách nhiệm hữu hạn,Bất động sản
1526,2022-08-01 00:00:00,APGC - CTCP Tập đoàn Apec Group,APGCH2223003,VNĐ,,01/10/2022,01/10/2023,,257580,100000,Coupon,Cố định,Định kỳ - Cuối kỳ,Mua lại,,10.0,Hiệu lực,,APGC ,Công ty cổ phần,Bất động sản
1527,2022-01-24 00:00:00,APGC - CTCP TẬP ĐOÀN APEC GROUP,APGCH2126012,VNĐ,,01/10/2022,01/10/2027,,70016,100000,Coupon,Cố định,Định kỳ - Cuối kỳ,Mua lại,,13.0,Hết hiệu lực,,APGC ,Công ty cổ phần,Bất động sản
1528,2022-08-15 00:00:00,APGC - CTCP Tập đoàn Apec Group,APGCH2227004,VNĐ,,01/10/2022,01/10/2027,,70016,100000,Coupon,Cố định,Định kỳ - Cuối kỳ,Mua lại,,13.0,Hiệu lực,,APGC ,Công ty cổ phần,Bất động sản
1529,2022-01-24 00:00:00,APGC - CTCP TẬP ĐOÀN APEC GROUP,APGCH2122010,VNĐ,,01/10/2022,01/10/2023,,257580,100000,Coupon,Cố định,Định kỳ - Cuối kỳ,,,10.0,Hết hiệu lực,,APGC ,Công ty cổ phần,Bất động sản
1530,2022-01-24 00:00:00,APGC - CTCP TẬP ĐOÀN APEC GROUP,APGCH2123006,VNĐ,,01/10/2022,01/10/2024,,67340,100000,Coupon,Cố định,Định kỳ - Cuối kỳ,,,11.0,Hết hiệu lực,,APGC ,Công ty cổ phần,Bất động sản
1531,2022-01-21 00:00:00,APGC - CTCP TẬP ĐOÀN APEC GROUP,APGCH2123008,VNĐ,,01/10/2022,01/10/2024,,9500,100000,Coupon,Cố định,Định kỳ - Cuối kỳ,Mua lại,,10.5,Hết hiệu lực,,APGC ,Công ty cổ phần,Bất động sản
1532,2022-08-04 00:00:00,APGC - CTCP Tập đoàn Apec Group,APGCH2224001,VNĐ,,01/10/2022,01/10/2024,,67340,100000,Coupon,Cố định,Định kỳ - Cuối kỳ,Mua lại,,11.0,Hiệu lực,,APGC ,Công ty cổ phần,Bất động sản
1533,2022-05-17 00:00:00,CTVC - Công ty cổ phần Cá Tầm Việt Nam,CTVCH2224001,VNĐ,,02/10/2022,02/10/2024,,14775756,100000,Coupon,Cố định,Định kỳ - Cuối kỳ,Mua lại,,10.0,Hiệu lực,,CTVC ,Công ty cổ phần,Lĩnh vực khác
1534,2022-02-24 00:00:00,HAX - CÔNG TY CỔ PHẦN DỊCH VỤ Ô TÔ HÀNG XANH,HAXH2223001,VNĐ,,02/10/2022,08/10/2023,,1800000,100000,Coupon,Cố định,Một lần khi đến hạn,,,3.0,Hiệu lực,,HAX ,Công ty cổ phần,"Thương mại, dịch vụ"
1535,2022-06-15 00:00:00,DPQC - Công ty Cổ phần Đầu tư và Phát triển du lịch Phú Quốc,DPQCH2227003,VNĐ,,06/10/2022,06/10/2027,,8201760,100000,Coupon,Kết hợp,Định kỳ - Cuối kỳ,Mua lại,,10.0,Hiệu lực,,DPQC ,Công ty cổ phần,"Thương mại, dịch vụ"
1536,2022-06-14 00:00:00,VPFC - CÔNG TY TÀI CHÍNH TNHH NGÂN HÀNG VIỆT NAM THỊNH VƯỢNG SMBC,VPFCH2224006,VNĐ,,06/10/2022,06/10/2024,,300000,1000000,Coupon,Kết hợp,Định kỳ - Cuối kỳ,,,6.8,Hiệu lực,,VPFC ,Công ty trách nhiệm hữu hạn,Lĩnh vực khác
1537,2022-06-17 00:00:00,MBB - NGÂN HÀNG TMCP QUÂN ĐỘI,MBBL2229014,VNĐ,,06/10/2022,06/10/2029,,3000,10000000,Coupon,Thả nổi,Định kỳ - Cuối kỳ,Mua lại,,6.85,Hiệu lực,,MBB ,Công ty cổ phần,Tổ chức tín dụng
1538,2022-06-15 00:00:00,OCB - Ngân hàng TMCP Phương Đông,OCBL2225003,VNĐ,,06/10/2022,06/10/2025,,500,1000000000,Coupon,Cố định,Định kỳ - Cuối kỳ,Mua lại,,4.4,Hiệu lực,,OCB ,Công ty cổ phần,Tổ chức tín dụng
1539,2022-08-15 00:00:00,VBAC - Ngân hàng Nông nghiệp và Phát triển Nông thôn Việt Nam,VBACLH2230008,VNĐ,,08/10/2022,08/10/2030,,0,1000000000,Coupon,Thả nổi,Định kỳ - Cuối kỳ,Mua lại,,7.0,Hiệu lực,,VBAC ,Công ty trách nhiệm hữu hạn,Tổ chức tín dụng
1540,2022-08-15 00:00:00,VBAC - Ngân hàng Nông nghiệp và Phát triển Nông thôn Việt Nam,VBACLH2228006,VNĐ,,08/10/2022,08/10/2028,,0,1000000000,Coupon,Thả nổi,Định kỳ - Cuối kỳ,Mua lại,,6.6,Hiệu lực,,VBAC ,Công ty trách nhiệm hữu hạn,Tổ chức tín dụng
1541,2022-08-15 00:00:00,VBAC - Ngân hàng Nông nghiệp và Phát triển Nông thôn Việt Nam,VBACLH2232009,VNĐ,,08/10/2022,08/10/2032,,600,1000000000,Coupon,Thả nổi,Định kỳ - Cuối kỳ,Mua lại,,7.2,Hiệu lực,,VBAC ,Công ty trách nhiệm hữu hạn,Tổ chức tín dụng
1542,2022-08-15 00:00:00,VBAC - Ngân hàng Nông nghiệp và Phát triển Nông thôn Việt Nam,VBACLH2229007,VNĐ,,08/10/2022,08/10/2029,,0,1000000000,Coupon,Thả nổi,Định kỳ - Cuối kỳ,Mua lại,,6.8,Hiệu lực,,VBAC ,Công ty trách nhiệm hữu hạn,Tổ chức tín dụng
1543,2022-10-24 00:00:00,H39C - Công ty Cổ phần Hưng Thịnh Investment,H39CH2225002,VNĐ,,08/10/2022,02/10/2025,,161750,1000000,Coupon,Cố định,Định kỳ - Cuối kỳ,Mua lại,,10.5,Hiệu lực,,H39C ,Công ty cổ phần,Bất động sản
1544,2022-10-31 00:00:00,NPMC - CT TNHH KHAI THÁC CHẾ BIẾN KHOÁNG SẢN NÚI PHÁO,NPMCB2227003,VNĐ,,26/10/2022,26/10/2027,,2100,100000000,Coupon,Kết hợp,Định kỳ - Cuối kỳ,Mua lại,,11.0,Hiệu lực,,NPMC ,Công ty trách nhiệm hữu hạn,Sản xuất
1545,2022-12-16 00:00:00,HDC - CÔNG TY CP PHÁT TRIỂN NHÀ BÀ RỊA- VŨNG TÀU,HDCH2224001,VNĐ,,31/10/2022,31/10/2024,,300,100000000,Coupon,Kết hợp,Định kỳ - Cuối kỳ,Mua lại,,11.0,Hiệu lực,,HDC ,Công ty cổ phần,Xây dựng
1546,2022-12-01 00:00:00,HBC - Công ty Cổ Phần Tập Đoàn Xây Dựng Hòa Bình,HBCH2225002,VNĐ,,31/10/2022,31/10/2025,,946,100000000,Coupon,Kết hợp,Định kỳ - Cuối kỳ,Mua lại,,11.0,Hiệu lực,,HBC ,Công ty trách nhiệm hữu hạn,Bất động sản
1547,2022-01-25 00:00:00,DVLC - CÔNG TY CỔ PHẦN BẤT ĐỘNG SẢN DRAGON VILLAGE,DVLCH2124005,VNĐ,,01/11/2022,01/11/2027,,8000,100000000,Coupon,Cố định,Định kỳ - Cuối kỳ,Mua lại,,10.5,Hiệu lực,,DVLC ,Công ty cổ phần,Bất động sản
1548,2022-03-03 00:00:00,ATLC - Công ty TNHH Đầu tư cao su An Thịnh,ATLCH2224001,VNĐ,,02/11/2022,02/11/2024,,650000,1000000,Coupon,Kết hợp,Một lần khi đến hạn,Mua lại,,8.5,Hiệu lực,,ATLC ,Công ty trách nhiệm hữu hạn,Lĩnh vực khác
1549,2022-03-28 00:00:00,AGG - CÔNG TY CỔ PHẦN ĐẦU TƯ VÀ PHÁT TRIỂN BÁT ĐỘNG SẢN AN GIA,AGGH2223001,VNĐ,,03/11/2022,03/11/2023,,2000,100000000,Coupon,Cố định,Định kỳ - Cuối kỳ,Mua lại,,11.0,Hiệu lực,,AGG ,Công ty cổ phần,Bất động sản
1550,2022-05-23 00:00:00,ECHC - Công ty Cổ phần Encapital Holdings,ECHCH2223001,VNĐ,,05/11/2022,13/05/2024,,1300000,100000,Coupon,Cố định,Định kỳ - Cuối kỳ,Mua lại,,11.0,Hiệu lực,,ECHC ,Công ty cổ phần,Sản xuất
1551,2022-07-21 00:00:00,VCB - NGÂN HÀNG TMCP NGOẠI THƯƠNG VIỆT NAM,VCBH2237001,VNĐ,,07/11/2022,07/11/2037,,100,1000000000,Coupon,Cố định,Định kỳ - Cuối kỳ,Mua lại,,6.8,Hiệu lực,,VCB ,Công ty cổ phần,Tổ chức tín dụng
1552,2022-07-13 00:00:00,BID - Ngân hàng TMCP Đầu tư và Phát triển Việt Nam,BIDL2230015,VNĐ,,07/11/2022,07/11/2030,,1000,1000000000,Coupon,Thả nổi,Định kỳ - Cuối kỳ,Hoán đổi; Mua lại,,6.48,Hiệu lực,,BID ,Công ty cổ phần,Tổ chức tín dụng
1553,2022-07-19 00:00:00,MSFC - Công ty Tài chính TNHH MB Shinsei,MSFCLH2224004,VNĐ,,07/11/2022,07/11/2024,,500,1000000000,Coupon,Cố định,Định kỳ - Cuối kỳ,,,6.7,Hiệu lực,,MSFC ,Công ty trách nhiệm hữu hạn,Tổ chức tín dụng
1554,2022-11-25 00:00:00,MSN - Công ty Cổ phần Tập đoàn Masan,MSNH2227007,VNĐ,,24/11/2022,24/11/2027,,1700,1000000000,Coupon,Thả nổi,Định kỳ - Cuối kỳ,Mua lại,,11.5,Hiệu lực,,MSN ,Công ty cổ phần,Lĩnh vực khác
1555,2022-12-01 00:00:00,BID - Ngân hàng TMCP Đầu tư và Phát triển Việt Nam,BIDLH2229031,VNĐ,,25/11/2022,25/11/2029,,400,100000000,Coupon,Thả nổi,Định kỳ - Cuối kỳ,Hoán đổi; Mua lại,,8.75,Hiệu lực,,BID ,Công ty cổ phần,Tổ chức tín dụng
1556,2022-12-01 00:00:00,BID - Ngân hàng TMCP Đầu tư và Phát triển Việt Nam,BIDLH2230032,VNĐ,,25/11/2022,,,0,100000000,Coupon,Thả nổi,Định kỳ - Cuối kỳ,Hoán đổi; Mua lại,,8.8,Hiệu lực,,BID ,Công ty cổ phần,Tổ chức tín dụng
1557,2022-12-01 00:00:00,BID - Ngân hàng TMCP Đầu tư và Phát triển Việt Nam,BIDLH2228030,VNĐ,,25/11/2022,25/11/2028,,447,100000000,Coupon,Thả nổi,Định kỳ - Cuối kỳ,Hoán đổi; Mua lại,,8.7,Hiệu lực,,BID ,Công ty cổ phần,Tổ chức tín dụng
1558,2023-01-03 00:00:00,VDS - CTCP Chứng khoán Rồng Việt,VDSH2223010,VNĐ,,29/11/2022,29/11/2023,,1423,100000000,Coupon,Cố định,Định kỳ - Cuối kỳ,Mua lại,,10.15,Hiệu lực,,VDS ,Công ty cổ phần,Kinh doanh chứng khoán
1559,2022-02-11 00:00:00,APS - Công ty Cổ phần Chứng khoán Châu Á Thái Bình Dương,APSH2225002,VNĐ,,01/12/2022,01/12/2025,,3000,100000,Coupon,Cố định,Định kỳ - Cuối kỳ,Mua lại,,11.0,Hiệu lực,,APS ,Công ty cổ phần,Kinh doanh chứng khoán
1560,2022-02-11 00:00:00,APS - Công ty Cổ phần Chứng khoán Châu Á Thái Bình Dương,APSH2225001,VNĐ,,01/12/2022,01/12/2025,,43310,100000,Coupon,Cố định,Định kỳ - Cuối kỳ,,,12.0,Hiệu lực,,APS ,Công ty cổ phần,Kinh doanh chứng khoán
1561,2022-02-21 00:00:00,HPX - CÔNG TY CỔ PHẦN ĐẦU TƯ HẢI PHÁT,HPXH2223001,VNĐ,,01/12/2022,01/12/2023,,3500000,100000,Coupon,Cố định,Định kỳ - Cuối kỳ,Mua lại,,10.0,Hết hiệu lực,,HPX ,Công ty cổ phần,Bất động sản
1562,2022-09-14 00:00:00,HPX - CÔNG TY CỔ PHẦN ĐẦU TƯ HẢI PHÁT,HPXH2224001,VNĐ,,01/12/2022,01/12/2024,,3500000,100000,Coupon,Cố định,Định kỳ - Cuối kỳ,Mua lại,,10.0,Hiệu lực,,HPX ,Công ty cổ phần,Bất động sản
1563,2022-04-14 00:00:00,MBB - NGÂN HÀNG TMCP QUÂN ĐỘI,MBBL2225003,VNĐ,,04/12/2022,04/12/2025,,700,1000000000,Coupon,Cố định,Định kỳ - Cuối kỳ,Mua lại,,3.8,Hiệu lực,,MBB ,Công ty cổ phần,Tổ chức tín dụng
1564,2022-05-19 00:00:00,MBB - NGÂN HÀNG TMCP QUÂN ĐỘI,MBBL2229009,VNĐ,,05/12/2022,05/12/2029,,10000,10000000,Coupon,Thả nổi,Định kỳ - Cuối kỳ,Mua lại,,6.83,Hiệu lực,,MBB ,Công ty cổ phần,Tổ chức tín dụng
1565,2022-05-20 00:00:00,SSB - Ngân hàng TMCP Đông Nam Á,SSBH2224003,VNĐ,,05/12/2022,05/12/2024,,199,1000000000,Coupon,Cố định,Định kỳ - Cuối kỳ,,,4.2,Hiệu lực,,SSB ,Công ty cổ phần,Tổ chức tín dụng
1566,2022-05-26 00:00:00,AGG - CÔNG TY CỔ PHẦN ĐẦU TƯ VÀ PHÁT TRIỂN BÁT ĐỘNG SẢN AN GIA,AGGH2224003,VNĐ,,05/12/2022,05/12/2024,,300,1000000000,Coupon,Cố định,Định kỳ - Cuối kỳ,Mua lại,,11.0,Hiệu lực,,AGG ,Công ty cổ phần,Bất động sản
1567,2022-05-13 00:00:00,OCB - Ngân hàng TMCP Phương Đông,OCBL2225002,VNĐ,,05/12/2022,05/12/2025,,600,1000000000,Coupon,Cố định,Định kỳ - Cuối kỳ,Mua lại,,4.1,Hiệu lực,,OCB ,Công ty cổ phần,Tổ chức tín dụng
1568,2022-07-08 00:00:00,IMGC - CÔNG TY CỔ PHẦN ĐẦU TƯ IMG HUẾ,IMGCH2226001,VNĐ,,05/12/2022,15/11/2026,,1158,100000000,Coupon,Kết hợp,Định kỳ - Cuối kỳ,Mua lại,,9.5,Hiệu lực,,IMGC ,Công ty cổ phần,Bất động sản
1569,2022-05-20 00:00:00,TCB - Ngân hàng TMCP Kỹ thương Việt Nam,TCBL2225003,VNĐ,,05/12/2022,05/12/2025,,1000,1000000000,Coupon,Cố định,Định kỳ - Cuối kỳ,Mua lại,,3.5,Hiệu lực,,TCB ,Công ty cổ phần,Tổ chức tín dụng
1570,2022-09-22 00:00:00,NKDC - Công ty Cổ phần Thương mại Dịch vụ Nhựa bao bì Kiến Đức,NKDCH2225001,VNĐ,,07/12/2022,07/12/2025,,20000,1000000,Coupon,Cố định,Định kỳ - Cuối kỳ,Mua lại,,9.0,Hiệu lực,,NKDC ,Công ty cổ phần,Sản xuất
1571,2022-11-02 00:00:00,DVCC - CÔNG TY CP THƯƠNG MẠI VÀ DỊCH VỤ DANH VIỆT,DVCCH2224001,VNĐ,,08/12/2022,08/12/2024,,442,100000000,Coupon,Cố định,Định kỳ - Cuối kỳ,Mua lại,,12.0,Hiệu lực,,DVCC ,Công ty cổ phần,Bất động sản
1572,2022-08-17 00:00:00,FNFC - Công ty Cổ phần Fuji Nutri Food,FNFCH2223001,VNĐ,,08/12/2022,08/12/2024,,1000000,1000000,Coupon,Cố định,Định kỳ - Cuối kỳ,Mua lại,,10.0,Hiệu lực,,FNFC ,Công ty cổ phần,Bất động sản
1573,2022-09-13 00:00:00,ABB - Ngân hàng TMCP An Bình (ABBANK),ABBL2225002,VNĐ,,09/12/2022,09/12/2025,,300,1000000000,Coupon,Cố định,Định kỳ - Cuối kỳ,Mua lại,,5.8,Hiệu lực,,ABB ,Công ty cổ phần,Tổ chức tín dụng
1574,2022-09-20 00:00:00,EVF - Công ty Tài chính cổ phần Điện Lực,EVFH2224002,VNĐ,,09/12/2022,09/12/2024,,100,1000000000,Coupon,Cố định,Định kỳ - Cuối kỳ,Mua lại,,7.2,Hiệu lực,,EVF ,Công ty cổ phần,Tổ chức tín dụng
1575,2022-10-17 00:00:00,VDS - CTCP Chứng khoán Rồng Việt,VDSH2223008,VNĐ,,09/12/2022,09/12/2023,,23300,1000000,Coupon,Cố định,Định kỳ - Cuối kỳ,Mua lại,,9.3,Hiệu lực,,VDS ,Công ty cổ phần,Kinh doanh chứng khoán
1576,2022-12-14 00:00:00,TENC - Công ty cổ phần Dược phẩm Tenamyd,TENCH2223001,VNĐ,,12/12/2022,12/12/2023,,200,100000000,Coupon,Kết hợp,Định kỳ - Cuối kỳ,Mua lại; None,,14.0,Hiệu lực,,TENC ,Công ty cổ phần,Lĩnh vực khác
1577,2022-12-14 00:00:00,TENC - Công ty cổ phần Dược phẩm Tenamyd,TENCH2224002,VNĐ,,12/12/2022,12/12/2024,,300,100000000,Coupon,Kết hợp,Định kỳ - Cuối kỳ,Mua lại; None,,14.0,Hiệu lực,,TENC ,Công ty cổ phần,Lĩnh vực khác
1578,2022-12-14 00:00:00,TENC - Công ty cổ phần Dược phẩm Tenamyd,TENCH2225003,VNĐ,,12/12/2022,12/12/2025,,300,100000000,Coupon,Kết hợp,Định kỳ - Cuối kỳ,Mua lại; None,,14.0,Hiệu lực,,TENC ,Công ty cổ phần,Lĩnh vực khác
1579,2022-12-14 00:00:00,TENC - Công ty cổ phần Dược phẩm Tenamyd,TENCH2226004,VNĐ,,12/12/2022,12/12/2026,,300,100000000,Coupon,Kết hợp,Định kỳ - Cuối kỳ,Mua lại; None,,14.0,Hiệu lực,,TENC ,Công ty cổ phần,Lĩnh vực khác
1580,2022-12-14 00:00:00,TENC - Công ty cổ phần Dược phẩm Tenamyd,TENCH2227005,VNĐ,,12/12/2022,12/12/2027,,200,100000000,Coupon,Kết hợp,Định kỳ - Cuối kỳ,Mua lại; None,,14.0,Hiệu lực,,TENC ,Công ty cổ phần,Lĩnh vực khác
1581,2022-12-14 00:00:00,TENC - Công ty cổ phần Dược phẩm Tenamyd,TENCH2228006,VNĐ,,12/12/2022,12/12/2028,,200,100000000,Coupon,Kết hợp,Định kỳ - Cuối kỳ,Mua lại; None,,14.0,Hiệu lực,,TENC ,Công ty cổ phần,Lĩnh vực khác
1582,2022-12-16 00:00:00,NLG - Công ty Cổ phần Đầu tư Nam Long,NLGH2229002,VNĐ,,13/12/2022,28/03/2029,,500,1000000000,Coupon,Kết hợp,Định kỳ - Cuối kỳ,Mua lại,,12.94,Hiệu lực,,NLG ,Công ty cổ phần,Bất động sản
1583,2023-01-04 00:00:00,BID - Ngân hàng TMCP Đầu tư và Phát triển Việt Nam,BIDL2242034,VNĐ,,27/12/2022,27/12/2042,,100,1000000000,Coupon,Kết hợp,Định kỳ - Cuối kỳ,Hoán đổi; Mua lại,,8.5,Hiệu lực,,BID ,Công ty cổ phần,Tổ chức tín dụng
1584,2023-01-04 00:00:00,BID - Ngân hàng TMCP Đầu tư và Phát triển Việt Nam,BIDLH2228035,VNĐ,,28/12/2022,28/12/2028,,31695,100000000,Coupon,Cố định,Định kỳ - Cuối kỳ,Hoán đổi; Mua lại,,9.1,Hiệu lực,,BID ,Công ty cổ phần,Tổ chức tín dụng
1585,2023-01-27 00:00:00,VDS - CTCP Chứng khoán Rồng Việt,VDSH2223011,VNĐ,,28/12/2022,28/12/2023,,2027,100000000,Coupon,Cố định,Định kỳ - Cuối kỳ,Mua lại,,10.15,Hiệu lực,,VDS ,Công ty cổ phần,Kinh doanh chứng khoán
1586,2022-12-29 00:00:00,AP1C - Công ty CP Khu Công nghiệp Kỹ Thuật Cao An Phát 1,AP1CH2227001,VNĐ,,29/12/2022,29/12/2027,,1500,100000000,Coupon,Cố định,Một lần khi đến hạn,Mua lại,,6.0,Hiệu lực,,AP1C ,Công ty cổ phần,Bất động sản
1587,2023-01-13 00:00:00,HDC - CÔNG TY CP PHÁT TRIỂN NHÀ BÀ RỊA- VŨNG TÀU,HDCH2224002,VNĐ,,30/12/2022,30/12/2024,,700,100000000,Coupon,Kết hợp,Định kỳ - Cuối kỳ,Mua lại,,11.5,Hiệu lực,,HDC ,Công ty cổ phần,Xây dựng
1588,2022-12-30 00:00:00,MBB - NGÂN HÀNG TMCP QUÂN ĐỘI,MBBL2229021,VNĐ,,30/12/2022,30/12/2029,,200,1000000000,Coupon,Cố định,Định kỳ - Cuối kỳ,,,8.8,Hiệu lực,,MBB ,Công ty cổ phần,Tổ chức tín dụng
1589,2023-02-03 00:00:00,SAOC - CÔNG TY CỔ PHẦN XÂY DỰNG SAO VÀNG TÂY ĐÔ,SAOCH2224001,VNĐ,,31/12/2022,,,0,100000000,Coupon,Cố định,,Mua lại,,13.0,Hiệu lực,,SAOC ,Công ty cổ phần,Xây dựng
1590,2023-08-07 00:00:00,VJC - CÔNG TY CỔ PHẦN HÀNG KHÔNG VIETJET,VJCH2328009,VNĐ,,08/01/2023,08/01/2028,,3000,100000000,Coupon,Kết hợp,Định kỳ - Cuối kỳ,Mua lại,,12.0,Hiệu lực,,VJC ,Công ty cổ phần,Bất động sản
1591,2023-08-09 00:00:00,BID - Ngân hàng TMCP Đầu tư và Phát triển Việt Nam,BIDL2343005,VNĐ,,08/01/2023,08/01/2043,,500,1000000000,Coupon,Cố định,Định kỳ - Cuối kỳ,Hoán đổi; Mua lại,,7.7,Hiệu lực,,BID ,Công ty cổ phần,Tổ chức tín dụng
1592,2023-12-06 00:00:00,MSB - Ngân hàng TMCP Hàng Hải Việt Nam,MSBL2326004,VNĐ,,12/01/2023,12/01/2026,,1000,1000000000,Coupon,Cố định,Định kỳ - Cuối kỳ,Mua lại,,5.8,Hiệu lực,,MSB ,Công ty cổ phần,Tổ chức tín dụng
1593,2023-12-08 00:00:00,NAB - Ngân hàng Thương mại Cổ phần Nam Á,NABL2330004,VNĐ,,12/01/2023,12/01/2030,,4000,100000000,Coupon,Cố định,Định kỳ - Cuối kỳ,Mua lại,,7.5,Hiệu lực,,NAB ,Công ty cổ phần,Tổ chức tín dụng
1594,2023-12-08 00:00:00,TPB - Ngân hàng Thương mại cổ phần Tiên Phong,TPBL2333015,VNĐ,,12/01/2023,12/01/2033,,4500,100000000,Coupon,Thả nổi,Định kỳ - Cuối kỳ,Mua lại,,7.03,Hiệu lực,,TPB ,Công ty cổ phần,Tổ chức tín dụng
1595,2023-12-07 00:00:00,VJC - CÔNG TY CỔ PHẦN HÀNG KHÔNG VIETJET,VJCH2328028,VNĐ,,12/01/2023,12/01/2028,,3000,100000000,Coupon,Cố định,Định kỳ - Cuối kỳ,Mua lại,,10.5,Hiệu lực,,VJC ,Công ty cổ phần,Bất động sản
1596,2023-02-03 00:00:00,PVIC - Công ty Cổ phần Đầu tư Phan Vũ,PVICH2328001,VNĐ,,30/01/2023,30/01/2028,,110,1000000000,Coupon,Thả nổi,Định kỳ - Cuối kỳ,Mua lại,,10.5,Hiệu lực,,PVIC ,Công ty cổ phần,Xây dựng
1597,2023-08-07 00:00:00,MSB - Ngân hàng TMCP Hàng Hải Việt Nam,MSBL2326002,VNĐ,,08/02/2023,08/02/2026,,1000,1000000000,Coupon,Cố định,Định kỳ - Cuối kỳ,Mua lại,,7.5,Hiệu lực,,MSB ,Công ty cổ phần,Tổ chức tín dụng
1598,2023-10-11 00:00:00,ABB - Ngân hàng TMCP An Bình (ABBANK),ABBL2325003,VNĐ,,10/02/2023,10/02/2025,,1000,1000000000,Coupon,Cố định,Định kỳ - Cuối kỳ,Mua lại,,6.4,Hiệu lực,,ABB ,Công ty cổ phần,Tổ chức tín dụng
1599,2023-10-09 00:00:00,ACB - Ngân hàng TMCP Á Châu,ACBL2326007,VNĐ,,10/02/2023,10/02/2026,,5000,100000000,Coupon,Cố định,Định kỳ - Cuối kỳ,Mua lại,,6.3,Hiệu lực,,ACB ,Công ty cổ phần,Tổ chức tín dụng
1600,2023-04-05 00:00:00,VDS - CTCP Chứng khoán Rồng Việt,VDSH2324001,VNĐ,,03/03/2023,03/03/2024,,3111,100000000,Coupon,Cố định,Định kỳ - Cuối kỳ,Mua lại,,10.15,Hiệu lực,,VDS ,Công ty cổ phần,Kinh doanh chứng khoán
1601,2023-12-27 00:00:00,ORS - Công ty Cổ phần Chứng khoán Tiên Phong,ORSH2328001,VNĐ,,07/03/2023,07/03/2028,,10000,100000000,Coupon,Kết hợp,Định kỳ - Cuối kỳ,Mua lại,,11.0,Hiệu lực,,ORS ,Công ty cổ phần,Kinh doanh chứng khoán
1602,2023-10-05 00:00:00,MBB - NGÂN HÀNG TMCP QUÂN ĐỘI,MBBL2330003,VNĐ,,10/03/2023,10/03/2030,,50,1000000000,Coupon,Thả nổi,Định kỳ - Cuối kỳ,,,7.0,Hiệu lực,,MBB ,Công ty cổ phần,Tổ chức tín dụng
1603,2023-10-06 00:00:00,VJC - CÔNG TY CỔ PHẦN HÀNG KHÔNG VIETJET,VJCH2328021,VNĐ,,10/03/2023,10/03/2028,,2000,100000000,Coupon,Kết hợp,Định kỳ - Cuối kỳ,Mua lại,,12.0,Hiệu lực,,VJC ,Công ty cổ phần,Bất động sản
1604,2023-11-15 00:00:00,AQCC - Công ty TNHH Dịch vụ và Tư vấn xây dựng Anh Quân,AQCCH2328001,VNĐ,,11/03/2023,11/03/2028,,14950,100000000,Coupon,Kết hợp,Định kỳ - Cuối kỳ,Mua lại,,14.0,Hiệu lực,,AQCC ,Công ty trách nhiệm hữu hạn,Bất động sản
1605,2023-03-17 00:00:00,LLFC - Công ty TNHH Kinh doanh nội thất Luxury Living,LLFCB2328001,VNĐ,,13/03/2023,13/03/2028,,48000,100000000,Coupon,Kết hợp,Định kỳ - Cuối kỳ,Mua lại,,9.0,Hiệu lực,,LLFC ,Công ty trách nhiệm hữu hạn,Bất động sản
1606,2023-08-21 00:00:00,SPNC - CTCP ĐẦU TƯ KINH DOANH VÀ PHÁT TRIỂN ĐÔ THỊ NGÔI SAO PHƯƠNG NAM,SPNCB2324001,VNĐ,,16/03/2023,16/09/2024,,46950,100000000,Coupon,Kết hợp,Định kỳ - Cuối kỳ,,,13.0,Hiệu lực,,SPNC ,Công ty cổ phần,Bất động sản
1607,2023-03-21 00:00:00,HIDC - Công ty TNHH Đầu tư và Phát triển Đô thị Hưng Yên,HIDCB2324001,VNĐ,,16/03/2023,16/03/2024,,44500,100000000,Zero coupon,,,Mua lại,,0.0,Hiệu lực,,HIDC ,Công ty trách nhiệm hữu hạn,Bất động sản
1608,2023-03-28 00:00:00,BAF - Công ty Cổ phần Nông nghiệp BAF Việt Nam,BAFH2330001,VNĐ,,16/03/2023,16/03/2030,,600,1000000000,Coupon,Cố định,Định kỳ - Cuối kỳ,Mua lại,,5.25,Hiệu lực,,BAF ,Công ty cổ phần,Sản xuất
1609,2023-03-22 00:00:00,HIDC - Công ty TNHH Đầu tư và Phát triển Đô thị Hưng Yên,HIDCB2324002,VNĐ,,16/03/2023,16/03/2024,,27500,100000000,Zero coupon,,,Mua lại,,0.0,Hiệu lực,,HIDC ,Công ty trách nhiệm hữu hạn,Bất động sản
1610,2023-06-08 00:00:00,TDG - Công ty Cổ phần Đầu tư TDG Global,TDGH2326001,VNĐ,,24/03/2023,24/03/2026,,400,100000000,Coupon,Cố định,Định kỳ - Cuối kỳ,Mua lại,,13.7,Hiệu lực,,TDG ,Công ty cổ phần,Lĩnh vực khác
1611,2023-04-05 00:00:00,ECHC - Công ty Cổ phần Encapital Holdings,ECHCH2324001,VNĐ,,30/03/2023,30/03/2024,,1200,100000000,Coupon,Cố định,Định kỳ - Cuối kỳ,Mua lại,,11.0,Hiệu lực,,ECHC ,Công ty cổ phần,Sản xuất
1612,2023-07-11 00:00:00,VJC - CÔNG TY CỔ PHẦN HÀNG KHÔNG VIETJET,VJCH2328005,VNĐ,,07/04/2023,07/04/2028,,3000,100000000,Coupon,Kết hợp,Định kỳ - Cuối kỳ,Mua lại,,12.0,Hiệu lực,,VJC ,Công ty cổ phần,Bất động sản
1613,2023-07-05 00:00:00,TCSC - CTCP chứng khoán Kỹ thương,TCSCH2325002,VNĐ,,07/04/2023,07/04/2025,,4000,100000000,Coupon,Kết hợp,Định kỳ - Cuối kỳ,Mua lại,,9.4,Hiệu lực,,TCSC ,Công ty cổ phần,Kinh doanh chứng khoán
1614,2023-08-09 00:00:00,VJC - CÔNG TY CỔ PHẦN HÀNG KHÔNG VIETJET,VJCH2328010,VNĐ,,08/04/2023,08/04/2028,,3000,100000000,Coupon,Kết hợp,Định kỳ - Cuối kỳ,Mua lại,,12.0,Hiệu lực,,VJC ,Công ty cổ phần,Bất động sản
1615,2023-12-11 00:00:00,TPB - Ngân hàng Thương mại cổ phần Tiên Phong,TPBL2325016,VNĐ,,12/04/2023,12/04/2025,,15000,100000000,Coupon,Kết hợp,Định kỳ - Cuối kỳ,Mua lại,,5.8,Hiệu lực,,TPB ,Công ty cổ phần,Tổ chức tín dụng
1616,2024-01-09 00:00:00,SGGC - Công ty Cổ phần Sài Gòn Capital,SGGCH2328004,VNĐ,,12/04/2023,12/04/2028,,10000,100000000,Coupon,Kết hợp,Định kỳ - Cuối kỳ,Mua lại,,12.5,Hiệu lực,,SGGC ,Công ty cổ phần,Bất động sản
1617,2023-04-27 00:00:00,NSTC - Công ty cổ phần North Star Holdings,NSTCH2324001,VNĐ,,14/04/2023,14/08/2024,,6710,100000000,Coupon,Kết hợp,Khác,Mua lại,,14.0,Hiệu lực,,NSTC ,Công ty cổ phần,Bất động sản
1618,2023-06-06 00:00:00,TCSC - CTCP chứng khoán Kỹ thương,TCSCH2325001,VNĐ,,06/05/2023,06/05/2025,,3000,100000000,Coupon,Kết hợp,Định kỳ - Cuối kỳ,Mua lại,,10.5,Hiệu lực,,TCSC ,Công ty cổ phần,Kinh doanh chứng khoán
1619,2023-09-28 00:00:00,BCM - TỔNG CÔNG TY ĐẦU TƯ VÀ PHÁT TRIỂN CÔNG NGHIỆP - CTCP,BCMH2328001,VNĐ,,07/05/2023,07/05/2028,,20000,100000000,Coupon,Kết hợp,Định kỳ - Cuối kỳ,Mua lại,,12.0,Hiệu lực,,BCM ,Công ty cổ phần,Bất động sản
1620,2023-07-11 00:00:00,NPMC - CT TNHH KHAI THÁC CHẾ BIẾN KHOÁNG SẢN NÚI PHÁO,NPMCB2328006,VNĐ,,07/05/2023,07/05/2028,,5000,100000000,Coupon,Kết hợp,Định kỳ - Cuối kỳ,,,9.0,Hiệu lực,,NPMC ,Công ty trách nhiệm hữu hạn,Sản xuất
1621,2023-07-11 00:00:00,NPMC - CT TNHH KHAI THÁC CHẾ BIẾN KHOÁNG SẢN NÚI PHÁO,NPMCB2328005,VNĐ,,07/05/2023,07/05/2028,,5000,100000000,Coupon,Kết hợp,Định kỳ - Cuối kỳ,,,9.0,Hiệu lực,,NPMC ,Công ty trách nhiệm hữu hạn,Sản xuất
1622,2023-10-25 00:00:00,SGGC - Công ty Cổ phần Sài Gòn Capital,SGGCH2328002,VNĐ,,10/05/2023,10/05/2028,,10000,100000000,Coupon,Kết hợp,Định kỳ - Cuối kỳ,Mua lại,,12.5,Hiệu lực,,SGGC ,Công ty cổ phần,Bất động sản
1623,2023-12-12 00:00:00,TPB - Ngân hàng Thương mại cổ phần Tiên Phong,TPBL2333017,VNĐ,,12/05/2023,12/05/2033,,743,100000000,Coupon,Thả nổi,Định kỳ - Cuối kỳ,Mua lại,,7.03,Hiệu lực,,TPB ,Công ty cổ phần,Tổ chức tín dụng
1624,2023-12-28 00:00:00,TMCC - Công ty TNHH Khu đô thị mới Trung Minh,TMCCH2328004,VNĐ,,12/05/2023,12/05/2028,,3000,100000000,Coupon,Kết hợp,Định kỳ - Cuối kỳ,Mua lại,,12.5,Hiệu lực,,TMCC ,Công ty trách nhiệm hữu hạn,Bất động sản
1625,2023-08-24 00:00:00,PAMC - Công ty TNHH MTV Quản lý Nợ và Khai thác Tài sản Ngân hàng TMCP Đại chúng Việt Nam,PAMCH2324001,VNĐ,,17/05/2023,17/11/2024,,1600,100000000,Coupon,Cố định,Định kỳ - Cuối kỳ,Mua lại,,12.0,Hiệu lực,,PAMC ,Công ty trách nhiệm hữu hạn,"Thương mại, dịch vụ"
1626,2023-08-11 00:00:00,NSIC - CTCP Chứng khoán Quốc gia,NSICH2324001,VNĐ,,18/05/2023,,,0,100000000,Coupon,Cố định,,Mua lại,,12.5,Hiệu lực,,NSIC ,Công ty cổ phần,Kinh doanh chứng khoán
1627,2023-06-01 00:00:00,NPMC - CT TNHH KHAI THÁC CHẾ BIẾN KHOÁNG SẢN NÚI PHÁO,NPMCB2328002,VNĐ,,25/05/2023,25/05/2028,,7200,100000000,Coupon,Kết hợp,Định kỳ - Cuối kỳ,,,9.0,Hiệu lực,,NPMC ,Công ty trách nhiệm hữu hạn,Sản xuất
1628,2023-06-01 00:00:00,NPMC - CT TNHH KHAI THÁC CHẾ BIẾN KHOÁNG SẢN NÚI PHÁO,NPMCB2328003,VNĐ,,25/05/2023,25/05/2028,,6300,100000000,Coupon,Kết hợp,Định kỳ - Cuối kỳ,,,9.0,Hiệu lực,,NPMC ,Công ty trách nhiệm hữu hạn,Sản xuất
1629,2023-06-01 00:00:00,NPMC - CT TNHH KHAI THÁC CHẾ BIẾN KHOÁNG SẢN NÚI PHÁO,NPMCB2328004,VNĐ,,25/05/2023,25/05/2028,,6100,100000000,Coupon,Kết hợp,Định kỳ - Cuối kỳ,,,9.0,Hiệu lực,,NPMC ,Công ty trách nhiệm hữu hạn,Sản xuất
1630,2023-06-01 00:00:00,NPMC - CT TNHH KHAI THÁC CHẾ BIẾN KHOÁNG SẢN NÚI PHÁO,NPMCB2328001,VNĐ,,25/05/2023,25/05/2028,,6400,100000000,Coupon,Kết hợp,Định kỳ - Cuối kỳ,,,9.0,Hiệu lực,,NPMC ,Công ty trách nhiệm hữu hạn,Sản xuất
1631,2023-08-28 00:00:00,TALC - Công ty Cổ phần Đầu tư Bất động sản Taseco,TALCH2325001,VNĐ,,30/05/2023,30/05/2025,,2000,100000000,Coupon,Kết hợp,Định kỳ - Cuối kỳ,Mua lại,,11.0,Hiệu lực,,TALC ,Công ty cổ phần,Bất động sản
1632,2023-06-08 00:00:00,JHIC - Công ty CP Doanh nghiệp Xã Hội Ivy Care,JHICH2329001,VNĐ,,31/05/2023,31/05/2029,,150,100000000,Coupon,Cố định,Định kỳ - Cuối kỳ,Mua lại,,1.33,Hiệu lực,,JHIC ,Công ty cổ phần,Lĩnh vực khác
1633,2023-06-07 00:00:00,VJC - CÔNG TY CỔ PHẦN HÀNG KHÔNG VIETJET,VJCH2328001,VNĐ,,31/05/2023,31/05/2028,,3000,100000000,Coupon,Kết hợp,Định kỳ - Cuối kỳ,Mua lại,,12.0,Hiệu lực,,VJC ,Công ty cổ phần,Bất động sản
1634,2023-03-09 00:00:00,HDEC - Công ty cổ phần phân phối HDE,HDECH2325001,VNĐ,,03/06/2023,03/06/2025,,450,100000000,Coupon,Cố định,Định kỳ - Cuối kỳ,Mua lại,,12.0,Hiệu lực,,HDEC ,Công ty cổ phần,"Thương mại, dịch vụ"
1635,2023-10-12 00:00:00,BAB - Ngân hàng Thương Mại Cổ Phần Bắc Á,BABL2330003,VNĐ,,10/06/2023,10/06/2030,,100,1000000000,Coupon,Thả nổi,Định kỳ - Cuối kỳ,Mua lại,,8.6,Hiệu lực,,BAB ,Công ty cổ phần,Tổ chức tín dụng
1636,2023-12-29 00:00:00,BCM - TỔNG CÔNG TY ĐẦU TƯ VÀ PHÁT TRIỂN CÔNG NGHIỆP - CTCP,BCMH2328002,VNĐ,,10/06/2023,10/06/2028,,406,1000000000,Coupon,Kết hợp,Định kỳ - Cuối kỳ,Mua lại,,12.5,Hiệu lực,,BCM ,Công ty cổ phần,Bất động sản
1637,2023-11-13 00:00:00,ABB - Ngân hàng TMCP An Bình (ABBANK),ABBL2326004,VNĐ,,11/06/2023,11/06/2026,,1000,1000000000,Coupon,Cố định,Định kỳ - Cuối kỳ,Mua lại,,7.0,Hiệu lực,,ABB ,Công ty cổ phần,Tổ chức tín dụng
1638,2023-11-13 00:00:00,HDB - NH TMCP Phát triển thành phố Hồ Chí Minh ( HDBANK),HDBL2331004,VNĐ,,11/06/2023,11/06/2031,,15000,100000000,Coupon,Thả nổi,Định kỳ - Cuối kỳ,Mua lại,,8.05,Hiệu lực,,HDB ,Công ty cổ phần,Tổ chức tín dụng
1639,2023-12-08 00:00:00,ABB - Ngân hàng TMCP An Bình (ABBANK),ABBL2325007,VNĐ,,12/06/2023,12/06/2025,,1000,1000000000,Coupon,Cố định,Định kỳ - Cuối kỳ,Mua lại,,6.2,Hiệu lực,,ABB ,Công ty cổ phần,Tổ chức tín dụng
1640,2023-12-13 00:00:00,CTG - Ngân hàng Thương mại cổ phần Công Thương Việt Nam,CTGL2331010,VNĐ,,12/06/2023,12/06/2031,,4000,100000000,Coupon,Thả nổi,Định kỳ - Cuối kỳ,Mua lại,,6.38,Hiệu lực,,CTG ,Công ty cổ phần,Tổ chức tín dụng
1641,2023-12-13 00:00:00,TPB - Ngân hàng Thương mại cổ phần Tiên Phong,TPBL2333018,VNĐ,,12/06/2023,12/06/2033,,4500,100000000,Coupon,Thả nổi,Định kỳ - Cuối kỳ,Mua lại,,7.03,Hiệu lực,,TPB ,Công ty cổ phần,Tổ chức tín dụng
1642,2023-06-16 00:00:00,VJC - CÔNG TY CỔ PHẦN HÀNG KHÔNG VIETJET,VJCH2328002,VNĐ,,15/06/2023,15/06/2028,,3000,100000000,Coupon,Kết hợp,Định kỳ - Cuối kỳ,Mua lại,,12.0,Hiệu lực,,VJC ,Công ty cổ phần,Bất động sản
1643,2023-06-27 00:00:00,TASC - CTCP TẬP ĐOÀN TASECO (tên cũ: CTCP DỊCH VỤ HÀNG KHÔNG THĂNG LONG ),TASCH2325001,VNĐ,,20/06/2023,20/06/2025,,1300,100000000,Coupon,Cố định,Định kỳ - Cuối kỳ,Mua lại,,12.0,Hiệu lực,,TASC ,Công ty cổ phần,Bất động sản
1644,2023-06-26 00:00:00,XD3C - Công ty TNHH Phát triền kinh doanh xây dựng 3,XD3CH2328001,VNĐ,,20/06/2023,20/06/2028,,22500,100000000,Coupon,Kết hợp,Định kỳ - Cuối kỳ,Mua lại,,14.0,Hiệu lực,,XD3C ,Công ty trách nhiệm hữu hạn,Bất động sản
1645,2023-09-07 00:00:00,VDS - CTCP Chứng khoán Rồng Việt,VDSH2324002,VNĐ,,20/06/2023,20/06/2024,,6986,100000000,Coupon,Cố định,Định kỳ - Cuối kỳ,Mua lại,,10.0,Hiệu lực,,VDS ,Công ty cổ phần,Kinh doanh chứng khoán
1646,2023-09-25 00:00:00,PSI - Công ty Cổ phần Chứng khoán Dầu khí,PSIH2324001,VNĐ,,21/06/2023,21/06/2024,,240,100000000,Coupon,Cố định,Định kỳ - Cuối kỳ,Mua lại,,9.0,Hiệu lực,,PSI ,Công ty cổ phần,Kinh doanh chứng khoán
1647,2023-06-29 00:00:00,BID - Ngân hàng TMCP Đầu tư và Phát triển Việt Nam,BIDLH2329001,VNĐ,,23/06/2023,23/06/2029,,490,1000000000,Coupon,Thả nổi,Định kỳ - Cuối kỳ,Hoán đổi; Mua lại,,6.7,Hiệu lực,,BID ,Công ty cổ phần,Tổ chức tín dụng
1648,2023-06-30 00:00:00,VNLC - Công ty CP Vinam Land,VNLCH2329001,VNĐ,,23/06/2023,23/06/2029,,15000,100000000,Coupon,Kết hợp,Định kỳ - Cuối kỳ,Mua lại,,14.0,Hiệu lực,,VNLC ,Công ty cổ phần,Bất động sản
1649,2023-06-30 00:00:00,SBT - Công ty cổ phần Thành Thành công - Biên Hòa,SBTH2327001,VNĐ,,26/06/2023,26/06/2027,,2000,100000000,Coupon,Kết hợp,Định kỳ - Cuối kỳ,Mua lại,,12.0,Hiệu lực,,SBT ,Công ty cổ phần,Sản xuất
1650,2023-06-29 00:00:00,OCB - Ngân hàng TMCP Phương Đông,OCBL2328001,VNĐ,,26/06/2023,26/06/2028,,200,1000000000,Coupon,Kết hợp,Định kỳ - Cuối kỳ,Mua lại,,8.1,Hiệu lực,,OCB ,Công ty cổ phần,Tổ chức tín dụng
1651,2023-06-29 00:00:00,NAB - Ngân hàng Thương mại Cổ phần Nam Á,NABL2329001,VNĐ,,26/06/2023,26/06/2029,,4000,100000000,Coupon,Thả nổi,Định kỳ - Cuối kỳ,Mua lại,,9.5,Hiệu lực,,NAB ,Công ty cổ phần,Tổ chức tín dụng
1652,2023-07-03 00:00:00,HDB - NH TMCP Phát triển thành phố Hồ Chí Minh ( HDBANK),HDBL2330001,VNĐ,,26/06/2023,26/06/2030,,20000,100000000,Coupon,Thả nổi,Định kỳ - Cuối kỳ,Mua lại,,9.1,Hiệu lực,,HDB ,Công ty cổ phần,Tổ chức tín dụng
1653,2023-06-30 00:00:00,OCB - Ngân hàng TMCP Phương Đông,OCBL2325002,VNĐ,,27/06/2023,27/06/2025,,1300,1000000000,Coupon,Cố định,Định kỳ - Cuối kỳ,Mua lại,,7.3,Hiệu lực,,OCB ,Công ty cổ phần,Tổ chức tín dụng
1654,2023-06-28 00:00:00,VJC - CÔNG TY CỔ PHẦN HÀNG KHÔNG VIETJET,VJCH2328003,VNĐ,,28/06/2023,28/06/2028,,3000,100000000,Coupon,Kết hợp,Định kỳ - Cuối kỳ,Mua lại,,12.0,Hiệu lực,,VJC ,Công ty cổ phần,Bất động sản
1655,2023-07-04 00:00:00,PAFC - Công ty Cổ phần Pan Farm,PAFCH2325001,VNĐ,,29/06/2023,29/06/2025,,2000,100000000,Coupon,Cố định,Định kỳ - Cuối kỳ,Mua lại,,12.0,Hiệu lực,,PAFC ,Công ty cổ phần,Lĩnh vực khác
1656,2023-07-06 00:00:00,TCB - Ngân hàng TMCP Kỹ thương Việt Nam,TCBL2326003,VNĐ,,29/06/2023,29/06/2026,,5000,1000000000,Coupon,Cố định,Định kỳ - Cuối kỳ,Mua lại,,6.6,Hiệu lực,,TCB ,Công ty cổ phần,Tổ chức tín dụng
1657,2023-06-30 00:00:00,OCB - Ngân hàng TMCP Phương Đông,OCBL2326003,VNĐ,,29/06/2023,29/06/2026,,500,1000000000,Coupon,Cố định,Định kỳ - Cuối kỳ,Mua lại,,7.7,Hiệu lực,,OCB ,Công ty cổ phần,Tổ chức tín dụng
1658,2023-07-05 00:00:00,NAB - Ngân hàng Thương mại Cổ phần Nam Á,NABL2329002,VNĐ,,29/06/2023,29/06/2029,,3000,100000000,Coupon,Thả nổi,Định kỳ - Cuối kỳ,Mua lại,,9.7,Hiệu lực,,NAB ,Công ty cổ phần,Tổ chức tín dụng
1659,2023-07-07 00:00:00,CTG - Ngân hàng Thương mại cổ phần Công Thương Việt Nam,CTGL2333001,VNĐ,,29/06/2023,29/06/2033,,5000,100000000,Coupon,Cố định,Định kỳ - Cuối kỳ,Mua lại,,7.6,Hiệu lực,,CTG ,Công ty cổ phần,Tổ chức tín dụng
1660,2023-07-06 00:00:00,TCB - Ngân hàng TMCP Kỹ thương Việt Nam,TCBL2325002,VNĐ,,29/06/2023,29/06/2025,,2000,1000000000,Coupon,Cố định,Định kỳ - Cuối kỳ,Mua lại,,7.0,Hiệu lực,,TCB ,Công ty cổ phần,Tổ chức tín dụng
1661,2023-07-06 00:00:00,TCB - Ngân hàng TMCP Kỹ thương Việt Nam,TCBL2325001,VNĐ,,29/06/2023,29/06/2025,,1000,1000000000,Coupon,Cố định,Định kỳ - Cuối kỳ,Mua lại,,7.2,Hiệu lực,,TCB ,Công ty cổ phần,Tổ chức tín dụng
1662,2023-10-16 00:00:00,TMTC - CTCP Đầu tư phát triển BĐS TMT,TMTCH2330001,VNĐ,,30/06/2023,30/06/2030,,20150,100000000,Coupon,Kết hợp,Khác,Mua lại,,14.0,Hiệu lực,,TMTC ,Công ty cổ phần,Bất động sản
1663,2023-07-10 00:00:00,MKHC - Công ty TNHH Đầu tư Phát triển Mỹ Khánh,MKHCH2329001,VNĐ,,30/06/2023,30/06/2029,,22450,100000000,Coupon,Kết hợp,Khác,Mua lại,,14.0,Hiệu lực,,MKHC ,Công ty trách nhiệm hữu hạn,Bất động sản
1664,2023-07-10 00:00:00,TPB - Ngân hàng Thương mại cổ phần Tiên Phong,TPBL2325002,VNĐ,,30/06/2023,30/06/2025,,20000,100000000,Coupon,Cố định,Định kỳ - Cuối kỳ,Mua lại,,7.5,Hiệu lực,,TPB ,Công ty cổ phần,Tổ chức tín dụng
1665,2023-07-04 00:00:00,TMCC - Công ty TNHH Khu đô thị mới Trung Minh,TMCCH2328001,VNĐ,,30/06/2023,30/06/2028,,3000,100000000,Coupon,Thả nổi,Định kỳ - Cuối kỳ,Mua lại,,12.5,Hiệu lực,,TMCC ,Công ty trách nhiệm hữu hạn,Bất động sản
1666,2023-07-05 00:00:00,NAB - Ngân hàng Thương mại Cổ phần Nam Á,NABL2329003,VNĐ,,30/06/2023,30/06/2029,,4100,100000000,Coupon,Thả nổi,Định kỳ - Cuối kỳ,Mua lại,,9.7,Hiệu lực,,NAB ,Công ty cổ phần,Tổ chức tín dụng
1667,2023-07-05 00:00:00,VJC - CÔNG TY CỔ PHẦN HÀNG KHÔNG VIETJET,VJCH2328004,VNĐ,,30/06/2023,30/06/2028,,3000,100000000,Coupon,Kết hợp,Định kỳ - Cuối kỳ,Mua lại,,12.0,Hiệu lực,,VJC ,Công ty cổ phần,Bất động sản
1668,2023-07-07 00:00:00,TPB - Ngân hàng Thương mại cổ phần Tiên Phong,TPBL2326001,VNĐ,,30/06/2023,30/06/2026,,18000,100000000,Coupon,Cố định,Định kỳ - Cuối kỳ,Mua lại,,7.5,Hiệu lực,,TPB ,Công ty cổ phần,Tổ chức tín dụng
1669,2023-07-18 00:00:00,VJC - CÔNG TY CỔ PHẦN HÀNG KHÔNG VIETJET,VJCH2328006,VNĐ,,07/07/2023,07/07/2028,,3000,100000000,Coupon,Kết hợp,Định kỳ - Cuối kỳ,Mua lại,,12.0,Hiệu lực,,VJC ,Công ty cổ phần,Bất động sản
1670,2023-07-14 00:00:00,BID - Ngân hàng TMCP Đầu tư và Phát triển Việt Nam,BIDLH2330002,VNĐ,,07/07/2023,07/07/2030,,195,1000000000,Coupon,Thả nổi,Định kỳ - Cuối kỳ,Hoán đổi; Mua lại,,7.0,Hiệu lực,,BID ,Công ty cổ phần,Tổ chức tín dụng
1671,2023-08-16 00:00:00,ACB - Ngân hàng TMCP Á Châu,ACBL2325001,VNĐ,,08/07/2023,08/07/2025,,25000,100000000,Coupon,Cố định,Định kỳ - Cuối kỳ,Mua lại,,6.5,Hiệu lực,,ACB ,Công ty cổ phần,Tổ chức tín dụng
1672,2023-11-09 00:00:00,VJC - CÔNG TY CỔ PHẦN HÀNG KHÔNG VIETJET,VJCH2328022,VNĐ,,11/07/2023,11/07/2028,,3000,100000000,Coupon,Cố định,Định kỳ - Cuối kỳ,Mua lại,,10.5,Hiệu lực,,VJC ,Công ty cổ phần,Bất động sản
1673,2023-12-12 00:00:00,MBB - NGÂN HÀNG TMCP QUÂN ĐỘI,MBBL2330007,VNĐ,,12/07/2023,12/07/2030,,400,1000000000,Coupon,Thả nổi,Định kỳ - Cuối kỳ,Mua lại,,6.88,Hiệu lực,,MBB ,Công ty cổ phần,Tổ chức tín dụng
1674,2023-07-17 00:00:00,OCB - Ngân hàng TMCP Phương Đông,OCBL2326004,VNĐ,,14/07/2023,14/07/2026,,1000,1000000000,Coupon,Cố định,Định kỳ - Cuối kỳ,Mua lại,,7.5,Hiệu lực,,OCB ,Công ty cổ phần,Tổ chức tín dụng
1675,2023-07-24 00:00:00,TMCC - Công ty TNHH Khu đô thị mới Trung Minh,TMCCH2328002,VNĐ,,14/07/2023,14/07/2028,,3000,100000000,Coupon,Kết hợp,Định kỳ - Cuối kỳ,Mua lại,,12.5,Hiệu lực,,TMCC ,Công ty trách nhiệm hữu hạn,Bất động sản
1676,2023-07-18 00:00:00,TCSC - CTCP chứng khoán Kỹ thương,TCSCH2325003,VNĐ,,17/07/2023,17/07/2025,,3000,100000000,Coupon,Kết hợp,Định kỳ - Cuối kỳ,Mua lại,,9.4,Hiệu lực,,TCSC ,Công ty cổ phần,Kinh doanh chứng khoán
1677,2023-07-26 00:00:00,VJC - CÔNG TY CỔ PHẦN HÀNG KHÔNG VIETJET,VJCH2328007,VNĐ,,17/07/2023,17/07/2028,,2000,100000000,Coupon,Kết hợp,Định kỳ - Cuối kỳ,Mua lại,,12.0,Hiệu lực,,VJC ,Công ty cổ phần,Bất động sản
1678,2023-07-26 00:00:00,TASC - CTCP TẬP ĐOÀN TASECO (tên cũ: CTCP DỊCH VỤ HÀNG KHÔNG THĂNG LONG ),TASCH2325002,VNĐ,,19/07/2023,19/07/2025,,1250,100000000,Coupon,Cố định,Định kỳ - Cuối kỳ,Mua lại,,12.0,Hiệu lực,,TASC ,Công ty cổ phần,Bất động sản
1679,2023-07-28 00:00:00,BID - Ngân hàng TMCP Đầu tư và Phát triển Việt Nam,BIDL2338003,VNĐ,,21/07/2023,21/07/2038,,460,1000000000,Coupon,Cố định,Định kỳ - Cuối kỳ,Hoán đổi; Mua lại,,7.6,Hiệu lực,,BID ,Công ty cổ phần,Tổ chức tín dụng
1680,2023-07-26 00:00:00,HDB - NH TMCP Phát triển thành phố Hồ Chí Minh ( HDBANK),HDBL2330002,VNĐ,,21/07/2023,21/07/2030,,5000,100000000,Coupon,Thả nổi,Định kỳ - Cuối kỳ,Mua lại,,9.1,Hiệu lực,,HDB ,Công ty cổ phần,Tổ chức tín dụng
1681,2023-09-05 00:00:00,BID - Ngân hàng TMCP Đầu tư và Phát triển Việt Nam,BIDL2343004,VNĐ,,24/07/2023,24/07/2043,,700,1000000000,Coupon,Kết hợp,Định kỳ - Cuối kỳ,Hoán đổi; Mua lại,,7.7,Hiệu lực,,BID ,Công ty cổ phần,Tổ chức tín dụng
1682,2023-08-14 00:00:00,CPLC - Công ty TNHH CAPITALAND TOWER,CPLCB2328003,VNĐ,,25/07/2023,25/07/2028,,48305,100000000,Coupon,Cố định,Định kỳ - Cuối kỳ,Mua lại,,1.0,Hiệu lực,,CPLC ,Công ty trách nhiệm hữu hạn,Bất động sản
1683,2023-08-01 00:00:00,CPLC - Công ty TNHH CAPITALAND TOWER,CPLCB2328001,VNĐ,,25/07/2023,25/07/2028,,25000,100000000,Coupon,Cố định,Định kỳ - Cuối kỳ,Mua lại,,1.0,Hiệu lực,,CPLC ,Công ty trách nhiệm hữu hạn,Bất động sản
1684,2023-08-02 00:00:00,VJC - CÔNG TY CỔ PHẦN HÀNG KHÔNG VIETJET,VJCH2328008,VNĐ,,25/07/2023,25/07/2028,,3000,100000000,Coupon,Kết hợp,Định kỳ - Cuối kỳ,Mua lại,,12.0,Hiệu lực,,VJC ,Công ty cổ phần,Bất động sản
1685,2023-09-12 00:00:00,LVPC - Công ty cổ phần Cảng Quốc tế Lào - Việt,LVPCH2329001,VNĐ,,25/07/2023,31/12/2029,,583,100000000,Coupon,Thả nổi,Định kỳ - Cuối kỳ,Mua lại,,9.8,Hiệu lực,,LVPC ,Công ty cổ phần,"Thương mại, dịch vụ"
1686,2023-08-03 00:00:00,CPLC - Công ty TNHH CAPITALAND TOWER,CPLCB2328002,VNĐ,,25/07/2023,25/07/2028,,25000,100000000,Coupon,Cố định,Định kỳ - Cuối kỳ,Mua lại,,1.0,Hiệu lực,,CPLC ,Công ty trách nhiệm hữu hạn,Bất động sản
1687,2023-08-14 00:00:00,CPLC - Công ty TNHH CAPITALAND TOWER,CPLCB2328004,VNĐ,,25/07/2023,25/07/2028,,24093,100000000,Coupon,Cố định,Định kỳ - Cuối kỳ,Mua lại,,1.0,Hiệu lực,,CPLC ,Công ty trách nhiệm hữu hạn,Bất động sản
1688,2023-08-03 00:00:00,OCB - Ngân hàng TMCP Phương Đông,OCBL2326005,VNĐ,,26/07/2023,26/07/2026,,2000,1000000000,Coupon,Cố định,Định kỳ - Cuối kỳ,Mua lại,,7.5,Hiệu lực,,OCB ,Công ty cổ phần,Tổ chức tín dụng
1689,2023-08-01 00:00:00,CTG - Ngân hàng Thương mại cổ phần Công Thương Việt Nam,CTGL2338003,VNĐ,,27/07/2023,27/07/2038,,4000,100000000,Coupon,Thả nổi,Định kỳ - Cuối kỳ,Mua lại,,7.5,Hiệu lực,,CTG ,Công ty cổ phần,Tổ chức tín dụng
1690,2023-08-01 00:00:00,TCB - Ngân hàng TMCP Kỹ thương Việt Nam,TCBL2326004,VNĐ,,28/07/2023,28/07/2026,,4000,1000000000,Coupon,Cố định,Định kỳ - Cuối kỳ,Mua lại,,6.7,Hiệu lực,,TCB ,Công ty cổ phần,Tổ chức tín dụng
1691,2023-08-21 00:00:00,CTG - Ngân hàng Thương mại cổ phần Công Thương Việt Nam,CTGL2338004,VNĐ,,31/07/2023,31/07/2038,,10150,100000000,Coupon,Cố định,Định kỳ - Cuối kỳ,Mua lại,,7.7,Hiệu lực,,CTG ,Công ty cổ phần,Tổ chức tín dụng
1692,2023-08-17 00:00:00,VIFC - CTCP SẢN XUẤT VÀ KINH DOANH VINFAST,VIFCB2325002,VNĐ,,31/07/2023,31/03/2025,,15000,100000000,Coupon,Cố định,Định kỳ - Cuối kỳ,Mua lại,,14.5,Hiệu lực,,VIFC ,Công ty cổ phần,Sản xuất
1693,2023-08-30 00:00:00,VIFC - CTCP SẢN XUẤT VÀ KINH DOANH VINFAST,VIFCB2325003,VNĐ,,31/07/2023,31/03/2025,,20000,100000000,Coupon,Cố định,Định kỳ - Cuối kỳ,Mua lại,,14.5,Hiệu lực,,VIFC ,Công ty cổ phần,Sản xuất
1694,2023-08-03 00:00:00,TCB - Ngân hàng TMCP Kỹ thương Việt Nam,TCBL2326005,VNĐ,,31/07/2023,31/07/2026,,2000,1000000000,Coupon,Cố định,Định kỳ - Cuối kỳ,Mua lại,,6.0,Hiệu lực,,TCB ,Công ty cổ phần,Tổ chức tín dụng
1695,2023-08-04 00:00:00,MSB - Ngân hàng TMCP Hàng Hải Việt Nam,MSBL2326001,VNĐ,,31/07/2023,31/07/2026,,1000,1000000000,Coupon,Cố định,Định kỳ - Cuối kỳ,Mua lại,,7.5,Hiệu lực,,MSB ,Công ty cổ phần,Tổ chức tín dụng
1696,2023-08-01 00:00:00,VIFC - CTCP SẢN XUẤT VÀ KINH DOANH VINFAST,VIFCB2325001,VNĐ,,31/07/2023,31/01/2025,,15000,100000000,Coupon,Cố định,Định kỳ - Cuối kỳ,Mua lại,,14.4,Hiệu lực,,VIFC ,Công ty cổ phần,Sản xuất
1697,2023-08-16 00:00:00,VJC - CÔNG TY CỔ PHẦN HÀNG KHÔNG VIETJET,VJCH2328011,VNĐ,,08/08/2023,08/08/2028,,3000,100000000,Coupon,Kết hợp,Định kỳ - Cuối kỳ,Mua lại,,12.0,Hiệu lực,,VJC ,Công ty cổ phần,Bất động sản
1698,2023-10-17 00:00:00,TXCC - Công ty Cổ phần Thanh Xuân,TXCCH2330001,VNĐ,,09/08/2023,15/07/2030,,5835,100000000,Coupon,Cố định,Định kỳ - Cuối kỳ,Mua lại,,10.57,Hiệu lực,,TXCC ,Công ty cổ phần,Bất động sản
1699,2023-11-21 00:00:00,SGGC - Công ty Cổ phần Sài Gòn Capital,SGGCH2328003,VNĐ,,11/08/2023,11/08/2028,,10000,100000000,Coupon,Kết hợp,Định kỳ - Cuối kỳ,Mua lại,,12.5,Hiệu lực,,SGGC ,Công ty cổ phần,Bất động sản
1700,2023-12-15 00:00:00,TPB - Ngân hàng Thương mại cổ phần Tiên Phong,TPBL2333019,VNĐ,,12/08/2023,12/08/2033,,6610,100000000,Coupon,Thả nổi,Định kỳ - Cuối kỳ,Mua lại,,7.03,Hiệu lực,,TPB ,Công ty cổ phần,Tổ chức tín dụng
1701,2023-12-15 00:00:00,TPB - Ngân hàng Thương mại cổ phần Tiên Phong,TPBL2333020,VNĐ,,12/08/2023,12/08/2033,,2122,100000000,Coupon,Thả nổi,Định kỳ - Cuối kỳ,Mua lại,,7.03,Hiệu lực,,TPB ,Công ty cổ phần,Tổ chức tín dụng
1702,2023-12-27 00:00:00,HDB - NH TMCP Phát triển thành phố Hồ Chí Minh ( HDBANK),HDBL2331006,VNĐ,,12/08/2023,12/08/2031,,8486,100000000,Coupon,Thả nổi,Định kỳ - Cuối kỳ,Mua lại,,7.97,Hiệu lực,,HDB ,Công ty cổ phần,Tổ chức tín dụng
1703,2023-10-06 00:00:00,BAB - Ngân hàng Thương Mại Cổ Phần Bắc Á,BABL2326001,VNĐ,,14/08/2023,14/08/2026,,800,1000000000,Coupon,Cố định,Định kỳ - Cuối kỳ,Mua lại,,6.5,Hiệu lực,,BAB ,Công ty cổ phần,Tổ chức tín dụng
1704,2023-11-15 00:00:00,F88C - Công ty cổ phần kinh doanh F88,F88CH2324001,VNĐ,,14/08/2023,14/08/2024,,2000,100000000,Coupon,Cố định,Định kỳ - Cuối kỳ,Mua lại,,12.0,Hiệu lực,,F88C ,Công ty cổ phần,"Thương mại, dịch vụ"
1705,2023-08-22 00:00:00,ACB - Ngân hàng TMCP Á Châu,ACBL2325003,VNĐ,,15/08/2023,15/08/2025,,15000,100000000,Coupon,Cố định,Định kỳ - Cuối kỳ,Mua lại,,6.5,Hiệu lực,,ACB ,Công ty cổ phần,Tổ chức tín dụng
1706,2023-08-24 00:00:00,VJC - CÔNG TY CỔ PHẦN HÀNG KHÔNG VIETJET,VJCH2328012,VNĐ,,15/08/2023,15/08/2028,,3000,100000000,Coupon,Kết hợp,Định kỳ - Cuối kỳ,Mua lại,,12.0,Hiệu lực,,VJC ,Công ty cổ phần,Bất động sản
1707,2023-08-25 00:00:00,BID - Ngân hàng TMCP Đầu tư và Phát triển Việt Nam,BIDL2331006,VNĐ,,18/08/2023,18/08/2031,,200,1000000000,Coupon,Thả nổi,Định kỳ - Cuối kỳ,Hoán đổi; Mua lại,,7.4,Hiệu lực,,BID ,Công ty cổ phần,Tổ chức tín dụng
1708,2023-10-30 00:00:00,VDS - CTCP Chứng khoán Rồng Việt,VDSH2324003,VNĐ,,18/08/2023,18/08/2024,,7825,100000000,Coupon,Cố định,Định kỳ - Cuối kỳ,Mua lại,,9.5,Hiệu lực,,VDS ,Công ty cổ phần,Kinh doanh chứng khoán
1709,2023-08-23 00:00:00,LLPC - Công ty TNHH Đầu tư kinh doanh bất động sản Liên Lập,LLPCH2328001,VNĐ,,18/08/2023,18/08/2028,,14700,100000000,Coupon,Kết hợp,Khác,Mua lại,,12.0,Hiệu lực,,LLPC ,Công ty trách nhiệm hữu hạn,Bất động sản
1710,2023-08-28 00:00:00,OCB - Ngân hàng TMCP Phương Đông,OCBL2326006,VNĐ,,18/08/2023,18/08/2026,,2000,1000000000,Coupon,Cố định,Định kỳ - Cuối kỳ,Mua lại,,6.6,Hiệu lực,,OCB ,Công ty cổ phần,Tổ chức tín dụng
1711,2023-08-29 00:00:00,VJC - CÔNG TY CỔ PHẦN HÀNG KHÔNG VIETJET,VJCH2328013,VNĐ,,21/08/2023,21/08/2028,,3000,100000000,Coupon,Kết hợp,Định kỳ - Cuối kỳ,Mua lại,,12.0,Hiệu lực,,VJC ,Công ty cổ phần,Bất động sản
1712,2023-08-23 00:00:00,TTHC - Công ty TNHH Đầu tư Nhà ở xã hội Thuận Thành,TTHCH2328001,VNĐ,,21/08/2023,21/07/2028,,8000,100000000,Coupon,Thả nổi,Khác,Mua lại,,14.0,Hiệu lực,,TTHC ,Công ty trách nhiệm hữu hạn,Bất động sản
1713,2023-09-07 00:00:00,BIMC - CÔNG TY CỔ PHẦN BẤT ĐỘNG SẢN BIM,BIMCH2330001,VNĐ,,21/08/2023,15/07/2030,,23330,100000000,Coupon,Cố định,Khác,Mua lại,,10.4,Hiệu lực,,BIMC ,Công ty cổ phần,Bất động sản
1714,2023-10-02 00:00:00,TMCC - Công ty TNHH Khu đô thị mới Trung Minh,TMCCH2328003,VNĐ,,21/08/2023,21/08/2028,,3000,100000000,Coupon,Kết hợp,Định kỳ - Cuối kỳ,Mua lại,,12.5,Hiệu lực,,TMCC ,Công ty trách nhiệm hữu hạn,Bất động sản
1715,2023-08-25 00:00:00,CTG - Ngân hàng Thương mại cổ phần Công Thương Việt Nam,CTGL2338005,VNĐ,,21/08/2023,21/08/2038,,385,1000000000,Coupon,Cố định,Định kỳ - Cuối kỳ,Mua lại,,7.5,Hiệu lực,,CTG ,Công ty cổ phần,Tổ chức tín dụng
1716,2023-08-24 00:00:00,HDB - NH TMCP Phát triển thành phố Hồ Chí Minh ( HDBANK),HDBL2330003,VNĐ,,22/08/2023,22/08/2030,,5000,100000000,Coupon,Thả nổi,Định kỳ - Cuối kỳ,Mua lại,,9.1,Hiệu lực,,HDB ,Công ty cổ phần,Tổ chức tín dụng
1717,2023-08-30 00:00:00,VJC - CÔNG TY CỔ PHẦN HÀNG KHÔNG VIETJET,VJCH2328014,VNĐ,,24/08/2023,24/08/2028,,2000,100000000,Coupon,Kết hợp,Định kỳ - Cuối kỳ,Mua lại,,12.0,Hiệu lực,,VJC ,Công ty cổ phần,Bất động sản
1718,2023-09-08 00:00:00,TALC - Công ty Cổ phần Đầu tư Bất động sản Taseco,TALCH2325002,VNĐ,,24/08/2023,24/08/2025,,1500,100000000,Coupon,Cố định,Định kỳ - Cuối kỳ,Mua lại,,12.3,Hiệu lực,,TALC ,Công ty cổ phần,Bất động sản
1719,2023-08-28 00:00:00,PTJC - Công ty Cổ phần Phú Thọ Land,PTJCB2324001,VNĐ,,25/08/2023,25/08/2024,,19000,100000000,Coupon,Cố định,Định kỳ - Cuối kỳ,,,10.5,Hiệu lực,,PTJC ,Công ty cổ phần,Bất động sản
1720,2023-09-05 00:00:00,ACB - Ngân hàng TMCP Á Châu,ACBL2325004,VNĐ,,25/08/2023,25/08/2025,,15000,100000000,Coupon,Cố định,Định kỳ - Cuối kỳ,Mua lại,,6.5,Hiệu lực,,ACB ,Công ty cổ phần,Tổ chức tín dụng
1721,2023-08-29 00:00:00,LVRC - CT TNHH BẤT ĐỘNG SẢN LAN VIỆT,LVRCB2324001,VNĐ,,25/08/2023,25/11/2024,,41000,100000000,Coupon,Cố định,Định kỳ - Cuối kỳ,Mua lại,,13.3,Hiệu lực,,LVRC ,Công ty trách nhiệm hữu hạn,Bất động sản
1722,2023-08-30 00:00:00,ABB - Ngân hàng TMCP An Bình (ABBANK),ABBL2325001,VNĐ,,25/08/2023,25/08/2025,,2000,1000000000,Coupon,Cố định,Định kỳ - Cuối kỳ,Mua lại,,6.4,Hiệu lực,,ABB ,Công ty cổ phần,Tổ chức tín dụng
1723,2023-09-05 00:00:00,OCB - Ngân hàng TMCP Phương Đông,OCBL2325007,VNĐ,,28/08/2023,28/08/2025,,1000,1000000000,Coupon,Cố định,Định kỳ - Cuối kỳ,,,6.3,Hiệu lực,,OCB ,Công ty cổ phần,Tổ chức tín dụng
1724,2023-09-25 00:00:00,ABB - Ngân hàng TMCP An Bình (ABBANK),ABBL2326002,VNĐ,,28/08/2023,28/08/2026,,1000,1000000000,Coupon,Cố định,Định kỳ - Cuối kỳ,Mua lại,,6.6,Hiệu lực,,ABB ,Công ty cổ phần,Tổ chức tín dụng
1725,2023-09-11 00:00:00,BID - Ngân hàng TMCP Đầu tư và Phát triển Việt Nam,BIDLH2333009,VNĐ,,30/08/2023,30/08/2033,,60,1000000000,Coupon,Thả nổi,Định kỳ - Cuối kỳ,Hoán đổi; Mua lại,,7.0,Hiệu lực,,BID ,Công ty cổ phần,Tổ chức tín dụng
1726,2023-09-11 00:00:00,BID - Ngân hàng TMCP Đầu tư và Phát triển Việt Nam,BIDLH2331008,VNĐ,,30/08/2023,30/08/2031,,240,1000000000,Coupon,Thả nổi,Định kỳ - Cuối kỳ,Hoán đổi; Mua lại,,6.9,Hiệu lực,,BID ,Công ty cổ phần,Tổ chức tín dụng
1727,2023-09-11 00:00:00,BID - Ngân hàng TMCP Đầu tư và Phát triển Việt Nam,BIDLH2330007,VNĐ,,30/08/2023,30/08/2030,,269,1000000000,Coupon,Thả nổi,Định kỳ - Cuối kỳ,Hoán đổi; Mua lại,,6.6,Hiệu lực,,BID ,Công ty cổ phần,Tổ chức tín dụng
1728,2023-09-11 00:00:00,PSI - Công ty Cổ phần Chứng khoán Dầu khí,PSIH2326002,VNĐ,,31/08/2023,31/08/2026,,500,100000000,Coupon,Cố định,Định kỳ - Cuối kỳ,Mua lại,,9.95,Hiệu lực,,PSI ,Công ty cổ phần,Kinh doanh chứng khoán
1729,2023-03-13 00:00:00,HTMC - Công ty cổ phần Thương mại sản xuất và Đầu tư Hà Thành,HTMCH2325001,VNĐ,,03/09/2023,03/09/2025,,450,100000000,Coupon,Cố định,Định kỳ - Cuối kỳ,Mua lại,,12.0,Hiệu lực,,HTMC ,Công ty cổ phần,Lĩnh vực khác
1730,2023-03-15 00:00:00,TDEC - Công ty CP Đầu tư và Thương mại Xuất nhập khẩu Thủ Đô,TDECH2325001,VNĐ,,03/09/2023,03/09/2025,,400,100000000,Coupon,Cố định,Định kỳ - Cuối kỳ,Mua lại,,12.0,Hiệu lực,,TDEC ,Công ty cổ phần,Lĩnh vực khác
1731,2023-06-21 00:00:00,TMS - CTCP TRANSIMEX,TMSH2326001,VNĐ,,06/09/2023,06/09/2026,,3000,100000000,Coupon,Cố định,Định kỳ - Cuối kỳ,Mua lại,,10.5,Hiệu lực,,TMS ,Công ty cổ phần,"Thương mại, dịch vụ"
1732,2023-11-14 00:00:00,VJC - CÔNG TY CỔ PHẦN HÀNG KHÔNG VIETJET,VJCH2328023,VNĐ,,11/09/2023,11/09/2028,,3000,100000000,Coupon,Cố định,Định kỳ - Cuối kỳ,Mua lại,,10.5,Hiệu lực,,VJC ,Công ty cổ phần,Bất động sản
1733,2023-09-25 00:00:00,BID - Ngân hàng TMCP Đầu tư và Phát triển Việt Nam,BIDLH2331010,VNĐ,,13/09/2023,13/09/2031,,200,1000000000,Coupon,Thả nổi,Định kỳ - Cuối kỳ,Hoán đổi; Mua lại,,7.0,Hiệu lực,,BID ,Công ty cổ phần,Tổ chức tín dụng
1734,2023-12-12 00:00:00,BNCC - Công ty cổ phần dịch vụ cáp treo Bà Nà,BNCCB2328001,VNĐ,,14/09/2023,14/09/2028,,10000,100000000,Coupon,Kết hợp,Định kỳ - Cuối kỳ,Mua lại,,13.0,Hiệu lực,,BNCC ,Công ty cổ phần,"Thương mại, dịch vụ"
1735,2023-09-21 00:00:00,VJC - CÔNG TY CỔ PHẦN HÀNG KHÔNG VIETJET,VJCH2328015,VNĐ,,15/09/2023,15/09/2028,,3000,100000000,Coupon,Kết hợp,Định kỳ - Cuối kỳ,Mua lại,,12.0,Hiệu lực,,VJC ,Công ty cổ phần,Bất động sản
1736,2023-09-20 00:00:00,APH - CTCP TẬP ĐOÀN AN PHÁT HOLDINGS,APHH2325001,VNĐ,,15/09/2023,15/09/2025,,1650,100000000,Coupon,Cố định,Định kỳ - Cuối kỳ,Mua lại,,11.0,Hiệu lực,,APH ,Công ty cổ phần,Lĩnh vực khác
1737,2023-09-27 00:00:00,ACB - Ngân hàng TMCP Á Châu,ACBL2325006,VNĐ,,19/09/2023,19/09/2025,,2000,1000000000,Coupon,Cố định,Định kỳ - Cuối kỳ,Mua lại,,6.5,Hiệu lực,,ACB ,Công ty cổ phần,Tổ chức tín dụng
1738,2023-09-21 00:00:00,VJC - CÔNG TY CỔ PHẦN HÀNG KHÔNG VIETJET,VJCH2328016,VNĐ,,19/09/2023,19/09/2028,,3000,100000000,Coupon,Kết hợp,Định kỳ - Cuối kỳ,Mua lại,,12.0,Hiệu lực,,VJC ,Công ty cổ phần,Bất động sản
1739,2023-09-26 00:00:00,TLRC - CÔNG TY CỔ PHẦN TIẾP VẬN VÀ BẤT ĐỘNG SẢN TÂN LIÊN PHÁT TÂN CẢNG,TLRCB2325001,VNĐ,,21/09/2023,21/03/2025,,20000,100000000,Coupon,Cố định,Định kỳ - Cuối kỳ,Mua lại,,10.0,Hiệu lực,,TLRC ,Công ty cổ phần,Bất động sản
1740,2023-09-28 00:00:00,VJC - CÔNG TY CỔ PHẦN HÀNG KHÔNG VIETJET,VJCH2328017,VNĐ,,21/09/2023,21/09/2028,,3000,100000000,Coupon,Kết hợp,Định kỳ - Cuối kỳ,Mua lại,,12.0,Hiệu lực,,VJC ,Công ty cổ phần,Bất động sản
1741,2023-10-04 00:00:00,TLRC - CÔNG TY CỔ PHẦN TIẾP VẬN VÀ BẤT ĐỘNG SẢN TÂN LIÊN PHÁT TÂN CẢNG,TLRCB2326002,VNĐ,,21/09/2023,21/09/2026,,20000,100000000,Coupon,Kết hợp,Định kỳ - Cuối kỳ,Mua lại,,10.0,Hiệu lực,,TLRC ,Công ty cổ phần,Bất động sản
1742,2023-09-28 00:00:00,MBB - NGÂN HÀNG TMCP QUÂN ĐỘI,MBBL2330001,VNĐ,,22/09/2023,22/09/2030,,100,1000000000,Coupon,Cố định,Định kỳ - Cuối kỳ,,,7.5,Hiệu lực,,MBB ,Công ty cổ phần,Tổ chức tín dụng
1743,2023-09-29 00:00:00,OCB - Ngân hàng TMCP Phương Đông,OCBL2326008,VNĐ,,22/09/2023,22/09/2026,,1200,1000000000,Coupon,Cố định,Định kỳ - Cuối kỳ,Mua lại,,6.4,Hiệu lực,,OCB ,Công ty cổ phần,Tổ chức tín dụng
1744,2023-10-04 00:00:00,LPB - Ngân hàng Thương mại Cổ phần Bưu Điện Liên Việt,LPBL2326001,VNĐ,,22/09/2023,22/09/2026,,1200,1000000000,Coupon,Cố định,Định kỳ - Cuối kỳ,Mua lại,,6.8,Hiệu lực,,LPB ,Công ty cổ phần,Tổ chức tín dụng
1745,2023-10-02 00:00:00,HDMC - Công ty Cổ phần Mua bán nợ và Quản lý Tài sản HDBank,HDMCH2328001,VNĐ,,22/09/2023,21/09/2028,,2000,100000000,Coupon,Kết hợp,Định kỳ - Cuối kỳ,Mua lại,,12.0,Hiệu lực,,HDMC ,Công ty cổ phần,Lĩnh vực khác
1746,2023-09-29 00:00:00,PGB - Ngân hàng TMCP Xăng dầu Petrolimex,PGBL2325001,VNĐ,,25/09/2023,25/09/2025,,500,1000000000,Coupon,Cố định,Định kỳ - Cuối kỳ,Mua lại,,7.5,Hiệu lực,,PGB ,Công ty cổ phần,Tổ chức tín dụng
1747,2023-10-03 00:00:00,VJVC - Công ty liên doanh TNHH Khu công nghiệp Việt Nam-Singapore,VJVCH2330002,VNĐ,,25/09/2023,25/09/2030,,10000,100000000,Coupon,Cố định,Định kỳ - Cuối kỳ,Mua lại,,10.5,Hiệu lực,,VJVC ,Công ty trách nhiệm hữu hạn,Bất động sản
1748,2023-10-03 00:00:00,LPB - Ngân hàng Thương mại Cổ phần Bưu Điện Liên Việt,LPBL2326002,VNĐ,,25/09/2023,25/09/2026,,1000,1000000000,Coupon,Cố định,Định kỳ - Cuối kỳ,Mua lại,,6.8,Hiệu lực,,LPB ,Công ty cổ phần,Tổ chức tín dụng
1749,2023-10-04 00:00:00,SGAC - Công ty Cổ phần Sàn giao dịch Bất động sản Sài Gòn Anpha,SGACH2328001,VNĐ,,25/09/2023,25/09/2028,,10500,100000000,Coupon,Kết hợp,Định kỳ - Cuối kỳ,Mua lại,,12.0,Hiệu lực,,SGAC ,Công ty cổ phần,Bất động sản
1750,2023-09-28 00:00:00,VJC - CÔNG TY CỔ PHẦN HÀNG KHÔNG VIETJET,VJCH2328018,VNĐ,,25/09/2023,25/09/2028,,3000,100000000,Coupon,Kết hợp,Định kỳ - Cuối kỳ,Mua lại,,12.0,Hiệu lực,,VJC ,Công ty cổ phần,Bất động sản
1751,2023-10-04 00:00:00,LPB - Ngân hàng Thương mại Cổ phần Bưu Điện Liên Việt,LPBL2326003,VNĐ,,26/09/2023,26/09/2026,,2000,1000000000,Coupon,Cố định,Định kỳ - Cuối kỳ,Mua lại,,6.5,Hiệu lực,,LPB ,Công ty cổ phần,Tổ chức tín dụng
1752,2023-10-05 00:00:00,VJC - CÔNG TY CỔ PHẦN HÀNG KHÔNG VIETJET,VJCH2328019,VNĐ,,27/09/2023,27/09/2028,,3000,100000000,Coupon,Kết hợp,Định kỳ - Cuối kỳ,Mua lại,,12.0,Hiệu lực,,VJC ,Công ty cổ phần,Bất động sản
1753,2023-10-05 00:00:00,LPB - Ngân hàng Thương mại Cổ phần Bưu Điện Liên Việt,LPBL2325004,VNĐ,,27/09/2023,27/09/2025,,1500,1000000000,Coupon,Cố định,Định kỳ - Cuối kỳ,Mua lại,,6.5,Hiệu lực,,LPB ,Công ty cổ phần,Tổ chức tín dụng
1754,2023-10-04 00:00:00,CTG - Ngân hàng Thương mại cổ phần Công Thương Việt Nam,CTGL2333006,VNĐ,,28/09/2023,28/09/2033,,20000,100000000,Coupon,Thả nổi,Định kỳ - Cuối kỳ,Mua lại,,6.8,Hiệu lực,,CTG ,Công ty cổ phần,Tổ chức tín dụng
1755,2023-10-02 00:00:00,OCB - Ngân hàng TMCP Phương Đông,OCBL2325009,VNĐ,,28/09/2023,28/09/2025,,2000,1000000000,Coupon,Cố định,Định kỳ - Cuối kỳ,Mua lại,,6.3,Hiệu lực,,OCB ,Công ty cổ phần,Tổ chức tín dụng
1756,2023-10-11 00:00:00,NLG - Công ty Cổ phần Đầu tư Nam Long,NLGH2328001,VNĐ,,28/09/2023,28/09/2028,,5000,100000000,Coupon,Kết hợp,Định kỳ - Cuối kỳ,Mua lại,,9.6,Hiệu lực,,NLG ,Công ty cổ phần,Bất động sản
1757,2023-10-09 00:00:00,BID - Ngân hàng TMCP Đầu tư và Phát triển Việt Nam,BIDLH2333014,VNĐ,,29/09/2023,29/09/2033,,10,1000000000,Coupon,Thả nổi,Định kỳ - Cuối kỳ,Hoán đổi; Mua lại,,6.8,Hiệu lực,,BID ,Công ty cổ phần,Tổ chức tín dụng
1758,2023-10-09 00:00:00,BID - Ngân hàng TMCP Đầu tư và Phát triển Việt Nam,BIDLH2331013,VNĐ,,29/09/2023,29/09/2031,,0,1000000000,Coupon,Thả nổi,,Hoán đổi; Mua lại,,6.7,Hiệu lực,,BID ,Công ty cổ phần,Tổ chức tín dụng
1759,2023-10-06 00:00:00,VIB - Ngân hàng TMCP Quốc tế Việt Nam,VIBL2326001,VNĐ,,29/09/2023,29/09/2026,,20000,100000000,Coupon,Cố định,Định kỳ - Cuối kỳ,Mua lại,,5.7,Hiệu lực,,VIB ,Công ty cổ phần,Tổ chức tín dụng
1760,2023-10-09 00:00:00,BID - Ngân hàng TMCP Đầu tư và Phát triển Việt Nam,BIDL2333011,VNĐ,,29/09/2023,29/09/2033,,3000,1000000000,Coupon,Thả nổi,Định kỳ - Cuối kỳ,Hoán đổi; Mua lại,,6.8,Hiệu lực,,BID ,Công ty cổ phần,Tổ chức tín dụng
1761,2023-10-03 00:00:00,MBB - NGÂN HÀNG TMCP QUÂN ĐỘI,MBBL2330002,VNĐ,,29/09/2023,29/09/2030,,200,1000000000,Coupon,Cố định,Định kỳ - Cuối kỳ,,,7.5,Hiệu lực,,MBB ,Công ty cổ phần,Tổ chức tín dụng
1762,2023-10-04 00:00:00,SGGC - Công ty Cổ phần Sài Gòn Capital,SGGCH2328001,VNĐ,,29/09/2023,29/09/2028,,10000,100000000,Coupon,Kết hợp,Định kỳ - Cuối kỳ,Mua lại,,12.5,Hiệu lực,,SGGC ,Công ty cổ phần,Bất động sản
1763,2023-10-09 00:00:00,BID - Ngân hàng TMCP Đầu tư và Phát triển Việt Nam,BIDLH2330012,VNĐ,,29/09/2023,29/09/2030,,342,1000000000,Coupon,Thả nổi,Định kỳ - Cuối kỳ,Hoán đổi; Mua lại,,6.5,Hiệu lực,,BID ,Công ty cổ phần,Tổ chức tín dụng
1764,2023-10-05 00:00:00,BSI - Công ty Cổ phần Chứng khoán BIDV,BSIH2324001,VNĐ,,29/09/2023,29/09/2024,,5000,100000000,Coupon,Cố định,Một lần khi đến hạn,Mua lại,,8.2,Hiệu lực,,BSI ,Công ty cổ phần,Kinh doanh chứng khoán
1765,2023-10-06 00:00:00,VJC - CÔNG TY CỔ PHẦN HÀNG KHÔNG VIETJET,VJCH2328020,VNĐ,,29/09/2023,29/09/2028,,3000,100000000,Coupon,Kết hợp,Định kỳ - Cuối kỳ,Mua lại,,12.0,Hiệu lực,,VJC ,Công ty cổ phần,Bất động sản
1766,2024-01-03 00:00:00,LVPC - Công ty cổ phần Cảng Quốc tế Lào - Việt,LVPCH2329002,VNĐ,,29/09/2023,31/12/2029,,375,100000000,Coupon,Thả nổi,Định kỳ - Cuối kỳ,Mua lại,,9.0,Hiệu lực,,LVPC ,Công ty cổ phần,"Thương mại, dịch vụ"
1767,2023-11-02 00:00:00,KHG - CTCP Tập Đoàn KHẢI HOÀN LAND,KHGH2328001,VNĐ,,29/09/2023,29/09/2028,,2400,100000000,Coupon,Kết hợp,Định kỳ - Cuối kỳ,Mua lại,,13.5,Hiệu lực,,KHG ,Công ty cổ phần,Bất động sản
1768,2023-02-24 00:00:00,SLIC - CTCP ĐẦU TƯ BẤT ĐỘNG SẢN SƠN KIM,SLICH2325001,VNĐ,,02/10/2023,08/10/2025,,5000,100000000,Coupon,Kết hợp,Định kỳ - Cuối kỳ,Mua lại,,13.5,Hiệu lực,,SLIC ,Công ty cổ phần,Bất động sản
1769,2023-03-14 00:00:00,MRVC - Công ty TNHH Kinh doanh Bất động sản Dream City Villas (TÊN CŨ:CT TNHH KINH DOANH BẤT ĐỘNG SẢN TÂN LIÊN PHÁT SÀI GÒN),MRVCB2328001,VNĐ,,03/10/2023,03/10/2028,,23000,100000000,Coupon,Kết hợp,Định kỳ - Cuối kỳ,Mua lại,,6.0,Hiệu lực,,MRVC ,Công ty trách nhiệm hữu hạn,Bất động sản
1770,2023-03-13 00:00:00,NANC - Công ty cổ phần Đầu tư và Kinh Doanh Nam An,NANCB2324001,VNĐ,,03/10/2023,09/10/2024,,47000,100000000,Coupon,Kết hợp,Định kỳ - Cuối kỳ,,,13.0,Hiệu lực,,NANC ,Công ty cổ phần,"Thương mại, dịch vụ"
1771,2023-08-10 00:00:00,DDG - CTCP Đầu tư Công nghiệp Xuất nhập khẩu Đông Dương,DDGH2325001,VNĐ,,05/10/2023,05/10/2025,,0,100000000,Coupon,Kết hợp,,,,11.0,Hiệu lực,,DDG ,Công ty cổ phần,Lĩnh vực khác
1772,2023-10-25 00:00:00,ACB - Ngân hàng TMCP Á Châu,ACBL2325008,VNĐ,,10/10/2023,10/10/2025,,900,1000000000,Coupon,Cố định,Định kỳ - Cuối kỳ,Mua lại,,6.5,Hiệu lực,,ACB ,Công ty cổ phần,Tổ chức tín dụng
1773,2024-01-29 00:00:00,VDS - CTCP Chứng khoán Rồng Việt,VDSH2324004,VNĐ,,11/10/2023,11/10/2024,,7500,100000000,Coupon,Cố định,Định kỳ - Cuối kỳ,Mua lại,,9.2,Hiệu lực,,VDS ,Công ty cổ phần,Kinh doanh chứng khoán
1774,2023-11-17 00:00:00,TPB - Ngân hàng Thương mại cổ phần Tiên Phong,TPBL2333003,VNĐ,,11/10/2023,11/10/2033,,513,100000000,Coupon,Thả nổi,Định kỳ - Cuối kỳ,Mua lại,,7.05,Hiệu lực,,TPB ,Công ty cổ phần,Tổ chức tín dụng
1775,2023-11-16 00:00:00,CTG - Ngân hàng Thương mại cổ phần Công Thương Việt Nam,CTGL2333007,VNĐ,,11/10/2023,11/10/2033,,4500,100000000,Coupon,Cố định,Định kỳ - Cuối kỳ,Mua lại,,7.1,Hiệu lực,,CTG ,Công ty cổ phần,Tổ chức tín dụng
1776,2023-10-18 00:00:00,MBB - NGÂN HÀNG TMCP QUÂN ĐỘI,MBBL2330004,VNĐ,,13/10/2023,13/10/2030,,500,1000000000,Coupon,Thả nổi,Định kỳ - Cuối kỳ,Mua lại,,7.3,Hiệu lực,,MBB ,Công ty cổ phần,Tổ chức tín dụng
1777,2023-10-24 00:00:00,PAFC - Công ty Cổ phần Pan Farm,PAFCH2325002,VNĐ,,16/10/2023,16/10/2025,,2000,100000000,Coupon,Cố định,Định kỳ - Cuối kỳ,Mua lại,,10.4,Hiệu lực,,PAFC ,Công ty cổ phần,Lĩnh vực khác
1778,2023-10-23 00:00:00,VIB - Ngân hàng TMCP Quốc tế Việt Nam,VIBL2326002,VNĐ,,16/10/2023,16/10/2026,,25000,100000000,Coupon,Cố định,Định kỳ - Cuối kỳ,Mua lại,,6.0,Hiệu lực,,VIB ,Công ty cổ phần,Tổ chức tín dụng
1779,2023-10-18 00:00:00,VHM - CTCP VINHOMES,VHMB2325001,VNĐ,,17/10/2023,17/04/2025,,15000,100000000,Coupon,Cố định,Định kỳ - Cuối kỳ,Mua lại,,12.0,Hiệu lực,,VHM ,Công ty cổ phần,Bất động sản
1780,2023-10-18 00:00:00,VHM - CTCP VINHOMES,VHMB2325002,VNĐ,,17/10/2023,17/10/2025,,15000,100000000,Coupon,Cố định,Định kỳ - Cuối kỳ,Mua lại,,12.0,Hiệu lực,,VHM ,Công ty cổ phần,Bất động sản
1781,2023-10-18 00:00:00,VHM - CTCP VINHOMES,VHMB2325003,VNĐ,,17/10/2023,17/10/2025,,20000,100000000,Coupon,Cố định,Định kỳ - Cuối kỳ,Mua lại,,12.0,Hiệu lực,,VHM ,Công ty cổ phần,Bất động sản
1782,2023-10-23 00:00:00,VIB - Ngân hàng TMCP Quốc tế Việt Nam,VIBL2326003,VNĐ,,17/10/2023,17/10/2026,,2000,1000000000,Coupon,Cố định,Định kỳ - Cuối kỳ,Mua lại,,5.8,Hiệu lực,,VIB ,Công ty cổ phần,Tổ chức tín dụng
1783,2023-10-20 00:00:00,DTAC - Công ty TNHH Quản lý Đầu tư Thiên An,DTACH2328001,VNĐ,,17/10/2023,17/10/2028,,10760,100000000,Coupon,Kết hợp,Định kỳ - Cuối kỳ,Mua lại,,9.7,Hiệu lực,,DTAC ,Công ty trách nhiệm hữu hạn,Bất động sản
1784,2023-10-26 00:00:00,EDIC - Công ty cổ phần Đầu tư và Phát triển Năng lượng Trung Nam,EDICB2325001,VNĐ,,18/10/2023,18/10/2025,,22300,100000000,Coupon,Kết hợp,Định kỳ - Cuối kỳ,Mua lại,,10.0,Hiệu lực,,EDIC ,Công ty cổ phần,Năng lượng
1785,2023-10-30 00:00:00,ACB - Ngân hàng TMCP Á Châu,ACBL2325009,VNĐ,,20/10/2023,20/10/2025,,25000,100000000,Coupon,Cố định,Định kỳ - Cuối kỳ,Mua lại,,6.0,Hiệu lực,,ACB ,Công ty cổ phần,Tổ chức tín dụng
1786,2023-11-02 00:00:00,BID - Ngân hàng TMCP Đầu tư và Phát triển Việt Nam,BIDL2328016,VNĐ,,25/10/2023,25/10/2028,,1520,1000000000,Coupon,Kết hợp,Định kỳ - Cuối kỳ,Hoán đổi; Mua lại,,6.2,Hiệu lực,,BID ,Công ty cổ phần,Tổ chức tín dụng
1787,2023-11-01 00:00:00,MBB - NGÂN HÀNG TMCP QUÂN ĐỘI,MBBL2330005,VNĐ,,25/10/2023,25/10/2030,,1000,1000000000,Coupon,Thả nổi,Định kỳ - Cuối kỳ,Mua lại,,7.05,Hiệu lực,,MBB ,Công ty cổ phần,Tổ chức tín dụng
1788,2023-11-02 00:00:00,BID - Ngân hàng TMCP Đầu tư và Phát triển Việt Nam,BIDL2328015,VNĐ,,25/10/2023,25/10/2028,,980,1000000000,Coupon,Cố định,Định kỳ - Cuối kỳ,Hoán đổi; Mua lại,,6.2,Hiệu lực,,BID ,Công ty cổ phần,Tổ chức tín dụng
1789,2023-10-27 00:00:00,DTAC - Công ty TNHH Quản lý Đầu tư Thiên An,DTACH2328002,VNĐ,,25/10/2023,25/10/2028,,10700,100000000,Coupon,Kết hợp,Định kỳ - Cuối kỳ,Mua lại,,9.7,Hiệu lực,,DTAC ,Công ty trách nhiệm hữu hạn,Bất động sản
1790,2024-01-25 00:00:00,LDTC - Công ty cổ phần Lâu Đài Trắng,LDTCH2326001,VNĐ,,26/10/2023,26/10/2026,,25,100000000,Coupon,Kết hợp,Định kỳ - Cuối kỳ,Mua lại,,14.5,Hiệu lực,,LDTC ,Công ty cổ phần,Bất động sản
1791,2023-11-03 00:00:00,LPB - Ngân hàng Thương mại Cổ phần Bưu Điện Liên Việt,LPBL2326005,VNĐ,,27/10/2023,27/10/2026,,500,1000000000,Coupon,Cố định,Định kỳ - Cuối kỳ,Mua lại,,6.8,Hiệu lực,,LPB ,Công ty cổ phần,Tổ chức tín dụng
1792,2023-12-26 00:00:00,TCB - Ngân hàng TMCP Kỹ thương Việt Nam,TCBL2325006,VNĐ,,27/10/2023,27/10/2025,,1800,1000000000,Coupon,Cố định,Định kỳ - Cuối kỳ,Hoán đổi; Mua lại; None,,5.3,Hiệu lực,,TCB ,Công ty cổ phần,Tổ chức tín dụng
1793,2023-11-06 00:00:00,BAB - Ngân hàng Thương Mại Cổ Phần Bắc Á,BABL2330004,VNĐ,,30/10/2023,30/10/2030,,200,1000000000,Coupon,Thả nổi,Định kỳ - Cuối kỳ,Mua lại,,8.05,Hiệu lực,,BAB ,Công ty cổ phần,Tổ chức tín dụng
1794,2024-01-11 00:00:00,FCN - CTCP FECON,FCNH2325001,VNĐ,,31/10/2023,30/04/2025,,1260,100000000,Coupon,Cố định,Khác,Mua lại,,11.0,Hiệu lực,,FCN ,Công ty cổ phần,Xây dựng
1795,2023-11-10 00:00:00,TTCC - CTCP đầu tư Thành Thành Công,TTCCH2327001,VNĐ,,31/10/2023,31/10/2027,,1800,100000000,Coupon,Cố định,Định kỳ - Cuối kỳ,Mua lại,,11.0,Hiệu lực,,TTCC ,Công ty cổ phần,Lĩnh vực khác
1796,2023-11-07 00:00:00,OCB - Ngân hàng TMCP Phương Đông,OCBL2326011,VNĐ,,31/10/2023,31/10/2026,,500,1000000000,Coupon,Cố định,Định kỳ - Cuối kỳ,Mua lại,,6.4,Hiệu lực,,OCB ,Công ty cổ phần,Tổ chức tín dụng
1797,2023-11-07 00:00:00,OCB - Ngân hàng TMCP Phương Đông,OCBL2326010,VNĐ,,31/10/2023,31/10/2026,,850,1000000000,Coupon,Cố định,Định kỳ - Cuối kỳ,Mua lại,,6.4,Hiệu lực,,OCB ,Công ty cổ phần,Tổ chức tín dụng
1798,2023-11-03 00:00:00,TCB - Ngân hàng TMCP Kỹ thương Việt Nam,TCBL2325007,VNĐ,,31/10/2023,31/10/2025,,1500,1000000000,Coupon,Cố định,Định kỳ - Cuối kỳ,Hoán đổi; Mua lại; None,,5.0,Hiệu lực,,TCB ,Công ty cổ phần,Tổ chức tín dụng
1799,2023-07-19 00:00:00,CTG - Ngân hàng Thương mại cổ phần Công Thương Việt Nam,CTGL2333002,VNĐ,,07/11/2023,07/11/2033,,1000,100000000,Coupon,Cố định,Định kỳ - Cuối kỳ,Mua lại,,7.5,Hiệu lực,,CTG ,Công ty cổ phần,Tổ chức tín dụng
1800,2023-08-21 00:00:00,ACB - Ngân hàng TMCP Á Châu,ACBL2325002,VNĐ,,08/11/2023,08/11/2025,,25000,100000000,Coupon,Cố định,Định kỳ - Cuối kỳ,Mua lại,,6.5,Hiệu lực,,ACB ,Công ty cổ phần,Tổ chức tín dụng
1801,2023-10-05 00:00:00,TCI - Công ty cổ phần chứng khoán Thành Công,TCIH2324001,VNĐ,,09/11/2023,09/11/2024,,3000,100000000,Coupon,Cố định,Định kỳ - Cuối kỳ,,,11.0,Hiệu lực,,TCI ,Công ty cổ phần,Kinh doanh chứng khoán
1802,2023-09-18 00:00:00,BAB - Ngân hàng Thương Mại Cổ Phần Bắc Á,BABL2326002,VNĐ,,09/11/2023,09/11/2026,,500,1000000000,Coupon,Cố định,Định kỳ - Cuối kỳ,Mua lại,,6.5,Hiệu lực,,BAB ,Công ty cổ phần,Tổ chức tín dụng
1803,2023-12-18 00:00:00,TPB - Ngân hàng Thương mại cổ phần Tiên Phong,TPBL2325021,VNĐ,,12/11/2023,12/11/2025,,15000,100000000,Coupon,Kết hợp,Định kỳ - Cuối kỳ,Mua lại,,5.8,Hiệu lực,,TPB ,Công ty cổ phần,Tổ chức tín dụng
1804,2023-11-21 00:00:00,VJC - CÔNG TY CỔ PHẦN HÀNG KHÔNG VIETJET,VJCH2328024,VNĐ,,13/11/2023,13/11/2028,,3000,100000000,Coupon,Cố định,Định kỳ - Cuối kỳ,Mua lại,,10.5,Hiệu lực,,VJC ,Công ty cổ phần,Bất động sản
1805,2023-11-21 00:00:00,TPB - Ngân hàng Thương mại cổ phần Tiên Phong,TPBL2333004,VNĐ,,14/11/2023,14/11/2033,,244,100000000,Coupon,Thả nổi,Định kỳ - Cuối kỳ,Mua lại,,7.05,Hiệu lực,,TPB ,Công ty cổ phần,Tổ chức tín dụng
1806,2023-11-21 00:00:00,MSR - CTCP Masan High-tech Materials,MSRB2328002,VNĐ,,14/11/2023,14/11/2028,,5000,100000000,Coupon,Kết hợp,Định kỳ - Cuối kỳ,Mua lại,,10.8,Hiệu lực,,MSR ,Công ty cổ phần,Lĩnh vực khác
1807,2023-11-21 00:00:00,MSR - CTCP Masan High-tech Materials,MSRB2328001,VNĐ,,14/11/2023,14/11/2028,,5000,100000000,Coupon,Kết hợp,Định kỳ - Cuối kỳ,Mua lại,,10.8,Hiệu lực,,MSR ,Công ty cổ phần,Lĩnh vực khác
1808,2023-11-14 00:00:00,TCOC - CTCP Ô TÔ TRƯỜNG HẢI,TCOCH2328001,VNĐ,,14/11/2023,14/11/2028,,8680,1000000000,Coupon,Cố định,Định kỳ - Cuối kỳ,Hoán đổi; Mua lại,,6.0,Hiệu lực,,TCOC ,Công ty cổ phần,Sản xuất
1809,2023-11-21 00:00:00,MSR - CTCP Masan High-tech Materials,MSRB2328003,VNĐ,,14/11/2023,14/11/2028,,5000,100000000,Coupon,Kết hợp,Định kỳ - Cuối kỳ,Mua lại,,10.8,Hiệu lực,,MSR ,Công ty cổ phần,Lĩnh vực khác
1810,2023-11-22 00:00:00,OCB - Ngân hàng TMCP Phương Đông,OCBL2326012,VNĐ,,15/11/2023,15/11/2026,,1000,1000000000,Coupon,Cố định,Định kỳ - Cuối kỳ,Mua lại,,6.0,Hiệu lực,,OCB ,Công ty cổ phần,Tổ chức tín dụng
1811,2023-11-21 00:00:00,VJC - CÔNG TY CỔ PHẦN HÀNG KHÔNG VIETJET,VJCH2328025,VNĐ,,15/11/2023,15/11/2028,,3000,100000000,Coupon,Cố định,Định kỳ - Cuối kỳ,Mua lại,,10.5,Hiệu lực,,VJC ,Công ty cổ phần,Bất động sản
1812,2023-11-27 00:00:00,TPB - Ngân hàng Thương mại cổ phần Tiên Phong,TPBL2333005,VNĐ,,17/11/2023,17/11/2033,,1076,100000000,Coupon,Thả nổi,Định kỳ - Cuối kỳ,Mua lại,,7.05,Hiệu lực,,TPB ,Công ty cổ phần,Tổ chức tín dụng
1813,2023-11-28 00:00:00,MBB - NGÂN HÀNG TMCP QUÂN ĐỘI,MBBL2330006,VNĐ,,17/11/2023,17/11/2030,,500,1000000000,Coupon,Thả nổi,Định kỳ - Cuối kỳ,Mua lại,,6.93,Hiệu lực,,MBB ,Công ty cổ phần,Tổ chức tín dụng
1814,2023-11-24 00:00:00,OCB - Ngân hàng TMCP Phương Đông,OCBL2326013,VNĐ,,20/11/2023,20/11/2026,,800,1000000000,Coupon,Cố định,Định kỳ - Cuối kỳ,Mua lại,,6.1,Hiệu lực,,OCB ,Công ty cổ phần,Tổ chức tín dụng
1815,2023-11-27 00:00:00,TPB - Ngân hàng Thương mại cổ phần Tiên Phong,TPBL2333006,VNĐ,,20/11/2023,20/11/2033,,2800,100000000,Coupon,Thả nổi,Định kỳ - Cuối kỳ,Mua lại,,7.05,Hiệu lực,,TPB ,Công ty cổ phần,Tổ chức tín dụng
1816,2024-02-23 00:00:00,F88C - Công ty cổ phần kinh doanh F88,F88CH2324002,VNĐ,,21/11/2023,21/11/2024,,1000,100000000,Coupon,Cố định,Định kỳ - Cuối kỳ,Mua lại,,11.5,Hiệu lực,,F88C ,Công ty cổ phần,"Thương mại, dịch vụ"
1817,2023-12-19 00:00:00,MBS - Công ty Cổ phần Chứng khoán MB,MBSH2327001,VNĐ,,21/11/2023,21/11/2027,,1563,100000000,Coupon,Thả nổi,Định kỳ - Cuối kỳ,Mua lại,,7.6,Hiệu lực,,MBS ,Công ty cổ phần,Kinh doanh chứng khoán
1818,2023-11-28 00:00:00,TPB - Ngân hàng Thương mại cổ phần Tiên Phong,TPBL2333007,VNĐ,,21/11/2023,21/11/2033,,3695,100000000,Coupon,Thả nổi,Định kỳ - Cuối kỳ,Mua lại,,7.05,Hiệu lực,,TPB ,Công ty cổ phần,Tổ chức tín dụng
1819,2023-11-24 00:00:00,VIB - Ngân hàng TMCP Quốc tế Việt Nam,VIBL2330004,VNĐ,,22/11/2023,22/11/2030,,1210,1000000000,Coupon,Kết hợp,Định kỳ - Cuối kỳ,Mua lại,,8.0,Hiệu lực,,VIB ,Công ty cổ phần,Tổ chức tín dụng
1820,2023-11-29 00:00:00,VJC - CÔNG TY CỔ PHẦN HÀNG KHÔNG VIETJET,VJCH2328026,VNĐ,,22/11/2023,22/11/2028,,3000,100000000,Coupon,Cố định,Định kỳ - Cuối kỳ,Mua lại,,10.5,Hiệu lực,,VJC ,Công ty cổ phần,Bất động sản
1821,2023-12-01 00:00:00,TPB - Ngân hàng Thương mại cổ phần Tiên Phong,TPBL2333008,VNĐ,,22/11/2023,22/11/2033,,2800,100000000,Coupon,Thả nổi,Định kỳ - Cuối kỳ,Mua lại,,7.05,Hiệu lực,,TPB ,Công ty cổ phần,Tổ chức tín dụng
1822,2023-11-28 00:00:00,MSB - Ngân hàng TMCP Hàng Hải Việt Nam,MSBL2326003,VNĐ,,22/11/2023,22/11/2026,,1500,1000000000,Coupon,Cố định,Định kỳ - Cuối kỳ,Mua lại,,5.8,Hiệu lực,,MSB ,Công ty cổ phần,Tổ chức tín dụng
1823,2023-11-23 00:00:00,VHM - CTCP VINHOMES,VHMB2325004,VNĐ,,23/11/2023,23/11/2025,,20000,100000000,Coupon,Cố định,Định kỳ - Cuối kỳ,Mua lại,,12.0,Hiệu lực,,VHM ,Công ty cổ phần,Bất động sản
1824,2023-12-01 00:00:00,CTG - Ngân hàng Thương mại cổ phần Công Thương Việt Nam,CTGL2331008,VNĐ,,23/11/2023,23/11/2031,,1000,100000000,Coupon,Thả nổi,Định kỳ - Cuối kỳ,Mua lại,,6.13,Hiệu lực,,CTG ,Công ty cổ phần,Tổ chức tín dụng
1825,2023-11-30 00:00:00,PAFC - Công ty Cổ phần Pan Farm,PAFCH2325003,VNĐ,,23/11/2023,23/11/2025,,2000,100000000,Coupon,Cố định,Định kỳ - Cuối kỳ,Mua lại,,8.0,Hiệu lực,,PAFC ,Công ty cổ phần,Lĩnh vực khác
1826,2023-12-01 00:00:00,BID - Ngân hàng TMCP Đầu tư và Phát triển Việt Nam,BIDLH2330017,VNĐ,,23/11/2023,23/11/2030,,322,1000000000,Coupon,Thả nổi,Định kỳ - Cuối kỳ,Hoán đổi; Mua lại,,6.33,Hiệu lực,,BID ,Công ty cổ phần,Tổ chức tín dụng
1827,2023-12-01 00:00:00,BID - Ngân hàng TMCP Đầu tư và Phát triển Việt Nam,BIDLH2331018,VNĐ,,23/11/2023,23/11/2031,,732,1000000000,Coupon,Thả nổi,Định kỳ - Cuối kỳ,Hoán đổi; Mua lại,,6.53,Hiệu lực,,BID ,Công ty cổ phần,Tổ chức tín dụng
1828,2023-12-01 00:00:00,BID - Ngân hàng TMCP Đầu tư và Phát triển Việt Nam,BIDLH2333019,VNĐ,,23/11/2023,23/11/2033,,10,1000000000,Coupon,Thả nổi,Định kỳ - Cuối kỳ,Hoán đổi; Mua lại,,6.63,Hiệu lực,,BID ,Công ty cổ phần,Tổ chức tín dụng
1829,2023-12-01 00:00:00,TPB - Ngân hàng Thương mại cổ phần Tiên Phong,TPBL2333009,VNĐ,,24/11/2023,24/11/2033,,3600,100000000,Coupon,Thả nổi,Định kỳ - Cuối kỳ,Mua lại,,7.05,Hiệu lực,,TPB ,Công ty cổ phần,Tổ chức tín dụng
1830,2023-12-01 00:00:00,TPB - Ngân hàng Thương mại cổ phần Tiên Phong,TPBL2333010,VNĐ,,24/11/2023,24/11/2033,,595,100000000,Coupon,Thả nổi,Định kỳ - Cuối kỳ,Mua lại,,7.05,Hiệu lực,,TPB ,Công ty cổ phần,Tổ chức tín dụng
1831,2023-11-30 00:00:00,ABB - Ngân hàng TMCP An Bình (ABBANK),ABBL2325005,VNĐ,,27/11/2023,27/11/2025,,1300,1000000000,Coupon,Cố định,Định kỳ - Cuối kỳ,Mua lại,,6.1,Hiệu lực,,ABB ,Công ty cổ phần,Tổ chức tín dụng
1832,2023-12-08 00:00:00,HDB - NH TMCP Phát triển thành phố Hồ Chí Minh ( HDBANK),HDBL2331005,VNĐ,,27/11/2023,27/11/2031,,23220,100000000,Coupon,Thả nổi,Định kỳ - Cuối kỳ,Mua lại,,8.02,Hiệu lực,,HDB ,Công ty cổ phần,Tổ chức tín dụng
1833,2023-11-30 00:00:00,OCB - Ngân hàng TMCP Phương Đông,OCBL2326014,VNĐ,,27/11/2023,27/11/2026,,1000,1000000000,Coupon,Cố định,Định kỳ - Cuối kỳ,Mua lại,,6.0,Hiệu lực,,OCB ,Công ty cổ phần,Tổ chức tín dụng
1834,2023-12-04 00:00:00,VJC - CÔNG TY CỔ PHẦN HÀNG KHÔNG VIETJET,VJCH2328027,VNĐ,,27/11/2023,27/11/2028,,3000,100000000,Coupon,Cố định,Định kỳ - Cuối kỳ,Mua lại,,10.5,Hiệu lực,,VJC ,Công ty cổ phần,Bất động sản
1835,2023-12-06 00:00:00,TPB - Ngân hàng Thương mại cổ phần Tiên Phong,TPBL2333011,VNĐ,,28/11/2023,28/11/2033,,3600,100000000,Coupon,Thả nổi,Định kỳ - Cuối kỳ,Mua lại,,7.05,Hiệu lực,,TPB ,Công ty cổ phần,Tổ chức tín dụng
1836,2023-12-06 00:00:00,TPB - Ngân hàng Thương mại cổ phần Tiên Phong,TPBL2333012,VNĐ,,28/11/2023,28/11/2033,,50,100000000,Coupon,Thả nổi,Định kỳ - Cuối kỳ,Mua lại,,7.05,Hiệu lực,,TPB ,Công ty cổ phần,Tổ chức tín dụng
1837,2024-03-06 00:00:00,LVPC - Công ty cổ phần Cảng Quốc tế Lào - Việt,LVPCH2329003,VNĐ,,30/11/2023,,,0,100000000,Coupon,Thả nổi,,Mua lại,,0.0,Hiệu lực,,LVPC ,Công ty cổ phần,"Thương mại, dịch vụ"
1838,2023-12-07 00:00:00,TTCC - CTCP đầu tư Thành Thành Công,TTCCH2327002,VNĐ,,30/11/2023,30/10/2027,,900,100000000,Coupon,Cố định,Định kỳ - Cuối kỳ,Mua lại,,11.0,Hiệu lực,,TTCC ,Công ty cổ phần,Lĩnh vực khác
1839,2023-12-12 00:00:00,BID - Ngân hàng TMCP Đầu tư và Phát triển Việt Nam,BIDLH2338020,VNĐ,,30/11/2023,30/11/2038,,100,1000000000,Coupon,Cố định,Định kỳ - Cuối kỳ,Hoán đổi; Mua lại,,7.0,Hiệu lực,,BID ,Công ty cổ phần,Tổ chức tín dụng
1840,2023-12-06 00:00:00,ABB - Ngân hàng TMCP An Bình (ABBANK),ABBL2325006,VNĐ,,30/11/2023,30/11/2025,,500,1000000000,Coupon,Cố định,Định kỳ - Cuối kỳ,Mua lại,,6.0,Hiệu lực,,ABB ,Công ty cổ phần,Tổ chức tín dụng
1841,2023-12-07 00:00:00,TPB - Ngân hàng Thương mại cổ phần Tiên Phong,TPBL2326014,VNĐ,,30/11/2023,30/11/2026,,20000,100000000,Coupon,Kết hợp,Định kỳ - Cuối kỳ,Mua lại,,5.7,Hiệu lực,,TPB ,Công ty cổ phần,Tổ chức tín dụng
1842,2023-12-07 00:00:00,CTG - Ngân hàng Thương mại cổ phần Công Thương Việt Nam,CTGL2331009,VNĐ,,30/11/2023,30/11/2031,,3000,100000000,Coupon,Thả nổi,Định kỳ - Cuối kỳ,Mua lại,,6.43,Hiệu lực,,CTG ,Công ty cổ phần,Tổ chức tín dụng
1843,2023-12-07 00:00:00,SBT - Công ty cổ phần Thành Thành công - Biên Hòa,SBTB2326002,VNĐ,,30/11/2023,30/11/2026,,5000,100000000,Coupon,Kết hợp,Định kỳ - Cuối kỳ,,,10.5,Hiệu lực,,SBT ,Công ty cổ phần,Sản xuất
1844,2023-09-20 00:00:00,ACB - Ngân hàng TMCP Á Châu,ACBL2325005,VNĐ,,09/12/2023,09/12/2025,,50000,100000000,Coupon,Cố định,Định kỳ - Cuối kỳ,Mua lại,,6.5,Hiệu lực,,ACB ,Công ty cổ phần,Tổ chức tín dụng
1845,2023-09-19 00:00:00,VJVC - Công ty liên doanh TNHH Khu công nghiệp Việt Nam-Singapore,VJVCH2330001,VNĐ,,09/12/2023,09/12/2030,,10000,100000000,Coupon,Cố định,Định kỳ - Cuối kỳ,Mua lại,,10.5,Hiệu lực,,VJVC ,Công ty trách nhiệm hữu hạn,Bất động sản
1846,2023-12-22 00:00:00,BID - Ngân hàng TMCP Đầu tư và Phát triển Việt Nam,BIDLH2331022,VNĐ,,12/12/2023,12/12/2031,,257,1000000000,Coupon,Thả nổi,Định kỳ - Cuối kỳ,Hoán đổi; Mua lại,,6.48,Hiệu lực,,BID ,Công ty cổ phần,Tổ chức tín dụng
1847,2023-12-14 00:00:00,VIB - Ngân hàng TMCP Quốc tế Việt Nam,VIBL2330005,VNĐ,,12/12/2023,12/12/2030,,790,1000000000,Coupon,Kết hợp,Định kỳ - Cuối kỳ,Mua lại,,8.0,Hiệu lực,,VIB ,Công ty cổ phần,Tổ chức tín dụng
1848,2023-12-21 00:00:00,MBB - NGÂN HÀNG TMCP QUÂN ĐỘI,MBBL2328008,VNĐ,,12/12/2023,13/12/2028,,50,1000000000,Coupon,Thả nổi,Định kỳ - Cuối kỳ,,,6.68,Hiệu lực,,MBB ,Công ty cổ phần,Tổ chức tín dụng
1849,2023-12-19 00:00:00,TPB - Ngân hàng Thương mại cổ phần Tiên Phong,TPBL2333022,VNĐ,,12/12/2023,12/12/2033,,6610,100000000,Coupon,Thả nổi,Định kỳ - Cuối kỳ,Mua lại,,7.03,Hiệu lực,,TPB ,Công ty cổ phần,Tổ chức tín dụng
1850,2023-12-22 00:00:00,BID - Ngân hàng TMCP Đầu tư và Phát triển Việt Nam,BIDLH2330021,VNĐ,,12/12/2023,12/12/2030,,186,1000000000,Coupon,Thả nổi,Định kỳ - Cuối kỳ,Hoán đổi; Mua lại,,6.28,Hiệu lực,,BID ,Công ty cổ phần,Tổ chức tín dụng
1851,2023-12-15 00:00:00,ABB - Ngân hàng TMCP An Bình (ABBANK),ABBL2325008,VNĐ,,13/12/2023,13/12/2025,,500,1000000000,Coupon,Cố định,Định kỳ - Cuối kỳ,Mua lại,,6.0,Hiệu lực,,ABB ,Công ty cổ phần,Tổ chức tín dụng
1852,2023-12-25 00:00:00,BID - Ngân hàng TMCP Đầu tư và Phát triển Việt Nam,BIDLH2338023,VNĐ,,13/12/2023,13/12/2038,,100,1000000000,Coupon,Kết hợp,Định kỳ - Cuối kỳ,Hoán đổi; Mua lại,,6.88,Hiệu lực,,BID ,Công ty cổ phần,Tổ chức tín dụng
1853,2023-12-22 00:00:00,OCB - Ngân hàng TMCP Phương Đông,OCBL2326015,VNĐ,,14/12/2023,14/12/2026,,2000,1000000000,Coupon,Cố định,Định kỳ - Cuối kỳ,Mua lại,,5.1,Hiệu lực,,OCB ,Công ty cổ phần,Tổ chức tín dụng
1854,2023-12-21 00:00:00,PKAC - CTCP Tập đoàn Phượng Hoàng Xanh A&A,PKACH2330002,VNĐ,,14/12/2023,14/12/2030,,3000,100000000,Coupon,Thả nổi,Định kỳ - Cuối kỳ,Mua lại,,5.87,Hiệu lực,,PKAC ,Công ty cổ phần,Sản xuất
1855,2023-12-21 00:00:00,PKAC - CTCP Tập đoàn Phượng Hoàng Xanh A&A,PKACH2330001,VNĐ,,14/12/2023,14/12/2030,,6000,100000000,Coupon,Cố định,Định kỳ - Cuối kỳ,Mua lại,,6.2,Hiệu lực,,PKAC ,Công ty cổ phần,Sản xuất
1856,2023-12-21 00:00:00,TPB - Ngân hàng Thương mại cổ phần Tiên Phong,TPBL2333023,VNĐ,,14/12/2023,14/12/2033,,6610,100000000,Coupon,Thả nổi,Định kỳ - Cuối kỳ,Mua lại,,7.03,Hiệu lực,,TPB ,Công ty cổ phần,Tổ chức tín dụng
1857,2023-12-22 00:00:00,TPB - Ngân hàng Thương mại cổ phần Tiên Phong,TPBL2333024,VNĐ,,15/12/2023,15/12/2033,,1286,100000000,Coupon,Thả nổi,Định kỳ - Cuối kỳ,Mua lại,,7.03,Hiệu lực,,TPB ,Công ty cổ phần,Tổ chức tín dụng
1858,2023-12-25 00:00:00,BID - Ngân hàng TMCP Đầu tư và Phát triển Việt Nam,BIDLH2329024,VNĐ,,15/12/2023,15/12/2029,,250,1000000000,Coupon,Thả nổi,Định kỳ - Cuối kỳ,Hoán đổi; Mua lại,,5.75,Hiệu lực,,BID ,Công ty cổ phần,Tổ chức tín dụng
1859,2023-12-25 00:00:00,NAB - Ngân hàng Thương mại Cổ phần Nam Á,NABL2330005,VNĐ,,15/12/2023,15/12/2030,,4000,100000000,Coupon,Cố định,Định kỳ - Cuối kỳ,Mua lại,,7.5,Hiệu lực,,NAB ,Công ty cổ phần,Tổ chức tín dụng
1860,2023-12-28 00:00:00,HDB - NH TMCP Phát triển thành phố Hồ Chí Minh ( HDBANK),HDBL2331007,VNĐ,,18/12/2023,18/12/2031,,25340,100000000,Coupon,Thả nổi,Định kỳ - Cuối kỳ,Mua lại,,7.75,Hiệu lực,,HDB ,Công ty cổ phần,Tổ chức tín dụng
1861,2023-12-25 00:00:00,MBB - NGÂN HÀNG TMCP QUÂN ĐỘI,MBBL2330009,VNĐ,,18/12/2023,18/12/2030,,200,1000000000,Coupon,Thả nổi,Định kỳ - Cuối kỳ,Mua lại,,6.98,Hiệu lực,,MBB ,Công ty cổ phần,Tổ chức tín dụng
1862,2023-12-25 00:00:00,TCB - Ngân hàng TMCP Kỹ thương Việt Nam,TCBL2325008,VNĐ,,18/12/2023,18/12/2025,,2000,1000000000,Coupon,Cố định,Định kỳ - Cuối kỳ,,,4.7,Hiệu lực,,TCB ,Công ty cổ phần,Tổ chức tín dụng
1863,2023-12-25 00:00:00,TPB - Ngân hàng Thương mại cổ phần Tiên Phong,TPBL2333026,VNĐ,,18/12/2023,18/12/2033,,4370,100000000,Coupon,Thả nổi,Định kỳ - Cuối kỳ,Mua lại,,7.03,Hiệu lực,,TPB ,Công ty cổ phần,Tổ chức tín dụng
1864,2023-12-25 00:00:00,TPB - Ngân hàng Thương mại cổ phần Tiên Phong,TPBL2326025,VNĐ,,18/12/2023,18/12/2026,,4000,100000000,Coupon,Kết hợp,Định kỳ - Cuối kỳ,Mua lại,,5.7,Hiệu lực,,TPB ,Công ty cổ phần,Tổ chức tín dụng
1865,2023-12-25 00:00:00,TCB - Ngân hàng TMCP Kỹ thương Việt Nam,TCBL2325009,VNĐ,,19/12/2023,19/12/2025,,2000,1000000000,Coupon,Cố định,Định kỳ - Cuối kỳ,,,4.7,Hiệu lực,,TCB ,Công ty cổ phần,Tổ chức tín dụng
1866,2023-12-22 00:00:00,VJC - CÔNG TY CỔ PHẦN HÀNG KHÔNG VIETJET,VJCH2328029,VNĐ,,19/12/2023,19/12/2028,,3000,100000000,Coupon,Cố định,Định kỳ - Cuối kỳ,Mua lại,,10.5,Hiệu lực,,VJC ,Công ty cổ phần,Bất động sản
1867,2023-12-28 00:00:00,ABB - Ngân hàng TMCP An Bình (ABBANK),ABBL2325009,VNĐ,,20/12/2023,20/12/2025,,1000,1000000000,Coupon,Cố định,Định kỳ - Cuối kỳ,Mua lại,,6.0,Hiệu lực,,ABB ,Công ty cổ phần,Tổ chức tín dụng
1868,2023-12-28 00:00:00,BID - Ngân hàng TMCP Đầu tư và Phát triển Việt Nam,BIDLH2330026,VNĐ,,20/12/2023,20/12/2030,,100,1000000000,Coupon,Thả nổi,Định kỳ - Cuối kỳ,Hoán đổi; Mua lại,,6.05,Hiệu lực,,BID ,Công ty cổ phần,Tổ chức tín dụng
1869,2023-12-28 00:00:00,BID - Ngân hàng TMCP Đầu tư và Phát triển Việt Nam,BIDL2333025,VNĐ,,20/12/2023,20/12/2033,,1000,1000000000,Coupon,Thả nổi,Định kỳ - Cuối kỳ,Hoán đổi; Mua lại; None,,6.68,Hiệu lực,,BID ,Công ty cổ phần,Tổ chức tín dụng
1870,2023-12-21 00:00:00,VHM - CTCP VINHOMES,VHMB2325005,VNĐ,,21/12/2023,21/12/2025,,20000,100000000,Coupon,Cố định,Định kỳ - Cuối kỳ,Mua lại,,12.0,Hiệu lực,,VHM ,Công ty cổ phần,Bất động sản
1871,2023-12-28 00:00:00,BID - Ngân hàng TMCP Đầu tư và Phát triển Việt Nam,BIDLH2329027,VNĐ,,21/12/2023,21/12/2029,,250,1000000000,Coupon,Thả nổi,Định kỳ - Cuối kỳ,Hoán đổi; Mua lại,,5.75,Hiệu lực,,BID ,Công ty cổ phần,Tổ chức tín dụng
1872,2023-12-29 00:00:00,TPB - Ngân hàng Thương mại cổ phần Tiên Phong,TPBL2333027,VNĐ,,22/12/2023,22/12/2033,,4799,100000000,Coupon,Thả nổi,Định kỳ - Cuối kỳ,Mua lại,,7.03,Hiệu lực,,TPB ,Công ty cổ phần,Tổ chức tín dụng
1873,2023-12-28 00:00:00,MBS - Công ty Cổ phần Chứng khoán MB,MBSH2327002,VNĐ,,22/12/2023,22/12/2027,,2500,100000000,Coupon,Thả nổi,Định kỳ - Cuối kỳ,Mua lại,,7.1,Hiệu lực,,MBS ,Công ty cổ phần,Kinh doanh chứng khoán
1874,2023-12-27 00:00:00,MFFC - CÔNG TY TÀI CHÍNH TNHH MỘT THÀNH VIÊN MIRAE ASSET (VIỆT NAM),MFFCH2333001,VNĐ,,22/12/2023,22/12/2033,,8000,100000000,Coupon,Kết hợp,Định kỳ - Cuối kỳ,Mua lại,,11.5,Hiệu lực,,MFFC ,Công ty trách nhiệm hữu hạn,Tổ chức tín dụng
1875,2023-12-28 00:00:00,TCB - Ngân hàng TMCP Kỹ thương Việt Nam,TCBL2326010,VNĐ,,22/12/2023,22/12/2026,,2000,1000000000,Coupon,Cố định,Định kỳ - Cuối kỳ,,,5.2,Hiệu lực,,TCB ,Công ty cổ phần,Tổ chức tín dụng
1876,2023-12-28 00:00:00,HDB - NH TMCP Phát triển thành phố Hồ Chí Minh ( HDBANK),HDBL2331008,VNĐ,,22/12/2023,22/12/2031,,3750,100000000,Coupon,Thả nổi,Định kỳ - Cuối kỳ,Mua lại,,7.75,Hiệu lực,,HDB ,Công ty cổ phần,Tổ chức tín dụng
1877,2023-12-25 00:00:00,VCB - NGÂN HÀNG TMCP NGOẠI THƯƠNG VIỆT NAM,VCBL2329002,VNĐ,,22/12/2023,22/12/2029,,2000,1000000000,Coupon,Thả nổi,Định kỳ - Cuối kỳ,Mua lại,,6.2,Hiệu lực,,VCB ,Công ty cổ phần,Tổ chức tín dụng
1878,2023-12-26 00:00:00,HDMC - Công ty Cổ phần Mua bán nợ và Quản lý Tài sản HDBank,HDMCH2328002,VNĐ,,22/12/2023,22/12/2028,,2000,100000000,Coupon,Kết hợp,Định kỳ - Cuối kỳ,Mua lại,,11.0,Hiệu lực,,HDMC ,Công ty cổ phần,Lĩnh vực khác
1879,2023-12-25 00:00:00,VCB - NGÂN HÀNG TMCP NGOẠI THƯƠNG VIỆT NAM,VCBL2329001,VNĐ,,22/12/2023,22/06/2029,,1000,1000000000,Coupon,Thả nổi,Định kỳ - Cuối kỳ,Mua lại,,5.6,Hiệu lực,,VCB ,Công ty cổ phần,Tổ chức tín dụng
1880,2023-12-29 00:00:00,OCB - Ngân hàng TMCP Phương Đông,OCBL2326016,VNĐ,,22/12/2023,22/12/2026,,500,1000000000,Coupon,Cố định,Định kỳ - Cuối kỳ,Mua lại,,5.0,Hiệu lực,,OCB ,Công ty cổ phần,Tổ chức tín dụng
1881,2023-12-29 00:00:00,OCB - Ngân hàng TMCP Phương Đông,OCBL2325017,VNĐ,,25/12/2023,25/12/2025,,3000,1000000000,Coupon,Cố định,Định kỳ - Cuối kỳ,Mua lại,,5.0,Hiệu lực,,OCB ,Công ty cổ phần,Tổ chức tín dụng
1882,2023-12-27 00:00:00,VJC - CÔNG TY CỔ PHẦN HÀNG KHÔNG VIETJET,VJCH2328030,VNĐ,,25/12/2023,25/12/2028,,3000,100000000,Coupon,Cố định,Định kỳ - Cuối kỳ,Mua lại,,10.5,Hiệu lực,,VJC ,Công ty cổ phần,Bất động sản
1883,2024-01-02 00:00:00,LPB - Ngân hàng Thương mại Cổ phần Bưu Điện Liên Việt,LPBL2326006,VNĐ,,25/12/2023,25/12/2026,,3000,1000000000,Coupon,Cố định,Định kỳ - Cuối kỳ,Mua lại,,5.2,Hiệu lực,,LPB ,Công ty cổ phần,Tổ chức tín dụng
1884,2023-12-28 00:00:00,TCB - Ngân hàng TMCP Kỹ thương Việt Nam,TCBL2325011,VNĐ,,25/12/2023,25/12/2025,,2000,1000000000,Coupon,Cố định,Định kỳ - Cuối kỳ,Mua lại,,4.7,Hiệu lực,,TCB ,Công ty cổ phần,Tổ chức tín dụng
1885,2023-12-29 00:00:00,OCB - Ngân hàng TMCP Phương Đông,OCBL2326018,VNĐ,,26/12/2023,26/12/2026,,1000,1000000000,Coupon,Cố định,Định kỳ - Cuối kỳ,Mua lại,,5.1,Hiệu lực,,OCB ,Công ty cổ phần,Tổ chức tín dụng
1886,2024-01-05 00:00:00,BID - Ngân hàng TMCP Đầu tư và Phát triển Việt Nam,BIDLH2331028,VNĐ,,26/12/2023,26/12/2031,,35,1000000000,Coupon,Thả nổi,Định kỳ - Cuối kỳ,Hoán đổi; Mua lại,,6.25,Hiệu lực,,BID ,Công ty cổ phần,Tổ chức tín dụng
1887,2024-01-05 00:00:00,BID - Ngân hàng TMCP Đầu tư và Phát triển Việt Nam,BIDLH2333029,VNĐ,,26/12/2023,,,0,1000000000,Coupon,Thả nổi,,Hoán đổi; Mua lại,,6.35,Hiệu lực,,BID ,Công ty cổ phần,Tổ chức tín dụng
1888,2024-01-05 00:00:00,BID - Ngân hàng TMCP Đầu tư và Phát triển Việt Nam,BIDLH2330030,VNĐ,,26/12/2023,26/12/2030,,202,1000000000,Coupon,Thả nổi,Định kỳ - Cuối kỳ,Hoán đổi; Mua lại,,6.05,Hiệu lực,,BID ,Công ty cổ phần,Tổ chức tín dụng
1889,2024-01-04 00:00:00,DPWC - Công ty cổ phần Đầu tư Ngành nước DNP,DPWCB2324001,VNĐ,,26/12/2023,26/12/2024,,500,100000000,Coupon,Kết hợp,Một lần khi đến hạn,,,11.0,Hiệu lực,,DPWC ,Công ty cổ phần,Lĩnh vực khác
1890,2024-01-04 00:00:00,DPWC - Công ty cổ phần Đầu tư Ngành nước DNP,DPWCB2326002,VNĐ,,26/12/2023,26/02/2026,,1000,100000000,Coupon,Kết hợp,Định kỳ - Cuối kỳ,,,11.0,Hiệu lực,,DPWC ,Công ty cổ phần,Lĩnh vực khác
1891,2024-01-04 00:00:00,DPWC - Công ty cổ phần Đầu tư Ngành nước DNP,DPWCB2327003,VNĐ,,26/12/2023,26/02/2027,,430,100000000,Coupon,Kết hợp,Định kỳ - Cuối kỳ,,,11.0,Hiệu lực,,DPWC ,Công ty cổ phần,Lĩnh vực khác
1892,2024-01-04 00:00:00,DPWC - Công ty cổ phần Đầu tư Ngành nước DNP,DPWCB2327004,VNĐ,,26/12/2023,26/02/2027,,1070,100000000,Coupon,Kết hợp,Định kỳ - Cuối kỳ,,,11.0,Hiệu lực,,DPWC ,Công ty cổ phần,Lĩnh vực khác
1893,2024-03-11 00:00:00,BNCC - Công ty cổ phần dịch vụ cáp treo Bà Nà,BNCCB2328002,VNĐ,,26/12/2023,26/12/2028,,486,100000000,Coupon,Kết hợp,Định kỳ - Cuối kỳ,Mua lại,,11.0,Hiệu lực,,BNCC ,Công ty cổ phần,"Thương mại, dịch vụ"
1894,2024-02-06 00:00:00,VABC - NGÂN HÀNG TMCP VIỆT Á,VABCLH2330001,VNĐ,,27/12/2023,27/12/2030,,5000,100000000,Coupon,Cố định,Định kỳ - Cuối kỳ,Mua lại,,8.5,Hiệu lực,,VABC ,Công ty cổ phần,Tổ chức tín dụng
1895,2024-03-22 00:00:00,HQMC - CÔNG TY CỔ PHẦN TV - TM - DV ĐỊA ỐC HOÀNG QUÂN MÊKÔNG,HQMCH2328001,VNĐ,,27/12/2023,27/12/2028,,5000,100000000,Coupon,Kết hợp,Định kỳ - Cuối kỳ,Mua lại,,12.0,Hiệu lực,,HQMC ,Công ty cổ phần,Bất động sản
1896,2024-01-05 00:00:00,NAB - Ngân hàng Thương mại Cổ phần Nam Á,NABL2326006,VNĐ,,27/12/2023,27/12/2026,,10000,100000000,Coupon,Cố định,Định kỳ - Cuối kỳ,Mua lại,,5.4,Hiệu lực,,NAB ,Công ty cổ phần,Tổ chức tín dụng
1897,2024-01-08 00:00:00,SHB - Ngân hàng TMCP Sài Gòn - Hà Nội,SHBLH2330001,VNĐ,,27/12/2023,27/12/2030,,24481,100000000,Coupon,Thả nổi,Định kỳ - Cuối kỳ,Mua lại,,7.95,Hiệu lực,,SHB ,Công ty cổ phần,Tổ chức tín dụng
1898,2024-01-05 00:00:00,BID - Ngân hàng TMCP Đầu tư và Phát triển Việt Nam,BIDLH2331031,VNĐ,,27/12/2023,27/12/2031,,1000,1000000000,Coupon,Thả nổi,Định kỳ - Cuối kỳ,Hoán đổi; Mua lại,,6.25,Hiệu lực,,BID ,Công ty cổ phần,Tổ chức tín dụng
1899,2023-12-29 00:00:00,VJC - CÔNG TY CỔ PHẦN HÀNG KHÔNG VIETJET,VJCH2328031,VNĐ,,27/12/2023,27/12/2028,,3000,100000000,Coupon,Cố định,Định kỳ - Cuối kỳ,Mua lại,,10.5,Hiệu lực,,VJC ,Công ty cổ phần,Bất động sản
1900,2024-01-05 00:00:00,LPB - Ngân hàng Thương mại Cổ phần Bưu Điện Liên Việt,LPBL2325007,VNĐ,,27/12/2023,27/12/2025,,3750,1000000000,Coupon,Cố định,Định kỳ - Cuối kỳ,Mua lại,,5.1,Hiệu lực,,LPB ,Công ty cổ phần,Tổ chức tín dụng
1901,2024-01-04 00:00:00,OCB - Ngân hàng TMCP Phương Đông,OCBL2326019,VNĐ,,27/12/2023,27/12/2026,,500,1000000000,Coupon,Cố định,Định kỳ - Cuối kỳ,Mua lại,,5.0,Hiệu lực,,OCB ,Công ty cổ phần,Tổ chức tín dụng
1902,2024-01-02 00:00:00,MBB - NGÂN HÀNG TMCP QUÂN ĐỘI,MBBL2330010,VNĐ,,28/12/2023,28/12/2030,,100,1000000000,Coupon,Thả nổi,Định kỳ - Cuối kỳ,Mua lại,,6.65,Hiệu lực,,MBB ,Công ty cổ phần,Tổ chức tín dụng
1903,2024-01-03 00:00:00,HDB - NH TMCP Phát triển thành phố Hồ Chí Minh ( HDBANK),HDBL2331009,VNĐ,,28/12/2023,28/12/2031,,4204,100000000,Coupon,Thả nổi,Định kỳ - Cuối kỳ,Mua lại,,7.75,Hiệu lực,,HDB ,Công ty cổ phần,Tổ chức tín dụng
1904,2024-03-27 00:00:00,HQBC - Công ty Cổ phần TV - TM - DV Địa ốc Hoàng Quân Bình Thuận,HQBCH2328001,VNĐ,,28/12/2023,28/12/2028,,4920,100000000,Coupon,Kết hợp,Định kỳ - Cuối kỳ,Mua lại,,12.0,Hiệu lực,,HQBC ,Công ty cổ phần,Bất động sản
1905,2024-01-05 00:00:00,VBB - Ngân hàng Thương mại Cổ phần Việt Nam Thương Tín,VBBL2330001,VNĐ,,28/12/2023,28/12/2030,,5000,100000000,Coupon,Thả nổi,Định kỳ - Cuối kỳ,Mua lại,,7.75,Hiệu lực,,VBB ,Công ty cổ phần,Tổ chức tín dụng
1906,2024-01-05 00:00:00,NAB - Ngân hàng Thương mại Cổ phần Nam Á,NABL2326007,VNĐ,,28/12/2023,28/12/2026,,5000,100000000,Coupon,Cố định,Định kỳ - Cuối kỳ,Mua lại,,5.4,Hiệu lực,,NAB ,Công ty cổ phần,Tổ chức tín dụng
1907,2024-01-08 00:00:00,TMCC - Công ty TNHH Khu đô thị mới Trung Minh,TMCCH2328005,VNĐ,,28/12/2023,28/12/2028,,7000,100000000,Coupon,Kết hợp,Định kỳ - Cuối kỳ,Mua lại,,12.5,Hiệu lực,,TMCC ,Công ty trách nhiệm hữu hạn,Bất động sản
1908,2024-01-09 00:00:00,KRFC - CÔNG TY CỔ PHẦN TECOMEN HOLDING,KRFCH2328001,VNĐ,,28/12/2023,28/12/2028,,2000,100000000,Coupon,Cố định,Định kỳ - Cuối kỳ,,,6.5,Hiệu lực,,KRFC ,Công ty cổ phần,"Thương mại, dịch vụ"
1909,2024-01-08 00:00:00,LPB - Ngân hàng Thương mại Cổ phần Bưu Điện Liên Việt,LPBL2326008,VNĐ,,28/12/2023,28/12/2026,,2000,1000000000,Coupon,Thả nổi,Định kỳ - Cuối kỳ,,,6.0,Hiệu lực,,LPB ,Công ty cổ phần,Tổ chức tín dụng
1910,2024-01-09 00:00:00,AHBC - CÔNG TY TNHH AQUA CITY HÒA BÌNH,AHBCH2328001,VNĐ,,29/12/2023,29/12/2028,,6000,100000000,Coupon,Kết hợp,Định kỳ - Cuối kỳ,Mua lại,,12.0,Hiệu lực,,AHBC ,Công ty trách nhiệm hữu hạn,Bất động sản
1911,2024-04-04 00:00:00,F88C - Công ty cổ phần kinh doanh F88,F88CH2324003,VNĐ,,29/12/2023,29/12/2024,,1500,100000000,Coupon,Cố định,Định kỳ - Cuối kỳ,Mua lại,,11.5,Hiệu lực,,F88C ,Công ty cổ phần,"Thương mại, dịch vụ"
1912,2024-03-22 00:00:00,CTG - Ngân hàng Thương mại cổ phần Công Thương Việt Nam,CTGL2331012,VNĐ,,29/12/2023,29/12/2031,,24000,100000000,Coupon,Thả nổi,Định kỳ - Cuối kỳ,Mua lại,,6.15,Hiệu lực,,CTG ,Công ty cổ phần,Tổ chức tín dụng
1913,2024-01-05 00:00:00,SHDC - CTCP TẬP ĐOÀN MẶT TRỜI,SHDCH2328001,VNĐ,,29/12/2023,29/12/2028,,5000,100000000,Coupon,Kết hợp,Định kỳ - Cuối kỳ,Mua lại,,8.75,Hiệu lực,,SHDC ,Công ty cổ phần,Bất động sản
1914,2024-01-02 00:00:00,MBB - NGÂN HÀNG TMCP QUÂN ĐỘI,MBBL2330011,VNĐ,,29/12/2023,29/12/2030,,199,1000000000,Coupon,Thả nổi,Định kỳ - Cuối kỳ,Mua lại,,6.75,Hiệu lực,,MBB ,Công ty cổ phần,Tổ chức tín dụng
1915,2024-01-02 00:00:00,MBB - NGÂN HÀNG TMCP QUÂN ĐỘI,MBBL2330012,VNĐ,,29/12/2023,29/12/2030,,150,1000000000,Coupon,Thả nổi,Định kỳ - Cuối kỳ,Mua lại,,6.75,Hiệu lực,,MBB ,Công ty cổ phần,Tổ chức tín dụng
1916,2024-03-27 00:00:00,BNCC - Công ty cổ phần dịch vụ cáp treo Bà Nà,BNCCB2328003,VNĐ,,29/12/2023,29/12/2028,,4621,100000000,Coupon,Kết hợp,Định kỳ - Cuối kỳ,Mua lại,,11.0,Hiệu lực,,BNCC ,Công ty cổ phần,"Thương mại, dịch vụ"
1917,2024-03-28 00:00:00,TTRC - CTCP Thương mại Du lịch Tân Thành,TTRCH2326001,VNĐ,,29/12/2023,,,0,100000000,Coupon,Kết hợp,,Mua lại,,0.0,Hiệu lực,,TTRC ,Công ty cổ phần,Bất động sản
1918,2024-02-07 00:00:00,DIG - Tổng công ty cổ phần đầu tư phát triển xây dựng,DIGH2326001,VNĐ,,29/12/2023,29/12/2026,,6000,100000000,Coupon,Kết hợp,Định kỳ - Cuối kỳ,Mua lại,,11.25,Hiệu lực,,DIG ,Công ty cổ phần,Bất động sản
1919,2024-01-05 00:00:00,CTG - Ngân hàng Thương mại cổ phần Công Thương Việt Nam,CTGL2331011,VNĐ,,29/12/2023,29/12/2031,,8000,100000000,Coupon,Thả nổi,Định kỳ - Cuối kỳ,Mua lại,,6.15,Hiệu lực,,CTG ,Công ty cổ phần,Tổ chức tín dụng
1920,2024-02-05 00:00:00,THBC - CÔNG TY TNHH ĐẦU TƯ XÂY DỰNG THIÊN HÀ- BĂNG DƯƠNG,THBCH2328001,VNĐ,,29/12/2023,29/12/2028,,8000,100000000,Coupon,Kết hợp,Định kỳ - Cuối kỳ,Mua lại,,12.0,Hiệu lực,,THBC ,Công ty trách nhiệm hữu hạn,Bất động sản
1921,2024-01-08 00:00:00,LPB - Ngân hàng Thương mại Cổ phần Bưu Điện Liên Việt,LPBL2326009,VNĐ,,29/12/2023,29/12/2026,,1000,1000000000,Coupon,Thả nổi,Định kỳ - Cuối kỳ,,,6.0,Hiệu lực,,LPB ,Công ty cổ phần,Tổ chức tín dụng
1922,2024-03-29 00:00:00,CTG - Ngân hàng Thương mại cổ phần Công Thương Việt Nam,CTGL2333013,VNĐ,,29/12/2023,29/12/2033,,10000,100000000,Coupon,Thả nổi,Định kỳ - Cuối kỳ,Mua lại,,6.25,Hiệu lực,,CTG ,Công ty cổ phần,Tổ chức tín dụng
1923,2024-01-29 00:00:00,BCM - TỔNG CÔNG TY ĐẦU TƯ VÀ PHÁT TRIỂN CÔNG NGHIỆP - CTCP,BCMH2328003,VNĐ,,29/12/2023,29/12/2028,,13000,100000000,Coupon,Kết hợp,Định kỳ - Cuối kỳ,Mua lại,,12.0,Hiệu lực,,BCM ,Công ty cổ phần,Bất động sản
1924,2024-01-09 00:00:00,SLTC - Công ty Cổ phần Đầu tư và Du lịch Sài Gòn - Lâm Đồng,SLTCH2328001,VNĐ,,29/12/2023,29/12/2028,,16070,100000000,Coupon,Thả nổi,Định kỳ - Cuối kỳ,Mua lại,,12.0,Hiệu lực,,SLTC ,Công ty cổ phần,Bất động sản
1925,2024-01-10 00:00:00,HDMC - Công ty Cổ phần Mua bán nợ và Quản lý Tài sản HDBank,HDMCH2328003,VNĐ,,31/12/2023,31/12/2028,,3000,100000000,Coupon,Kết hợp,Định kỳ - Cuối kỳ,Mua lại,,11.0,Hiệu lực,,HDMC ,Công ty cổ phần,Lĩnh vực khác
1926,2024-03-14 00:00:00,HTPC - Công ty cổ phần Phát triển tổng hợp Hưng thịnh Phát,HTPCH2327001,VNĐ,,31/12/2023,31/12/2027,,28880,100000000,Coupon,Kết hợp,Định kỳ - Cuối kỳ,Mua lại,,12.0,Hiệu lực,,HTPC ,Công ty cổ phần,Bất động sản
1927,2024-08-07 00:00:00,TSOC - CÔNG TƯ CỔ PHẦN ĐẦU TƯ XÂY DỰNG THÁI SƠN,TSOCB2426001,VNĐ,,08/01/2024,08/01/2026,,18900,100000000,Coupon,Cố định,Định kỳ - Cuối kỳ,Mua lại,,12.0,Hiệu lực,,TSOC ,Công ty cổ phần,Bất động sản
1928,2024-08-08 00:00:00,MBB - NGÂN HÀNG TMCP QUÂN ĐỘI,MBBL2427020,VNĐ,,08/01/2024,08/01/2027,,20000,100000000,Coupon,Cố định,Định kỳ - Cuối kỳ,Mua lại,,5.45,Hiệu lực,,MBB ,Công ty cổ phần,Tổ chức tín dụng
1929,2024-08-05 00:00:00,HDB - NH TMCP Phát triển thành phố Hồ Chí Minh ( HDBANK),HDBL2426011,VNĐ,,08/01/2024,08/01/2026,,2000,1000000000,Coupon,Cố định,Định kỳ - Cuối kỳ,Mua lại,,5.7,Hiệu lực,,HDB ,Công ty cổ phần,Tổ chức tín dụng
1930,2024-10-29 00:00:00,F88C - Công ty cổ phần kinh doanh F88,F88CH2425006,VNĐ,,10/01/2024,10/01/2025,,700,100000000,Coupon,Cố định,Định kỳ - Cuối kỳ,Mua lại,,10.5,Hiệu lực,,F88C ,Công ty cổ phần,"Thương mại, dịch vụ"
1931,2024-10-07 00:00:00,VJC - CÔNG TY CỔ PHẦN HÀNG KHÔNG VIETJET,VJCH2429003,VNĐ,,10/01/2024,10/01/2029,,10000,100000000,Coupon,Kết hợp,Định kỳ - Cuối kỳ,Mua lại,,11.0,Hiệu lực,,VJC ,Công ty cổ phần,Bất động sản
1932,2024-10-09 00:00:00,HDB - NH TMCP Phát triển thành phố Hồ Chí Minh ( HDBANK),HDBL2426019,VNĐ,,10/01/2024,10/01/2026,,900,1000000000,Coupon,Cố định,Định kỳ - Cuối kỳ,Mua lại,,5.6,Hiệu lực,,HDB ,Công ty cổ phần,Tổ chức tín dụng
1933,2024-11-08 00:00:00,TPB - Ngân hàng Thương mại cổ phần Tiên Phong,TPBL2434023,VNĐ,,11/01/2024,11/01/2034,,3620,100000000,Coupon,Thả nổi,Định kỳ - Cuối kỳ,Mua lại,,6.88,Hiệu lực,,TPB ,Công ty cổ phần,Tổ chức tín dụng
1934,2024-01-30 00:00:00,TRAC - CÔNG TY CP ĐẦU TƯ VÀ PHÁT TRIỂN VẬN TẢI,TRACH2427001,VNĐ,,26/01/2024,26/01/2027,,4500,100000000,Coupon,Cố định,Định kỳ - Cuối kỳ,Mua lại,,6.5,Hiệu lực,,TRAC ,Công ty cổ phần,Bất động sản
1935,2024-02-02 00:00:00,BNTC - Công ty TNHH MTV BOT tỉnh Ninh Thuận,BNTCH2433001,VNĐ,,29/01/2024,29/10/2033,,12000,100000000,Coupon,Kết hợp,Định kỳ - Cuối kỳ,Mua lại,,10.5,Hiệu lực,,BNTC ,Công ty trách nhiệm hữu hạn,Xây dựng
1936,2024-03-01 00:00:00,SBT - Công ty cổ phần Thành Thành công - Biên Hòa,SBTH2427001,VNĐ,,29/01/2024,29/01/2027,,5000,100000000,Coupon,Kết hợp,Định kỳ - Cuối kỳ,Mua lại,,11.0,Hiệu lực,,SBT ,Công ty cổ phần,Sản xuất
1937,2024-02-15 00:00:00,HAH - CÔNG TY CỔ PHẦN VẬN TẢI VÀ XẾP DỠ HẢI AN,HAHH2328001,VNĐ,,02/02/2024,02/02/2029,,500,1000000000,Coupon,Cố định,Định kỳ - Cuối kỳ,Mua lại,,6.0,Hiệu lực,,HAH ,Công ty cổ phần,Lĩnh vực khác
1938,2024-07-08 00:00:00,HDB - NH TMCP Phát triển thành phố Hồ Chí Minh ( HDBANK),HDBL2432005,VNĐ,,07/02/2024,07/02/2032,,10000,100000000,Coupon,Thả nổi,Định kỳ - Cuối kỳ,Mua lại,,7.47,Hiệu lực,,HDB ,Công ty cổ phần,Tổ chức tín dụng
1939,2024-07-10 00:00:00,ACB - Ngân hàng TMCP Á Châu,ACBL2427004,VNĐ,,07/02/2024,07/02/2027,,400,1000000000,Coupon,Cố định,Định kỳ - Cuối kỳ,Mua lại,,6.0,Hiệu lực,,ACB ,Công ty cổ phần,Tổ chức tín dụng
1940,2024-08-06 00:00:00,IPA - CTCP Tập đoàn Đầu tư I.P.A,IPAH2429003,VNĐ,,08/02/2024,08/02/2029,,10960,100000000,Coupon,Cố định,Định kỳ - Cuối kỳ,Mua lại,,9.5,Hiệu lực,,IPA ,Công ty cổ phần,Lĩnh vực khác
1941,2024-08-09 00:00:00,CTG - Ngân hàng Thương mại cổ phần Công Thương Việt Nam,CTGL2432006,VNĐ,,08/02/2024,08/02/2032,,1500,100000000,Coupon,Thả nổi,Định kỳ - Cuối kỳ,Mua lại,,5.88,Hiệu lực,,CTG ,Công ty cổ phần,Tổ chức tín dụng
1942,2024-10-09 00:00:00,LPB - Ngân hàng Thương mại Cổ phần Lộc Phát Việt Nam (tên cũ: Ngân hàng Thương mại cổ phần Bưu Điện Liên Việt),LPBL2431005,VNĐ,,10/02/2024,10/02/2031,,330,1000000000,Coupon,Thả nổi,Định kỳ - Cuối kỳ,Mua lại,,7.58,Hiệu lực,,LPB ,Công ty cổ phần,Tổ chức tín dụng
1943,2024-10-09 00:00:00,TPB - Ngân hàng Thương mại cổ phần Tiên Phong,TPBL2434021,VNĐ,,10/02/2024,10/02/2034,,276,100000000,Coupon,Thả nổi,Định kỳ - Cuối kỳ,Mua lại,,6.88,Hiệu lực,,TPB ,Công ty cổ phần,Tổ chức tín dụng
1944,2024-12-06 00:00:00,BAB - Ngân hàng Thương Mại Cổ Phần Bắc Á,BABL2427010,VNĐ,,12/02/2024,12/02/2027,,500,1000000000,Coupon,Cố định,Định kỳ - Cuối kỳ,Mua lại,,5.2,Hiệu lực,,BAB ,Công ty cổ phần,Tổ chức tín dụng
1945,2024-12-06 00:00:00,BCM - TỔNG CÔNG TY ĐẦU TƯ VÀ PHÁT TRIỂN CÔNG NGHIỆP - CTCP,BCMH2428006,VNĐ,,12/02/2024,12/02/2028,,10800,100000000,Coupon,Kết hợp,Định kỳ - Cuối kỳ,Mua lại,,10.7,Hiệu lực,,BCM ,Công ty cổ phần,Bất động sản
1946,2024-12-11 00:00:00,AVTC - CÔNG TY TRÁCH NHIỆM HỮU HẠN ALLGREEN - VƯỢNG THÀNH - TRÙNG DƯƠNG,AVTCH2429001,VNĐ,,12/02/2024,12/02/2029,,17350,100000000,Coupon,Kết hợp,Định kỳ - Cuối kỳ,Mua lại,,12.0,Hiệu lực,,AVTC ,Công ty trách nhiệm hữu hạn,Bất động sản
1947,2024-03-08 00:00:00,HDMC - Công ty Cổ phần Mua bán nợ và Quản lý Tài sản HDBank,HDMCH2328004,VNĐ,,21/02/2024,21/02/2029,,10000,100000000,Coupon,Kết hợp,Định kỳ - Cuối kỳ,Mua lại,,10.5,Hiệu lực,,HDMC ,Công ty cổ phần,Lĩnh vực khác
1948,2024-02-29 00:00:00,LHTC - Công ty cổ phần Thương mại Du lịch Lạc Hồng,LHTCB2427001,VNĐ,,23/02/2024,23/02/2027,,1150,100000000,Coupon,Kết hợp,Định kỳ - Cuối kỳ,Mua lại,,9.0,Hiệu lực,,LHTC ,Công ty cổ phần,"Thương mại, dịch vụ"
1949,2024-05-10 00:00:00,F88C - Công ty cổ phần kinh doanh F88,F88CH2425002,VNĐ,,05/03/2024,05/03/2025,,500,100000000,Coupon,Cố định,Định kỳ - Cuối kỳ,Mua lại,,11.5,Hiệu lực,,F88C ,Công ty cổ phần,"Thương mại, dịch vụ"
1950,2024-05-09 00:00:00,IDTC - Công ty cổ phần IDTT,IDTCH2427001,VNĐ,,05/03/2024,05/03/2027,,2000,100000000,Coupon,Cố định,Định kỳ - Cuối kỳ,Mua lại,,11.0,Hiệu lực,,IDTC ,Công ty cổ phần,Xây dựng
1951,2024-10-04 00:00:00,VIB - Ngân hàng TMCP Quốc tế Việt Nam,VIBL2427006,VNĐ,,10/03/2024,10/03/2027,,1000,1000000000,Coupon,Cố định,Định kỳ - Cuối kỳ,Mua lại,,5.1,Hiệu lực,,VIB ,Công ty cổ phần,Tổ chức tín dụng
1952,2024-12-09 00:00:00,CTG - Ngân hàng Thương mại cổ phần Công Thương Việt Nam,CTGL2432016,VNĐ,,12/03/2024,12/03/2032,,9200,100000000,Coupon,Thả nổi,Định kỳ - Cuối kỳ,Mua lại,,5.78,Hiệu lực,,CTG ,Công ty cổ phần,Tổ chức tín dụng
1953,2024-03-26 00:00:00,LHTC - Công ty cổ phần Thương mại Du lịch Lạc Hồng,LHTCB2427002,VNĐ,,21/03/2024,21/03/2027,,4950,100000000,Coupon,Kết hợp,Định kỳ - Cuối kỳ,Mua lại,,9.0,Hiệu lực,,LHTC ,Công ty cổ phần,"Thương mại, dịch vụ"
1954,2024-04-02 00:00:00,DIG - Tổng công ty cổ phần đầu tư phát triển xây dựng,DIGH2326002,VNĐ,,25/03/2024,25/03/2027,,10000,100000000,Coupon,Kết hợp,Định kỳ - Cuối kỳ,Mua lại,,11.25,Hiệu lực,,DIG ,Công ty cổ phần,Bất động sản
1955,2024-03-28 00:00:00,VHM - CTCP VINHOMES,VHMB2427002,VNĐ,,25/03/2024,25/03/2027,,10000,100000000,Coupon,Cố định,Định kỳ - Cuối kỳ,Mua lại,,12.0,Hiệu lực,,VHM ,Công ty cổ phần,Bất động sản
1956,2024-03-27 00:00:00,VHM - CTCP VINHOMES,VHMB2427001,VNĐ,,25/03/2024,25/03/2027,,30000,100000000,Coupon,Cố định,Định kỳ - Cuối kỳ,Mua lại,,12.0,Hiệu lực,,VHM ,Công ty cổ phần,Bất động sản
1957,2024-04-03 00:00:00,MBB - NGÂN HÀNG TMCP QUÂN ĐỘI,MBBL2431001,VNĐ,,27/03/2024,27/03/2031,,150,1000000000,Coupon,Thả nổi,Định kỳ - Cuối kỳ,Mua lại,,6.5,Hiệu lực,,MBB ,Công ty cổ phần,Tổ chức tín dụng
1958,2024-04-03 00:00:00,MBB - NGÂN HÀNG TMCP QUÂN ĐỘI,MBBL2434003,VNĐ,,29/03/2024,29/03/2034,,800,1000000000,Coupon,Thả nổi,Định kỳ - Cuối kỳ,Mua lại,,6.5,Hiệu lực,,MBB ,Công ty cổ phần,Tổ chức tín dụng
1959,2024-04-03 00:00:00,MBB - NGÂN HÀNG TMCP QUÂN ĐỘI,MBBL2431002,VNĐ,,29/03/2024,29/03/2031,,100,1000000000,Coupon,Thả nổi,Định kỳ - Cuối kỳ,Mua lại,,6.2,Hiệu lực,,MBB ,Công ty cổ phần,Tổ chức tín dụng
1960,2024-03-29 00:00:00,VDS - CTCP Chứng khoán Rồng Việt,VDSH2425001,VNĐ,,03/04/2024,03/04/2025,,5000,100000000,Coupon,Cố định,Định kỳ - Cuối kỳ,Mua lại,,8.3,Hiệu lực,,VDS ,Công ty cổ phần,Kinh doanh chứng khoán
1961,2024-04-08 00:00:00,MBB - NGÂN HÀNG TMCP QUÂN ĐỘI,MBBL2432004,VNĐ,,04/04/2024,04/04/2032,,200,1000000000,Coupon,Thả nổi,Định kỳ - Cuối kỳ,Mua lại,,6.28,Hiệu lực,,MBB ,Công ty cổ phần,Tổ chức tín dụng
1962,2024-07-30 00:00:00,ACB - Ngân hàng TMCP Á Châu,ACBL2426001,VNĐ,,06/04/2024,06/04/2026,,5000,1000000000,Coupon,Cố định,Định kỳ - Cuối kỳ,Mua lại,,4.5,Hiệu lực,,ACB ,Công ty cổ phần,Tổ chức tín dụng
1963,2024-10-14 00:00:00,LPB - Ngân hàng Thương mại Cổ phần Lộc Phát Việt Nam (tên cũ: Ngân hàng Thương mại cổ phần Bưu Điện Liên Việt),LPBL2427006,VNĐ,,10/04/2024,10/04/2027,,2000,1000000000,Coupon,Cố định,Định kỳ - Cuối kỳ,Mua lại,,5.4,Hiệu lực,,LPB ,Công ty cổ phần,Tổ chức tín dụng
1964,2024-10-16 00:00:00,TCI - Công ty cổ phần chứng khoán Thành Công,TCIH2425001,VNĐ,,10/04/2024,10/04/2025,,4000,100000000,Coupon,Cố định,Định kỳ - Cuối kỳ,Mua lại,,10.5,Hiệu lực,,TCI ,Công ty cổ phần,Kinh doanh chứng khoán
1965,2024-11-13 00:00:00,ACB - Ngân hàng TMCP Á Châu,ACBL2426013,VNĐ,,11/04/2024,11/04/2026,,1500,1000000000,Coupon,Thả nổi,Định kỳ - Cuối kỳ,Mua lại,,5.0,Hiệu lực,,ACB ,Công ty cổ phần,Tổ chức tín dụng
1966,2024-12-12 00:00:00,TPB - Ngân hàng Thương mại cổ phần Tiên Phong,TPBL2427028,VNĐ,,12/04/2024,12/04/2027,,10000,100000000,Coupon,Kết hợp,Định kỳ - Cuối kỳ,Mua lại,,5.3,Hiệu lực,,TPB ,Công ty cổ phần,Tổ chức tín dụng
1967,2024-12-06 00:00:00,IPA - CTCP Tập đoàn Đầu tư I.P.A,IPAH2429005,VNĐ,,12/04/2024,12/04/2029,,5500,100000000,Coupon,Cố định,Định kỳ - Cuối kỳ,Mua lại,,9.5,Hiệu lực,,IPA ,Công ty cổ phần,Lĩnh vực khác
1968,2024-12-06 00:00:00,VIB - Ngân hàng TMCP Quốc tế Việt Nam,VIBL2427008,VNĐ,,12/04/2024,12/04/2027,,2000,1000000000,Coupon,Cố định,Định kỳ - Cuối kỳ,Mua lại,,5.3,Hiệu lực,,VIB ,Công ty cổ phần,Tổ chức tín dụng
1969,2024-04-16 00:00:00,VHM - CTCP VINHOMES,VHMB2426003,VNĐ,,15/04/2024,15/04/2026,,20000,100000000,Coupon,Cố định,Định kỳ - Cuối kỳ,Mua lại,,12.0,Hiệu lực,,VHM ,Công ty cổ phần,Bất động sản
1970,2024-05-17 00:00:00,MBS - Công ty Cổ phần Chứng khoán MB,MBSH2428001,VNĐ,,16/04/2024,16/04/2028,,3557,100000000,Coupon,Thả nổi,Định kỳ - Cuối kỳ,Mua lại,,6.8,Hiệu lực,,MBS ,Công ty cổ phần,Kinh doanh chứng khoán
1971,2024-04-19 00:00:00,MSB - Ngân hàng TMCP Hàng Hải Việt Nam,MSBL2427001,VNĐ,,16/04/2024,16/04/2027,,800,1000000000,Coupon,Cố định,Định kỳ - Cuối kỳ,Mua lại,,3.9,Hiệu lực,,MSB ,Công ty cổ phần,Tổ chức tín dụng
1972,2024-05-20 00:00:00,VABC - NGÂN HÀNG TMCP VIỆT Á,VABCLH2431001,VNĐ,,16/04/2024,16/04/2031,,2300,100000000,Coupon,Kết hợp,Định kỳ - Cuối kỳ,Mua lại,,7.2,Hiệu lực,,VABC ,Công ty cổ phần,Tổ chức tín dụng
1973,2024-04-22 00:00:00,MBB - NGÂN HÀNG TMCP QUÂN ĐỘI,MBBL2434008,VNĐ,,17/04/2024,17/04/2034,,200,1000000000,Coupon,Thả nổi,Định kỳ - Cuối kỳ,Mua lại,,6.47,Hiệu lực,,MBB ,Công ty cổ phần,Tổ chức tín dụng
1974,2024-04-25 00:00:00,VIC - TẬP ĐOÀN VINGROUP - CÔNG TY CP,VICH2426002,VNĐ,,17/04/2024,17/04/2026,,20000,100000000,Coupon,Kết hợp,Định kỳ - Cuối kỳ,Mua lại,,12.5,Hiệu lực,,VIC ,Công ty cổ phần,Bất động sản
1975,2024-04-23 00:00:00,LHTC - Công ty cổ phần Thương mại Du lịch Lạc Hồng,LHTCB2427003,VNĐ,,19/04/2024,19/04/2027,,1400,100000000,Coupon,Kết hợp,Định kỳ - Cuối kỳ,Mua lại,,9.0,Hiệu lực,,LHTC ,Công ty cổ phần,"Thương mại, dịch vụ"
1976,2024-05-13 00:00:00,F88C - Công ty cổ phần kinh doanh F88,F88CH2425001,VNĐ,,19/04/2024,19/04/2025,,500,100000000,Coupon,Cố định,Định kỳ - Cuối kỳ,Mua lại,,11.5,Hiệu lực,,F88C ,Công ty cổ phần,"Thương mại, dịch vụ"
1977,2024-04-26 00:00:00,MBB - NGÂN HÀNG TMCP QUÂN ĐỘI,MBBL2431009,VNĐ,,22/04/2024,22/04/2031,,400,1000000000,Coupon,Thả nổi,Định kỳ - Cuối kỳ,Mua lại,,6.18,Hiệu lực,,MBB ,Công ty cổ phần,Tổ chức tín dụng
1978,2024-04-26 00:00:00,MSB - Ngân hàng TMCP Hàng Hải Việt Nam,MSBL2427002,VNĐ,,22/04/2024,22/04/2027,,2000,1000000000,Coupon,Cố định,Định kỳ - Cuối kỳ,Mua lại,,3.9,Hiệu lực,,MSB ,Công ty cổ phần,Tổ chức tín dụng
1979,2024-05-09 00:00:00,VHM - CTCP VINHOMES,VHMB2426004,VNĐ,,25/04/2024,25/04/2026,,20000,100000000,Coupon,Cố định,Định kỳ - Cuối kỳ,Mua lại,,12.0,Hiệu lực,,VHM ,Công ty cổ phần,Bất động sản
1980,2024-05-06 00:00:00,BAB - Ngân hàng Thương Mại Cổ Phần Bắc Á,BABL2427001,VNĐ,,25/04/2024,25/04/2027,,1000,1000000000,Coupon,Cố định,Định kỳ - Cuối kỳ,Mua lại,,4.8,Hiệu lực,,BAB ,Công ty cổ phần,Tổ chức tín dụng
1981,2024-05-03 00:00:00,LHTC - Công ty cổ phần Thương mại Du lịch Lạc Hồng,LHTCB2427004,VNĐ,,26/04/2024,26/04/2027,,4500,100000000,Coupon,Kết hợp,Định kỳ - Cuối kỳ,Mua lại,,9.0,Hiệu lực,,LHTC ,Công ty cổ phần,"Thương mại, dịch vụ"
1982,2024-05-14 00:00:00,TMCC - Công ty TNHH Khu đô thị mới Trung Minh,TMCCH2429001,VNĐ,,26/04/2024,26/04/2029,,9000,100000000,Coupon,Kết hợp,Định kỳ - Đầu kỳ,Mua lại,,12.5,Hiệu lực,,TMCC ,Công ty trách nhiệm hữu hạn,Bất động sản
1983,2024-05-07 00:00:00,MBB - NGÂN HÀNG TMCP QUÂN ĐỘI,MBBL2431010,VNĐ,,26/04/2024,26/04/2031,,301,1000000000,Coupon,Thả nổi,Định kỳ - Cuối kỳ,Mua lại,,6.17,Hiệu lực,,MBB ,Công ty cổ phần,Tổ chức tín dụng
1984,2024-07-30 00:00:00,ACB - Ngân hàng TMCP Á Châu,ACBL2426002,VNĐ,,06/05/2024,06/05/2026,,5000,1000000000,Coupon,Cố định,Định kỳ - Cuối kỳ,Mua lại,,4.5,Hiệu lực,,ACB ,Công ty cổ phần,Tổ chức tín dụng
1985,2024-06-11 00:00:00,HCVC - CÔNG TY TÀI CHÍNH TRÁCH NHIỆM HỮU HẠN MỘT THÀNH VIÊN HOME CREDIT VIỆT NAM,HCVCL2426002,VNĐ,,06/05/2024,06/05/2026,,500,1000000000,Coupon,Kết hợp,Định kỳ - Cuối kỳ,,,7.0,Hiệu lực,,HCVC ,Công ty trách nhiệm hữu hạn,Tổ chức tín dụng
1986,2024-06-10 00:00:00,MSB - Ngân hàng TMCP Hàng Hải Việt Nam,MSBL2427004,VNĐ,,06/05/2024,06/05/2027,,2000,1000000000,Coupon,Cố định,Định kỳ - Cuối kỳ,Mua lại,,5.3,Hiệu lực,,MSB ,Công ty cổ phần,Tổ chức tín dụng
1987,2024-06-07 00:00:00,SBVC - NGÂN HÀNG TNHH MỘT THÀNH VIÊN SHINHAN VIỆT NAM,SBVCL2426003,VNĐ,,06/05/2024,06/05/2026,,1000,1000000000,Coupon,Cố định,Định kỳ - Cuối kỳ,Mua lại,,5.1,Hiệu lực,,SBVC ,Công ty trách nhiệm hữu hạn,Tổ chức tín dụng
1988,2024-06-07 00:00:00,IPA - CTCP Tập đoàn Đầu tư I.P.A,IPAH2429001,VNĐ,,06/05/2024,06/05/2029,,3170,100000000,Coupon,Cố định,Định kỳ - Cuối kỳ,Mua lại,,9.5,Hiệu lực,,IPA ,Công ty cổ phần,Lĩnh vực khác
1989,2024-07-12 00:00:00,CTG - Ngân hàng Thương mại cổ phần Công Thương Việt Nam,CTGL2434001,VNĐ,,07/05/2024,07/05/2034,,30000,100000000,Coupon,Thả nổi,Định kỳ - Cuối kỳ,Mua lại,,6.08,Hiệu lực,,CTG ,Công ty cổ phần,Tổ chức tín dụng
1990,2024-07-12 00:00:00,PSI - Công ty Cổ phần Chứng khoán Dầu khí,PSIH2426001,VNĐ,,07/05/2024,01/05/2026,,200,100000000,Coupon,Cố định,Định kỳ - Cuối kỳ,Mua lại,,8.9,Hiệu lực,,PSI ,Công ty cổ phần,Kinh doanh chứng khoán
1991,2024-07-15 00:00:00,BID - Ngân hàng TMCP Đầu tư và Phát triển Việt Nam,BIDL2432018,VNĐ,,07/05/2024,07/05/2032,,100,1000000000,Coupon,Thả nổi,Định kỳ - Cuối kỳ,Hoán đổi; Mua lại,,5.88,Hiệu lực,,BID ,Công ty cổ phần,Tổ chức tín dụng
1992,2024-07-17 00:00:00,BID - Ngân hàng TMCP Đầu tư và Phát triển Việt Nam,BIDLH2432019,VNĐ,,07/05/2024,07/05/2032,,1000,1000000000,Coupon,Thả nổi,Định kỳ - Cuối kỳ,Hoán đổi; Mua lại,,5.88,Hiệu lực,,BID ,Công ty cổ phần,Tổ chức tín dụng
1993,2024-08-12 00:00:00,SHB - Ngân hàng TMCP Sài Gòn - Hà Nội,SHBL2427003,VNĐ,,08/05/2024,08/05/2027,,1000,1000000000,Coupon,Cố định,Định kỳ - Cuối kỳ,Mua lại,,6.3,Hiệu lực,,SHB ,Công ty cổ phần,Tổ chức tín dụng
1994,2024-08-08 00:00:00,MBB - NGÂN HÀNG TMCP QUÂN ĐỘI,MBBL2427021,VNĐ,,08/05/2024,08/05/2027,,20000,100000000,Coupon,Cố định,Định kỳ - Cuối kỳ,Mua lại,,5.45,Hiệu lực,,MBB ,Công ty cổ phần,Tổ chức tín dụng
1995,2024-09-13 00:00:00,TPB - Ngân hàng Thương mại cổ phần Tiên Phong,TPBL2434014,VNĐ,,09/05/2024,09/05/2034,,2300,100000000,Coupon,Thả nổi,Định kỳ - Cuối kỳ,Mua lại,,6.68,Hiệu lực,,TPB ,Công ty cổ phần,Tổ chức tín dụng
1996,2024-11-12 00:00:00,BAB - Ngân hàng Thương Mại Cổ Phần Bắc Á,BABL2427008,VNĐ,,11/05/2024,11/05/2027,,1000,1000000000,Coupon,Cố định,Định kỳ - Cuối kỳ,Mua lại,,5.2,Hiệu lực,,BAB ,Công ty cổ phần,Tổ chức tín dụng
1997,2024-11-12 00:00:00,IPA - CTCP Tập đoàn Đầu tư I.P.A,IPAH2429004,VNĐ,,11/05/2024,11/05/2029,,6000,100000000,Coupon,Cố định,Định kỳ - Cuối kỳ,Mua lại,,9.5,Hiệu lực,,IPA ,Công ty cổ phần,Lĩnh vực khác
1998,2024-12-13 00:00:00,ECFC - CÔNG TY CỔ PHẦN CÔNG NGHỆ TÀI CHÍNH ENCAPITAL,ECFCH2425001,VNĐ,,12/05/2024,12/05/2025,,1000,100000000,Coupon,Cố định,Định kỳ - Cuối kỳ,Mua lại,,9.0,Hiệu lực,,ECFC ,Công ty cổ phần,Sản xuất
1999,2024-12-16 00:00:00,F88C - Công ty cổ phần kinh doanh F88,F88CH2425008,VNĐ,,12/05/2024,12/05/2025,,500,100000000,Coupon,Cố định,Định kỳ - Cuối kỳ,Mua lại,,10.5,Hiệu lực,,F88C ,Công ty cổ phần,"Thương mại, dịch vụ"
2000,2024-12-11 00:00:00,MSFC - Công ty Tài chính TNHH MB Shinsei,MSFCLH2426003,VNĐ,,12/05/2024,12/05/2026,,130,1000000000,Coupon,Kết hợp,Định kỳ - Cuối kỳ,,,6.7,Hiệu lực,,MSFC ,Công ty trách nhiệm hữu hạn,Tổ chức tín dụng
2001,2024-05-27 00:00:00,VIC - TẬP ĐOÀN VINGROUP - CÔNG TY CP,VICH2426004,VNĐ,,13/05/2024,13/05/2026,,20000,100000000,Coupon,Kết hợp,Định kỳ - Cuối kỳ,Mua lại,,12.5,Hiệu lực,,VIC ,Công ty cổ phần,Bất động sản
2002,2024-05-16 00:00:00,VHM - CTCP VINHOMES,VHMB2426005,VNĐ,,15/05/2024,15/05/2026,,20000,100000000,Coupon,Cố định,Định kỳ - Cuối kỳ,Mua lại,,12.0,Hiệu lực,,VHM ,Công ty cổ phần,Bất động sản
2003,2024-05-17 00:00:00,BAB - Ngân hàng Thương Mại Cổ Phần Bắc Á,BABL2427002,VNĐ,,15/05/2024,15/05/2027,,500,1000000000,Coupon,Cố định,Định kỳ - Cuối kỳ,Mua lại,,5.1,Hiệu lực,,BAB ,Công ty cổ phần,Tổ chức tín dụng
2004,2024-06-13 00:00:00,VDS - CTCP Chứng khoán Rồng Việt,VDSH2425002,VNĐ,,15/05/2024,15/05/2025,,8000,100000000,Coupon,Cố định,Định kỳ - Cuối kỳ,Mua lại,,8.0,Hiệu lực,,VDS ,Công ty cổ phần,Kinh doanh chứng khoán
2005,2024-05-22 00:00:00,MSB - Ngân hàng TMCP Hàng Hải Việt Nam,MSBL2427003,VNĐ,,16/05/2024,16/05/2027,,1000,1000000000,Coupon,Cố định,Định kỳ - Cuối kỳ,Mua lại,,3.9,Hiệu lực,,MSB ,Công ty cổ phần,Tổ chức tín dụng
2006,2024-06-07 00:00:00,F88C - Công ty cổ phần kinh doanh F88,F88CH2425003,VNĐ,,17/05/2024,17/05/2025,,500,100000000,Coupon,Cố định,Định kỳ - Cuối kỳ,Mua lại,,11.0,Hiệu lực,,F88C ,Công ty cổ phần,"Thương mại, dịch vụ"
2007,2024-05-29 00:00:00,MBS - Công ty Cổ phần Chứng khoán MB,MBSH2427002,VNĐ,,20/05/2024,20/05/2027,,3000,100000000,Coupon,Kết hợp,Định kỳ - Cuối kỳ,Mua lại,,6.9,Hiệu lực,,MBS ,Công ty cổ phần,Kinh doanh chứng khoán
2008,2024-05-29 00:00:00,BID - Ngân hàng TMCP Đầu tư và Phát triển Việt Nam,BIDL2439002,VNĐ,,21/05/2024,21/05/2039,,1000,1000000000,Coupon,Cố định,Định kỳ - Cuối kỳ,Hoán đổi; Mua lại,,6.5,Hiệu lực,,BID ,Công ty cổ phần,Tổ chức tín dụng
2009,2024-05-24 00:00:00,BAB - Ngân hàng Thương Mại Cổ Phần Bắc Á,BABL2427003,VNĐ,,21/05/2024,21/05/2027,,500,1000000000,Coupon,Cố định,Định kỳ - Cuối kỳ,Mua lại,,5.2,Hiệu lực,,BAB ,Công ty cổ phần,Tổ chức tín dụng
2010,2024-05-27 00:00:00,HCMC - CÔNG TY TNHH HOÀNG TRÚC MY,HCMCH2429001,VNĐ,,21/05/2024,21/05/2029,,2000,100000000,Coupon,Kết hợp,Định kỳ - Cuối kỳ,Mua lại,,12.0,Hiệu lực,,HCMC ,Công ty trách nhiệm hữu hạn,Bất động sản
2011,2024-05-30 00:00:00,BID - Ngân hàng TMCP Đầu tư và Phát triển Việt Nam,BIDLH2431003,VNĐ,,22/05/2024,22/05/2031,,245,1000000000,Coupon,Kết hợp,Định kỳ - Cuối kỳ,Hoán đổi; Mua lại,,5.78,Hiệu lực,,BID ,Công ty cổ phần,Tổ chức tín dụng
2012,2024-05-30 00:00:00,BID - Ngân hàng TMCP Đầu tư và Phát triển Việt Nam,BIDLH2432004,VNĐ,,22/05/2024,22/05/2032,,50,1000000000,Coupon,Kết hợp,Định kỳ - Cuối kỳ,Hoán đổi; Mua lại,,5.93,Hiệu lực,,BID ,Công ty cổ phần,Tổ chức tín dụng
2013,2024-06-03 00:00:00,BID - Ngân hàng TMCP Đầu tư và Phát triển Việt Nam,BIDLH2432006,VNĐ,,24/05/2024,24/05/2032,,300,1000000000,Coupon,Kết hợp,Định kỳ - Cuối kỳ,Hoán đổi; Mua lại,,5.93,Hiệu lực,,BID ,Công ty cổ phần,Tổ chức tín dụng
2014,2024-06-03 00:00:00,BID - Ngân hàng TMCP Đầu tư và Phát triển Việt Nam,BIDLH2431005,VNĐ,,24/05/2024,24/05/2031,,50,1000000000,Coupon,Kết hợp,Định kỳ - Cuối kỳ,Hoán đổi; Mua lại,,5.78,Hiệu lực,,BID ,Công ty cổ phần,Tổ chức tín dụng
2015,2024-05-28 00:00:00,SBVC - NGÂN HÀNG TNHH MỘT THÀNH VIÊN SHINHAN VIỆT NAM,SBVCL2427001,VNĐ,,27/05/2024,27/05/2027,,1000,1000000000,Coupon,Cố định,Định kỳ - Cuối kỳ,Mua lại,,5.4,Hiệu lực,,SBVC ,Công ty trách nhiệm hữu hạn,Tổ chức tín dụng
2016,2024-05-29 00:00:00,MBB - NGÂN HÀNG TMCP QUÂN ĐỘI,MBBL2431011,VNĐ,,27/05/2024,27/05/2031,,200,1000000000,Coupon,Thả nổi,Định kỳ - Cuối kỳ,Mua lại,,6.18,Hiệu lực,,MBB ,Công ty cổ phần,Tổ chức tín dụng
2017,2024-06-03 00:00:00,TCB - Ngân hàng TMCP Kỹ thương Việt Nam,TCBL2427003,VNĐ,,27/05/2024,27/05/2027,,1500,1000000000,Coupon,Cố định,Định kỳ - Cuối kỳ,Mua lại,,4.5,Hiệu lực,,TCB ,Công ty cổ phần,Tổ chức tín dụng
2018,2024-06-05 00:00:00,BID - Ngân hàng TMCP Đầu tư và Phát triển Việt Nam,BIDLH2431007,VNĐ,,28/05/2024,28/05/2031,,700,1000000000,Coupon,Kết hợp,Định kỳ - Cuối kỳ,Hoán đổi; Mua lại,,5.78,Hiệu lực,,BID ,Công ty cổ phần,Tổ chức tín dụng
2019,2024-05-31 00:00:00,SBVC - NGÂN HÀNG TNHH MỘT THÀNH VIÊN SHINHAN VIỆT NAM,SBVCL2427002,VNĐ,,29/05/2024,29/05/2027,,1000,1000000000,Coupon,Cố định,Định kỳ - Cuối kỳ,Mua lại,,5.4,Hiệu lực,,SBVC ,Công ty trách nhiệm hữu hạn,Tổ chức tín dụng
2020,2024-06-05 00:00:00,BID - Ngân hàng TMCP Đầu tư và Phát triển Việt Nam,BIDL2432008,VNĐ,,29/05/2024,29/05/2032,,20000,100000000,Coupon,Kết hợp,Định kỳ - Cuối kỳ,Hoán đổi; Mua lại,,5.88,Hiệu lực,,BID ,Công ty cổ phần,Tổ chức tín dụng
2021,2024-07-03 00:00:00,BID - Ngân hàng TMCP Đầu tư và Phát triển Việt Nam,BIDL2439011,VNĐ,,30/05/2024,30/05/2039,,100,1000000000,Coupon,Cố định,Định kỳ - Cuối kỳ,Hoán đổi; Mua lại,,6.5,Hiệu lực,,BID ,Công ty cổ phần,Tổ chức tín dụng
2022,2024-06-05 00:00:00,TPB - Ngân hàng Thương mại cổ phần Tiên Phong,TPBL2427001,VNĐ,,30/05/2024,30/05/2027,,10000,100000000,Coupon,Cố định,Định kỳ - Cuối kỳ,Mua lại,,5.1,Hiệu lực,,TPB ,Công ty cổ phần,Tổ chức tín dụng
2023,2024-06-06 00:00:00,TCB - Ngân hàng TMCP Kỹ thương Việt Nam,TCBL2427004,VNĐ,,30/05/2024,30/05/2027,,3000,1000000000,Coupon,Cố định,Định kỳ - Cuối kỳ,Mua lại,,4.9,Hiệu lực,,TCB ,Công ty cổ phần,Tổ chức tín dụng
2024,2024-06-10 00:00:00,BID - Ngân hàng TMCP Đầu tư và Phát triển Việt Nam,BIDL2444009,VNĐ,,30/05/2024,30/05/2044,,200,1000000000,Coupon,Cố định,Định kỳ - Cuối kỳ,Hoán đổi; Mua lại,,6.5,Hiệu lực,,BID ,Công ty cổ phần,Tổ chức tín dụng
2025,2024-06-12 00:00:00,BID - Ngân hàng TMCP Đầu tư và Phát triển Việt Nam,BIDL2431010,VNĐ,,30/05/2024,30/05/2031,,50,1000000000,Coupon,Kết hợp,Định kỳ - Cuối kỳ,Hoán đổi; Mua lại,,5.78,Hiệu lực,,BID ,Công ty cổ phần,Tổ chức tín dụng
2026,2024-06-13 00:00:00,NAB - Ngân hàng Thương mại Cổ phần Nam Á,NABL2427001,VNĐ,,31/05/2024,31/05/2027,,10000,100000000,Coupon,Cố định,Định kỳ - Cuối kỳ,Mua lại,,5.3,Hiệu lực,,NAB ,Công ty cổ phần,Tổ chức tín dụng
2027,2024-06-06 00:00:00,TPB - Ngân hàng Thương mại cổ phần Tiên Phong,TPBL2427002,VNĐ,,31/05/2024,31/05/2027,,10000,100000000,Coupon,Cố định,Định kỳ - Cuối kỳ,Mua lại,,5.1,Hiệu lực,,TPB ,Công ty cổ phần,Tổ chức tín dụng
2028,2024-06-05 00:00:00,HCVC - CÔNG TY TÀI CHÍNH TRÁCH NHIỆM HỮU HẠN MỘT THÀNH VIÊN HOME CREDIT VIỆT NAM,HCVCL2427001,VNĐ,,31/05/2024,31/05/2027,,1000,1000000000,Coupon,Kết hợp,Định kỳ - Cuối kỳ,,,7.4,Hiệu lực,,HCVC ,Công ty trách nhiệm hữu hạn,Tổ chức tín dụng
2029,2024-06-12 00:00:00,HCVC - CÔNG TY TÀI CHÍNH TRÁCH NHIỆM HỮU HẠN MỘT THÀNH VIÊN HOME CREDIT VIỆT NAM,HCVCL2426003,VNĐ,,06/06/2024,06/06/2026,,500,1000000000,Coupon,Kết hợp,Định kỳ - Cuối kỳ,,,7.0,Hiệu lực,,HCVC ,Công ty trách nhiệm hữu hạn,Tổ chức tín dụng
2030,2024-06-10 00:00:00,BAB - Ngân hàng Thương Mại Cổ Phần Bắc Á,BABL2427004,VNĐ,,06/06/2024,06/06/2027,,1000,1000000000,Coupon,Cố định,Định kỳ - Cuối kỳ,Mua lại,,4.7,Hiệu lực,,BAB ,Công ty cổ phần,Tổ chức tín dụng
2031,2024-08-14 00:00:00,CTG - Ngân hàng Thương mại cổ phần Công Thương Việt Nam,CTGL2439007,VNĐ,,08/06/2024,08/06/2039,,1000,100000000,Coupon,Cố định,Định kỳ - Cuối kỳ,Mua lại,,6.5,Hiệu lực,,CTG ,Công ty cổ phần,Tổ chức tín dụng
2032,2024-11-13 00:00:00,ACB - Ngân hàng TMCP Á Châu,ACBL2426014,VNĐ,,11/06/2024,11/06/2026,,2000,1000000000,Coupon,Thả nổi,Định kỳ - Cuối kỳ,Mua lại,,5.0,Hiệu lực,,ACB ,Công ty cổ phần,Tổ chức tín dụng
2033,2024-11-08 00:00:00,HDB - NH TMCP Phát triển thành phố Hồ Chí Minh ( HDBANK),HDBL2432020,VNĐ,,11/06/2024,11/06/2032,,2000,100000000,Coupon,Thả nổi,Định kỳ - Cuối kỳ,Mua lại,,7.47,Hiệu lực,,HDB ,Công ty cổ phần,Tổ chức tín dụng
2034,2024-06-14 00:00:00,SBVC - NGÂN HÀNG TNHH MỘT THÀNH VIÊN SHINHAN VIỆT NAM,SBVCL2426006,VNĐ,,13/06/2024,13/06/2026,,1000,1000000000,Coupon,Cố định,Định kỳ - Cuối kỳ,Mua lại,,5.1,Hiệu lực,,SBVC ,Công ty trách nhiệm hữu hạn,Tổ chức tín dụng
2035,2024-07-16 00:00:00,TCXC - CTCP chứng khoán Kỹ thương,TCXCH2425001,VNĐ,,14/06/2024,14/12/2025,,5000,100000000,Coupon,Kết hợp,Định kỳ - Cuối kỳ,Mua lại,,7.92,Hiệu lực,,TCXC ,Công ty cổ phần,Kinh doanh chứng khoán
2036,2024-06-25 00:00:00,NLG - Công ty Cổ phần Đầu tư Nam Long,NLGB2429001,VNĐ,,17/06/2024,17/06/2029,,5500,100000000,Coupon,Kết hợp,Định kỳ - Cuối kỳ,Mua lại,,9.5,Hiệu lực,,NLG ,Công ty cổ phần,Bất động sản
2037,2024-06-24 00:00:00,BID - Ngân hàng TMCP Đầu tư và Phát triển Việt Nam,BIDLH2432014,VNĐ,,17/06/2024,17/06/2032,,150,1000000000,Coupon,Thả nổi,Định kỳ - Cuối kỳ,Hoán đổi; Mua lại,,5.88,Hiệu lực,,BID ,Công ty cổ phần,Tổ chức tín dụng
2038,2024-06-24 00:00:00,BID - Ngân hàng TMCP Đầu tư và Phát triển Việt Nam,BIDLH2431013,VNĐ,,17/06/2024,17/06/2031,,720,1000000000,Coupon,Thả nổi,Định kỳ - Cuối kỳ,Hoán đổi; Mua lại,,5.78,Hiệu lực,,BID ,Công ty cổ phần,Tổ chức tín dụng
2039,2024-06-24 00:00:00,BCM - TỔNG CÔNG TY ĐẦU TƯ VÀ PHÁT TRIỂN CÔNG NGHIỆP - CTCP,BCMH2427001,VNĐ,,17/06/2024,17/06/2027,,8000,100000000,Coupon,Kết hợp,Định kỳ - Cuối kỳ,Mua lại,,10.5,Hiệu lực,,BCM ,Công ty cổ phần,Bất động sản
2040,2024-06-21 00:00:00,SBVC - NGÂN HÀNG TNHH MỘT THÀNH VIÊN SHINHAN VIỆT NAM,SBVCL2426007,VNĐ,,17/06/2024,17/06/2026,,1000,1000000000,Coupon,Cố định,Định kỳ - Cuối kỳ,,,5.4,Hiệu lực,,SBVC ,Công ty trách nhiệm hữu hạn,Tổ chức tín dụng
2041,2024-06-24 00:00:00,BAB - Ngân hàng Thương Mại Cổ Phần Bắc Á,BABL2427006,VNĐ,,19/06/2024,19/06/2027,,1000,1000000000,Coupon,Cố định,Định kỳ - Cuối kỳ,Mua lại,,5.5,Hiệu lực,,BAB ,Công ty cổ phần,Tổ chức tín dụng
2042,2024-06-20 00:00:00,MBB - NGÂN HÀNG TMCP QUÂN ĐỘI,MBBL2426012,VNĐ,,19/06/2024,19/06/2026,,20000,100000000,Coupon,Cố định,Định kỳ - Cuối kỳ,Mua lại,,5.28,Hiệu lực,,MBB ,Công ty cổ phần,Tổ chức tín dụng
2043,2024-06-28 00:00:00,KHG - CTCP Tập Đoàn KHẢI HOÀN LAND,KHGH2429001,VNĐ,,20/06/2024,20/06/2029,,2500,100000000,Coupon,Kết hợp,Định kỳ - Cuối kỳ,Mua lại,,12.5,Hiệu lực,,KHG ,Công ty cổ phần,Bất động sản
2044,2024-06-21 00:00:00,MBB - NGÂN HÀNG TMCP QUÂN ĐỘI,MBBL2426014,VNĐ,,20/06/2024,20/06/2026,,20000,100000000,Coupon,Cố định,Định kỳ - Cuối kỳ,Mua lại,,5.28,Hiệu lực,,MBB ,Công ty cổ phần,Tổ chức tín dụng
2045,2024-06-28 00:00:00,TMCC - Công ty TNHH Khu đô thị mới Trung Minh,TMCCH2429002,VNĐ,,20/06/2024,20/06/2029,,2000,100000000,Coupon,Kết hợp,Định kỳ - Đầu kỳ,Mua lại,,12.5,Hiệu lực,,TMCC ,Công ty trách nhiệm hữu hạn,Bất động sản
2046,2024-06-26 00:00:00,MBB - NGÂN HÀNG TMCP QUÂN ĐỘI,MBBL2431013,VNĐ,,20/06/2024,20/06/2031,,1000,1000000000,Coupon,Thả nổi,Định kỳ - Cuối kỳ,Mua lại,,6.18,Hiệu lực,,MBB ,Công ty cổ phần,Tổ chức tín dụng
2047,2024-06-27 00:00:00,HDB - NH TMCP Phát triển thành phố Hồ Chí Minh ( HDBANK),HDBL2431003,VNĐ,,20/06/2024,20/06/2031,,10000,100000000,Coupon,Thả nổi,Định kỳ - Cuối kỳ,Mua lại,,7.47,Hiệu lực,,HDB ,Công ty cổ phần,Tổ chức tín dụng
2048,2024-06-25 00:00:00,BMS - Công ty Cổ phần chứng khoán Bảo Minh,BMSH2425001,VNĐ,,21/06/2024,21/07/2025,,2600,100000000,Coupon,Cố định,Định kỳ - Cuối kỳ,Mua lại,,9.5,Hiệu lực,,BMS ,Công ty cổ phần,Kinh doanh chứng khoán
2049,2024-06-27 00:00:00,HCVC - CÔNG TY TÀI CHÍNH TRÁCH NHIỆM HỮU HẠN MỘT THÀNH VIÊN HOME CREDIT VIỆT NAM,HCVCL2426004,VNĐ,,24/06/2024,24/06/2026,,300,1000000000,Coupon,Kết hợp,Định kỳ - Cuối kỳ,,,7.0,Hiệu lực,,HCVC ,Công ty trách nhiệm hữu hạn,Tổ chức tín dụng
2050,2024-07-31 00:00:00,TCXC - CTCP chứng khoán Kỹ thương,TCXCH2425002,VNĐ,,26/06/2024,26/12/2025,,3617,100000000,Coupon,Kết hợp,Định kỳ - Cuối kỳ,Mua lại,,7.92,Hiệu lực,,TCXC ,Công ty cổ phần,Kinh doanh chứng khoán
2051,2024-07-03 00:00:00,TCB - Ngân hàng TMCP Kỹ thương Việt Nam,TCBL2427006,VNĐ,,26/06/2024,26/06/2027,,2000,1000000000,Coupon,Cố định,Định kỳ - Cuối kỳ,Mua lại,,5.4,Hiệu lực,,TCB ,Công ty cổ phần,Tổ chức tín dụng
2052,2024-07-04 00:00:00,BID - Ngân hàng TMCP Đầu tư và Phát triển Việt Nam,BIDLH2432015,VNĐ,,26/06/2024,26/06/2032,,400,1000000000,Coupon,Thả nổi,Định kỳ - Cuối kỳ,Hoán đổi; Mua lại,,5.93,Hiệu lực,,BID ,Công ty cổ phần,Tổ chức tín dụng
2053,2024-07-02 00:00:00,OCB - Ngân hàng TMCP Phương Đông,OCBL2427002,VNĐ,,26/06/2024,26/06/2027,,1500,1000000000,Coupon,Cố định,Định kỳ - Cuối kỳ,Mua lại,,5.2,Hiệu lực,,OCB ,Công ty cổ phần,Tổ chức tín dụng
2054,2024-07-02 00:00:00,GEG - Công ty cổ phần Điện Gia Lai,GEGH2429001,VNĐ,,26/06/2024,26/06/2029,,1000,100000000,Coupon,Kết hợp,Định kỳ - Cuối kỳ,Mua lại,,9.5,Hiệu lực,,GEG ,Công ty cổ phần,Năng lượng
2055,2024-07-04 00:00:00,NAB - Ngân hàng Thương mại Cổ phần Nam Á,NABL2430002,VNĐ,,26/06/2024,26/06/2030,,2600,100000000,Coupon,Cố định,Định kỳ - Cuối kỳ,Mua lại,,7.7,Hiệu lực,,NAB ,Công ty cổ phần,Tổ chức tín dụng
2056,2024-07-05 00:00:00,MSFC - Công ty Tài chính TNHH MB Shinsei,MSFCLH2430001,VNĐ,,26/06/2024,26/06/2030,,300,1000000000,Coupon,Thả nổi,Định kỳ - Cuối kỳ,Mua lại,,6.98,Hiệu lực,,MSFC ,Công ty trách nhiệm hữu hạn,Tổ chức tín dụng
2057,2024-07-02 00:00:00,AHCC - Công ty Cổ phần Kiểm định Xây dựng An Hòa,AHCCH2426001,VNĐ,,27/06/2024,27/06/2026,,500,100000000,Coupon,Cố định,Định kỳ - Cuối kỳ,Mua lại,,11.0,Hiệu lực,,AHCC ,Công ty cổ phần,Xây dựng
2058,2024-07-03 00:00:00,OCB - Ngân hàng TMCP Phương Đông,OCBL2427004,VNĐ,,27/06/2024,27/06/2027,,1000,1000000000,Coupon,Cố định,Định kỳ - Cuối kỳ,Mua lại,,4.9,Hiệu lực,,OCB ,Công ty cổ phần,Tổ chức tín dụng
2059,2024-07-03 00:00:00,TPB - Ngân hàng Thương mại cổ phần Tiên Phong,TPBL2427003,VNĐ,,27/06/2024,27/06/2027,,10000,100000000,Coupon,Kết hợp,Định kỳ - Cuối kỳ,Mua lại,,5.5,Hiệu lực,,TPB ,Công ty cổ phần,Tổ chức tín dụng
2060,2024-07-03 00:00:00,VPI - CTCP Đầu tư Văn Phú - Invest,VPIH2426001,VNĐ,,27/06/2024,27/06/2026,,1500,100000000,Coupon,Kết hợp,Định kỳ - Cuối kỳ,,,11.0,Hiệu lực,,VPI ,Công ty cổ phần,Bất động sản
2061,2024-07-04 00:00:00,BHBC - CTCP NĂNG LƯỢNG BẮC HÀ,BHBCH2429001,VNĐ,,27/06/2024,27/06/2029,,3250,100000000,Coupon,Cố định,Định kỳ - Cuối kỳ,Mua lại,,9.5,Hiệu lực,,BHBC ,Công ty cổ phần,Sản xuất
2062,2024-07-05 00:00:00,BID - Ngân hàng TMCP Đầu tư và Phát triển Việt Nam,BIDLH2431016,VNĐ,,27/06/2024,27/06/2031,,180,1000000000,Coupon,Thả nổi,Định kỳ - Cuối kỳ,Hoán đổi; Mua lại,,5.78,Hiệu lực,,BID ,Công ty cổ phần,Tổ chức tín dụng
2063,2024-07-05 00:00:00,IPA - CTCP Tập đoàn Đầu tư I.P.A,IPAH2429002,VNĐ,,27/06/2024,27/06/2029,,7350,100000000,Coupon,Cố định,Định kỳ - Cuối kỳ,Mua lại,,9.5,Hiệu lực,,IPA ,Công ty cổ phần,Lĩnh vực khác
2064,2024-07-05 00:00:00,BID - Ngân hàng TMCP Đầu tư và Phát triển Việt Nam,BIDLH2432017,VNĐ,,27/06/2024,27/06/2032,,150,1000000000,Coupon,Thả nổi,Định kỳ - Cuối kỳ,Hoán đổi; Mua lại,,5.93,Hiệu lực,,BID ,Công ty cổ phần,Tổ chức tín dụng
2065,2024-07-01 00:00:00,VHM - CTCP VINHOMES,VHMB2426006,VNĐ,,27/06/2024,27/06/2026,,25000,100000000,Coupon,Cố định,Định kỳ - Cuối kỳ,Mua lại,,12.0,Hiệu lực,,VHM ,Công ty cổ phần,Bất động sản
2066,2024-07-22 00:00:00,BVCC - Ngân hàng TMCP Bảo Việt,BVCCL2431001,VNĐ,,28/06/2024,28/06/2031,,1000,1000000000,Coupon,Thả nổi,Định kỳ - Cuối kỳ,Mua lại,,7.68,Hiệu lực,,BVCC ,Công ty cổ phần,Tổ chức tín dụng
2067,2024-08-02 00:00:00,HAAC - Công ty Cổ phần Đầu tư Kinh doanh Bất động sản Hà An,HAACH2427001,VNĐ,,28/06/2024,28/06/2027,,2350,100000000,Coupon,Cố định,Định kỳ - Cuối kỳ,Mua lại,,10.2,Hiệu lực,,HAAC ,Công ty cổ phần,Bất động sản
2068,2024-08-12 00:00:00,LV2C - CTCP Xuất nhập khẩu Thủy sản Liên Việt II,LV2CH2425001,VNĐ,,28/06/2024,28/06/2025,,0,100000000,Coupon,Cố định,,Mua lại,,11.5,Hiệu lực,,LV2C ,Công ty cổ phần,"Thương mại, dịch vụ"
2069,2024-07-03 00:00:00,OCB - Ngân hàng TMCP Phương Đông,OCBL2427003,VNĐ,,28/06/2024,28/06/2027,,1500,1000000000,Coupon,Cố định,Định kỳ - Cuối kỳ,Mua lại,,5.2,Hiệu lực,,OCB ,Công ty cổ phần,Tổ chức tín dụng
2070,2024-07-29 00:00:00,KSB - CTCP KHOÁNG SẢN VÀ XÂY DỰNG BÌNH DƯƠNG,KSBH2429001,VNĐ,,28/06/2024,28/06/2029,,3000,100000000,Coupon,Kết hợp,Định kỳ - Cuối kỳ,Mua lại,,10.0,Hiệu lực,,KSB ,Công ty cổ phần,Lĩnh vực khác
2071,2024-07-31 00:00:00,TCXC - CTCP chứng khoán Kỹ thương,TCXCH2425003,VNĐ,,28/06/2024,28/12/2025,,5000,100000000,Coupon,Kết hợp,Định kỳ - Cuối kỳ,Mua lại,,7.92,Hiệu lực,,TCXC ,Công ty cổ phần,Kinh doanh chứng khoán
2072,2024-07-04 00:00:00,GEG - Công ty cổ phần Điện Gia Lai,GEGH2427002,VNĐ,,28/06/2024,28/06/2027,,2000,100000000,Coupon,Kết hợp,Định kỳ - Cuối kỳ,Mua lại,,10.0,Hiệu lực,,GEG ,Công ty cổ phần,Năng lượng
2073,2024-07-03 00:00:00,DLJC - CÔNG TY CỔ PHẦN THƯƠNG MẠI SẢN XUẤT ĐỘC LẬP,DLJCH2425001,VNĐ,,28/06/2024,28/06/2025,,2000,100000000,Coupon,Cố định,Định kỳ - Cuối kỳ,Mua lại,,11.5,Hiệu lực,,DLJC ,Công ty cổ phần,"Thương mại, dịch vụ"
2074,2024-07-04 00:00:00,TPB - Ngân hàng Thương mại cổ phần Tiên Phong,TPBL2434007,VNĐ,,28/06/2024,28/06/2034,,2008,100000000,Coupon,Thả nổi,Định kỳ - Cuối kỳ,Mua lại,,6.68,Hiệu lực,,TPB ,Công ty cổ phần,Tổ chức tín dụng
2075,2024-07-03 00:00:00,HCVC - CÔNG TY TÀI CHÍNH TRÁCH NHIỆM HỮU HẠN MỘT THÀNH VIÊN HOME CREDIT VIỆT NAM,HCVCL2427005,VNĐ,,28/06/2024,28/06/2027,,600,1000000000,Coupon,Kết hợp,Định kỳ - Cuối kỳ,,,7.4,Hiệu lực,,HCVC ,Công ty trách nhiệm hữu hạn,Tổ chức tín dụng
2076,2024-07-04 00:00:00,TPB - Ngân hàng Thương mại cổ phần Tiên Phong,TPBL2427004,VNĐ,,28/06/2024,28/06/2027,,20000,100000000,Coupon,Kết hợp,Định kỳ - Cuối kỳ,Mua lại,,5.5,Hiệu lực,,TPB ,Công ty cổ phần,Tổ chức tín dụng
2077,2024-07-04 00:00:00,TPB - Ngân hàng Thương mại cổ phần Tiên Phong,TPBL2427005,VNĐ,,28/06/2024,28/06/2027,,15000,100000000,Coupon,Cố định,Định kỳ - Cuối kỳ,Mua lại,,5.2,Hiệu lực,,TPB ,Công ty cổ phần,Tổ chức tín dụng
2078,2024-07-08 00:00:00,SHDC - CTCP TẬP ĐOÀN MẶT TRỜI,SHDCB2429003,VNĐ,,28/06/2024,28/06/2029,,8000,100000000,Coupon,Kết hợp,Định kỳ - Cuối kỳ,Mua lại,,10.08,Hiệu lực,,SHDC ,Công ty cổ phần,Bất động sản
2079,2024-07-08 00:00:00,VJC - CÔNG TY CỔ PHẦN HÀNG KHÔNG VIETJET,VJCH2429001,VNĐ,,28/06/2024,28/06/2029,,20000,100000000,Coupon,Thả nổi,Định kỳ - Cuối kỳ,Mua lại,,10.5,Hiệu lực,,VJC ,Công ty cổ phần,Bất động sản
2080,2024-07-05 00:00:00,TCB - Ngân hàng TMCP Kỹ thương Việt Nam,TCBL2427009,VNĐ,,28/06/2024,28/06/2027,,2000,1000000000,Coupon,Cố định,Định kỳ - Cuối kỳ,Mua lại,,5.4,Hiệu lực,,TCB ,Công ty cổ phần,Tổ chức tín dụng
2081,2024-07-05 00:00:00,TCB - Ngân hàng TMCP Kỹ thương Việt Nam,TCBL2427008,VNĐ,,28/06/2024,28/06/2027,,2000,1000000000,Coupon,Cố định,Định kỳ - Cuối kỳ,Mua lại,,5.3,Hiệu lực,,TCB ,Công ty cổ phần,Tổ chức tín dụng
2082,2024-07-04 00:00:00,TPB - Ngân hàng Thương mại cổ phần Tiên Phong,TPBL2427006,VNĐ,,28/06/2024,28/06/2027,,5000,100000000,Coupon,Cố định,Định kỳ - Cuối kỳ,Mua lại,,5.6,Hiệu lực,,TPB ,Công ty cổ phần,Tổ chức tín dụng
2083,2024-07-04 00:00:00,SHDC - CTCP TẬP ĐOÀN MẶT TRỜI,SHDCB2427001,VNĐ,,28/06/2024,28/06/2027,,4000,100000000,Coupon,Kết hợp,Định kỳ - Cuối kỳ,Mua lại,,10.08,Hiệu lực,,SHDC ,Công ty cổ phần,Bất động sản
2084,2024-07-04 00:00:00,SHDC - CTCP TẬP ĐOÀN MẶT TRỜI,SHDCB2428002,VNĐ,,28/06/2024,28/06/2028,,6000,100000000,Coupon,Kết hợp,Định kỳ - Cuối kỳ,Mua lại,,10.08,Hiệu lực,,SHDC ,Công ty cổ phần,Bất động sản
2085,2024-07-04 00:00:00,HDB - NH TMCP Phát triển thành phố Hồ Chí Minh ( HDBANK),HDBL2432004,VNĐ,,28/06/2024,28/06/2032,,200,1000000000,Coupon,Cố định,Định kỳ - Cuối kỳ,Mua lại,,7.8,Hiệu lực,,HDB ,Công ty cổ phần,Tổ chức tín dụng
2086,2024-07-17 00:00:00,ACB - Ngân hàng TMCP Á Châu,ACBH2429003,VNĐ,,28/06/2024,28/06/2029,,2270,1000000000,Coupon,Cố định,Định kỳ - Cuối kỳ,Mua lại,,6.1,Hiệu lực,,ACB ,Công ty cổ phần,Tổ chức tín dụng
2087,2024-07-05 00:00:00,TCB - Ngân hàng TMCP Kỹ thương Việt Nam,TCBL2427007,VNĐ,,28/06/2024,28/06/2027,,2000,1000000000,Coupon,Cố định,Định kỳ - Cuối kỳ,Mua lại,,5.4,Hiệu lực,,TCB ,Công ty cổ phần,Tổ chức tín dụng
2088,2024-07-05 00:00:00,THBC - CÔNG TY TNHH ĐẦU TƯ XÂY DỰNG THIÊN HÀ- BĂNG DƯƠNG,THBCH2429001,VNĐ,,29/06/2024,29/06/2029,,6000,100000000,Coupon,Kết hợp,Định kỳ - Cuối kỳ,Mua lại,,12.0,Hiệu lực,,THBC ,Công ty trách nhiệm hữu hạn,Bất động sản
2089,2024-02-20 00:00:00,HNHC - CTCP Đầu tư và Xây dựng xa lộ Hà Nội,HNHCH2433001,VNĐ,,02/07/2024,11/07/2033,,5500,100000000,Coupon,Kết hợp,Định kỳ - Cuối kỳ,Mua lại,,10.1,Hiệu lực,,HNHC ,Công ty cổ phần,Xây dựng
2090,2024-05-10 00:00:00,VIC - TẬP ĐOÀN VINGROUP - CÔNG TY CP,VICH2426003,VNĐ,,05/07/2024,05/07/2026,,20000,100000000,Coupon,Kết hợp,Định kỳ - Cuối kỳ,Mua lại,,12.5,Hiệu lực,,VIC ,Công ty cổ phần,Bất động sản
2091,2024-06-20 00:00:00,BID - Ngân hàng TMCP Đầu tư và Phát triển Việt Nam,BIDL2434012,VNĐ,,06/07/2024,06/07/2034,,3500,1000000000,Coupon,Kết hợp,Định kỳ - Cuối kỳ,Hoán đổi; Mua lại,,6.08,Hiệu lực,,BID ,Công ty cổ phần,Tổ chức tín dụng
2092,2024-06-14 00:00:00,HDB - NH TMCP Phát triển thành phố Hồ Chí Minh ( HDBANK),HDBL2431002,VNĐ,,06/07/2024,06/07/2031,,300,1000000000,Coupon,Thả nổi,Định kỳ - Cuối kỳ,Mua lại,,7.47,Hiệu lực,,HDB ,Công ty cổ phần,Tổ chức tín dụng
2093,2024-08-13 00:00:00,OCB - Ngân hàng TMCP Phương Đông,OCBL2426007,VNĐ,,08/07/2024,08/07/2026,,1000,1000000000,Coupon,Cố định,Định kỳ - Cuối kỳ,Mua lại,,5.6,Hiệu lực,,OCB ,Công ty cổ phần,Tổ chức tín dụng
2094,2024-10-09 00:00:00,STB - Ngân hàng Thương mại Cổ Phần Sài Gòn Thương Tín,STBL2426003,VNĐ,,10/07/2024,10/07/2026,,1500,1000000000,Coupon,Cố định,Định kỳ - Cuối kỳ,,,6.0,Hiệu lực,,STB ,Công ty cổ phần,Tổ chức tín dụng
2095,2024-12-11 00:00:00,CTG - Ngân hàng Thương mại cổ phần Công Thương Việt Nam,CTGL2439015,VNĐ,,11/07/2024,11/07/2039,,4000,100000000,Coupon,Cố định,Định kỳ - Cuối kỳ,Mua lại,,6.5,Hiệu lực,,CTG ,Công ty cổ phần,Tổ chức tín dụng
2096,2024-07-29 00:00:00,ACB - Ngân hàng TMCP Á Châu,ACBL2427006,VNĐ,,15/07/2024,15/07/2027,,500,1000000000,Coupon,Cố định,Định kỳ - Cuối kỳ,Mua lại,,6.0,Hiệu lực,,ACB ,Công ty cổ phần,Tổ chức tín dụng
2097,2024-07-31 00:00:00,DTPC - Công Ty Cổ Phần Phát Triển Khu Công Nghệ Thông Tin Đà Nẵng,DTPCB2427001,VNĐ,,16/07/2024,16/01/2027,,5000,100000000,Zero coupon,,,Mua lại,,0.0,Hiệu lực,,DTPC ,Công ty cổ phần,Bất động sản
2098,2024-08-21 00:00:00,DRGC - CTCP Đầu tư và Du lịch Vạn Hương,DRGCH2427001,VNĐ,,16/07/2024,16/07/2027,,13962,100000000,Coupon,Kết hợp,Định kỳ - Cuối kỳ,Mua lại; None,,10.0,Hiệu lực,,DRGC ,Công ty cổ phần,Bất động sản
2099,2024-07-18 00:00:00,SHB - Ngân hàng TMCP Sài Gòn - Hà Nội,SHBL2427002,VNĐ,,17/07/2024,17/07/2027,,1000,1000000000,Coupon,Cố định,Định kỳ - Cuối kỳ,Mua lại,,6.3,Hiệu lực,,SHB ,Công ty cổ phần,Tổ chức tín dụng
2100,2024-07-25 00:00:00,BID - Ngân hàng TMCP Đầu tư và Phát triển Việt Nam,BIDLH2431022,VNĐ,,17/07/2024,17/07/2031,,105,1000000000,Coupon,Thả nổi,Định kỳ - Cuối kỳ,Hoán đổi; Mua lại,,5.78,Hiệu lực,,BID ,Công ty cổ phần,Tổ chức tín dụng
2101,2024-07-25 00:00:00,BID - Ngân hàng TMCP Đầu tư và Phát triển Việt Nam,BIDLH2432023,VNĐ,,17/07/2024,17/07/2032,,50,1000000000,Coupon,Thả nổi,Định kỳ - Cuối kỳ,Hoán đổi; Mua lại,,5.88,Hiệu lực,,BID ,Công ty cổ phần,Tổ chức tín dụng
2102,2024-07-25 00:00:00,CTG - Ngân hàng Thương mại cổ phần Công Thương Việt Nam,CTGL2439004,VNĐ,,17/07/2024,17/07/2039,,2300,100000000,Coupon,Cố định,Định kỳ - Cuối kỳ,Mua lại,,6.5,Hiệu lực,,CTG ,Công ty cổ phần,Tổ chức tín dụng
2103,2024-07-18 00:00:00,HTPC - Công ty cổ phần Phát triển tổng hợp Hưng thịnh Phát,HTPCH2428001,VNĐ,,17/07/2024,17/07/2028,,4120,100000000,Coupon,Kết hợp,Định kỳ - Cuối kỳ,Mua lại,,12.0,Hiệu lực,,HTPC ,Công ty cổ phần,Bất động sản
2104,2024-07-26 00:00:00,OCB - Ngân hàng TMCP Phương Đông,OCBL2427006,VNĐ,,18/07/2024,18/07/2027,,1000,1000000000,Coupon,Cố định,Định kỳ - Cuối kỳ,Mua lại,,5.4,Hiệu lực,,OCB ,Công ty cổ phần,Tổ chức tín dụng
2105,2024-07-23 00:00:00,CII - CTCP Đầu tư Hạ tầng Kỹ thuật Thành phố Hồ Chí Minh,CIIB2427001,VNĐ,,22/07/2024,22/07/2027,,3000,100000000,Coupon,Thả nổi,Định kỳ - Cuối kỳ,Mua lại,,9.95,Hiệu lực,,CII ,Công ty cổ phần,Xây dựng
2106,2024-08-22 00:00:00,VDS - CTCP Chứng khoán Rồng Việt,VDSH2425003,VNĐ,,23/07/2024,23/07/2025,,8891,100000000,Coupon,Cố định,Định kỳ - Cuối kỳ,Mua lại,,8.0,Hiệu lực,,VDS ,Công ty cổ phần,Kinh doanh chứng khoán
2107,2024-07-30 00:00:00,MBB - NGÂN HÀNG TMCP QUÂN ĐỘI,MBBL2427015,VNĐ,,23/07/2024,23/07/2027,,20000,100000000,Coupon,Cố định,Định kỳ - Cuối kỳ,Mua lại,,5.45,Hiệu lực,,MBB ,Công ty cổ phần,Tổ chức tín dụng
2108,2024-08-05 00:00:00,BID - Ngân hàng TMCP Đầu tư và Phát triển Việt Nam,BIDLH2432024,VNĐ,,23/07/2024,23/07/2032,,1500,1000000000,Coupon,Thả nổi,Định kỳ - Cuối kỳ,Hoán đổi; Mua lại,,5.88,Hiệu lực,,BID ,Công ty cổ phần,Tổ chức tín dụng
2109,2024-07-29 00:00:00,VIB - Ngân hàng TMCP Quốc tế Việt Nam,VIBL2427001,VNĐ,,24/07/2024,24/07/2027,,20000,100000000,Coupon,Cố định,Định kỳ - Cuối kỳ,Mua lại,,5.8,Hiệu lực,,VIB ,Công ty cổ phần,Tổ chức tín dụng
2110,2024-08-01 00:00:00,CTG - Ngân hàng Thương mại cổ phần Công Thương Việt Nam,CTGL2434005,VNĐ,,24/07/2024,24/07/2034,,3200,100000000,Coupon,Thả nổi,Định kỳ - Cuối kỳ,Mua lại,,6.08,Hiệu lực,,CTG ,Công ty cổ phần,Tổ chức tín dụng
2111,2024-08-01 00:00:00,ACB - Ngân hàng TMCP Á Châu,ACBL2429007,VNĐ,,24/07/2024,24/07/2029,,500,1000000000,Coupon,Cố định,Định kỳ - Cuối kỳ,Mua lại,,6.1,Hiệu lực,,ACB ,Công ty cổ phần,Tổ chức tín dụng
2112,2024-07-30 00:00:00,MBB - NGÂN HÀNG TMCP QUÂN ĐỘI,MBBL2427016,VNĐ,,24/07/2024,24/07/2027,,20000,100000000,Coupon,Cố định,Định kỳ - Cuối kỳ,Mua lại,,5.45,Hiệu lực,,MBB ,Công ty cổ phần,Tổ chức tín dụng
2113,2024-07-30 00:00:00,MBB - NGÂN HÀNG TMCP QUÂN ĐỘI,MBBL2427017,VNĐ,,25/07/2024,25/07/2027,,20000,100000000,Coupon,Cố định,Định kỳ - Cuối kỳ,Mua lại,,5.45,Hiệu lực,,MBB ,Công ty cổ phần,Tổ chức tín dụng
2114,2024-07-30 00:00:00,MBB - NGÂN HÀNG TMCP QUÂN ĐỘI,MBBL2426018,VNĐ,,25/07/2024,25/07/2026,,20000,100000000,Coupon,Cố định,Định kỳ - Cuối kỳ,Mua lại,,5.45,Hiệu lực,,MBB ,Công ty cổ phần,Tổ chức tín dụng
2115,2024-07-30 00:00:00,MBB - NGÂN HÀNG TMCP QUÂN ĐỘI,MBBL2426019,VNĐ,,26/07/2024,26/07/2026,,20000,100000000,Coupon,Cố định,Định kỳ - Cuối kỳ,Mua lại,,5.45,Hiệu lực,,MBB ,Công ty cổ phần,Tổ chức tín dụng
2116,2024-08-01 00:00:00,HDRC - Công ty TNHH Đầu tư và Phát triển Bất động sản Hải Đăng,HDRCB2426003,VNĐ,,26/07/2024,26/01/2026,,28500,100000000,Coupon,Kết hợp,Định kỳ - Cuối kỳ,Mua lại,,9.8,Hiệu lực,,HDRC ,Công ty trách nhiệm hữu hạn,Bất động sản
2117,2024-07-31 00:00:00,HDB - NH TMCP Phát triển thành phố Hồ Chí Minh ( HDBANK),HDBL2432006,VNĐ,,26/07/2024,26/07/2032,,5000,100000000,Coupon,Thả nổi,Định kỳ - Cuối kỳ,Mua lại,,7.47,Hiệu lực,,HDB ,Công ty cổ phần,Tổ chức tín dụng
2118,2024-08-20 00:00:00,TCXC - CTCP chứng khoán Kỹ thương,TCXCH2426004,VNĐ,,29/07/2024,29/01/2026,,5000,100000000,Coupon,Kết hợp,Định kỳ - Cuối kỳ,Mua lại,,7.92,Hiệu lực,,TCXC ,Công ty cổ phần,Kinh doanh chứng khoán
2119,2024-08-01 00:00:00,HDB - NH TMCP Phát triển thành phố Hồ Chí Minh ( HDBANK),HDBL2427007,VNĐ,,30/07/2024,30/07/2027,,1000,1000000000,Coupon,Cố định,Định kỳ - Cuối kỳ,Mua lại,,5.7,Hiệu lực,,HDB ,Công ty cổ phần,Tổ chức tín dụng
2120,2024-08-05 00:00:00,HDB - NH TMCP Phát triển thành phố Hồ Chí Minh ( HDBANK),HDBL2427010,VNĐ,,31/07/2024,31/07/2027,,3000,1000000000,Coupon,Cố định,Định kỳ - Cuối kỳ,Mua lại,,5.7,Hiệu lực,,HDB ,Công ty cổ phần,Tổ chức tín dụng
2121,2024-08-05 00:00:00,HDB - NH TMCP Phát triển thành phố Hồ Chí Minh ( HDBANK),HDBL2431009,VNĐ,,31/07/2024,31/07/2031,,200,1000000000,Coupon,Thả nổi,Định kỳ - Cuối kỳ,Mua lại,,7.47,Hiệu lực,,HDB ,Công ty cổ phần,Tổ chức tín dụng
2122,2024-08-05 00:00:00,HDB - NH TMCP Phát triển thành phố Hồ Chí Minh ( HDBANK),HDBL2432008,VNĐ,,31/07/2024,31/07/2032,,5000,100000000,Coupon,Thả nổi,Định kỳ - Cuối kỳ,Mua lại,,7.47,Hiệu lực,,HDB ,Công ty cổ phần,Tổ chức tín dụng
2123,2024-08-07 00:00:00,NAB - Ngân hàng Thương mại Cổ phần Nam Á,NABL2427004,VNĐ,,31/07/2024,31/07/2027,,10000,100000000,Coupon,Cố định,Định kỳ - Cuối kỳ,Mua lại,,5.8,Hiệu lực,,NAB ,Công ty cổ phần,Tổ chức tín dụng
2124,2024-04-09 00:00:00,MBB - NGÂN HÀNG TMCP QUÂN ĐỘI,MBBL2431006,VNĐ,,04/08/2024,04/08/2031,,100,1000000000,Coupon,Thả nổi,Định kỳ - Cuối kỳ,Mua lại,,6.18,Hiệu lực,,MBB ,Công ty cổ phần,Tổ chức tín dụng
2125,2024-04-09 00:00:00,MBB - NGÂN HÀNG TMCP QUÂN ĐỘI,MBBL2431005,VNĐ,,04/08/2024,04/08/2031,,1000,1000000000,Coupon,Thả nổi,Định kỳ - Cuối kỳ,Mua lại,,6.18,Hiệu lực,,MBB ,Công ty cổ phần,Tổ chức tín dụng
2126,2024-07-09 00:00:00,SHB - Ngân hàng TMCP Sài Gòn - Hà Nội,SHBL2427001,VNĐ,,07/08/2024,07/08/2027,,2000,1000000000,Coupon,Cố định,Định kỳ - Cuối kỳ,Mua lại,,6.0,Hiệu lực,,SHB ,Công ty cổ phần,Tổ chức tín dụng
2127,2024-08-13 00:00:00,OCB - Ngân hàng TMCP Phương Đông,OCBL2427008,VNĐ,,08/08/2024,08/08/2027,,1000,1000000000,Coupon,Cố định,Định kỳ - Cuối kỳ,Mua lại,,5.6,Hiệu lực,,OCB ,Công ty cổ phần,Tổ chức tín dụng
2128,2024-08-13 00:00:00,OCB - Ngân hàng TMCP Phương Đông,OCBL2427009,VNĐ,,08/08/2024,08/08/2027,,1000,1000000000,Coupon,Cố định,Định kỳ - Cuối kỳ,Mua lại,,5.6,Hiệu lực,,OCB ,Công ty cổ phần,Tổ chức tín dụng
2129,2024-08-16 00:00:00,BCM - TỔNG CÔNG TY ĐẦU TƯ VÀ PHÁT TRIỂN CÔNG NGHIỆP - CTCP,BCMH2427002,VNĐ,,08/08/2024,08/08/2027,,200,1000000000,Coupon,Kết hợp,Định kỳ - Cuối kỳ,Mua lại,,10.5,Hiệu lực,,BCM ,Công ty cổ phần,Bất động sản
2130,2024-09-13 00:00:00,TCXC - CTCP chứng khoán Kỹ thương,TCXCH2426005,VNĐ,,08/08/2024,02/08/2026,,5000,100000000,Coupon,Kết hợp,Định kỳ - Cuối kỳ,Mua lại,,7.92,Hiệu lực,,TCXC ,Công ty cổ phần,Kinh doanh chứng khoán
2131,2024-08-16 00:00:00,BID - Ngân hàng TMCP Đầu tư và Phát triển Việt Nam,BIDLH2430025,VNĐ,,08/08/2024,08/08/2030,,1000,1000000000,Coupon,Thả nổi,Định kỳ - Cuối kỳ,Hoán đổi; Mua lại,,5.58,Hiệu lực,,BID ,Công ty cổ phần,Tổ chức tín dụng
2132,2024-11-21 00:00:00,VHM - CTCP VINHOMES,VHMB2427008,VNĐ,,11/08/2024,11/08/2027,,20000,100000000,Coupon,Cố định,Định kỳ - Cuối kỳ,Mua lại,,12.0,Hiệu lực,,VHM ,Công ty cổ phần,Bất động sản
2133,2024-11-15 00:00:00,PKAC - CTCP Tập đoàn Phượng Hoàng Xanh A&A,PKACH2431002,VNĐ,,11/08/2024,30/09/2031,,2000,100000000,Coupon,Cố định,Định kỳ - Cuối kỳ,Mua lại,,8.2,Hiệu lực,,PKAC ,Công ty cổ phần,Sản xuất
2134,2024-08-20 00:00:00,OCB - Ngân hàng TMCP Phương Đông,OCBL2426010,VNĐ,,13/08/2024,13/08/2026,,2000,1000000000,Coupon,Cố định,Định kỳ - Cuối kỳ,Mua lại,,5.6,Hiệu lực,,OCB ,Công ty cổ phần,Tổ chức tín dụng
2135,2024-08-21 00:00:00,TMS - CTCP TRANSIMEX,TMSH2426001,VNĐ,,13/08/2024,13/08/2026,,1000,100000000,Coupon,Cố định,Định kỳ - Cuối kỳ,Mua lại,,9.5,Hiệu lực,,TMS ,Công ty cổ phần,"Thương mại, dịch vụ"
2136,2024-08-27 00:00:00,F88C - Công ty cổ phần kinh doanh F88,F88CH2425004,VNĐ,,14/08/2024,14/08/2025,,1000,100000000,Coupon,Cố định,Định kỳ - Cuối kỳ,Mua lại,,11.0,Hiệu lực,,F88C ,Công ty cổ phần,"Thương mại, dịch vụ"
2137,2024-08-23 00:00:00,BCM - TỔNG CÔNG TY ĐẦU TƯ VÀ PHÁT TRIỂN CÔNG NGHIỆP - CTCP,BCMH2427004,VNĐ,,14/08/2024,14/08/2027,,3000,100000000,Coupon,Kết hợp,Định kỳ - Cuối kỳ,Mua lại,,10.5,Hiệu lực,,BCM ,Công ty cổ phần,Bất động sản
2138,2024-08-30 00:00:00,BCM - TỔNG CÔNG TY ĐẦU TƯ VÀ PHÁT TRIỂN CÔNG NGHIỆP - CTCP,BCMH2427003,VNĐ,,14/08/2024,14/08/2027,,5000,100000000,Coupon,Kết hợp,Định kỳ - Cuối kỳ,Mua lại,,10.2,Hiệu lực,,BCM ,Công ty cổ phần,Bất động sản
2139,2024-08-22 00:00:00,CTG - Ngân hàng Thương mại cổ phần Công Thương Việt Nam,CTGL2432008,VNĐ,,15/08/2024,15/08/2032,,2500,100000000,Coupon,Thả nổi,Định kỳ - Cuối kỳ,Mua lại,,5.78,Hiệu lực,,CTG ,Công ty cổ phần,Tổ chức tín dụng
2140,2024-08-20 00:00:00,VPB - NH TMCP VIỆT NAM THỊNH VƯỢNG,VPBB2427001,VNĐ,,16/08/2024,16/08/2027,,4000,1000000000,Coupon,Cố định,Định kỳ - Cuối kỳ,Mua lại,,5.5,Hiệu lực,,VPB ,Công ty cổ phần,Tổ chức tín dụng
2141,2024-08-23 00:00:00,BID - Ngân hàng TMCP Đầu tư và Phát triển Việt Nam,BIDL2429026,VNĐ,,16/08/2024,16/08/2029,,540,1000000000,Coupon,Cố định,Định kỳ - Cuối kỳ,Hoán đổi; Mua lại,,5.68,Hiệu lực,,BID ,Công ty cổ phần,Tổ chức tín dụng
2142,2024-09-06 00:00:00,BID - Ngân hàng TMCP Đầu tư và Phát triển Việt Nam,BIDL2429027,VNĐ,,16/08/2024,16/08/2029,,2460,1000000000,Coupon,Thả nổi,Định kỳ - Cuối kỳ,Hoán đổi; Mua lại,,5.48,Hiệu lực,,BID ,Công ty cổ phần,Tổ chức tín dụng
2143,2024-08-26 00:00:00,CTG - Ngân hàng Thương mại cổ phần Công Thương Việt Nam,CTGL2432009,VNĐ,,20/08/2024,20/08/2032,,10000,100000000,Coupon,Thả nổi,Định kỳ - Cuối kỳ,Mua lại,,5.88,Hiệu lực,,CTG ,Công ty cổ phần,Tổ chức tín dụng
2144,2024-08-27 00:00:00,F88C - Công ty cổ phần kinh doanh F88,F88CH2425005,VNĐ,,20/08/2024,20/08/2025,,500,100000000,Coupon,Cố định,Định kỳ - Cuối kỳ,Mua lại,,11.0,Hiệu lực,,F88C ,Công ty cổ phần,"Thương mại, dịch vụ"
2145,2024-08-27 00:00:00,OCB - Ngân hàng TMCP Phương Đông,OCBL2427011,VNĐ,,21/08/2024,21/08/2027,,1000,1000000000,Coupon,Cố định,Định kỳ - Cuối kỳ,Mua lại,,5.5,Hiệu lực,,OCB ,Công ty cổ phần,Tổ chức tín dụng
2146,2024-08-29 00:00:00,BID - Ngân hàng TMCP Đầu tư và Phát triển Việt Nam,BIDLH2432029,VNĐ,,21/08/2024,21/08/2032,,95,1000000000,Coupon,Thả nổi,Định kỳ - Cuối kỳ,Hoán đổi; Mua lại,,5.88,Hiệu lực,,BID ,Công ty cổ phần,Tổ chức tín dụng
2147,2024-08-23 00:00:00,HDB - NH TMCP Phát triển thành phố Hồ Chí Minh ( HDBANK),HDBL2431012,VNĐ,,21/08/2024,21/08/2031,,200,1000000000,Coupon,Thả nổi,Định kỳ - Cuối kỳ,Mua lại,,7.47,Hiệu lực,,HDB ,Công ty cổ phần,Tổ chức tín dụng
2148,2024-08-29 00:00:00,BID - Ngân hàng TMCP Đầu tư và Phát triển Việt Nam,BIDLH2431028,VNĐ,,21/08/2024,21/08/2031,,900,1000000000,Coupon,Thả nổi,Định kỳ - Cuối kỳ,Hoán đổi; Mua lại,,5.78,Hiệu lực,,BID ,Công ty cổ phần,Tổ chức tín dụng
2149,2024-08-30 00:00:00,ACB - Ngân hàng TMCP Á Châu,ACBL2426008,VNĐ,,22/08/2024,22/08/2026,,1500,1000000000,Coupon,Cố định,Định kỳ - Cuối kỳ,Mua lại,,5.5,Hiệu lực,,ACB ,Công ty cổ phần,Tổ chức tín dụng
2150,2024-09-25 00:00:00,TLPC - Công ty Cổ phần Nhiệt điện Thăng Long,TLPCH2427001,VNĐ,,22/08/2024,22/08/2027,,8995,100000000,Coupon,Kết hợp,Khác,Mua lại,,10.0,Hiệu lực,,TLPC ,Công ty cổ phần,Sản xuất
2151,2024-08-27 00:00:00,VIB - Ngân hàng TMCP Quốc tế Việt Nam,VIBL2427002,VNĐ,,22/08/2024,22/08/2027,,1000,1000000000,Coupon,Cố định,Định kỳ - Cuối kỳ,Mua lại,,5.2,Hiệu lực,,VIB ,Công ty cổ phần,Tổ chức tín dụng
2152,2024-08-28 00:00:00,NLG - Công ty Cổ phần Đầu tư Nam Long,NLGB2427002,VNĐ,,22/08/2024,22/08/2027,,5000,100000000,Coupon,Kết hợp,Định kỳ - Cuối kỳ,Mua lại,,9.78,Hiệu lực,,NLG ,Công ty cổ phần,Bất động sản
2153,2024-08-28 00:00:00,NLG - Công ty Cổ phần Đầu tư Nam Long,NLGB2427003,VNĐ,,22/08/2024,22/08/2027,,4500,100000000,Coupon,Kết hợp,Định kỳ - Cuối kỳ,Mua lại,,9.78,Hiệu lực,,NLG ,Công ty cổ phần,Bất động sản
2154,2024-08-30 00:00:00,CTG - Ngân hàng Thương mại cổ phần Công Thương Việt Nam,CTGL2439010,VNĐ,,23/08/2024,23/08/2039,,1250,100000000,Coupon,Cố định,Định kỳ - Cuối kỳ,Mua lại,,6.5,Hiệu lực,,CTG ,Công ty cổ phần,Tổ chức tín dụng
2155,2024-08-30 00:00:00,LPB - Ngân hàng Thương mại Cổ phần Lộc Phát Việt Nam (tên cũ: Ngân hàng Thương mại cổ phần Bưu Điện Liên Việt),LPBL2431001,VNĐ,,23/08/2024,23/08/2031,,400,1000000000,Coupon,Thả nổi,Định kỳ - Cuối kỳ,Mua lại,,7.58,Hiệu lực,,LPB ,Công ty cổ phần,Tổ chức tín dụng
2156,2024-08-30 00:00:00,TPB - Ngân hàng Thương mại cổ phần Tiên Phong,TPBL2434009,VNĐ,,23/08/2024,23/08/2034,,3840,100000000,Coupon,Thả nổi,Định kỳ - Cuối kỳ,Mua lại,,6.68,Hiệu lực,,TPB ,Công ty cổ phần,Tổ chức tín dụng
2157,2024-08-26 00:00:00,BVCC - Ngân hàng TMCP Bảo Việt,BVCCL2431002,VNĐ,,23/08/2024,23/08/2031,,800,1000000000,Coupon,Thả nổi,Định kỳ - Cuối kỳ,Mua lại,,7.68,Hiệu lực,,BVCC ,Công ty cổ phần,Tổ chức tín dụng
2158,2024-08-30 00:00:00,TPB - Ngân hàng Thương mại cổ phần Tiên Phong,TPBL2427010,VNĐ,,26/08/2024,26/08/2027,,20000,100000000,Coupon,Cố định,Định kỳ - Cuối kỳ,Mua lại,,5.1,Hiệu lực,,TPB ,Công ty cổ phần,Tổ chức tín dụng
2159,2024-09-06 00:00:00,BID - Ngân hàng TMCP Đầu tư và Phát triển Việt Nam,BIDLH2431030,VNĐ,,26/08/2024,26/08/2031,,100,1000000000,Coupon,Thả nổi,Định kỳ - Cuối kỳ,Hoán đổi; Mua lại,,5.78,Hiệu lực,,BID ,Công ty cổ phần,Tổ chức tín dụng
2160,2024-09-06 00:00:00,BID - Ngân hàng TMCP Đầu tư và Phát triển Việt Nam,BIDLH2432031,VNĐ,,26/08/2024,26/08/2032,,392,1000000000,Coupon,Thả nổi,Định kỳ - Cuối kỳ,Hoán đổi; Mua lại,,5.88,Hiệu lực,,BID ,Công ty cổ phần,Tổ chức tín dụng
2161,2024-08-29 00:00:00,GEG - Công ty cổ phần Điện Gia Lai,GEGH2429003,VNĐ,,26/08/2024,26/08/2029,,2000,100000000,Coupon,Kết hợp,Định kỳ - Cuối kỳ,Mua lại,,9.5,Hiệu lực,,GEG ,Công ty cổ phần,Năng lượng
2162,2024-09-05 00:00:00,MSB - Ngân hàng TMCP Hàng Hải Việt Nam,MSBL2427005,VNĐ,,27/08/2024,27/08/2027,,1000,1000000000,Coupon,Cố định,Định kỳ - Cuối kỳ,Mua lại,,5.3,Hiệu lực,,MSB ,Công ty cổ phần,Tổ chức tín dụng
2163,2024-09-06 00:00:00,BID - Ngân hàng TMCP Đầu tư và Phát triển Việt Nam,BIDL2432032,VNĐ,,27/08/2024,27/08/2032,,10000,100000000,Coupon,Thả nổi,Định kỳ - Cuối kỳ,Hoán đổi; Mua lại,,5.88,Hiệu lực,,BID ,Công ty cổ phần,Tổ chức tín dụng
2164,2024-10-03 00:00:00,DRGC - CTCP Đầu tư và Du lịch Vạn Hương,DRGCH2427002,VNĐ,,28/08/2024,28/08/2027,,14964,100000000,Coupon,Kết hợp,Định kỳ - Cuối kỳ,Mua lại,,10.0,Hiệu lực,,DRGC ,Công ty cổ phần,Bất động sản
2165,2024-09-27 00:00:00,SHDC - CTCP TẬP ĐOÀN MẶT TRỜI,SHDCB2429004,VNĐ,,28/08/2024,28/08/2029,,10000,100000000,Coupon,Kết hợp,Định kỳ - Cuối kỳ,Mua lại,,10.59,Hiệu lực,,SHDC ,Công ty cổ phần,Bất động sản
2166,2024-08-30 00:00:00,KBC - TỔNG CÔNG TY PHÁT TRIỂN ĐÔ THỊ KINH BẮC - CTCP,KBCH2426001,VNĐ,,28/08/2024,28/08/2026,,1000,1000000000,Coupon,Cố định,Định kỳ - Cuối kỳ,Mua lại,,10.5,Hiệu lực,,KBC ,Công ty cổ phần,Lĩnh vực khác
2167,2024-08-30 00:00:00,OCB - Ngân hàng TMCP Phương Đông,OCBL2427012,VNĐ,,28/08/2024,28/08/2027,,600,1000000000,Coupon,Cố định,Định kỳ - Cuối kỳ,Mua lại,,5.5,Hiệu lực,,OCB ,Công ty cổ phần,Tổ chức tín dụng
2168,2024-09-06 00:00:00,TPB - Ngân hàng Thương mại cổ phần Tiên Phong,TPBL2434011,VNĐ,,28/08/2024,28/08/2034,,850,100000000,Coupon,Thả nổi,Định kỳ - Cuối kỳ,Mua lại,,6.68,Hiệu lực,,TPB ,Công ty cổ phần,Tổ chức tín dụng
2169,2024-08-30 00:00:00,MSB - Ngân hàng TMCP Hàng Hải Việt Nam,MSBL2427006,VNĐ,,28/08/2024,28/08/2027,,1000,1000000000,Coupon,Cố định,Định kỳ - Cuối kỳ,Mua lại,,5.3,Hiệu lực,,MSB ,Công ty cổ phần,Tổ chức tín dụng
2170,2024-08-30 00:00:00,VIB - Ngân hàng TMCP Quốc tế Việt Nam,VIBL2427003,VNĐ,,28/08/2024,28/08/2027,,2000,1000000000,Coupon,Cố định,Định kỳ - Cuối kỳ,Mua lại,,5.2,Hiệu lực,,VIB ,Công ty cổ phần,Tổ chức tín dụng
2171,2024-09-10 00:00:00,BID - Ngân hàng TMCP Đầu tư và Phát triển Việt Nam,BIDLH2431033,VNĐ,,28/08/2024,28/08/2031,,400,1000000000,Coupon,Thả nổi,Định kỳ - Cuối kỳ,Hoán đổi; Mua lại,,5.78,Hiệu lực,,BID ,Công ty cổ phần,Tổ chức tín dụng
2172,2024-09-10 00:00:00,BID - Ngân hàng TMCP Đầu tư và Phát triển Việt Nam,BIDLH2432036,VNĐ,,29/08/2024,29/08/2032,,250,1000000000,Coupon,Thả nổi,Định kỳ - Cuối kỳ,Hoán đổi; Mua lại,,5.88,Hiệu lực,,BID ,Công ty cổ phần,Tổ chức tín dụng
2173,2024-09-10 00:00:00,BID - Ngân hàng TMCP Đầu tư và Phát triển Việt Nam,BIDLH2431034,VNĐ,,29/08/2024,29/08/2031,,450,1000000000,Coupon,Thả nổi,Định kỳ - Cuối kỳ,Hoán đổi; Mua lại,,5.78,Hiệu lực,,BID ,Công ty cổ phần,Tổ chức tín dụng
2174,2024-09-05 00:00:00,MSB - Ngân hàng TMCP Hàng Hải Việt Nam,MSBL2427007,VNĐ,,29/08/2024,29/08/2027,,1500,1000000000,Coupon,Cố định,Định kỳ - Cuối kỳ,Mua lại,,5.3,Hiệu lực,,MSB ,Công ty cổ phần,Tổ chức tín dụng
2175,2024-09-11 00:00:00,BID - Ngân hàng TMCP Đầu tư và Phát triển Việt Nam,BIDL2439037,VNĐ,,29/08/2024,29/08/2039,,200,1000000000,Coupon,Kết hợp,Định kỳ - Cuối kỳ,Hoán đổi; Mua lại,,6.5,Hiệu lực,,BID ,Công ty cổ phần,Tổ chức tín dụng
2176,2024-09-10 00:00:00,BID - Ngân hàng TMCP Đầu tư và Phát triển Việt Nam,BIDLH2431035,VNĐ,,29/08/2024,29/08/2031,,100,1000000000,Coupon,Thả nổi,Định kỳ - Cuối kỳ,Hoán đổi; Mua lại,,5.78,Hiệu lực,,BID ,Công ty cổ phần,Tổ chức tín dụng
2177,2024-09-06 00:00:00,TPB - Ngân hàng Thương mại cổ phần Tiên Phong,TPBL2434013,VNĐ,,30/08/2024,30/08/2034,,1425,100000000,Coupon,Thả nổi,Định kỳ - Cuối kỳ,Mua lại,,6.68,Hiệu lực,,TPB ,Công ty cổ phần,Tổ chức tín dụng
2178,2024-09-06 00:00:00,TPB - Ngân hàng Thương mại cổ phần Tiên Phong,TPBL2427012,VNĐ,,30/08/2024,30/08/2027,,20000,100000000,Coupon,Kết hợp,Định kỳ - Cuối kỳ,Mua lại,,5.3,Hiệu lực,,TPB ,Công ty cổ phần,Tổ chức tín dụng
2179,2024-04-11 00:00:00,MBB - NGÂN HÀNG TMCP QUÂN ĐỘI,MBBL2431007,VNĐ,,04/09/2024,04/09/2031,,100,1000000000,Coupon,Thả nổi,Định kỳ - Cuối kỳ,Mua lại,,6.18,Hiệu lực,,MBB ,Công ty cổ phần,Tổ chức tín dụng
2180,2024-05-15 00:00:00,HDB - NH TMCP Phát triển thành phố Hồ Chí Minh ( HDBANK),HDBL2427001,VNĐ,,05/09/2024,05/09/2027,,2000,1000000000,Coupon,Cố định,Định kỳ - Cuối kỳ,Mua lại,,4.8,Hiệu lực,,HDB ,Công ty cổ phần,Tổ chức tín dụng
2181,2024-07-16 00:00:00,CTG - Ngân hàng Thương mại cổ phần Công Thương Việt Nam,CTGL2439002,VNĐ,,07/09/2024,07/09/2039,,10000,100000000,Coupon,Cố định,Định kỳ - Cuối kỳ,Mua lại,,6.5,Hiệu lực,,CTG ,Công ty cổ phần,Tổ chức tín dụng
2182,2024-07-18 00:00:00,BID - Ngân hàng TMCP Đầu tư và Phát triển Việt Nam,BIDLH2431020,VNĐ,,07/09/2024,07/09/2031,,450,1000000000,Coupon,Thả nổi,Định kỳ - Cuối kỳ,Hoán đổi; Mua lại,,5.78,Hiệu lực,,BID ,Công ty cổ phần,Tổ chức tín dụng
2183,2024-07-15 00:00:00,OCB - Ngân hàng TMCP Phương Đông,OCBL2427005,VNĐ,,07/09/2024,07/09/2027,,500,1000000000,Coupon,Cố định,Định kỳ - Cuối kỳ,Mua lại,,5.2,Hiệu lực,,OCB ,Công ty cổ phần,Tổ chức tín dụng
2184,2024-08-12 00:00:00,ACB - Ngân hàng TMCP Á Châu,ACBL2427005,VNĐ,,07/09/2024,07/09/2027,,170,1000000000,Coupon,Cố định,Định kỳ - Cuối kỳ,Mua lại,,6.0,Hiệu lực,,ACB ,Công ty cổ phần,Tổ chức tín dụng
2185,2024-07-18 00:00:00,BID - Ngân hàng TMCP Đầu tư và Phát triển Việt Nam,BIDLH2432021,VNĐ,,07/09/2024,07/09/2032,,50,1000000000,Coupon,Thả nổi,Định kỳ - Cuối kỳ,Hoán đổi; Mua lại,,5.88,Hiệu lực,,BID ,Công ty cổ phần,Tổ chức tín dụng
2186,2024-08-19 00:00:00,TPB - Ngân hàng Thương mại cổ phần Tiên Phong,TPBL2434008,VNĐ,,08/09/2024,08/09/2034,,645,100000000,Coupon,Thả nổi,Định kỳ - Cuối kỳ,Mua lại,,6.68,Hiệu lực,,TPB ,Công ty cổ phần,Tổ chức tín dụng
2187,2024-09-16 00:00:00,ACB - Ngân hàng TMCP Á Châu,ACBL2427009,VNĐ,,09/09/2024,09/09/2027,,500,1000000000,Coupon,Cố định,Định kỳ - Cuối kỳ,Mua lại,,5.7,Hiệu lực,,ACB ,Công ty cổ phần,Tổ chức tín dụng
2188,2024-09-11 00:00:00,STB - Ngân hàng Thương mại Cổ Phần Sài Gòn Thương Tín,STBL2426001,VNĐ,,09/09/2024,09/09/2026,,2000,1000000000,Coupon,Kết hợp,Định kỳ - Cuối kỳ,,,6.0,Hiệu lực,,STB ,Công ty cổ phần,Tổ chức tín dụng
2189,2024-09-18 00:00:00,BID - Ngân hàng TMCP Đầu tư và Phát triển Việt Nam,BIDLH2431038,VNĐ,,09/09/2024,09/09/2031,,100,1000000000,Coupon,Thả nổi,Định kỳ - Cuối kỳ,Hoán đổi; Mua lại,,5.78,Hiệu lực,,BID ,Công ty cổ phần,Tổ chức tín dụng
2190,2024-09-16 00:00:00,TPB - Ngân hàng Thương mại cổ phần Tiên Phong,TPBL2434015,VNĐ,,09/09/2024,09/09/2034,,2300,100000000,Coupon,Thả nổi,Định kỳ - Đầu kỳ,Mua lại,,6.68,Hiệu lực,,TPB ,Công ty cổ phần,Tổ chức tín dụng
2191,2024-09-18 00:00:00,BID - Ngân hàng TMCP Đầu tư và Phát triển Việt Nam,BIDLH2432039,VNĐ,,09/09/2024,09/09/2032,,13,1000000000,Coupon,Thả nổi,Định kỳ - Cuối kỳ,Hoán đổi; Mua lại,,5.88,Hiệu lực,,BID ,Công ty cổ phần,Tổ chức tín dụng
2192,2024-11-11 00:00:00,VDS - CTCP Chứng khoán Rồng Việt,VDSH2425004,VNĐ,,10/09/2024,10/09/2025,,9000,100000000,Coupon,Cố định,Định kỳ - Cuối kỳ,Mua lại,,8.2,Hiệu lực,,VDS ,Công ty cổ phần,Kinh doanh chứng khoán
2193,2024-10-15 00:00:00,OCB - Ngân hàng TMCP Phương Đông,OCBL2427018,VNĐ,,10/09/2024,10/09/2027,,500,1000000000,Coupon,Cố định,Định kỳ - Cuối kỳ,Mua lại,,5.2,Hiệu lực,,OCB ,Công ty cổ phần,Tổ chức tín dụng
2194,2024-10-14 00:00:00,BCM - TỔNG CÔNG TY ĐẦU TƯ VÀ PHÁT TRIỂN CÔNG NGHIỆP - CTCP,BCMH2427005,VNĐ,,10/09/2024,10/09/2027,,3200,100000000,Coupon,Kết hợp,Định kỳ - Cuối kỳ,Mua lại,,10.5,Hiệu lực,,BCM ,Công ty cổ phần,Bất động sản
2195,2024-12-12 00:00:00,BHDC - Công ty cổ phần Huy Dương Group,BHDCH2429001,VNĐ,,12/09/2024,12/09/2029,,9000,100000000,Coupon,Kết hợp,Định kỳ - Cuối kỳ,Mua lại,,12.5,Hiệu lực,,BHDC ,Công ty cổ phần,Xây dựng
2196,2024-10-01 00:00:00,TDG - Công ty Cổ phần Đầu tư TDG Global,TDGH2427001,VNĐ,,13/09/2024,13/09/2027,,1000,100000000,Coupon,Kết hợp,Định kỳ - Cuối kỳ,Mua lại,,12.5,Hiệu lực,,TDG ,Công ty cổ phần,Lĩnh vực khác
2197,2024-09-20 00:00:00,LPB - Ngân hàng Thương mại Cổ phần Lộc Phát Việt Nam (tên cũ: Ngân hàng Thương mại cổ phần Bưu Điện Liên Việt),LPBL2431002,VNĐ,,13/09/2024,13/09/2031,,420,1000000000,Coupon,Thả nổi,Định kỳ - Cuối kỳ,Mua lại,,7.58,Hiệu lực,,LPB ,Công ty cổ phần,Tổ chức tín dụng
2198,2024-09-20 00:00:00,TPB - Ngân hàng Thương mại cổ phần Tiên Phong,TPBL2434018,VNĐ,,13/09/2024,13/09/2034,,885,100000000,Coupon,Thả nổi,Định kỳ - Cuối kỳ,Mua lại,,6.68,Hiệu lực,,TPB ,Công ty cổ phần,Tổ chức tín dụng
2199,2024-09-24 00:00:00,BMS - Công ty Cổ phần chứng khoán Bảo Minh,BMSH2425002,VNĐ,,16/09/2024,16/09/2025,,1500,100000000,Coupon,Cố định,Định kỳ - Cuối kỳ,Mua lại,,10.0,Hiệu lực,,BMS ,Công ty cổ phần,Kinh doanh chứng khoán
2200,2024-09-26 00:00:00,TLPC - Công ty Cổ phần Nhiệt điện Thăng Long,TLPCH2427002,VNĐ,,16/09/2024,16/09/2027,,9000,100000000,Coupon,Kết hợp,Khác,Mua lại,,10.0,Hiệu lực,,TLPC ,Công ty cổ phần,Sản xuất
2201,2024-09-20 00:00:00,HDB - NH TMCP Phát triển thành phố Hồ Chí Minh ( HDBANK),HDBL2432014,VNĐ,,17/09/2024,17/09/2032,,10000,100000000,Coupon,Thả nổi,Định kỳ - Cuối kỳ,Mua lại,,7.47,Hiệu lực,,HDB ,Công ty cổ phần,Tổ chức tín dụng
2202,2024-09-19 00:00:00,HDB - NH TMCP Phát triển thành phố Hồ Chí Minh ( HDBANK),HDBL2427013,VNĐ,,17/09/2024,17/09/2027,,500,1000000000,Coupon,Cố định,Định kỳ - Cuối kỳ,Mua lại,,5.2,Hiệu lực,,HDB ,Công ty cổ phần,Tổ chức tín dụng
2203,2024-09-20 00:00:00,VIB - Ngân hàng TMCP Quốc tế Việt Nam,VIBL2427004,VNĐ,,17/09/2024,17/09/2027,,2000,1000000000,Coupon,Cố định,Định kỳ - Cuối kỳ,Mua lại,,5.2,Hiệu lực,,VIB ,Công ty cổ phần,Tổ chức tín dụng
2204,2024-10-03 00:00:00,XKSC - Công ty TNHH Đảo Ngọc Xanh Kỳ Sơn,XKSCH2429001,VNĐ,,19/09/2024,19/09/2029,,12000,100000000,Coupon,Kết hợp,Định kỳ - Cuối kỳ,Mua lại,,12.5,Hiệu lực,,XKSC ,Công ty trách nhiệm hữu hạn,Bất động sản
2205,2024-09-26 00:00:00,TTCC - CTCP đầu tư Thành Thành Công,TTCCH2428001,VNĐ,,20/09/2024,20/09/2028,,2000,100000000,Coupon,Kết hợp,Định kỳ - Cuối kỳ,Mua lại,,10.85,Hiệu lực,,TTCC ,Công ty cổ phần,Lĩnh vực khác
2206,2024-10-18 00:00:00,ATIC - CÔNG TY CỔ PHẦN ARTEMIS INVESTMENT,ATICH2429001,VNĐ,,20/09/2024,,,0,100000000,Coupon,Kết hợp,,Mua lại,,10.0,Hiệu lực,,ATIC ,Công ty cổ phần,Lĩnh vực khác
2207,2024-10-02 00:00:00,LPB - Ngân hàng Thương mại Cổ phần Lộc Phát Việt Nam (tên cũ: Ngân hàng Thương mại cổ phần Bưu Điện Liên Việt),LPBL2431003,VNĐ,,24/09/2024,24/09/2031,,1000,1000000000,Coupon,Thả nổi,Định kỳ - Cuối kỳ,Mua lại,,7.58,Hiệu lực,,LPB ,Công ty cổ phần,Tổ chức tín dụng
2208,2024-10-02 00:00:00,ACB - Ngân hàng TMCP Á Châu,ACBL2426010,VNĐ,,25/09/2024,25/09/2026,,2000,1000000000,Coupon,Cố định,Định kỳ - Cuối kỳ,Mua lại,,4.9,Hiệu lực,,ACB ,Công ty cổ phần,Tổ chức tín dụng
2209,2024-10-01 00:00:00,TPB - Ngân hàng Thương mại cổ phần Tiên Phong,TPBL2427019,VNĐ,,25/09/2024,25/09/2027,,13000,100000000,Coupon,Cố định,Định kỳ - Cuối kỳ,Mua lại,,4.9,Hiệu lực,,TPB ,Công ty cổ phần,Tổ chức tín dụng
2210,2024-09-27 00:00:00,HDB - NH TMCP Phát triển thành phố Hồ Chí Minh ( HDBANK),HDBL2427015,VNĐ,,25/09/2024,25/09/2027,,1000,1000000000,Coupon,Cố định,Định kỳ - Cuối kỳ,Mua lại,,5.6,Hiệu lực,,HDB ,Công ty cổ phần,Tổ chức tín dụng
2211,2024-10-02 00:00:00,OCB - Ngân hàng TMCP Phương Đông,OCBL2427015,VNĐ,,26/09/2024,26/09/2027,,1000,1000000000,Coupon,Cố định,Định kỳ - Cuối kỳ,Mua lại,,5.5,Hiệu lực,,OCB ,Công ty cổ phần,Tổ chức tín dụng
2212,2024-10-03 00:00:00,TCB - Ngân hàng TMCP Kỹ thương Việt Nam,TCBL2427010,VNĐ,,26/09/2024,26/09/2027,,2000,1000000000,Coupon,Cố định,Định kỳ - Cuối kỳ,Mua lại,,5.0,Hiệu lực,,TCB ,Công ty cổ phần,Tổ chức tín dụng
2213,2024-10-01 00:00:00,TPB - Ngân hàng Thương mại cổ phần Tiên Phong,TPBL2427020,VNĐ,,26/09/2024,26/09/2027,,17000,100000000,Coupon,Cố định,Định kỳ - Cuối kỳ,Mua lại,,4.9,Hiệu lực,,TPB ,Công ty cổ phần,Tổ chức tín dụng
2214,2024-10-01 00:00:00,STB - Ngân hàng Thương mại Cổ Phần Sài Gòn Thương Tín,STBL2426002,VNĐ,,26/09/2024,26/09/2026,,1500,1000000000,Coupon,Cố định,Định kỳ - Cuối kỳ,,,6.0,Hiệu lực,,STB ,Công ty cổ phần,Tổ chức tín dụng
2215,2024-10-02 00:00:00,OCB - Ngân hàng TMCP Phương Đông,OCBL2427017,VNĐ,,26/09/2024,26/09/2027,,1000,1000000000,Coupon,Thả nổi,Định kỳ - Cuối kỳ,Mua lại,,5.5,Hiệu lực,,OCB ,Công ty cổ phần,Tổ chức tín dụng
2216,2024-10-02 00:00:00,OCB - Ngân hàng TMCP Phương Đông,OCBL2427016,VNĐ,,26/09/2024,26/09/2027,,1900,1000000000,Coupon,Cố định,Định kỳ - Cuối kỳ,Mua lại,,5.3,Hiệu lực,,OCB ,Công ty cổ phần,Tổ chức tín dụng
2217,2024-10-01 00:00:00,VIB - Ngân hàng TMCP Quốc tế Việt Nam,VIBL2427005,VNĐ,,27/09/2024,27/09/2027,,2000,1000000000,Coupon,Cố định,Định kỳ - Cuối kỳ,Mua lại,,5.1,Hiệu lực,,VIB ,Công ty cổ phần,Tổ chức tín dụng
2218,2024-10-03 00:00:00,TCB - Ngân hàng TMCP Kỹ thương Việt Nam,TCBL2427011,VNĐ,,27/09/2024,27/09/2027,,2000,1000000000,Coupon,Cố định,Định kỳ - Cuối kỳ,Mua lại,,5.0,Hiệu lực,,TCB ,Công ty cổ phần,Tổ chức tín dụng
2219,2024-10-03 00:00:00,TCB - Ngân hàng TMCP Kỹ thương Việt Nam,TCBL2427012,VNĐ,,27/09/2024,27/09/2027,,2000,1000000000,Coupon,Cố định,Định kỳ - Cuối kỳ,Mua lại,,5.0,Hiệu lực,,TCB ,Công ty cổ phần,Tổ chức tín dụng
2220,2024-10-03 00:00:00,TCB - Ngân hàng TMCP Kỹ thương Việt Nam,TCBL2427013,VNĐ,,27/09/2024,27/09/2027,,1000,1000000000,Coupon,Cố định,Định kỳ - Cuối kỳ,Mua lại,,5.0,Hiệu lực,,TCB ,Công ty cổ phần,Tổ chức tín dụng
2221,2024-10-03 00:00:00,TCB - Ngân hàng TMCP Kỹ thương Việt Nam,TCBL2426014,VNĐ,,27/09/2024,27/09/2026,,2700,1000000000,Coupon,Cố định,Định kỳ - Cuối kỳ,Mua lại,,5.0,Hiệu lực,,TCB ,Công ty cổ phần,Tổ chức tín dụng
2222,2024-10-01 00:00:00,HDB - NH TMCP Phát triển thành phố Hồ Chí Minh ( HDBANK),HDBL2432017,VNĐ,,27/09/2024,27/09/2032,,10000,100000000,Coupon,Thả nổi,Định kỳ - Cuối kỳ,Mua lại,,7.47,Hiệu lực,,HDB ,Công ty cổ phần,Tổ chức tín dụng
2223,2024-10-01 00:00:00,HDB - NH TMCP Phát triển thành phố Hồ Chí Minh ( HDBANK),HDBL2427016,VNĐ,,27/09/2024,27/09/2027,,2000,1000000000,Coupon,Cố định,Định kỳ - Cuối kỳ,Mua lại,,5.4,Hiệu lực,,HDB ,Công ty cổ phần,Tổ chức tín dụng
2224,2024-10-08 00:00:00,LPB - Ngân hàng Thương mại Cổ phần Lộc Phát Việt Nam (tên cũ: Ngân hàng Thương mại cổ phần Bưu Điện Liên Việt),LPBL2431004,VNĐ,,30/09/2024,30/09/2031,,160,1000000000,Coupon,Thả nổi,Định kỳ - Cuối kỳ,Mua lại,,7.58,Hiệu lực,,LPB ,Công ty cổ phần,Tổ chức tín dụng
2225,2024-10-09 00:00:00,DNP - Công ty Cổ phần DNP Holding,DNPH2428001,VNĐ,,30/09/2024,30/09/2028,,1500,100000000,Coupon,Kết hợp,Định kỳ - Cuối kỳ,Mua lại,,10.5,Hiệu lực,,DNP ,Công ty trách nhiệm hữu hạn,Lĩnh vực khác
2226,2024-10-02 00:00:00,HDB - NH TMCP Phát triển thành phố Hồ Chí Minh ( HDBANK),HDBL2427018,VNĐ,,30/09/2024,30/09/2027,,2000,1000000000,Coupon,Cố định,Định kỳ - Cuối kỳ,Mua lại,,5.6,Hiệu lực,,HDB ,Công ty cổ phần,Tổ chức tín dụng
2227,2024-10-01 00:00:00,VJC - CÔNG TY CỔ PHẦN HÀNG KHÔNG VIETJET,VJCH2429002,VNĐ,,30/09/2024,30/09/2029,,10000,100000000,Coupon,Kết hợp,Định kỳ - Cuối kỳ,Mua lại,,11.0,Hiệu lực,,VJC ,Công ty cổ phần,Bất động sản
2228,2024-10-04 00:00:00,PKAC - CTCP Tập đoàn Phượng Hoàng Xanh A&A,PKACH2431001,VNĐ,,30/09/2024,30/09/2031,,3200,100000000,Coupon,Cố định,Định kỳ - Cuối kỳ,Mua lại,,8.2,Hiệu lực,,PKAC ,Công ty cổ phần,Sản xuất
2229,2024-10-04 00:00:00,SGRC - Công Ty Trách Nhiệm Hữu Hạn Phát Triển Bất Động Sản Nhà Sài Gòn,SGRCH2426001,VNĐ,,30/09/2024,30/09/2026,,3404,100000000,Coupon,Cố định,Định kỳ - Cuối kỳ,Mua lại,,11.0,Hiệu lực,,SGRC ,Công ty trách nhiệm hữu hạn,Bất động sản
2230,2024-10-03 00:00:00,RESC - Công ty cổ phần Đầu tư và Phát triển Residence,RESCH2426001,VNĐ,,30/09/2024,30/09/2026,,6600,100000000,Coupon,Cố định,Định kỳ - Cuối kỳ,Mua lại,,11.0,Hiệu lực,,RESC ,Công ty cổ phần,Bất động sản
2231,2024-10-04 00:00:00,AHBC - CÔNG TY TNHH AQUA CITY HÒA BÌNH,AHBCH2429001,VNĐ,,30/09/2024,30/09/2029,,4000,100000000,Coupon,Kết hợp,Định kỳ - Cuối kỳ,Mua lại,,12.0,Hiệu lực,,AHBC ,Công ty trách nhiệm hữu hạn,Bất động sản
2232,2024-04-15 00:00:00,VIC - TẬP ĐOÀN VINGROUP - CÔNG TY CP,VICH2426001,VNĐ,,04/10/2024,04/10/2026,,20000,100000000,Coupon,Kết hợp,Định kỳ - Cuối kỳ,Mua lại,,12.5,Hiệu lực,,VIC ,Công ty cổ phần,Bất động sản
2233,2024-04-19 00:00:00,TCB - Ngân hàng TMCP Kỹ thương Việt Nam,TCBL2427001,VNĐ,,04/10/2024,04/10/2027,,3000,1000000000,Coupon,Cố định,Định kỳ - Cuối kỳ,Mua lại,,3.7,Hiệu lực,,TCB ,Công ty cổ phần,Tổ chức tín dụng
2234,2024-05-17 00:00:00,TCB - Ngân hàng TMCP Kỹ thương Việt Nam,TCBL2427002,VNĐ,,05/10/2024,05/10/2027,,1500,1000000000,Coupon,Cố định,Định kỳ - Cuối kỳ,Mua lại,,4.8,Hiệu lực,,TCB ,Công ty cổ phần,Tổ chức tín dụng
2235,2024-05-20 00:00:00,BID - Ngân hàng TMCP Đầu tư và Phát triển Việt Nam,BIDLH2431001,VNĐ,,05/10/2024,05/10/2031,,950,1000000000,Coupon,Thả nổi,Định kỳ - Cuối kỳ,Hoán đổi; Mua lại,,5.78,Hiệu lực,,BID ,Công ty cổ phần,Tổ chức tín dụng
2236,2024-06-17 00:00:00,OCB - Ngân hàng TMCP Phương Đông,OCBL2427001,VNĐ,,06/10/2024,06/10/2027,,1300,1000000000,Coupon,Cố định,Định kỳ - Cuối kỳ,Mua lại,,5.4,Hiệu lực,,OCB ,Công ty cổ phần,Tổ chức tín dụng
2237,2024-06-13 00:00:00,BAB - Ngân hàng Thương Mại Cổ Phần Bắc Á,BABL2427005,VNĐ,,06/10/2024,06/10/2027,,500,1000000000,Coupon,Cố định,Định kỳ - Cuối kỳ,Mua lại,,5.5,Hiệu lực,,BAB ,Công ty cổ phần,Tổ chức tín dụng
2238,2024-06-11 00:00:00,SBVC - NGÂN HÀNG TNHH MỘT THÀNH VIÊN SHINHAN VIỆT NAM,SBVCL2426004,VNĐ,,06/10/2024,06/10/2026,,1000,1000000000,Coupon,Cố định,Định kỳ - Cuối kỳ,Mua lại,,5.1,Hiệu lực,,SBVC ,Công ty trách nhiệm hữu hạn,Tổ chức tín dụng
2239,2024-09-18 00:00:00,CTG - Ngân hàng Thương mại cổ phần Công Thương Việt Nam,CTGL2439011,VNĐ,,09/10/2024,09/10/2039,,8500,100000000,Coupon,Cố định,Định kỳ - Cuối kỳ,Mua lại,,6.5,Hiệu lực,,CTG ,Công ty cổ phần,Tổ chức tín dụng
2240,2024-09-13 00:00:00,MSB - Ngân hàng TMCP Hàng Hải Việt Nam,MSBL2427008,VNĐ,,09/10/2024,09/10/2027,,1000,1000000000,Coupon,Cố định,Định kỳ - Cuối kỳ,Mua lại,,5.3,Hiệu lực,,MSB ,Công ty cổ phần,Tổ chức tín dụng
2241,2024-09-13 00:00:00,OCB - Ngân hàng TMCP Phương Đông,OCBL2427013,VNĐ,,09/10/2024,09/10/2027,,1000,1000000000,Coupon,Cố định,Định kỳ - Cuối kỳ,Mua lại,,5.5,Hiệu lực,,OCB ,Công ty cổ phần,Tổ chức tín dụng
2242,2024-09-17 00:00:00,TPB - Ngân hàng Thương mại cổ phần Tiên Phong,TPBL2434016,VNĐ,,09/10/2024,09/10/2034,,220,100000000,Coupon,Thả nổi,Định kỳ - Cuối kỳ,Mua lại,,6.68,Hiệu lực,,TPB ,Công ty cổ phần,Tổ chức tín dụng
2243,2024-10-11 00:00:00,VIFC - CTCP SẢN XUẤT VÀ KINH DOANH VINFAST,VIFCB2426001,VNĐ,,10/10/2024,10/10/2026,,20000,100000000,Coupon,Cố định,Định kỳ - Cuối kỳ,Mua lại,,13.5,Hiệu lực,,VIFC ,Công ty cổ phần,Sản xuất
2244,2024-12-17 00:00:00,TPB - Ngân hàng Thương mại cổ phần Tiên Phong,TPBL2434029,VNĐ,,12/10/2024,12/10/2034,,2000,100000000,Coupon,Thả nổi,Định kỳ - Cuối kỳ,Mua lại,,7.0,Hiệu lực,,TPB ,Công ty cổ phần,Tổ chức tín dụng
2245,2024-12-17 00:00:00,TPB - Ngân hàng Thương mại cổ phần Tiên Phong,TPBL2434030,VNĐ,,12/10/2024,12/10/2034,,674,100000000,Coupon,Thả nổi,Định kỳ - Cuối kỳ,Mua lại,,7.08,Hiệu lực,,TPB ,Công ty cổ phần,Tổ chức tín dụng
2246,2024-12-16 00:00:00,OCB - Ngân hàng TMCP Phương Đông,OCBL2427022,VNĐ,,12/10/2024,12/10/2027,,700,1000000000,Coupon,Cố định,Định kỳ - Cuối kỳ,Mua lại,,5.5,Hiệu lực,,OCB ,Công ty cổ phần,Tổ chức tín dụng
2247,2024-10-18 00:00:00,VIB - Ngân hàng TMCP Quốc tế Việt Nam,VIBL2427007,VNĐ,,15/10/2024,15/10/2027,,2000,1000000000,Coupon,Cố định,Định kỳ - Cuối kỳ,Mua lại,,5.05,Hiệu lực,,VIB ,Công ty cổ phần,Tổ chức tín dụng
2248,2024-10-23 00:00:00,CTG - Ngân hàng Thương mại cổ phần Công Thương Việt Nam,CTGL2439013,VNĐ,,15/10/2024,15/10/2039,,9000,100000000,Coupon,Cố định,Định kỳ - Cuối kỳ,Mua lại,,6.5,Hiệu lực,,CTG ,Công ty cổ phần,Tổ chức tín dụng
2249,2024-10-21 00:00:00,OCB - Ngân hàng TMCP Phương Đông,OCBL2427019,VNĐ,,16/10/2024,16/10/2027,,500,1000000000,Coupon,Cố định,Định kỳ - Cuối kỳ,Mua lại,,5.1,Hiệu lực,,OCB ,Công ty cổ phần,Tổ chức tín dụng
2250,2024-10-24 00:00:00,TTCC - CTCP đầu tư Thành Thành Công,TTCCH2428002,VNĐ,,17/10/2024,17/10/2028,,1500,100000000,Coupon,Kết hợp,Định kỳ - Cuối kỳ,Mua lại,,10.85,Hiệu lực,,TTCC ,Công ty cổ phần,Lĩnh vực khác
2251,2024-10-23 00:00:00,CII - CTCP Đầu tư Hạ tầng Kỹ thuật Thành phố Hồ Chí Minh,CIIH2427002,VNĐ,,17/10/2024,17/10/2027,,2000,100000000,Coupon,Kết hợp,Định kỳ - Cuối kỳ,Mua lại,,11.0,Hiệu lực,,CII ,Công ty cổ phần,Xây dựng
2252,2024-10-30 00:00:00,VIFC - CTCP SẢN XUẤT VÀ KINH DOANH VINFAST,VIFCB2429002,VNĐ,,18/10/2024,18/10/2029,,40000,100000000,Coupon,Cố định,Định kỳ - Cuối kỳ,Mua lại,,13.5,Hiệu lực,,VIFC ,Công ty cổ phần,Sản xuất
2253,2024-10-22 00:00:00,CHAC - Công ty Cổ phần Thương mại Du lịch Đầu tư Cù Lao Chàm,CHACB2426001,VNĐ,,21/10/2024,21/04/2026,,5760,100000000,Coupon,Cố định,Định kỳ - Cuối kỳ,Mua lại,,10.0,Hiệu lực,,CHAC ,Công ty cổ phần,Bất động sản
2254,2024-11-19 00:00:00,DRGC - CTCP Đầu tư và Du lịch Vạn Hương,DRGCH2427003,VNĐ,,21/10/2024,21/10/2027,,19980,100000000,Coupon,Kết hợp,Định kỳ - Cuối kỳ,Mua lại,,10.0,Hiệu lực,,DRGC ,Công ty cổ phần,Bất động sản
2255,2024-11-01 00:00:00,FCN - CTCP FECON,FCNH2426001,VNĐ,,21/10/2024,21/04/2026,,1200,100000000,Coupon,Cố định,Định kỳ - Cuối kỳ,Mua lại,,11.0,Hiệu lực,,FCN ,Công ty cổ phần,Xây dựng
2256,2024-10-29 00:00:00,TPB - Ngân hàng Thương mại cổ phần Tiên Phong,TPBL2434022,VNĐ,,22/10/2024,22/10/2034,,3040,100000000,Coupon,Thả nổi,Định kỳ - Cuối kỳ,Mua lại,,6.88,Hiệu lực,,TPB ,Công ty cổ phần,Tổ chức tín dụng
2257,2024-11-01 00:00:00,ACB - Ngân hàng TMCP Á Châu,ACBL2426011,VNĐ,,23/10/2024,23/10/2026,,500,1000000000,Coupon,Cố định,Định kỳ - Cuối kỳ,Mua lại,,5.0,Hiệu lực,,ACB ,Công ty cổ phần,Tổ chức tín dụng
2258,2024-11-26 00:00:00,CII - CTCP Đầu tư Hạ tầng Kỹ thuật Thành phố Hồ Chí Minh,CIIH2427003,VNĐ,,25/10/2024,25/10/2027,,1000,100000000,Coupon,Kết hợp,Định kỳ - Cuối kỳ,Mua lại,,11.0,Hiệu lực,,CII ,Công ty cổ phần,Xây dựng
2259,2024-10-30 00:00:00,VJC - CÔNG TY CỔ PHẦN HÀNG KHÔNG VIETJET,VJCH2429004,VNĐ,,25/10/2024,25/10/2029,,10000,100000000,Coupon,Kết hợp,Định kỳ - Cuối kỳ,Mua lại,,11.0,Hiệu lực,,VJC ,Công ty cổ phần,Bất động sản
2260,2024-11-05 00:00:00,CTG - Ngân hàng Thương mại cổ phần Công Thương Việt Nam,CTGL2439014,VNĐ,,28/10/2024,28/10/2039,,1000,100000000,Coupon,Cố định,Định kỳ - Cuối kỳ,Mua lại,,6.5,Hiệu lực,,CTG ,Công ty cổ phần,Tổ chức tín dụng
2261,2024-11-13 00:00:00,LPB - Ngân hàng Thương mại Cổ phần Lộc Phát Việt Nam (tên cũ: Ngân hàng Thương mại cổ phần Bưu Điện Liên Việt),LPBL2431007,VNĐ,,28/10/2024,28/10/2031,,100,1000000000,Coupon,Thả nổi,Định kỳ - Cuối kỳ,Mua lại,,7.58,Hiệu lực,,LPB ,Công ty cổ phần,Tổ chức tín dụng
2262,2024-11-07 00:00:00,ACB - Ngân hàng TMCP Á Châu,ACBL2426012,VNĐ,,30/10/2024,30/10/2026,,1500,1000000000,Coupon,Thả nổi,Định kỳ - Cuối kỳ,Mua lại,,5.0,Hiệu lực,,ACB ,Công ty cổ phần,Tổ chức tín dụng
2263,2024-11-04 00:00:00,OCB - Ngân hàng TMCP Phương Đông,OCBL2427020,VNĐ,,30/10/2024,30/10/2027,,1000,1000000000,Coupon,Thả nổi,Định kỳ - Cuối kỳ,Mua lại,,5.1,Hiệu lực,,OCB ,Công ty cổ phần,Tổ chức tín dụng
2264,2024-11-04 00:00:00,TCB - Ngân hàng TMCP Kỹ thương Việt Nam,TCBL2427015,VNĐ,,30/10/2024,30/10/2027,,240,1000000000,Coupon,Cố định,Định kỳ - Cuối kỳ,Mua lại,,5.0,Hiệu lực,,TCB ,Công ty cổ phần,Tổ chức tín dụng
2265,2024-11-04 00:00:00,HCVC - CÔNG TY TÀI CHÍNH TRÁCH NHIỆM HỮU HẠN MỘT THÀNH VIÊN HOME CREDIT VIỆT NAM,HCVCL2426006,VNĐ,,30/10/2024,30/10/2026,,200,1000000000,Coupon,Kết hợp,Định kỳ - Cuối kỳ,,,7.0,Hiệu lực,,HCVC ,Công ty trách nhiệm hữu hạn,Tổ chức tín dụng
2266,2024-11-06 00:00:00,EIB - Ngân hàng Thương mại cổ phần Xuất nhập khẩu Việt Nam,EIBL2427001,VNĐ,,30/10/2024,30/10/2027,,1700,1000000000,Coupon,Cố định,Định kỳ - Cuối kỳ,Mua lại,,5.3,Hiệu lực,,EIB ,Công ty cổ phần,Tổ chức tín dụng
2267,2024-11-06 00:00:00,BAB - Ngân hàng Thương Mại Cổ Phần Bắc Á,BABL2427007,VNĐ,,30/10/2024,30/10/2027,,1000,1000000000,Coupon,Cố định,Định kỳ - Cuối kỳ,Mua lại,,5.3,Hiệu lực,,BAB ,Công ty cổ phần,Tổ chức tín dụng
2268,2024-11-04 00:00:00,MSB - Ngân hàng TMCP Hàng Hải Việt Nam,MSBL2427009,VNĐ,,31/10/2024,31/10/2027,,1500,1000000000,Coupon,Cố định,Định kỳ - Cuối kỳ,Mua lại,,5.0,Hiệu lực,,MSB ,Công ty cổ phần,Tổ chức tín dụng
2269,2024-11-04 00:00:00,VHM - CTCP VINHOMES,VHMB2427007,VNĐ,,31/10/2024,31/10/2027,,20000,100000000,Coupon,Cố định,Định kỳ - Cuối kỳ,Mua lại,,12.0,Hiệu lực,,VHM ,Công ty cổ phần,Bất động sản
2270,2024-11-06 00:00:00,FHTC - CÔNG TY TNHH FLAMINGO HẢI TIẾN,FHTCH2427001,VNĐ,,31/10/2024,31/10/2027,,3700,100000000,Coupon,Cố định,Định kỳ - Cuối kỳ,Mua lại,,9.8,Hiệu lực,,FHTC ,Công ty trách nhiệm hữu hạn,Bất động sản
2271,2024-11-06 00:00:00,IDI - CÔNG TY CỔ PHẦN ĐẦU TƯ VÀ PHÁT TRIỂN ĐA QUỐC GIA I.D.I,IDIH2432001,VNĐ,,31/10/2024,31/10/2032,,1000,1000000000,Coupon,Cố định,Định kỳ - Cuối kỳ,Mua lại,,5.58,Hiệu lực,,IDI ,Công ty cổ phần,Sản xuất
2272,2024-06-18 00:00:00,TCB - Ngân hàng TMCP Kỹ thương Việt Nam,TCBL2427005,VNĐ,,06/11/2024,06/11/2027,,5000,1000000000,Coupon,Cố định,Định kỳ - Cuối kỳ,Mua lại,,4.6,Hiệu lực,,TCB ,Công ty cổ phần,Tổ chức tín dụng
2273,2024-07-18 00:00:00,CTG - Ngân hàng Thương mại cổ phần Công Thương Việt Nam,CTGL2432003,VNĐ,,07/11/2024,07/11/2032,,4000,100000000,Coupon,Thả nổi,Định kỳ - Cuối kỳ,Mua lại,,5.88,Hiệu lực,,CTG ,Công ty cổ phần,Tổ chức tín dụng
2274,2024-09-18 00:00:00,CTG - Ngân hàng Thương mại cổ phần Công Thương Việt Nam,CTGL2434012,VNĐ,,09/11/2024,09/11/2034,,20000,100000000,Coupon,Thả nổi,Định kỳ - Cuối kỳ,Mua lại,,6.08,Hiệu lực,,CTG ,Công ty cổ phần,Tổ chức tín dụng
2275,2024-09-17 00:00:00,TPB - Ngân hàng Thương mại cổ phần Tiên Phong,TPBL2434017,VNĐ,,09/11/2024,09/11/2034,,2300,100000000,Coupon,Thả nổi,Định kỳ - Cuối kỳ,Mua lại,,6.68,Hiệu lực,,TPB ,Công ty cổ phần,Tổ chức tín dụng
2276,2024-11-14 00:00:00,TPB - Ngân hàng Thương mại cổ phần Tiên Phong,TPBL2427024,VNĐ,,11/11/2024,11/11/2027,,10000,100000000,Coupon,Cố định,Định kỳ - Cuối kỳ,Mua lại,,5.3,Hiệu lực,,TPB ,Công ty cổ phần,Tổ chức tín dụng
2277,2024-12-23 00:00:00,VJC - CÔNG TY CỔ PHẦN HÀNG KHÔNG VIETJET,VJCH2429006,VNĐ,,12/11/2024,12/11/2029,,30000,100000000,Coupon,Kết hợp,Định kỳ - Cuối kỳ,Mua lại,,11.0,Hiệu lực,,VJC ,Công ty cổ phần,Bất động sản
2278,2024-12-16 00:00:00,OCB - Ngân hàng TMCP Phương Đông,OCBL2427023,VNĐ,,12/11/2024,12/11/2027,,1000,1000000000,Coupon,Cố định,Định kỳ - Cuối kỳ,Mua lại,,5.5,Hiệu lực,,OCB ,Công ty cổ phần,Tổ chức tín dụng
2279,2024-11-14 00:00:00,HDB - NH TMCP Phát triển thành phố Hồ Chí Minh ( HDBANK),HDBL2431021,VNĐ,,13/11/2024,13/11/2031,,4400,100000000,Coupon,Thả nổi,Định kỳ - Cuối kỳ,Mua lại,,7.47,Hiệu lực,,HDB ,Công ty cổ phần,Tổ chức tín dụng
2280,2024-11-21 00:00:00,LPB - Ngân hàng Thương mại Cổ phần Lộc Phát Việt Nam (tên cũ: Ngân hàng Thương mại cổ phần Bưu Điện Liên Việt),LPBL2431008,VNĐ,,13/11/2024,13/11/2031,,200,1000000000,Coupon,Thả nổi,Định kỳ - Cuối kỳ,Mua lại,,7.58,Hiệu lực,,LPB ,Công ty cổ phần,Tổ chức tín dụng
2281,2024-11-19 00:00:00,VCB - NGÂN HÀNG TMCP NGOẠI THƯƠNG VIỆT NAM,VCBL2426001,VNĐ,,14/11/2024,14/11/2026,,2000,1000000000,Coupon,Cố định,Định kỳ - Cuối kỳ,,,4.9,Hiệu lực,,VCB ,Công ty cổ phần,Tổ chức tín dụng
2282,2024-11-18 00:00:00,MSB - Ngân hàng TMCP Hàng Hải Việt Nam,MSBL2427010,VNĐ,,14/11/2024,14/11/2027,,1000,1000000000,Coupon,Cố định,Định kỳ - Cuối kỳ,Mua lại,,5.1,Hiệu lực,,MSB ,Công ty cổ phần,Tổ chức tín dụng
2283,2024-11-19 00:00:00,TPB - Ngân hàng Thương mại cổ phần Tiên Phong,TPBL2434025,VNĐ,,14/11/2024,14/11/2034,,500,100000000,Coupon,Thả nổi,Định kỳ - Cuối kỳ,Mua lại,,6.0,Hiệu lực,,TPB ,Công ty cổ phần,Tổ chức tín dụng
2284,2024-11-22 00:00:00,CII - CTCP Đầu tư Hạ tầng Kỹ thuật Thành phố Hồ Chí Minh,CIIH2427004,VNĐ,,15/11/2024,15/11/2027,,1080,100000000,Coupon,Kết hợp,Định kỳ - Cuối kỳ,Mua lại,,10.0,Hiệu lực,,CII ,Công ty cổ phần,Xây dựng
2285,2024-11-22 00:00:00,TPB - Ngân hàng Thương mại cổ phần Tiên Phong,TPBL2434026,VNĐ,,19/11/2024,19/11/2034,,384,100000000,Coupon,Thả nổi,Định kỳ - Cuối kỳ,Mua lại,,6.88,Hiệu lực,,TPB ,Công ty cổ phần,Tổ chức tín dụng
2286,2024-11-25 00:00:00,ACB - Ngân hàng TMCP Á Châu,ACBL2429015,VNĐ,,19/11/2024,19/11/2029,,800,1000000000,Coupon,Cố định,Định kỳ - Cuối kỳ,Mua lại,,6.0,Hiệu lực,,ACB ,Công ty cổ phần,Tổ chức tín dụng
2287,2024-12-04 00:00:00,HBXC - Công ty TNHH Nước sạch Hòa Bình - Xuân Mai,HBXCH2444001,VNĐ,,19/11/2024,19/11/2044,,8751,100000000,Coupon,Cố định,Định kỳ - Cuối kỳ,Mua lại,,5.75,Hiệu lực,,HBXC ,Công ty trách nhiệm hữu hạn,Lĩnh vực khác
2288,2024-11-22 00:00:00,ABB - Ngân hàng TMCP An Bình (ABBANK),ABBL2427001,VNĐ,,19/11/2024,19/11/2027,,800,1000000000,Coupon,Cố định,Định kỳ - Cuối kỳ,Mua lại,,5.5,Hiệu lực,,ABB ,Công ty cổ phần,Tổ chức tín dụng
2289,2024-11-26 00:00:00,BAB - Ngân hàng Thương Mại Cổ Phần Bắc Á,BABL2427009,VNĐ,,20/11/2024,20/11/2027,,1000,1000000000,Coupon,Cố định,Định kỳ - Cuối kỳ,Mua lại,,5.2,Hiệu lực,,BAB ,Công ty cổ phần,Tổ chức tín dụng
2290,2024-12-04 00:00:00,F88C - Công ty cổ phần kinh doanh F88,F88CH2425007,VNĐ,,21/11/2024,21/11/2025,,1000,100000000,Coupon,Cố định,Định kỳ - Cuối kỳ,Hoán đổi,,10.5,Hiệu lực,,F88C ,Công ty cổ phần,"Thương mại, dịch vụ"
2291,2024-11-27 00:00:00,TPB - Ngân hàng Thương mại cổ phần Tiên Phong,TPBL2434027,VNĐ,,21/11/2024,21/11/2034,,2095,100000000,Coupon,Thả nổi,Định kỳ - Cuối kỳ,Mua lại,,6.88,Hiệu lực,,TPB ,Công ty cổ phần,Tổ chức tín dụng
2292,2024-11-26 00:00:00,HCMC - CÔNG TY TNHH HOÀNG TRÚC MY,HCMCH2429002,VNĐ,,21/11/2024,21/11/2029,,8800,100000000,Coupon,Kết hợp,Định kỳ - Cuối kỳ,Mua lại,,12.0,Hiệu lực,,HCMC ,Công ty trách nhiệm hữu hạn,Bất động sản
2293,2024-12-06 00:00:00,ATIC - CÔNG TY CỔ PHẦN ARTEMIS INVESTMENT,ATICH2429002,VNĐ,,21/11/2024,21/11/2029,,4300,100000000,Coupon,Kết hợp,Định kỳ - Cuối kỳ,Mua lại,,10.0,Hiệu lực,,ATIC ,Công ty cổ phần,Lĩnh vực khác
2294,2024-11-26 00:00:00,HDB - NH TMCP Phát triển thành phố Hồ Chí Minh ( HDBANK),HDBL2432022,VNĐ,,22/11/2024,22/11/2032,,10000,100000000,Coupon,Thả nổi,Định kỳ - Cuối kỳ,Mua lại,,7.47,Hiệu lực,,HDB ,Công ty cổ phần,Tổ chức tín dụng
2295,2024-11-27 00:00:00,VNG - CÔNG TY CỔ PHẦN DU LỊCH THÀNH THÀNH CÔNG,VNGB2427001,VNĐ,,25/11/2024,25/11/2027,,5000,100000000,Coupon,Kết hợp,Định kỳ - Cuối kỳ,,,10.98,Hiệu lực,,VNG ,Công ty cổ phần,"Thương mại, dịch vụ"
2296,2024-11-27 00:00:00,HDB - NH TMCP Phát triển thành phố Hồ Chí Minh ( HDBANK),HDBL2432023,VNĐ,,26/11/2024,26/11/2032,,10000,100000000,Coupon,Thả nổi,Định kỳ - Cuối kỳ,Mua lại,,7.47,Hiệu lực,,HDB ,Công ty cổ phần,Tổ chức tín dụng
2297,2024-11-28 00:00:00,EIB - Ngân hàng Thương mại cổ phần Xuất nhập khẩu Việt Nam,EIBH2429003,VNĐ,,27/11/2024,27/11/2029,,1400,1000000000,Coupon,Cố định,Định kỳ - Cuối kỳ,Mua lại,,6.4,Hiệu lực,,EIB ,Công ty cổ phần,Tổ chức tín dụng
2298,2025-01-07 00:00:00,DRGC - CTCP Đầu tư và Du lịch Vạn Hương,DRGCH2427004,VNĐ,,27/11/2024,27/11/2027,,7257,100000000,Coupon,Kết hợp,Định kỳ - Cuối kỳ,Mua lại,,10.0,Hiệu lực,,DRGC ,Công ty cổ phần,Bất động sản
2299,2024-12-05 00:00:00,MSFC - Công ty Tài chính TNHH MB Shinsei,MSFCLH2426002,VNĐ,,27/11/2024,27/11/2026,,450,1000000000,Coupon,Kết hợp,Định kỳ - Cuối kỳ,,,6.7,Hiệu lực,,MSFC ,Công ty trách nhiệm hữu hạn,Tổ chức tín dụng
2300,2024-12-05 00:00:00,BWLC - Công ty cổ phần nước Biwase - Long An,BWLCH2434001,VNĐ,,27/11/2024,27/11/2034,,7000,100000000,Coupon,Cố định,Định kỳ - Cuối kỳ,,,5.5,Hiệu lực,,BWLC ,Công ty cổ phần,Sản xuất
2301,2024-11-28 00:00:00,HDB - NH TMCP Phát triển thành phố Hồ Chí Minh ( HDBANK),HDBL2432024,VNĐ,,27/11/2024,27/11/2032,,10000,100000000,Coupon,Thả nổi,Định kỳ - Cuối kỳ,Mua lại,,7.47,Hiệu lực,,HDB ,Công ty cổ phần,Tổ chức tín dụng
2302,2024-12-02 00:00:00,TCB - Ngân hàng TMCP Kỹ thương Việt Nam,TCBL2427016,VNĐ,,27/11/2024,27/11/2027,,3700,1000000000,Coupon,Cố định,Định kỳ - Cuối kỳ,Mua lại,,5.0,Hiệu lực,,TCB ,Công ty cổ phần,Tổ chức tín dụng
2303,2024-11-29 00:00:00,HDB - NH TMCP Phát triển thành phố Hồ Chí Minh ( HDBANK),HDBL2432025,VNĐ,,28/11/2024,28/11/2032,,10000,100000000,Coupon,Thả nổi,Định kỳ - Cuối kỳ,Mua lại,,7.47,Hiệu lực,,HDB ,Công ty cổ phần,Tổ chức tín dụng
2304,2024-12-06 00:00:00,OCB - Ngân hàng TMCP Phương Đông,OCBL2427021,VNĐ,,28/11/2024,28/11/2027,,1000,1000000000,Coupon,Cố định,Định kỳ - Cuối kỳ,Mua lại,,5.5,Hiệu lực,,OCB ,Công ty cổ phần,Tổ chức tín dụng
2305,2024-12-03 00:00:00,ABB - Ngân hàng TMCP An Bình (ABBANK),ABBL2426002,VNĐ,,28/11/2024,28/11/2026,,200,1000000000,Coupon,Cố định,Định kỳ - Cuối kỳ,Mua lại,,5.5,Hiệu lực,,ABB ,Công ty cổ phần,Tổ chức tín dụng
2306,2024-12-02 00:00:00,NLG - Công ty Cổ phần Đầu tư Nam Long,NLGB2427004,VNĐ,,28/11/2024,28/11/2027,,10000,100000000,Coupon,Kết hợp,Định kỳ - Cuối kỳ,,,10.11,Hiệu lực,,NLG ,Công ty cổ phần,Bất động sản
2307,2024-12-09 00:00:00,EIB - Ngân hàng Thương mại cổ phần Xuất nhập khẩu Việt Nam,EIBH2429004,VNĐ,,29/11/2024,29/11/2029,,180,1000000000,Coupon,Cố định,Định kỳ - Cuối kỳ,Mua lại,,6.4,Hiệu lực,,EIB ,Công ty cổ phần,Tổ chức tín dụng
2308,2024-12-04 00:00:00,MSB - Ngân hàng TMCP Hàng Hải Việt Nam,MSBH2429011,VNĐ,,29/11/2024,29/11/2029,,1000,1000000000,Coupon,Cố định,Định kỳ - Cuối kỳ,Mua lại,,6.2,Hiệu lực,,MSB ,Công ty cổ phần,Tổ chức tín dụng
2309,2024-12-02 00:00:00,VJC - CÔNG TY CỔ PHẦN HÀNG KHÔNG VIETJET,VJCH2429005,VNĐ,,29/11/2024,29/11/2029,,10000,100000000,Coupon,Kết hợp,Định kỳ - Cuối kỳ,Mua lại,,11.0,Hiệu lực,,VJC ,Công ty cổ phần,Bất động sản
2310,2024-03-18 00:00:00,VACC - Công ty TNHH Đầu tư Kinh doanh và Phát triển Thương mại Việt An,VACCB2426001,VNĐ,,03/12/2024,03/12/2026,,12500,100000000,Coupon,Kết hợp,Định kỳ - Cuối kỳ,Mua lại,,9.8,Hiệu lực,,VACC ,Công ty trách nhiệm hữu hạn,Bất động sản
2311,2024-03-18 00:00:00,HDRC - Công ty TNHH Đầu tư và Phát triển Bất động sản Hải Đăng,HDRCB2427002,VNĐ,,03/12/2024,03/12/2027,,12000,100000000,Coupon,Kết hợp,Định kỳ - Cuối kỳ,Mua lại,,10.0,Hiệu lực,,HDRC ,Công ty trách nhiệm hữu hạn,Bất động sản
2312,2024-03-18 00:00:00,HDRC - Công ty TNHH Đầu tư và Phát triển Bất động sản Hải Đăng,HDRCB2425001,VNĐ,,03/12/2024,09/12/2025,,13000,100000000,Coupon,Kết hợp,Định kỳ - Cuối kỳ,Mua lại,,9.8,Hiệu lực,,HDRC ,Công ty trách nhiệm hữu hạn,Bất động sản
2313,2024-06-13 00:00:00,SBVC - NGÂN HÀNG TNHH MỘT THÀNH VIÊN SHINHAN VIỆT NAM,SBVCL2426005,VNĐ,,06/12/2024,06/12/2026,,1000,1000000000,Coupon,Cố định,Định kỳ - Cuối kỳ,Mua lại,,5.1,Hiệu lực,,SBVC ,Công ty trách nhiệm hữu hạn,Tổ chức tín dụng
2314,2024-07-22 00:00:00,NAB - Ngân hàng Thương mại Cổ phần Nam Á,NABL2430003,VNĐ,,07/12/2024,07/12/2030,,2000,100000000,Coupon,Cố định,Định kỳ - Cuối kỳ,Mua lại,,7.7,Hiệu lực,,NAB ,Công ty cổ phần,Tổ chức tín dụng
2315,2024-08-16 00:00:00,NAB - Ngân hàng Thương mại Cổ phần Nam Á,NABL2427005,VNĐ,,08/12/2024,08/12/2027,,5000,100000000,Coupon,Cố định,Định kỳ - Cuối kỳ,Mua lại,,5.8,Hiệu lực,,NAB ,Công ty cổ phần,Tổ chức tín dụng
2316,2024-09-18 00:00:00,OCB - Ngân hàng TMCP Phương Đông,OCBL2427014,VNĐ,,09/12/2024,09/12/2027,,2500,1000000000,Coupon,Cố định,Định kỳ - Cuối kỳ,Mua lại,,5.5,Hiệu lực,,OCB ,Công ty cổ phần,Tổ chức tín dụng
2317,2024-09-16 00:00:00,PDAC - Công ty TNHH Đầu tư và phát triển bất động sản Phát Đạt,PDACB2425001,VNĐ,,09/12/2024,09/12/2025,,34900,100000000,Coupon,Cố định,Định kỳ - Cuối kỳ,Mua lại,,12.0,Hiệu lực,,PDAC ,Công ty trách nhiệm hữu hạn,Bất động sản
2318,2024-09-16 00:00:00,TLOC - CÔNG TY TNHH ĐẦU TƯ VÀ PHÁT TRIỂN BẤT ĐỘNG SẢN TRƯỜNG LỘC,TLOCB2425001,VNĐ,,09/12/2024,09/12/2025,,19100,100000000,Coupon,Cố định,Định kỳ - Cuối kỳ,Mua lại,,12.0,Hiệu lực,,TLOC ,Công ty trách nhiệm hữu hạn,Bất động sản
2319,2024-11-25 00:00:00,VPMC - Công ty Cổ phần Dịch vụ Quản lý Tài sản Việt Nam,VPMCH2431001,VNĐ,,11/12/2024,11/12/2031,,17000,100000000,Coupon,Kết hợp,Định kỳ - Cuối kỳ,Mua lại,,10.0,Hiệu lực,,VPMC ,Công ty cổ phần,Lĩnh vực khác
2320,2024-11-19 00:00:00,EIB - Ngân hàng Thương mại cổ phần Xuất nhập khẩu Việt Nam,EIBL2426002,VNĐ,,11/12/2024,11/12/2026,,400,1000000000,Coupon,Cố định,Định kỳ - Cuối kỳ,Mua lại,,5.3,Hiệu lực,,EIB ,Công ty cổ phần,Tổ chức tín dụng
2321,2024-12-19 00:00:00,TPB - Ngân hàng Thương mại cổ phần Tiên Phong,TPBL2434031,VNĐ,,12/12/2024,12/12/2034,,500,100000000,Coupon,Thả nổi,Định kỳ - Cuối kỳ,Mua lại,,6.2,Hiệu lực,,TPB ,Công ty cổ phần,Tổ chức tín dụng
2322,2024-12-16 00:00:00,OCB - Ngân hàng TMCP Phương Đông,OCBL2427024,VNĐ,,12/12/2024,12/12/2027,,2000,1000000000,Coupon,Cố định,Định kỳ - Cuối kỳ,Mua lại,,5.6,Hiệu lực,,OCB ,Công ty cổ phần,Tổ chức tín dụng
2323,2024-12-17 00:00:00,VIB - Ngân hàng TMCP Quốc tế Việt Nam,VIBL2427009,VNĐ,,13/12/2024,13/12/2027,,2000,1000000000,Coupon,Cố định,Định kỳ - Cuối kỳ,Mua lại,,5.3,Hiệu lực,,VIB ,Công ty cổ phần,Tổ chức tín dụng
2324,2024-12-17 00:00:00,SBT - Công ty cổ phần Thành Thành công - Biên Hòa,SBTB2427001,VNĐ,,13/12/2024,13/12/2027,,7000,100000000,Coupon,Thả nổi,Định kỳ - Cuối kỳ,Mua lại,,10.17,Hiệu lực,,SBT ,Công ty cổ phần,Sản xuất
2325,2024-12-19 00:00:00,MSFC - Công ty Tài chính TNHH MB Shinsei,MSFCLH2426004,VNĐ,,13/12/2024,13/12/2026,,400,1000000000,Coupon,Kết hợp,Định kỳ - Cuối kỳ,,,6.7,Hiệu lực,,MSFC ,Công ty trách nhiệm hữu hạn,Tổ chức tín dụng
2326,2024-12-18 00:00:00,ABB - Ngân hàng TMCP An Bình (ABBANK),ABBL2426003,VNĐ,,16/12/2024,16/12/2026,,1600,1000000000,Coupon,Thả nổi,Định kỳ - Cuối kỳ,Mua lại,,5.7,Hiệu lực,,ABB ,Công ty cổ phần,Tổ chức tín dụng
2327,2024-12-18 00:00:00,VHM - CTCP VINHOMES,VHMB2427009,VNĐ,,17/12/2024,17/12/2027,,40000,100000000,Coupon,Cố định,Định kỳ - Cuối kỳ,Mua lại,,12.0,Hiệu lực,,VHM ,Công ty cổ phần,Bất động sản
2328,2024-12-19 00:00:00,MSFC - Công ty Tài chính TNHH MB Shinsei,MSFCLH2426005,VNĐ,,17/12/2024,17/12/2026,,500,1000000000,Coupon,Kết hợp,Định kỳ - Cuối kỳ,,,6.7,Hiệu lực,,MSFC ,Công ty trách nhiệm hữu hạn,Tổ chức tín dụng
2329,2024-12-23 00:00:00,TPB - Ngân hàng Thương mại cổ phần Tiên Phong,TPBL2434032,VNĐ,,17/12/2024,17/12/2034,,878,100000000,Coupon,Thả nổi,Định kỳ - Cuối kỳ,Mua lại,,7.08,Hiệu lực,,TPB ,Công ty cổ phần,Tổ chức tín dụng
2330,2024-12-25 00:00:00,MBB - NGÂN HÀNG TMCP QUÂN ĐỘI,MBBL2432022,VNĐ,,17/12/2024,17/12/2032,,10000,100000000,Coupon,Cố định,Định kỳ - Cuối kỳ,Mua lại,,6.4,Hiệu lực,,MBB ,Công ty cổ phần,Tổ chức tín dụng
2331,2024-12-23 00:00:00,TPB - Ngân hàng Thương mại cổ phần Tiên Phong,TPBL2434033,VNĐ,,18/12/2024,18/12/2034,,1095,100000000,Coupon,Thả nổi,Định kỳ - Cuối kỳ,Mua lại,,7.0,Hiệu lực,,TPB ,Công ty cổ phần,Tổ chức tín dụng
2332,2024-12-20 00:00:00,VIB - Ngân hàng TMCP Quốc tế Việt Nam,VIBL2431010,VNĐ,,18/12/2024,18/12/2031,,2000,1000000000,Coupon,Thả nổi,Định kỳ - Cuối kỳ,Mua lại,,7.48,Hiệu lực,,VIB ,Công ty cổ phần,Tổ chức tín dụng
2333,2024-12-19 00:00:00,ACB - Ngân hàng TMCP Á Châu,ACBL2429016,VNĐ,,18/12/2024,18/12/2029,,250,1000000000,Coupon,Cố định,Định kỳ - Cuối kỳ,Mua lại,,6.1,Hiệu lực,,ACB ,Công ty cổ phần,Tổ chức tín dụng
2334,2024-12-20 00:00:00,NEWC - Công ty cổ phần đầu tư và phát triển NEWCO,NEWCB2427002,VNĐ,,19/12/2024,19/12/2027,,34000,100000000,Coupon,Kết hợp,Định kỳ - Cuối kỳ,Mua lại,,9.0,Hiệu lực,,NEWC ,Công ty cổ phần,Bất động sản
2335,2024-12-20 00:00:00,NEWC - Công ty cổ phần đầu tư và phát triển NEWCO,NEWCB2429003,VNĐ,,19/12/2024,19/12/2029,,20000,100000000,Coupon,Kết hợp,Định kỳ - Cuối kỳ,Mua lại,,9.0,Hiệu lực,,NEWC ,Công ty cổ phần,Bất động sản
2336,2024-12-23 00:00:00,TPB - Ngân hàng Thương mại cổ phần Tiên Phong,TPBL2427034,VNĐ,,19/12/2024,19/12/2027,,10000,100000000,Coupon,Cố định,Định kỳ - Cuối kỳ,Mua lại,,5.6,Hiệu lực,,TPB ,Công ty cổ phần,Tổ chức tín dụng
2337,2024-12-20 00:00:00,NEWC - Công ty cổ phần đầu tư và phát triển NEWCO,NEWCB2425001,VNĐ,,19/12/2024,19/12/2025,,15000,100000000,Coupon,Cố định,Một lần khi đến hạn,Mua lại,,9.0,Hiệu lực,,NEWC ,Công ty cổ phần,Bất động sản
2338,2024-12-25 00:00:00,MBB - NGÂN HÀNG TMCP QUÂN ĐỘI,MBBL2431023,VNĐ,,19/12/2024,19/12/2031,,500,100000000,Coupon,Thả nổi,Định kỳ - Cuối kỳ,Mua lại,,6.28,Hiệu lực,,MBB ,Công ty cổ phần,Tổ chức tín dụng
2339,2024-12-25 00:00:00,HDB - NH TMCP Phát triển thành phố Hồ Chí Minh ( HDBANK),HDBL2426026,VNĐ,,20/12/2024,20/12/2026,,850,1000000000,Coupon,Cố định,Định kỳ - Cuối kỳ,Mua lại,,5.7,Hiệu lực,,HDB ,Công ty cổ phần,Tổ chức tín dụng
2340,2024-12-25 00:00:00,MBB - NGÂN HÀNG TMCP QUÂN ĐỘI,MBBL2432025,VNĐ,,20/12/2024,20/12/2032,,3000,100000000,Coupon,Thả nổi,Định kỳ - Cuối kỳ,,,6.28,Hiệu lực,,MBB ,Công ty cổ phần,Tổ chức tín dụng
2341,2024-12-25 00:00:00,MBB - NGÂN HÀNG TMCP QUÂN ĐỘI,MBBL2431024,VNĐ,,20/12/2024,20/12/2031,,1000,100000000,Coupon,Thả nổi,Định kỳ - Cuối kỳ,Mua lại,,6.18,Hiệu lực,,MBB ,Công ty cổ phần,Tổ chức tín dụng
2342,2024-12-23 00:00:00,TPB - Ngân hàng Thương mại cổ phần Tiên Phong,TPBL2434038,VNĐ,,20/12/2024,20/12/2034,,674,100000000,Coupon,Thả nổi,Định kỳ - Cuối kỳ,Mua lại,,7.08,Hiệu lực,,TPB ,Công ty cổ phần,Tổ chức tín dụng
2343,2024-12-23 00:00:00,TPB - Ngân hàng Thương mại cổ phần Tiên Phong,TPBL2434036,VNĐ,,20/12/2024,20/12/2034,,1955,100000000,Coupon,Thả nổi,Định kỳ - Cuối kỳ,Mua lại,,7.0,Hiệu lực,,TPB ,Công ty cổ phần,Tổ chức tín dụng
2344,2024-12-20 00:00:00,MSB - Ngân hàng TMCP Hàng Hải Việt Nam,MSBL2427012,VNĐ,,20/12/2024,20/12/2027,,1000,1000000000,Coupon,Cố định,Định kỳ - Cuối kỳ,Mua lại,,5.6,Hiệu lực,,MSB ,Công ty cổ phần,Tổ chức tín dụng
2345,2024-12-23 00:00:00,TPB - Ngân hàng Thương mại cổ phần Tiên Phong,TPBL2427035,VNĐ,,20/12/2024,20/12/2027,,20000,100000000,Coupon,Cố định,Định kỳ - Cuối kỳ,Mua lại,,5.8,Hiệu lực,,TPB ,Công ty cổ phần,Tổ chức tín dụng
2346,2024-12-25 00:00:00,TPB - Ngân hàng Thương mại cổ phần Tiên Phong,TPBL2427037,VNĐ,,20/12/2024,20/12/2027,,10000,100000000,Coupon,Thả nổi,Định kỳ - Cuối kỳ,Mua lại,,5.6,Hiệu lực,,TPB ,Công ty cổ phần,Tổ chức tín dụng
2347,2024-12-23 00:00:00,MSB - Ngân hàng TMCP Hàng Hải Việt Nam,MSBL2427013,VNĐ,,23/12/2024,23/12/2027,,1000,1000000000,Coupon,Cố định,Định kỳ - Cuối kỳ,Mua lại,,5.6,Hiệu lực,,MSB ,Công ty cổ phần,Tổ chức tín dụng
2348,2024-12-25 00:00:00,MBB - NGÂN HÀNG TMCP QUÂN ĐỘI,MBBL2432026,VNĐ,,23/12/2024,23/12/2032,,500,100000000,Coupon,Thả nổi,Định kỳ - Cuối kỳ,Mua lại,,6.28,Hiệu lực,,MBB ,Công ty cổ phần,Tổ chức tín dụng
2349,2024-12-25 00:00:00,ATHC - CÔNG TY TNHH DỊCH VỤ THƯƠNG MẠI TỔNG HỢP AN THỊNH,ATHCB2431001,VNĐ,,23/12/2024,23/12/2031,,70000,100000000,Coupon,Kết hợp,Định kỳ - Cuối kỳ,Mua lại,,3.0,Hiệu lực,,ATHC ,Công ty trách nhiệm hữu hạn,Bất động sản
2350,2024-12-25 00:00:00,HDB - NH TMCP Phát triển thành phố Hồ Chí Minh ( HDBANK),HDBH2429027,VNĐ,,23/12/2024,23/12/2029,,1150,1000000000,Coupon,Cố định,Định kỳ - Cuối kỳ,Mua lại,,6.2,Hiệu lực,,HDB ,Công ty cổ phần,Tổ chức tín dụng
2351,2024-12-25 00:00:00,MBB - NGÂN HÀNG TMCP QUÂN ĐỘI,MBBL2432027,VNĐ,,23/12/2024,23/12/2032,,7000,100000000,Coupon,Thả nổi,Định kỳ - Cuối kỳ,Mua lại,,6.28,Hiệu lực,,MBB ,Công ty cổ phần,Tổ chức tín dụng
2352,2025-01-06 00:00:00,AVNC - CÔNG TY CỔ PHẦN AAC VIỆT NAM,AVNCH2429001,VNĐ,,24/12/2024,24/12/2029,,4900,100000000,Coupon,Cố định,Một lần khi đến hạn,,,10.0,Hiệu lực,,AVNC ,Công ty cổ phần,Bất động sản
2353,2025-01-02 00:00:00,LPB - Ngân hàng Thương mại Cổ phần Lộc Phát Việt Nam (tên cũ: Ngân hàng Thương mại cổ phần Bưu Điện Liên Việt),LPBL2427009,VNĐ,,24/12/2024,24/12/2027,,1000,1000000000,Coupon,Cố định,Định kỳ - Cuối kỳ,Mua lại,,5.6,Hiệu lực,,LPB ,Công ty cổ phần,Tổ chức tín dụng
2354,2024-12-27 00:00:00,HDB - NH TMCP Phát triển thành phố Hồ Chí Minh ( HDBANK),HDBL2431029,VNĐ,,24/12/2024,24/12/2031,,500,1000000000,Coupon,Thả nổi,Định kỳ - Cuối kỳ,Mua lại,,7.47,Hiệu lực,,HDB ,Công ty cổ phần,Tổ chức tín dụng
2355,2024-12-27 00:00:00,HDB - NH TMCP Phát triển thành phố Hồ Chí Minh ( HDBANK),HDBL2427028,VNĐ,,24/12/2024,24/12/2027,,1000,1000000000,Coupon,Cố định,Định kỳ - Cuối kỳ,Mua lại,,5.7,Hiệu lực,,HDB ,Công ty cổ phần,Tổ chức tín dụng
2356,2025-01-15 00:00:00,RECC - Công ty TNHH Năng lượng tái tạo,RECCH2425001,VNĐ,,24/12/2024,24/12/2025,,10000,100000000,Coupon,Cố định,Định kỳ - Cuối kỳ,Mua lại,,11.0,Hiệu lực,,RECC ,Công ty trách nhiệm hữu hạn,Lĩnh vực khác
2357,2024-12-27 00:00:00,HUT - CTCP Tasco,HUTB2427001,VNĐ,,24/12/2024,24/12/2027,,5000,100000000,Coupon,Kết hợp,Một lần khi đến hạn,Mua lại,,10.5,Hiệu lực,,HUT ,Công ty cổ phần,"Thương mại, dịch vụ"
2358,2024-12-25 00:00:00,TCB - Ngân hàng TMCP Kỹ thương Việt Nam,TCBL2429017,VNĐ,,24/12/2024,24/12/2029,,450,1000000000,Coupon,Cố định,Định kỳ - Cuối kỳ,Mua lại,,6.0,Hiệu lực,,TCB ,Công ty cổ phần,Tổ chức tín dụng
2359,2024-12-25 00:00:00,MANC - CÔNG TY CỔ PHẦN PHÁT TRIỂN VÀ ĐẦU TƯ KINH DOANH MINH AN,MANCB2426001,VNĐ,,24/12/2024,24/06/2026,,10000,100000000,Coupon,Cố định,Định kỳ - Cuối kỳ,Mua lại,,10.5,Hiệu lực,,MANC ,Công ty cổ phần,Bất động sản
2360,2024-12-25 00:00:00,ABB - Ngân hàng TMCP An Bình (ABBANK),ABBL2426004,VNĐ,,24/12/2024,24/12/2026,,400,1000000000,Coupon,Cố định,Định kỳ - Cuối kỳ,Mua lại,,5.5,Hiệu lực,,ABB ,Công ty cổ phần,Tổ chức tín dụng
2361,2024-12-25 00:00:00,PTJC - Công ty Cổ phần Phú Thọ Land,PTJCB2425001,VNĐ,,24/12/2024,24/12/2025,,9500,100000000,Coupon,Cố định,Định kỳ - Cuối kỳ,Mua lại,,10.0,Hiệu lực,,PTJC ,Công ty cổ phần,Bất động sản
2362,2025-01-15 00:00:00,VAB - NGÂN HÀNG TMCP VIỆT Á,VABLH2431002,VNĐ,,24/12/2024,24/12/2031,,2700,100000000,Coupon,Kết hợp,Định kỳ - Cuối kỳ,Mua lại,,7.5,Hiệu lực,,VAB ,Công ty cổ phần,Tổ chức tín dụng
2363,2025-01-09 00:00:00,AVTC - CÔNG TY TRÁCH NHIỆM HỮU HẠN ALLGREEN - VƯỢNG THÀNH - TRÙNG DƯƠNG,AVTCH2429002,VNĐ,,25/12/2024,25/12/2029,,5350,100000000,Coupon,Kết hợp,Định kỳ - Cuối kỳ,Mua lại,,12.0,Hiệu lực,,AVTC ,Công ty trách nhiệm hữu hạn,Bất động sản
2364,2025-02-06 00:00:00,AKPC - Công ty cổ phần nhiệt điện An Khánh - Bắc Giang,AKPCH2429001,VNĐ,,25/12/2024,25/12/2029,,8000,100000000,Coupon,Cố định,Định kỳ - Cuối kỳ,Mua lại,,10.0,Hiệu lực,,AKPC ,Công ty cổ phần,Năng lượng
2365,2025-01-09 00:00:00,F88C - Công ty cổ phần kinh doanh F88,F88CH2425009,VNĐ,,26/12/2024,26/12/2025,,1500,100000000,Coupon,Cố định,Định kỳ - Cuối kỳ,Mua lại,,10.5,Hiệu lực,,F88C ,Công ty cổ phần,"Thương mại, dịch vụ"
2366,2025-01-15 00:00:00,THBC - CÔNG TY TNHH ĐẦU TƯ XÂY DỰNG THIÊN HÀ- BĂNG DƯƠNG,THBCH2429002,VNĐ,,26/12/2024,26/12/2029,,11000,100000000,Coupon,Kết hợp,Định kỳ - Cuối kỳ,Mua lại,,12.0,Hiệu lực,,THBC ,Công ty trách nhiệm hữu hạn,Bất động sản
2367,2025-01-03 00:00:00,TN1 - Công ty cổ phần ROX KEY HOLDINGS,TN1H2427001,VNĐ,,27/12/2024,27/12/2027,,2000,100000000,Coupon,Cố định,Định kỳ - Cuối kỳ,Mua lại,,9.8,Hiệu lực,,TN1 ,Công ty cổ phần,Lĩnh vực khác
2368,2025-01-06 00:00:00,VJC - CÔNG TY CỔ PHẦN HÀNG KHÔNG VIETJET,VJCH2429007,VNĐ,,28/12/2024,28/12/2029,,20000,100000000,Coupon,Kết hợp,Định kỳ - Cuối kỳ,Mua lại,,11.0,Hiệu lực,,VJC ,Công ty cổ phần,Bất động sản
2369,2025-01-07 00:00:00,SCR - CTCP địa ốc Sài Gòn thương tín,SCR12401,VNĐ,,30/12/2024,30/12/2029,,8500,100000000,Coupon,Kết hợp,Định kỳ - Cuối kỳ,Mua lại,,8.5,Hiệu lực,,SCR ,Công ty cổ phần,Bất động sản
2370,2025-01-02 00:00:00,PGB - Ngân hàng Thương mại cổ phần Thịnh vượng và Phát triển,PGB12401,VNĐ,,30/12/2024,30/12/2026,,1000,1000000000,Coupon,Cố định,Định kỳ - Cuối kỳ,Mua lại,,5.8,Hiệu lực,,PGB ,Công ty cổ phần,Tổ chức tín dụng
2371,2025-01-07 00:00:00,IDTC - Công ty cổ phần Phát triển Khu Công nghiệp và Đô thị Thủ Thừa (tên cũ: Công ty cổ phần IDTT),IDTCH2426002,VNĐ,,30/12/2024,30/12/2026,,500,100000000,Coupon,Cố định,Định kỳ - Cuối kỳ,Mua lại,,11.0,Hiệu lực,,IDTC ,Công ty cổ phần,Xây dựng
2372,2025-01-09 00:00:00,VPI - CTCP Đầu tư Văn Phú - Invest,VPIH2427002,VNĐ,,30/12/2024,30/12/2027,,2500,100000000,Coupon,Kết hợp,Định kỳ - Cuối kỳ,Mua lại,,11.0,Hiệu lực,,VPI ,Công ty cổ phần,Bất động sản
2373,2025-01-10 00:00:00,VIFC - CTCP SẢN XUẤT VÀ KINH DOANH VINFAST,VIF12403,VNĐ,,30/12/2024,30/12/2026,,5000,100000000,Coupon,Cố định,Định kỳ - Cuối kỳ,Mua lại,,13.5,Hiệu lực,,VIFC ,Công ty cổ phần,Sản xuất
2374,2025-01-16 00:00:00,VHM - CTCP VINHOMES,VHM12410,VNĐ,,30/12/2024,30/12/2027,,65000,100000000,Coupon,Cố định,Định kỳ - Cuối kỳ,Mua lại,,12.0,Hiệu lực,,VHM ,Công ty cổ phần,Bất động sản
2375,2025-03-06 00:00:00,ENCC - CÔNG TY CỔ PHẦN DK ENC VIỆT NAM,ENC12401,VNĐ,,31/12/2024,31/12/2031,,3500,100000000,Coupon,Kết hợp,Định kỳ - Cuối kỳ,Mua lại,,10.0,Hiệu lực,,ENCC ,Công ty cổ phần,Lĩnh vực khác
2376,2025-02-03 00:00:00,TCOC - CTCP TẬP ĐOÀN TRƯỜNG HẢI,TCOCH2429001,VNĐ,,31/12/2024,31/12/2029,,13000,100000000,Coupon,Kết hợp,Định kỳ - Cuối kỳ,,,8.5,Hiệu lực,,TCOC ,Công ty cổ phần,Sản xuất
2377,2025-01-10 00:00:00,SGXC - Công ty Cổ phần Xuất nhập khẩu Sài Gòn Xanh,SGX12401,VNĐ,,31/12/2024,31/12/2029,,3500,100000000,Coupon,Kết hợp,Định kỳ - Cuối kỳ,Mua lại,,12.0,Hiệu lực,,SGXC ,Công ty cổ phần,Bất động sản
2378,2025-01-09 00:00:00,FSPC - CÔNG TY TNHH DỊCH VỤ DU LỊCH CÁP TREO FANSIPAN SAPA,FSP12401,VNĐ,,31/12/2024,31/12/2029,,8800,100000000,Coupon,Kết hợp,Định kỳ - Cuối kỳ,Mua lại,,12.0,Hiệu lực,,FSPC ,Công ty trách nhiệm hữu hạn,"Thương mại, dịch vụ"
2379,2025-01-09 00:00:00,TOCC - Công ty cổ phần Tư vấn và Kinh doanh bất động sản TCO,TOC32401,VNĐ,,31/12/2024,31/12/2025,,25000,100000000,Coupon,Cố định,Một lần khi đến hạn,Mua lại,,9.6,Hiệu lực,,TOCC ,Công ty cổ phần,Bất động sản
2380,2025-01-09 00:00:00,CSPC - Công ty TNHH Công Nghiệp - Bất Động Sản và Xây Dựng Song Phương,CSPCH2429001,VNĐ,,31/12/2024,31/12/2029,,3600,100000000,Coupon,Kết hợp,Định kỳ - Cuối kỳ,Mua lại,,12.0,Hiệu lực,,CSPC ,Công ty trách nhiệm hữu hạn,Bất động sản
2381,2025-01-07 00:00:00,HDMC - Công ty Cổ phần Mua bán nợ và Quản lý Tài sản HDBank,HDQ12402,VNĐ,,31/12/2024,31/12/2029,,20000,100000000,Coupon,Kết hợp,Định kỳ - Cuối kỳ,Mua lại,,11.0,Hiệu lực,,HDMC ,Công ty cổ phần,Lĩnh vực khác
2382,2025-08-19 00:00:00,F88C - Công ty cổ phần kinh doanh F88,F8812505,VNĐ,,08/01/2025,08/01/2026,,1000,100000000,Coupon,Cố định,Định kỳ - Cuối kỳ,Mua lại,,10.0,Hiệu lực,,F88C ,Công ty cổ phần,"Thương mại, dịch vụ"
2383,2025-08-08 00:00:00,TVRC - Công ty Cổ phần Đầu tư Phát triển Bất động sản Thành Vinh,TVR32503,VNĐ,,08/01/2025,08/01/2031,,3000,100000000,Coupon,Cố định,Một lần khi đến hạn,Mua lại,,9.2,Hiệu lực,,TVRC ,Công ty cổ phần,Bất động sản
2384,2025-11-07 00:00:00,F88C - Công ty cổ phần kinh doanh F88,F8812507,VNĐ,,10/01/2025,04/01/2027,,2500,100000000,Coupon,Cố định,Định kỳ - Cuối kỳ,Mua lại,,10.0,Hiệu lực,,F88C ,Công ty cổ phần,"Thương mại, dịch vụ"
2385,2025-10-08 00:00:00,EVF - Công ty Tài chính Tổng hợp Cổ phần Điện Lực (Tên cũ: Công ty Tài chính cổ phần Điện Lực),EVF12503,VNĐ,,10/01/2025,10/01/2030,,1800,100000000,Coupon,Cố định,Định kỳ - Cuối kỳ,,,7.25,Hiệu lực,,EVF ,Công ty cổ phần,Tổ chức tín dụng
2386,2025-12-10 00:00:00,VAB - NGÂN HÀNG TMCP VIỆT Á,VAB12501,VNĐ,,12/01/2025,12/01/2032,,3000,100000000,Coupon,Kết hợp,Định kỳ - Cuối kỳ,Mua lại,,7.6,Hiệu lực,,VAB ,Công ty cổ phần,Tổ chức tín dụng
2387,2025-07-01 00:00:00,CTG - Ngân hàng Thương mại cổ phần Công Thương Việt Nam,CTG12504,VNĐ,,06/02/2025,06/02/2033,,8500,100000000,Coupon,Thả nổi,Định kỳ - Cuối kỳ,Mua lại,,5.83,Hiệu lực,,CTG ,Công ty cổ phần,Tổ chức tín dụng
2388,2025-07-07 00:00:00,VJC - CÔNG TY CỔ PHẦN HÀNG KHÔNG VIETJET,VJC12502,VNĐ,,07/02/2025,07/02/2030,,10000,100000000,Coupon,Kết hợp,Định kỳ - Cuối kỳ,Mua lại,,10.5,Hiệu lực,,VJC ,Công ty cổ phần,Bất động sản
2389,2025-10-13 00:00:00,KHG - CTCP Tập Đoàn KHẢI HOÀN LAND,KHG12501,VNĐ,,10/02/2025,10/02/2030,,800,100000000,Coupon,Kết hợp,Định kỳ - Cuối kỳ,Mua lại,,13.5,Hiệu lực,,KHG ,Công ty cổ phần,Bất động sản
2390,2025-10-08 00:00:00,OCB - Ngân hàng TMCP Phương Đông,OCB12526,VNĐ,,10/02/2025,10/02/2028,,1000,1000000000,Coupon,Cố định,Định kỳ - Cuối kỳ,Mua lại,,6.5,Hiệu lực,,OCB ,Công ty cổ phần,Tổ chức tín dụng
2391,2025-10-08 00:00:00,OCB - Ngân hàng TMCP Phương Đông,OCB12525,VNĐ,,10/02/2025,10/02/2027,,600,1000000000,Coupon,Cố định,Định kỳ - Cuối kỳ,Mua lại,,6.3,Hiệu lực,,OCB ,Công ty cổ phần,Tổ chức tín dụng
2392,2025-12-04 00:00:00,MSGC - CTCP MAY- DIÊM SÀI GÒN,MSG32508,VNĐ,,12/02/2025,12/02/2034,,10000,100000000,Coupon,Cố định,Một lần khi đến hạn,Mua lại,,9.0,Hiệu lực,,MSGC ,Công ty cổ phần,Bất động sản
2393,2025-12-08 00:00:00,BAB - Ngân hàng Thương Mại Cổ Phần Bắc Á,BAB12510,VNĐ,,12/02/2025,12/02/2028,,1000,1000000000,Coupon,Cố định,Định kỳ - Cuối kỳ,Mua lại,,6.5,Hiệu lực,,BAB ,Công ty cổ phần,Tổ chức tín dụng
2394,2025-12-09 00:00:00,TPB - Ngân hàng Thương mại cổ phần Tiên Phong,TPB12546,VNĐ,,12/02/2025,12/02/2035,,465,100000000,Coupon,Thả nổi,Định kỳ - Cuối kỳ,Mua lại,,7.98,Hiệu lực,,TPB ,Công ty cổ phần,Tổ chức tín dụng
2395,2025-06-09 00:00:00,OCB - Ngân hàng TMCP Phương Đông,OCB12508,VNĐ,,06/03/2025,06/03/2028,,900,1000000000,Coupon,Cố định,Định kỳ - Cuối kỳ,Mua lại,,5.4,Hiệu lực,,OCB ,Công ty cổ phần,Tổ chức tín dụng
2396,2025-06-06 00:00:00,TCB - Ngân hàng TMCP Kỹ thương Việt Nam,TCB12510,VNĐ,,06/03/2025,06/03/2028,,2500,1000000000,Coupon,Cố định,Định kỳ - Cuối kỳ,Mua lại,,5.1,Hiệu lực,,TCB ,Công ty cổ phần,Tổ chức tín dụng
2397,2025-07-09 00:00:00,ACB - Ngân hàng TMCP Á Châu,ACB12514,VNĐ,,07/03/2025,07/03/2028,,500,1000000000,Coupon,Cố định,Định kỳ - Cuối kỳ,Mua lại,,5.6,Hiệu lực,,ACB ,Công ty cổ phần,Tổ chức tín dụng
2398,2025-07-10 00:00:00,BID - Ngân hàng TMCP Đầu tư và Phát triển Việt Nam,BID12532,VNĐ,,07/03/2025,07/03/2032,,100,1000000000,Coupon,Thả nổi,Định kỳ - Cuối kỳ,Hoán đổi; Mua lại,,5.68,Hiệu lực,,BID ,Công ty cổ phần,Tổ chức tín dụng
2399,2025-07-10 00:00:00,BID - Ngân hàng TMCP Đầu tư và Phát triển Việt Nam,BID12533,VNĐ,,07/03/2025,07/03/2033,,1200,1000000000,Coupon,Thả nổi,Định kỳ - Cuối kỳ,Hoán đổi; Mua lại,,5.83,Hiệu lực,,BID ,Công ty cổ phần,Tổ chức tín dụng
2400,2025-09-19 00:00:00,ECFC - CÔNG TY CỔ PHẦN CÔNG NGHỆ TÀI CHÍNH ENCAPITAL,ECF12501,VNĐ,,09/03/2025,09/03/2028,,1800,100000000,Coupon,Kết hợp,Định kỳ - Cuối kỳ,Mua lại,,9.5,Hiệu lực,,ECFC ,Công ty cổ phần,Sản xuất
2401,2025-09-05 00:00:00,MBB - NGÂN HÀNG TMCP QUÂN ĐỘI,MBB12524,VNĐ,,09/03/2025,09/03/2028,,30000,100000000,Coupon,Cố định,Định kỳ - Cuối kỳ,Mua lại,,5.85,Hiệu lực,,MBB ,Công ty cổ phần,Tổ chức tín dụng
2402,2025-11-10 00:00:00,MSGC - CTCP MAY- DIÊM SÀI GÒN,MSG32506,VNĐ,,11/03/2025,11/03/2034,,4700,100000000,Coupon,Cố định,Một lần khi đến hạn,Mua lại,,9.0,Hiệu lực,,MSGC ,Công ty cổ phần,Bất động sản
2403,2025-11-11 00:00:00,TPB - Ngân hàng Thương mại cổ phần Tiên Phong,TPB12540,VNĐ,,11/03/2025,11/03/2035,,4083,100000000,Coupon,Thả nổi,Định kỳ - Cuối kỳ,Mua lại,,7.28,Hiệu lực,,TPB ,Công ty cổ phần,Tổ chức tín dụng
2404,2025-12-05 00:00:00,VPB - NH TMCP VIỆT NAM THỊNH VƯỢNG,VPB12515,VNĐ,,12/03/2025,12/03/2030,,500,1000000000,Coupon,Cố định,Định kỳ - Cuối kỳ,,,6.4,Hiệu lực,,VPB ,Công ty cổ phần,Tổ chức tín dụng
2405,2025-12-05 00:00:00,HDB - NH TMCP Phát triển thành phố Hồ Chí Minh ( HDBANK),HDB12509,VNĐ,,12/03/2025,12/03/2030,,120,1000000000,Coupon,Cố định,Định kỳ - Cuối kỳ,Mua lại,,6.8,Hiệu lực,,HDB ,Công ty cổ phần,Tổ chức tín dụng
2406,2025-12-05 00:00:00,TCB - Ngân hàng TMCP Kỹ thương Việt Nam,TCB12524,VNĐ,,12/03/2025,12/03/2028,,2000,1000000000,Coupon,Cố định,Định kỳ - Cuối kỳ,Mua lại,,6.5,Hiệu lực,,TCB ,Công ty cổ phần,Tổ chức tín dụng
2407,2025-12-09 00:00:00,KHG - CTCP Tập Đoàn KHẢI HOÀN LAND,KHG12502,VNĐ,,12/03/2025,12/03/2030,,800,100000000,Coupon,Kết hợp,Định kỳ - Cuối kỳ,Mua lại,,13.5,Hiệu lực,,KHG ,Công ty cổ phần,Bất động sản
2408,2025-05-07 00:00:00,ACB - Ngân hàng TMCP Á Châu,ACB12501,VNĐ,,26/03/2025,26/03/2027,,1500,1000000000,Coupon,Cố định,Định kỳ - Cuối kỳ,Mua lại,,5.6,Hiệu lực,,ACB ,Công ty cổ phần,Tổ chức tín dụng
2409,2025-03-21 00:00:00,VDS - CTCP Chứng khoán Rồng Việt,VDS12501,VNĐ,,03/04/2025,03/04/2026,,5000,100000000,Coupon,Cố định,Định kỳ - Cuối kỳ,Mua lại,,8.2,Hiệu lực,,VDS ,Công ty cổ phần,Kinh doanh chứng khoán
2410,2025-04-26 00:00:00,F88C - Công ty cổ phần kinh doanh F88,F8812501,VNĐ,,04/04/2025,04/04/2026,,1500,100000000,Coupon,Cố định,Định kỳ - Cuối kỳ,Mua lại,,10.5,Hiệu lực,,F88C ,Công ty cổ phần,"Thương mại, dịch vụ"
2411,2025-04-11 00:00:00,TCXC - CTCP chứng khoán Kỹ thương,TCX12501,VNĐ,,04/04/2025,04/04/2028,,5000,100000000,Coupon,Kết hợp,Định kỳ - Cuối kỳ,Mua lại,,7.5,Hiệu lực,,TCXC ,Công ty cổ phần,Kinh doanh chứng khoán
2412,2025-06-10 00:00:00,BAB - Ngân hàng Thương Mại Cổ Phần Bắc Á,BAB12503,VNĐ,,06/04/2025,06/04/2027,,1000,1000000000,Coupon,Cố định,Định kỳ - Cuối kỳ,Mua lại,,5.4,Hiệu lực,,BAB ,Công ty cổ phần,Tổ chức tín dụng
2413,2025-06-13 00:00:00,TPB - Ngân hàng Thương mại cổ phần Tiên Phong,TPB12506,VNĐ,,06/04/2025,06/04/2035,,3389,100000000,Coupon,Thả nổi,Định kỳ - Cuối kỳ,Mua lại,,7.28,Hiệu lực,,TPB ,Công ty cổ phần,Tổ chức tín dụng
2414,2025-06-09 00:00:00,OCB - Ngân hàng TMCP Phương Đông,OCB12509,VNĐ,,06/04/2025,06/04/2028,,500,1000000000,Coupon,Cố định,Định kỳ - Cuối kỳ,Mua lại,,5.4,Hiệu lực,,OCB ,Công ty cổ phần,Tổ chức tín dụng
2415,2025-06-11 00:00:00,ACB - Ngân hàng TMCP Á Châu,ACB12506,VNĐ,,06/04/2025,06/04/2027,,2000,1000000000,Coupon,Cố định,Định kỳ - Cuối kỳ,Mua lại,,5.3,Hiệu lực,,ACB ,Công ty cổ phần,Tổ chức tín dụng
2416,2025-09-22 00:00:00,HDC - CÔNG TY CP PHÁT TRIỂN NHÀ BÀ RỊA- VŨNG TÀU,HDC12502,VNĐ,,09/04/2025,09/04/2028,,3000,100000000,Coupon,Kết hợp,Định kỳ - Cuối kỳ,Mua lại,,10.5,Hiệu lực,,HDC ,Công ty cổ phần,Xây dựng
2417,2025-11-10 00:00:00,VIOC - CÔNG TY TNHH MTV VIPICO,VIO32501,VNĐ,,11/04/2025,11/04/2033,,5000,100000000,Coupon,Cố định,Một lần khi đến hạn,Mua lại,,9.3,Hiệu lực,,VIOC ,Công ty trách nhiệm hữu hạn,Bất động sản
2418,2025-04-18 00:00:00,PGB - Ngân hàng Thương mại cổ phần Thịnh vượng và Phát triển,PGB12501,VNĐ,,15/04/2025,15/04/2027,,700,1000000000,Coupon,Cố định,Định kỳ - Cuối kỳ,Mua lại,,5.8,Hiệu lực,,PGB ,Công ty cổ phần,Tổ chức tín dụng
2419,2025-04-21 00:00:00,MSB - Ngân hàng TMCP Hàng Hải Việt Nam,MSB12501,VNĐ,,17/04/2025,17/04/2028,,1000,1000000000,Coupon,Cố định,Định kỳ - Cuối kỳ,Mua lại,,5.3,Hiệu lực,,MSB ,Công ty cổ phần,Tổ chức tín dụng
2420,2025-04-25 00:00:00,ACB - Ngân hàng TMCP Á Châu,ACB12503,VNĐ,,18/04/2025,18/04/2028,,500,1000000000,Coupon,Thả nổi,Định kỳ - Cuối kỳ,Mua lại,,5.8,Hiệu lực,,ACB ,Công ty cổ phần,Tổ chức tín dụng
2421,2025-05-21 00:00:00,DRGC - CTCP Đầu tư và Du lịch Vạn Hương,DRT12501,VNĐ,,18/04/2025,18/04/2028,,19141,100000000,Coupon,Kết hợp,Định kỳ - Cuối kỳ,Mua lại,,11.0,Hiệu lực,,DRGC ,Công ty cổ phần,Bất động sản
2422,2025-04-25 00:00:00,TCB - Ngân hàng TMCP Kỹ thương Việt Nam,TCB12502,VNĐ,,21/04/2025,21/04/2028,,1000,1000000000,Coupon,Cố định,Định kỳ - Cuối kỳ,Mua lại,,5.2,Hiệu lực,,TCB ,Công ty cổ phần,Tổ chức tín dụng
2423,2025-04-25 00:00:00,TCB - Ngân hàng TMCP Kỹ thương Việt Nam,TCB12501,VNĐ,,21/04/2025,21/04/2028,,3200,1000000000,Coupon,Cố định,Định kỳ - Cuối kỳ,Mua lại,,5.2,Hiệu lực,,TCB ,Công ty cổ phần,Tổ chức tín dụng
2424,2025-04-25 00:00:00,TCB - Ngân hàng TMCP Kỹ thương Việt Nam,TCB12503,VNĐ,,22/04/2025,22/04/2027,,2500,1000000000,Coupon,Cố định,Định kỳ - Cuối kỳ,Mua lại,,5.2,Hiệu lực,,TCB ,Công ty cổ phần,Tổ chức tín dụng
2425,2025-04-29 00:00:00,ABB - Ngân hàng TMCP An Bình (ABBANK),ABB12501,VNĐ,,23/04/2025,23/04/2028,,700,1000000000,Coupon,Cố định,Định kỳ - Cuối kỳ,Mua lại,,6.0,Hiệu lực,,ABB ,Công ty cổ phần,Tổ chức tín dụng
2426,2025-04-24 00:00:00,MSB - Ngân hàng TMCP Hàng Hải Việt Nam,MSB12502,VNĐ,,23/04/2025,23/04/2028,,1000,1000000000,Coupon,Cố định,Định kỳ - Cuối kỳ,Mua lại,,5.3,Hiệu lực,,MSB ,Công ty cổ phần,Tổ chức tín dụng
2427,2025-04-24 00:00:00,MSB - Ngân hàng TMCP Hàng Hải Việt Nam,MSB12503,VNĐ,,23/04/2025,23/04/2028,,2000,1000000000,Coupon,Cố định,Định kỳ - Cuối kỳ,Mua lại,,5.3,Hiệu lực,,MSB ,Công ty cổ phần,Tổ chức tín dụng
2428,2025-04-25 00:00:00,TCB - Ngân hàng TMCP Kỹ thương Việt Nam,TCB12504,VNĐ,,23/04/2025,23/04/2027,,2500,1000000000,Coupon,Cố định,Định kỳ - Cuối kỳ,Mua lại,,5.2,Hiệu lực,,TCB ,Công ty cổ phần,Tổ chức tín dụng
2429,2025-04-29 00:00:00,ABB - Ngân hàng TMCP An Bình (ABBANK),ABB12502,VNĐ,,24/04/2025,24/04/2027,,1000,1000000000,Coupon,Cố định,Định kỳ - Cuối kỳ,Mua lại,,5.8,Hiệu lực,,ABB ,Công ty cổ phần,Tổ chức tín dụng
2430,2025-05-06 00:00:00,TCB - Ngân hàng TMCP Kỹ thương Việt Nam,TCB12505,VNĐ,,25/04/2025,25/04/2027,,2800,1000000000,Coupon,Cố định,Định kỳ - Cuối kỳ,Mua lại,,5.2,Hiệu lực,,TCB ,Công ty cổ phần,Tổ chức tín dụng
2431,2025-05-05 00:00:00,ABB - Ngân hàng TMCP An Bình (ABBANK),ABB12503,VNĐ,,25/04/2025,25/04/2027,,400,1000000000,Coupon,Cố định,Định kỳ - Cuối kỳ,Mua lại,,5.7,Hiệu lực,,ABB ,Công ty cổ phần,Tổ chức tín dụng
2432,2025-05-09 00:00:00,ACB - Ngân hàng TMCP Á Châu,ACB12504,VNĐ,,25/04/2025,25/04/2027,,800,1000000000,Coupon,Cố định,Định kỳ - Cuối kỳ,Mua lại,,5.3,Hiệu lực,,ACB ,Công ty cổ phần,Tổ chức tín dụng
2433,2025-05-07 00:00:00,OCB - Ngân hàng TMCP Phương Đông,OCB12501,VNĐ,,28/04/2025,28/04/2028,,2000,1000000000,Coupon,Cố định,Định kỳ - Cuối kỳ,Mua lại,,5.35,Hiệu lực,,OCB ,Công ty cổ phần,Tổ chức tín dụng
2434,2025-05-07 00:00:00,CTG - Ngân hàng Thương mại cổ phần Công Thương Việt Nam,CTG12501,VNĐ,,28/04/2025,28/04/2040,,5000,100000000,Coupon,Cố định,Định kỳ - Cuối kỳ,Mua lại,,6.35,Hiệu lực,,CTG ,Công ty cổ phần,Tổ chức tín dụng
2435,2025-05-07 00:00:00,CTG - Ngân hàng Thương mại cổ phần Công Thương Việt Nam,CTG12502,VNĐ,,28/04/2025,28/04/2033,,20000,100000000,Coupon,Thả nổi,Định kỳ - Cuối kỳ,Mua lại,,5.88,Hiệu lực,,CTG ,Công ty cổ phần,Tổ chức tín dụng
2436,2025-05-07 00:00:00,TAUC - Công ty cổ phần Tasco Auto,TAU12501,VNĐ,,28/04/2025,28/04/2029,,1900,100000000,Coupon,Kết hợp,Định kỳ - Cuối kỳ,Mua lại,,10.0,Hiệu lực,,TAUC ,Công ty cổ phần,Lĩnh vực khác
2437,2025-04-29 00:00:00,VIC - TẬP ĐOÀN VINGROUP - CÔNG TY CP,VIC12503,VNĐ,,28/04/2025,28/04/2027,,20000,100000000,Coupon,Cố định,Định kỳ - Cuối kỳ,Mua lại,,12.5,Hiệu lực,,VIC ,Công ty cổ phần,Bất động sản
2438,2025-05-05 00:00:00,MTDC - Công ty cổ phần đầu tư đường Mặt Trời,MTD12501,VNĐ,,28/04/2025,28/04/2026,,2500,100000000,Coupon,Cố định,Định kỳ - Cuối kỳ,,,8.0,Hiệu lực,,MTDC ,Công ty cổ phần,"Thương mại, dịch vụ"
2439,2025-05-06 00:00:00,TCB - Ngân hàng TMCP Kỹ thương Việt Nam,TCB12506,VNĐ,,28/04/2025,28/04/2027,,1500,1000000000,Coupon,Cố định,Định kỳ - Cuối kỳ,Mua lại,,5.1,Hiệu lực,,TCB ,Công ty cổ phần,Tổ chức tín dụng
2440,2025-05-09 00:00:00,MBB - NGÂN HÀNG TMCP QUÂN ĐỘI,MBB12501,VNĐ,,29/04/2025,29/04/2032,,1000,100000000,Coupon,Thả nổi,Định kỳ - Cuối kỳ,Mua lại,,6.28,Hiệu lực,,MBB ,Công ty cổ phần,Tổ chức tín dụng
2441,2025-05-07 00:00:00,OCB - Ngân hàng TMCP Phương Đông,OCB12502,VNĐ,,29/04/2025,29/04/2028,,1000,1000000000,Coupon,Cố định,Định kỳ - Cuối kỳ,Mua lại,,5.4,Hiệu lực,,OCB ,Công ty cổ phần,Tổ chức tín dụng
2442,2025-05-07 00:00:00,OLCC - Công ty TNHH Oleco - NQ,OLC32501,VNĐ,,29/04/2025,29/04/2030,,4900,100000000,Coupon,Cố định,Một lần khi đến hạn,Hoán đổi; Mua lại,,8.5,Hiệu lực,,OLCC ,Công ty trách nhiệm hữu hạn,Bất động sản
2443,2025-05-07 00:00:00,VIC - TẬP ĐOÀN VINGROUP - CÔNG TY CP,VIC12504,VNĐ,,05/05/2025,05/05/2027,,20000,100000000,Coupon,Cố định,Định kỳ - Cuối kỳ,Mua lại,,12.5,Hiệu lực,,VIC ,Công ty cổ phần,Bất động sản
2444,2025-06-11 00:00:00,NLG - Công ty Cổ phần Đầu tư Nam Long,NLG12501,VNĐ,,06/05/2025,06/05/2028,,6600,100000000,Coupon,Kết hợp,Định kỳ - Cuối kỳ,Mua lại,,11.0,Hiệu lực,,NLG ,Công ty cổ phần,Bất động sản
2445,2025-06-12 00:00:00,ACB - Ngân hàng TMCP Á Châu,ACB12507,VNĐ,,06/05/2025,06/05/2027,,5000,1000000000,Coupon,Cố định,Định kỳ - Cuối kỳ,Mua lại,,4.95,Hiệu lực,,ACB ,Công ty cổ phần,Tổ chức tín dụng
2446,2025-06-12 00:00:00,BID - Ngân hàng TMCP Đầu tư và Phát triển Việt Nam,BID12514,VNĐ,,06/05/2025,06/05/2032,,600,1000000000,Coupon,Thả nổi,Định kỳ - Cuối kỳ,Hoán đổi; Mua lại,,5.68,Hiệu lực,,BID ,Công ty cổ phần,Tổ chức tín dụng
2447,2025-08-11 00:00:00,BAB - Ngân hàng Thương Mại Cổ Phần Bắc Á,BAB12504,VNĐ,,08/05/2025,08/05/2028,,1000,1000000000,Coupon,Cố định,Định kỳ - Cuối kỳ,Mua lại,,5.5,Hiệu lực,,BAB ,Công ty cổ phần,Tổ chức tín dụng
2448,2025-09-12 00:00:00,TPB - Ngân hàng Thương mại cổ phần Tiên Phong,TPB12530,VNĐ,,09/05/2025,09/05/2035,,1000,100000000,Coupon,Thả nổi,Định kỳ - Cuối kỳ,Mua lại,,6.78,Hiệu lực,,TPB ,Công ty cổ phần,Tổ chức tín dụng
2449,2025-11-10 00:00:00,TCB - Ngân hàng TMCP Kỹ thương Việt Nam,TCB12522,VNĐ,,11/05/2025,11/05/2028,,250,1000000000,Coupon,Cố định,Định kỳ - Cuối kỳ,Mua lại,,5.9,Hiệu lực,,TCB ,Công ty cổ phần,Tổ chức tín dụng
2450,2025-11-06 00:00:00,OCB - Ngân hàng TMCP Phương Đông,OCB12528,VNĐ,,11/05/2025,11/05/2027,,1000,1000000000,Coupon,Cố định,Định kỳ - Cuối kỳ,Mua lại,,6.5,Hiệu lực,,OCB ,Công ty cổ phần,Tổ chức tín dụng
2451,2026-01-12 00:00:00,ORS - Công ty Cổ phần Chứng khoán Tiên Phong,ORS12502,VNĐ,,12/05/2025,12/05/2026,,3280,100000000,Coupon,Kết hợp,Định kỳ - Cuối kỳ,Mua lại,,8.25,Hiệu lực,,ORS ,Công ty cổ phần,Kinh doanh chứng khoán
2452,2026-01-07 00:00:00,BNCC - Công ty cổ phần dịch vụ cáp treo Bà Nà,BNC12503,VNĐ,,12/05/2025,12/05/2030,,1900,100000000,Coupon,Kết hợp,Định kỳ - Cuối kỳ,Mua lại,,10.5,Hiệu lực,,BNCC ,Công ty cổ phần,"Thương mại, dịch vụ"
2453,2025-12-16 00:00:00,BP1C - CÔNG TY CỔ PHẦN TẬP ĐOÀN NHỰA BÌNH THUẬN,BP112501,VNĐ,,12/05/2025,12/05/2032,,2600,100000000,Coupon,Cố định,Định kỳ - Cuối kỳ,Mua lại,,5.85,Hiệu lực,,BP1C ,Công ty cổ phần,Lĩnh vực khác
2454,2025-12-11 00:00:00,TATC - CÔNG TY TNHH LIÊN DOANH ĐẦU TƯ XÂY DỰNG TAM TRINH,TAT32502,VNĐ,,12/05/2025,12/05/2031,,11000,100000000,Coupon,Cố định,Một lần khi đến hạn,Mua lại,,9.2,Hiệu lực,,TATC ,Công ty trách nhiệm hữu hạn,Lĩnh vực khác
2455,2025-12-08 00:00:00,VIB - Ngân hàng TMCP Quốc tế Việt Nam,VIB12508,VNĐ,,12/05/2025,12/05/2028,,3000,1000000000,Coupon,Cố định,Định kỳ - Cuối kỳ,Mua lại,,6.9,Hiệu lực,,VIB ,Công ty cổ phần,Tổ chức tín dụng
2456,2025-05-19 00:00:00,VPB - NH TMCP VIỆT NAM THỊNH VƯỢNG,VPB12501,VNĐ,,13/05/2025,13/05/2028,,1000,1000000000,Coupon,Cố định,Định kỳ - Cuối kỳ,Mua lại,,5.2,Hiệu lực,,VPB ,Công ty cổ phần,Tổ chức tín dụng
2457,2025-06-18 00:00:00,VDS - CTCP Chứng khoán Rồng Việt,VDS12502,VNĐ,,13/05/2025,13/05/2026,,6591,100000000,Coupon,Cố định,Định kỳ - Cuối kỳ,Mua lại,,8.0,Hiệu lực,,VDS ,Công ty cổ phần,Kinh doanh chứng khoán
2458,2025-05-21 00:00:00,BAB - Ngân hàng Thương Mại Cổ Phần Bắc Á,BAB12501,VNĐ,,14/05/2025,14/05/2027,,1000,1000000000,Coupon,Cố định,Định kỳ - Cuối kỳ,Mua lại,,5.4,Hiệu lực,,BAB ,Công ty cổ phần,Tổ chức tín dụng
2459,2025-05-21 00:00:00,MBB - NGÂN HÀNG TMCP QUÂN ĐỘI,MBB12504,VNĐ,,14/05/2025,14/05/2032,,500,100000000,Coupon,Thả nổi,Định kỳ - Cuối kỳ,Mua lại,,6.18,Hiệu lực,,MBB ,Công ty cổ phần,Tổ chức tín dụng
2460,2025-05-16 00:00:00,VPB - NH TMCP VIỆT NAM THỊNH VƯỢNG,VPB12502,VNĐ,,14/05/2025,14/05/2028,,2000,1000000000,Coupon,Cố định,Định kỳ - Cuối kỳ,Mua lại,,5.4,Hiệu lực,,VPB ,Công ty cổ phần,Tổ chức tín dụng
2461,2025-05-23 00:00:00,ASG - CTCP Tập đoàn ASG,ASG12501,VNĐ,,15/05/2025,15/05/2028,,3000,100000000,Coupon,Cố định,Định kỳ - Cuối kỳ,,,9.5,Hiệu lực,,ASG ,Công ty cổ phần,"Thương mại, dịch vụ"
2462,2025-05-21 00:00:00,BAB - Ngân hàng Thương Mại Cổ Phần Bắc Á,BAB12502,VNĐ,,15/05/2025,15/05/2027,,1000,1000000000,Coupon,Cố định,Định kỳ - Cuối kỳ,Mua lại,,5.4,Hiệu lực,,BAB ,Công ty cổ phần,Tổ chức tín dụng
2463,2025-05-27 00:00:00,VIC - TẬP ĐOÀN VINGROUP - CÔNG TY CP,VIC12506,VNĐ,,15/05/2025,15/05/2027,,20000,100000000,Coupon,Cố định,Định kỳ - Cuối kỳ,Mua lại,,12.5,Hiệu lực,,VIC ,Công ty cổ phần,Bất động sản
2464,2025-05-23 00:00:00,BID - Ngân hàng TMCP Đầu tư và Phát triển Việt Nam,BID12501,VNĐ,,15/05/2025,15/05/2032,,780,1000000000,Coupon,Thả nổi,Định kỳ - Cuối kỳ,Hoán đổi; Mua lại,,5.68,Hiệu lực,,BID ,Công ty cổ phần,Tổ chức tín dụng
2465,2025-05-21 00:00:00,ABB - Ngân hàng TMCP An Bình (ABBANK),ABB12504,VNĐ,,15/05/2025,15/05/2027,,0,1000000000,Coupon,Cố định,,Mua lại,,5.7,Hiệu lực,,ABB ,Công ty cổ phần,Tổ chức tín dụng
2466,2025-05-23 00:00:00,BID - Ngân hàng TMCP Đầu tư và Phát triển Việt Nam,BID12503,VNĐ,,15/05/2025,15/05/2033,,173,1000000000,Coupon,Cố định,Định kỳ - Cuối kỳ,Hoán đổi; Mua lại,,5.9,Hiệu lực,,BID ,Công ty cổ phần,Tổ chức tín dụng
2467,2025-05-26 00:00:00,BID - Ngân hàng TMCP Đầu tư và Phát triển Việt Nam,BID12502,VNĐ,,15/05/2025,15/05/2033,,305,1000000000,Coupon,Thả nổi,Định kỳ - Cuối kỳ,Hoán đổi; Mua lại,,5.83,Hiệu lực,,BID ,Công ty cổ phần,Tổ chức tín dụng
2468,2025-05-26 00:00:00,BID - Ngân hàng TMCP Đầu tư và Phát triển Việt Nam,BID12505,VNĐ,,16/05/2025,16/05/2033,,2200,1000000000,Coupon,Thả nổi,Định kỳ - Cuối kỳ,Hoán đổi; Mua lại,,5.83,Hiệu lực,,BID ,Công ty cổ phần,Tổ chức tín dụng
2469,2025-05-26 00:00:00,BID - Ngân hàng TMCP Đầu tư và Phát triển Việt Nam,BID12504,VNĐ,,16/05/2025,16/05/2032,,1100,1000000000,Coupon,Thả nổi,Định kỳ - Cuối kỳ,Hoán đổi; Mua lại,,5.68,Hiệu lực,,BID ,Công ty cổ phần,Tổ chức tín dụng
2470,2025-05-21 00:00:00,ABB - Ngân hàng TMCP An Bình (ABBANK),ABB12505,VNĐ,,16/05/2025,16/05/2027,,500,1000000000,Coupon,Cố định,Định kỳ - Cuối kỳ,Mua lại,,5.7,Hiệu lực,,ABB ,Công ty cổ phần,Tổ chức tín dụng
2471,2025-05-29 00:00:00,BID - Ngân hàng TMCP Đầu tư và Phát triển Việt Nam,BID12508,VNĐ,,20/05/2025,20/05/2033,,355,1000000000,Coupon,Thả nổi,Định kỳ - Cuối kỳ,Hoán đổi; Mua lại,,5.83,Hiệu lực,,BID ,Công ty cổ phần,Tổ chức tín dụng
2472,2025-05-28 00:00:00,BID - Ngân hàng TMCP Đầu tư và Phát triển Việt Nam,BID12507,VNĐ,,20/05/2025,20/05/2032,,53,1000000000,Coupon,Thả nổi,Định kỳ - Cuối kỳ,Hoán đổi; Mua lại,,5.68,Hiệu lực,,BID ,Công ty cổ phần,Tổ chức tín dụng
2473,2025-05-28 00:00:00,CSPC - Công ty TNHH Công Nghiệp - Bất Động Sản và Xây Dựng Song Phương,CSP12501,VNĐ,,20/05/2025,20/05/2030,,3885,100000000,Coupon,Kết hợp,Định kỳ - Cuối kỳ,Mua lại,,12.0,Hiệu lực,,CSPC ,Công ty trách nhiệm hữu hạn,Bất động sản
2474,2025-05-22 00:00:00,MSB - Ngân hàng TMCP Hàng Hải Việt Nam,MSB12504,VNĐ,,20/05/2025,20/05/2028,,2000,1000000000,Coupon,Cố định,Định kỳ - Cuối kỳ,Mua lại,,5.3,Hiệu lực,,MSB ,Công ty cổ phần,Tổ chức tín dụng
2475,2025-05-29 00:00:00,BID - Ngân hàng TMCP Đầu tư và Phát triển Việt Nam,BID12506,VNĐ,,20/05/2025,20/05/2040,,1200,1000000000,Coupon,Cố định,Định kỳ - Cuối kỳ,Hoán đổi; Mua lại,,6.26,Hiệu lực,,BID ,Công ty cổ phần,Tổ chức tín dụng
2476,2025-05-23 00:00:00,ABB - Ngân hàng TMCP An Bình (ABBANK),ABB12506,VNĐ,,21/05/2025,21/05/2027,,700,1000000000,Coupon,Cố định,Định kỳ - Cuối kỳ,Mua lại,,5.7,Hiệu lực,,ABB ,Công ty cổ phần,Tổ chức tín dụng
2477,2025-05-26 00:00:00,VPB - NH TMCP VIỆT NAM THỊNH VƯỢNG,VPB12504,VNĐ,,21/05/2025,21/05/2028,,3000,1000000000,Coupon,Cố định,Định kỳ - Cuối kỳ,Mua lại,,5.4,Hiệu lực,,VPB ,Công ty cổ phần,Tổ chức tín dụng
2478,2025-05-26 00:00:00,VPB - NH TMCP VIỆT NAM THỊNH VƯỢNG,VPB12503,VNĐ,,21/05/2025,21/05/2028,,1500,1000000000,Coupon,Cố định,Định kỳ - Cuối kỳ,Mua lại,,5.2,Hiệu lực,,VPB ,Công ty cổ phần,Tổ chức tín dụng
2479,2025-05-28 00:00:00,OCB - Ngân hàng TMCP Phương Đông,OCB12503,VNĐ,,21/05/2025,21/05/2028,,500,1000000000,Coupon,Cố định,Định kỳ - Cuối kỳ,Mua lại,,5.3,Hiệu lực,,OCB ,Công ty cổ phần,Tổ chức tín dụng
2480,2025-05-30 00:00:00,OCB - Ngân hàng TMCP Phương Đông,OCB12504,VNĐ,,22/05/2025,22/05/2028,,500,1000000000,Coupon,Cố định,Định kỳ - Cuối kỳ,Mua lại,,5.4,Hiệu lực,,OCB ,Công ty cổ phần,Tổ chức tín dụng
2481,2025-05-29 00:00:00,"VMHC - CÔNG TY CỔ PHẦN XÂY DỰNG, ĐẦU TƯ BẤT ĐỘNG SẢN VIỆT MINH HOÀNG",VMH12501,VNĐ,,22/05/2025,22/05/2030,,34660,100000000,Coupon,Kết hợp,Định kỳ - Cuối kỳ,Mua lại,,8.3,Hiệu lực,,VMHC ,Công ty cổ phần,Bất động sản
2482,2025-06-03 00:00:00,TPB - Ngân hàng Thương mại cổ phần Tiên Phong,TPB12501,VNĐ,,23/05/2025,23/05/2035,,2533,100000000,Coupon,Thả nổi,Định kỳ - Cuối kỳ,Mua lại,,7.28,Hiệu lực,,TPB ,Công ty cổ phần,Tổ chức tín dụng
2483,2025-05-29 00:00:00,HCVC - CÔNG TY TÀI CHÍNH TRÁCH NHIỆM HỮU HẠN MỘT THÀNH VIÊN HOME CREDIT VIỆT NAM,HCV12501,VNĐ,,23/05/2025,21/05/2027,,400,1000000000,Coupon,Kết hợp,Định kỳ - Cuối kỳ,,,6.8,Hiệu lực,,HCVC ,Công ty trách nhiệm hữu hạn,Tổ chức tín dụng
2484,2025-06-03 00:00:00,BID - Ngân hàng TMCP Đầu tư và Phát triển Việt Nam,BID12510,VNĐ,,26/05/2025,26/05/2032,,238,1000000000,Coupon,Thả nổi,Định kỳ - Cuối kỳ,Hoán đổi; Mua lại,,5.68,Hiệu lực,,BID ,Công ty cổ phần,Tổ chức tín dụng
2485,2025-05-29 00:00:00,ABB - Ngân hàng TMCP An Bình (ABBANK),ABB12507,VNĐ,,26/05/2025,26/05/2027,,1000,1000000000,Coupon,Cố định,Định kỳ - Cuối kỳ,Mua lại,,5.6,Hiệu lực,,ABB ,Công ty cổ phần,Tổ chức tín dụng
2486,2025-05-29 00:00:00,VPB - NH TMCP VIỆT NAM THỊNH VƯỢNG,VPB12505,VNĐ,,26/05/2025,26/05/2028,,2500,1000000000,Coupon,Cố định,Định kỳ - Cuối kỳ,Mua lại,,5.2,Hiệu lực,,VPB ,Công ty cổ phần,Tổ chức tín dụng
2487,2025-05-29 00:00:00,HCVC - CÔNG TY TÀI CHÍNH TRÁCH NHIỆM HỮU HẠN MỘT THÀNH VIÊN HOME CREDIT VIỆT NAM,HCV12502,VNĐ,,26/05/2025,26/05/2027,,400,1000000000,Coupon,Cố định,Định kỳ - Cuối kỳ,,,6.8,Hiệu lực,,HCVC ,Công ty trách nhiệm hữu hạn,Tổ chức tín dụng
2488,2025-06-03 00:00:00,AVNC - CÔNG TY CỔ PHẦN AAC VIỆT NAM,AVN32501,VNĐ,,26/05/2025,26/05/2031,,5000,100000000,Coupon,Cố định,Một lần khi đến hạn,Mua lại,,8.5,Hiệu lực,,AVNC ,Công ty cổ phần,Bất động sản
2489,2025-06-02 00:00:00,BID - Ngân hàng TMCP Đầu tư và Phát triển Việt Nam,BID12509,VNĐ,,26/05/2025,26/05/2032,,1500,1000000000,Coupon,Thả nổi,Định kỳ - Cuối kỳ,Hoán đổi; Mua lại,,5.68,Hiệu lực,,BID ,Công ty cổ phần,Tổ chức tín dụng
2490,2025-06-03 00:00:00,BID - Ngân hàng TMCP Đầu tư và Phát triển Việt Nam,BID12511,VNĐ,,27/05/2025,27/05/2033,,150,1000000000,Coupon,Thả nổi,Định kỳ - Cuối kỳ,Hoán đổi; Mua lại,,5.83,Hiệu lực,,BID ,Công ty cổ phần,Tổ chức tín dụng
2491,2025-06-03 00:00:00,BID - Ngân hàng TMCP Đầu tư và Phát triển Việt Nam,BID12512,VNĐ,,27/05/2025,27/05/2040,,100,1000000000,Coupon,Cố định,Định kỳ - Cuối kỳ,Hoán đổi; Mua lại,,6.3,Hiệu lực,,BID ,Công ty cổ phần,Tổ chức tín dụng
2492,2025-06-02 00:00:00,OCB - Ngân hàng TMCP Phương Đông,OCB12505,VNĐ,,27/05/2025,27/05/2028,,1500,1000000000,Coupon,Cố định,Định kỳ - Cuối kỳ,Mua lại,,5.1,Hiệu lực,,OCB ,Công ty cổ phần,Tổ chức tín dụng
2493,2025-05-30 00:00:00,HCVC - CÔNG TY TÀI CHÍNH TRÁCH NHIỆM HỮU HẠN MỘT THÀNH VIÊN HOME CREDIT VIỆT NAM,HCV12503,VNĐ,,28/05/2025,28/05/2027,,400,1000000000,Coupon,Kết hợp,Định kỳ - Cuối kỳ,,,6.8,Hiệu lực,,HCVC ,Công ty trách nhiệm hữu hạn,Tổ chức tín dụng
2494,2025-05-29 00:00:00,ABB - Ngân hàng TMCP An Bình (ABBANK),ABB12508,VNĐ,,28/05/2025,28/05/2027,,2000,1000000000,Coupon,Cố định,Định kỳ - Cuối kỳ,Mua lại,,5.7,Hiệu lực,,ABB ,Công ty cổ phần,Tổ chức tín dụng
2495,2025-06-11 00:00:00,VIC - TẬP ĐOÀN VINGROUP - CÔNG TY CP,VIC12507,VNĐ,,28/05/2025,28/05/2027,,20000,100000000,Coupon,Cố định,Định kỳ - Cuối kỳ,Mua lại,,12.5,Hiệu lực,,VIC ,Công ty cổ phần,Bất động sản
2496,2025-06-02 00:00:00,OCB - Ngân hàng TMCP Phương Đông,OCB12506,VNĐ,,28/05/2025,28/05/2028,,1500,1000000000,Coupon,Cố định,Định kỳ - Cuối kỳ,Mua lại,,5.1,Hiệu lực,,OCB ,Công ty cổ phần,Tổ chức tín dụng
2497,2025-06-02 00:00:00,OCB - Ngân hàng TMCP Phương Đông,OCB12507,VNĐ,,29/05/2025,29/05/2028,,1500,1000000000,Coupon,Cố định,Định kỳ - Cuối kỳ,Mua lại,,5.4,Hiệu lực,,OCB ,Công ty cổ phần,Tổ chức tín dụng
2498,2025-06-24 00:00:00,VIFC - CTCP SẢN XUẤT VÀ KINH DOANH VINFAST,VIF12501,VNĐ,,29/05/2025,29/05/2028,,50000,100000000,Coupon,Cố định,Định kỳ - Cuối kỳ,Mua lại,,12.5,Hiệu lực,,VIFC ,Công ty cổ phần,Sản xuất
2499,2025-06-04 00:00:00,TCB - Ngân hàng TMCP Kỹ thương Việt Nam,TCB12509,VNĐ,,29/05/2025,29/05/2028,,4000,1000000000,Coupon,Cố định,Định kỳ - Cuối kỳ,Mua lại,,5.1,Hiệu lực,,TCB ,Công ty cổ phần,Tổ chức tín dụng
2500,2025-06-05 00:00:00,BID - Ngân hàng TMCP Đầu tư và Phát triển Việt Nam,BID12513,VNĐ,,29/05/2025,29/05/2033,,3000,1000000000,Coupon,Thả nổi,Định kỳ - Cuối kỳ,Hoán đổi; Mua lại,,5.83,Hiệu lực,,BID ,Công ty cổ phần,Tổ chức tín dụng
2501,2025-06-04 00:00:00,TCB - Ngân hàng TMCP Kỹ thương Việt Nam,TCB12508,VNĐ,,29/05/2025,29/05/2027,,1000,1000000000,Coupon,Cố định,Định kỳ - Cuối kỳ,Mua lại,,5.1,Hiệu lực,,TCB ,Công ty cổ phần,Tổ chức tín dụng
2502,2025-06-06 00:00:00,TPB - Ngân hàng Thương mại cổ phần Tiên Phong,TPB12503,VNĐ,,29/05/2025,29/05/2028,,15000,100000000,Coupon,Cố định,Định kỳ - Cuối kỳ,Mua lại,,5.5,Hiệu lực,,TPB ,Công ty cổ phần,Tổ chức tín dụng
2503,2025-06-06 00:00:00,TPB - Ngân hàng Thương mại cổ phần Tiên Phong,TPB12502,VNĐ,,29/05/2025,29/05/2028,,10000,100000000,Coupon,Cố định,Định kỳ - Cuối kỳ,Mua lại,,5.5,Hiệu lực,,TPB ,Công ty cổ phần,Tổ chức tín dụng
2504,2025-06-03 00:00:00,ABB - Ngân hàng TMCP An Bình (ABBANK),ABB12509,VNĐ,,30/05/2025,30/05/2027,,1000,1000000000,Coupon,Cố định,Định kỳ - Cuối kỳ,Mua lại,,5.6,Hiệu lực,,ABB ,Công ty cổ phần,Tổ chức tín dụng
2505,2025-06-09 00:00:00,MBB - NGÂN HÀNG TMCP QUÂN ĐỘI,MBB12505,VNĐ,,30/05/2025,30/05/2033,,4000,100000000,Coupon,Thả nổi,Định kỳ - Cuối kỳ,Mua lại,,6.38,Hiệu lực,,MBB ,Công ty cổ phần,Tổ chức tín dụng
2506,2025-06-06 00:00:00,TPB - Ngân hàng Thương mại cổ phần Tiên Phong,TPB12504,VNĐ,,30/05/2025,30/05/2028,,10000,100000000,Coupon,Cố định,Định kỳ - Cuối kỳ,Mua lại,,5.5,Hiệu lực,,TPB ,Công ty cổ phần,Tổ chức tín dụng
2507,2025-06-06 00:00:00,TPB - Ngân hàng Thương mại cổ phần Tiên Phong,TPB12505,VNĐ,,30/05/2025,30/05/2035,,1000,100000000,Coupon,Thả nổi,Định kỳ - Cuối kỳ,Mua lại,,6.88,Hiệu lực,,TPB ,Công ty cổ phần,Tổ chức tín dụng
2508,2025-05-09 00:00:00,MBB - NGÂN HÀNG TMCP QUÂN ĐỘI,MBB12502,VNĐ,,05/06/2025,05/06/2032,,0,100000000,Coupon,Thả nổi,,Mua lại,,6.18,Hiệu lực,,MBB ,Công ty cổ phần,Tổ chức tín dụng
2509,2025-06-13 00:00:00,MBB - NGÂN HÀNG TMCP QUÂN ĐỘI,MBB12506,VNĐ,,06/06/2025,06/06/2032,,500,100000000,Coupon,Thả nổi,Định kỳ - Cuối kỳ,Mua lại,,6.18,Hiệu lực,,MBB ,Công ty cổ phần,Tổ chức tín dụng
2510,2025-06-11 00:00:00,HCVC - CÔNG TY TÀI CHÍNH TRÁCH NHIỆM HỮU HẠN MỘT THÀNH VIÊN HOME CREDIT VIỆT NAM,HCV12504,VNĐ,,06/06/2025,06/06/2028,,350,1000000000,Coupon,Cố định,Định kỳ - Cuối kỳ,,,7.1,Hiệu lực,,HCVC ,Công ty trách nhiệm hữu hạn,Tổ chức tín dụng
2511,2025-06-12 00:00:00,APRC - CTCP VẬT TƯ NÔNG SẢN,APM12501,VNĐ,,06/06/2025,12/06/2028,,2100,100000000,Coupon,Kết hợp,Định kỳ - Cuối kỳ,Mua lại,,10.0,Hiệu lực,,APRC ,Công ty cổ phần,Sản xuất
2512,2025-08-12 00:00:00,BCM - TỔNG CÔNG TY ĐẦU TƯ VÀ PHÁT TRIỂN CÔNG NGHIỆP - CTCP,BCM12501,VNĐ,,08/06/2025,08/06/2028,,5000,100000000,Coupon,Kết hợp,Định kỳ - Cuối kỳ,Mua lại,,10.3,Hiệu lực,,BCM ,Công ty cổ phần,Bất động sản
2513,2025-08-12 00:00:00,MBB - NGÂN HÀNG TMCP QUÂN ĐỘI,MBB12519,VNĐ,,08/06/2025,08/06/2033,,2800,100000000,Coupon,Thả nổi,Định kỳ - Cuối kỳ,Mua lại,,6.38,Hiệu lực,,MBB ,Công ty cổ phần,Tổ chức tín dụng
2514,2025-10-13 00:00:00,BID - Ngân hàng TMCP Đầu tư và Phát triển Việt Nam,BID12545,VNĐ,,10/06/2025,10/06/2033,,100,1000000000,Coupon,Thả nổi,Định kỳ - Cuối kỳ,Hoán đổi; Mua lại,,5.83,Hiệu lực,,BID ,Công ty cổ phần,Tổ chức tín dụng
2515,2025-10-13 00:00:00,BID - Ngân hàng TMCP Đầu tư và Phát triển Việt Nam,BID12546,VNĐ,,10/06/2025,10/06/2035,,100,1000000000,Coupon,Thả nổi,Định kỳ - Cuối kỳ,Hoán đổi; Mua lại,,5.93,Hiệu lực,,BID ,Công ty cổ phần,Tổ chức tín dụng
2516,2025-10-08 00:00:00,HDB - NH TMCP Phát triển thành phố Hồ Chí Minh ( HDBANK),HDB12504,VNĐ,,10/06/2025,10/06/2033,,5000,100000000,Coupon,Thả nổi,Định kỳ - Cuối kỳ,Mua lại,,7.47,Hiệu lực,,HDB ,Công ty cổ phần,Tổ chức tín dụng
2517,2025-11-05 00:00:00,UPSC - Công ty cổ phân chứng khoán UP (tên cũ:Công ty cổ phần chứng khoán Quốc tế Hoàng Gia),UPS12501,VNĐ,,10/06/2025,10/06/2027,,133,100000000,Coupon,Cố định,Định kỳ - Cuối kỳ,Mua lại,,9.0,Hiệu lực,,UPSC ,Công ty cổ phần,Kinh doanh chứng khoán
2518,2025-10-13 00:00:00,BID - Ngân hàng TMCP Đầu tư và Phát triển Việt Nam,BID12547,VNĐ,,10/06/2025,10/06/2032,,138,1000000000,Coupon,Thả nổi,Định kỳ - Cuối kỳ,Hoán đổi; Mua lại,,5.68,Hiệu lực,,BID ,Công ty cổ phần,Tổ chức tín dụng
2519,2025-10-13 00:00:00,BID - Ngân hàng TMCP Đầu tư và Phát triển Việt Nam,BID12548,VNĐ,,10/06/2025,10/06/2032,,100,1000000000,Coupon,Thả nổi,Định kỳ - Cuối kỳ,Hoán đổi; Mua lại,,5.68,Hiệu lực,,BID ,Công ty cổ phần,Tổ chức tín dụng
2520,2025-06-20 00:00:00,AVNC - CÔNG TY CỔ PHẦN AAC VIỆT NAM,AVN32502,VNĐ,,13/06/2025,13/06/2032,,7500,100000000,Coupon,Cố định,Một lần khi đến hạn,Mua lại,,9.1,Hiệu lực,,AVNC ,Công ty cổ phần,Bất động sản
2521,2025-06-23 00:00:00,TPB - Ngân hàng Thương mại cổ phần Tiên Phong,TPB12509,VNĐ,,13/06/2025,13/06/2035,,1115,100000000,Coupon,Thả nổi,Định kỳ - Cuối kỳ,Mua lại,,7.28,Hiệu lực,,TPB ,Công ty cổ phần,Tổ chức tín dụng
2522,2025-06-18 00:00:00,ABB - Ngân hàng TMCP An Bình (ABBANK),ABB12510,VNĐ,,13/06/2025,13/06/2027,,500,1000000000,Coupon,Cố định,Định kỳ - Cuối kỳ,Mua lại,,5.6,Hiệu lực,,ABB ,Công ty cổ phần,Tổ chức tín dụng
2523,2025-06-23 00:00:00,TPB - Ngân hàng Thương mại cổ phần Tiên Phong,TPB12510,VNĐ,,13/06/2025,13/06/2035,,1000,100000000,Coupon,Thả nổi,Định kỳ - Cuối kỳ,Mua lại,,6.78,Hiệu lực,,TPB ,Công ty cổ phần,Tổ chức tín dụng
2524,2025-06-23 00:00:00,BID - Ngân hàng TMCP Đầu tư và Phát triển Việt Nam,BID12518,VNĐ,,13/06/2025,13/06/2032,,360,1000000000,Coupon,Thả nổi,Định kỳ - Cuối kỳ,Hoán đổi; Mua lại,,5.68,Hiệu lực,,BID ,Công ty cổ phần,Tổ chức tín dụng
2525,2025-06-23 00:00:00,BID - Ngân hàng TMCP Đầu tư và Phát triển Việt Nam,BID12519,VNĐ,,13/06/2025,13/06/2032,,850,1000000000,Coupon,Thả nổi,Định kỳ - Cuối kỳ,Hoán đổi; Mua lại,,5.68,Hiệu lực,,BID ,Công ty cổ phần,Tổ chức tín dụng
2526,2025-06-23 00:00:00,BID - Ngân hàng TMCP Đầu tư và Phát triển Việt Nam,BID12520,VNĐ,,13/06/2025,13/06/2033,,202,1000000000,Coupon,Thả nổi,Định kỳ - Cuối kỳ,Hoán đổi; Mua lại,,5.83,Hiệu lực,,BID ,Công ty cổ phần,Tổ chức tín dụng
2527,2025-06-20 00:00:00,ABB - Ngân hàng TMCP An Bình (ABBANK),ABB12511,VNĐ,,16/06/2025,16/06/2028,,1000,1000000000,Coupon,Cố định,Định kỳ - Cuối kỳ,Mua lại,,5.8,Hiệu lực,,ABB ,Công ty cổ phần,Tổ chức tín dụng
2528,2025-07-07 00:00:00,MSFC - Công ty Tài chính tín dụng tiêu dùng TNHH MB Shinsei (Tên cũ: Công ty Tài chính TNHH MB Shinsei),MSF12501,VNĐ,,16/06/2025,16/06/2031,,1000,1000000000,Coupon,Kết hợp,Định kỳ - Cuối kỳ,Mua lại,,7.5,Hiệu lực,,MSFC ,Công ty trách nhiệm hữu hạn,Tổ chức tín dụng
2529,2025-06-18 00:00:00,MTDC - Công ty cổ phần đầu tư đường Mặt Trời,MTD12502,VNĐ,,16/06/2025,16/06/2026,,2000,100000000,Coupon,Cố định,Định kỳ - Cuối kỳ,,,8.0,Hiệu lực,,MTDC ,Công ty cổ phần,"Thương mại, dịch vụ"
2530,2025-06-24 00:00:00,TPB - Ngân hàng Thương mại cổ phần Tiên Phong,TPB12511,VNĐ,,17/06/2025,17/06/2035,,1882,100000000,Coupon,Thả nổi,Định kỳ - Cuối kỳ,Mua lại,,7.28,Hiệu lực,,TPB ,Công ty cổ phần,Tổ chức tín dụng
2531,2025-06-24 00:00:00,CTG - Ngân hàng Thương mại cổ phần Công Thương Việt Nam,CTG12505,VNĐ,,18/06/2025,18/06/2033,,4000,100000000,Coupon,Thả nổi,Định kỳ - Cuối kỳ,Mua lại,,5.73,Hiệu lực,,CTG ,Công ty cổ phần,Tổ chức tín dụng
2532,2025-06-25 00:00:00,MBB - NGÂN HÀNG TMCP QUÂN ĐỘI,MBB12507,VNĐ,,18/06/2025,18/06/2035,,20000,100000000,Coupon,Thả nổi,Định kỳ - Cuối kỳ,Mua lại,,6.48,Hiệu lực,,MBB ,Công ty cổ phần,Tổ chức tín dụng
2533,2025-06-25 00:00:00,ACB - Ngân hàng TMCP Á Châu,ACB12510,VNĐ,,18/06/2025,18/06/2027,,5000,1000000000,Coupon,Cố định,Định kỳ - Cuối kỳ,Mua lại,,4.95,Hiệu lực,,ACB ,Công ty cổ phần,Tổ chức tín dụng
2534,2025-06-25 00:00:00,SHB - Ngân hàng TMCP Sài Gòn - Hà Nội,SHB12501,VNĐ,,18/06/2025,18/06/2032,,3000,1000000000,Coupon,Kết hợp,Định kỳ - Cuối kỳ,Mua lại,,7.65,Hiệu lực,,SHB ,Công ty cổ phần,Tổ chức tín dụng
2535,2025-06-23 00:00:00,OCB - Ngân hàng TMCP Phương Đông,OCB12511,VNĐ,,18/06/2025,18/06/2028,,3000,1000000000,Coupon,Cố định,Định kỳ - Cuối kỳ,Mua lại,,5.4,Hiệu lực,,OCB ,Công ty cổ phần,Tổ chức tín dụng
2536,2025-06-26 00:00:00,TPB - Ngân hàng Thương mại cổ phần Tiên Phong,TPB12512,VNĐ,,19/06/2025,19/06/2035,,1959,100000000,Coupon,Thả nổi,Định kỳ - Cuối kỳ,Mua lại,,7.28,Hiệu lực,,TPB ,Công ty cổ phần,Tổ chức tín dụng
2537,2025-06-26 00:00:00,MBB - NGÂN HÀNG TMCP QUÂN ĐỘI,MBB12508,VNĐ,,19/06/2025,19/06/2028,,50000,100000000,Coupon,Cố định,Định kỳ - Cuối kỳ,Mua lại,,5.0,Hiệu lực,,MBB ,Công ty cổ phần,Tổ chức tín dụng
2538,2025-07-01 00:00:00,BID - Ngân hàng TMCP Đầu tư và Phát triển Việt Nam,BID12523,VNĐ,,20/06/2025,20/06/2032,,100,1000000000,Coupon,Thả nổi,Định kỳ - Cuối kỳ,Hoán đổi; Mua lại,,5.68,Hiệu lực,,BID ,Công ty cổ phần,Tổ chức tín dụng
2539,2025-06-27 00:00:00,BID - Ngân hàng TMCP Đầu tư và Phát triển Việt Nam,BID12522,VNĐ,,20/06/2025,20/06/2033,,122,1000000000,Coupon,Thả nổi,Định kỳ - Cuối kỳ,Hoán đổi; Mua lại,,5.83,Hiệu lực,,BID ,Công ty cổ phần,Tổ chức tín dụng
2540,2025-06-27 00:00:00,BID - Ngân hàng TMCP Đầu tư và Phát triển Việt Nam,BID12521,VNĐ,,20/06/2025,20/06/2032,,260,1000000000,Coupon,Thả nổi,Định kỳ - Cuối kỳ,Hoán đổi; Mua lại,,5.68,Hiệu lực,,BID ,Công ty cổ phần,Tổ chức tín dụng
2541,2025-06-25 00:00:00,MBB - NGÂN HÀNG TMCP QUÂN ĐỘI,MBB12509,VNĐ,,20/06/2025,20/06/2033,,2000,100000000,Coupon,Thả nổi,Định kỳ - Cuối kỳ,Mua lại,,6.38,Hiệu lực,,MBB ,Công ty cổ phần,Tổ chức tín dụng
2542,2025-06-26 00:00:00,TCB - Ngân hàng TMCP Kỹ thương Việt Nam,TCB12514,VNĐ,,20/06/2025,20/06/2027,,5000,1000000000,Coupon,Cố định,Định kỳ - Cuối kỳ,Mua lại,,5.1,Hiệu lực,,TCB ,Công ty cổ phần,Tổ chức tín dụng
2543,2025-06-26 00:00:00,CTG - Ngân hàng Thương mại cổ phần Công Thương Việt Nam,CTG12506,VNĐ,,20/06/2025,20/06/2033,,10000,100000000,Coupon,Thả nổi,Định kỳ - Cuối kỳ,Mua lại,,5.83,Hiệu lực,,CTG ,Công ty cổ phần,Tổ chức tín dụng
2544,2025-06-27 00:00:00,TPB - Ngân hàng Thương mại cổ phần Tiên Phong,TPB12513,VNĐ,,20/06/2025,20/06/2035,,1181,100000000,Coupon,Thả nổi,Định kỳ - Cuối kỳ,Mua lại,,7.28,Hiệu lực,,TPB ,Công ty cổ phần,Tổ chức tín dụng
2545,2025-06-30 00:00:00,TPB - Ngân hàng Thương mại cổ phần Tiên Phong,TPB12514,VNĐ,,23/06/2025,23/06/2035,,1959,100000000,Coupon,Thả nổi,Định kỳ - Cuối kỳ,Mua lại,,7.28,Hiệu lực,,TPB ,Công ty cổ phần,Tổ chức tín dụng
2546,2025-06-26 00:00:00,MSB - Ngân hàng TMCP Hàng Hải Việt Nam,MSB12506,VNĐ,,23/06/2025,23/06/2028,,1000,1000000000,Coupon,Cố định,Định kỳ - Cuối kỳ,Mua lại,,5.2,Hiệu lực,,MSB ,Công ty cổ phần,Tổ chức tín dụng
2547,2025-06-26 00:00:00,MBB - NGÂN HÀNG TMCP QUÂN ĐỘI,MBB12510,VNĐ,,23/06/2025,23/06/2028,,20000,100000000,Coupon,Cố định,Định kỳ - Cuối kỳ,Mua lại,,5.0,Hiệu lực,,MBB ,Công ty cổ phần,Tổ chức tín dụng
2548,2025-06-26 00:00:00,MBB - NGÂN HÀNG TMCP QUÂN ĐỘI,MBB12512,VNĐ,,24/06/2025,24/06/2032,,5000,100000000,Coupon,Thả nổi,Định kỳ - Cuối kỳ,Mua lại,,6.18,Hiệu lực,,MBB ,Công ty cổ phần,Tổ chức tín dụng
2549,2025-06-25 00:00:00,MBB - NGÂN HÀNG TMCP QUÂN ĐỘI,MBB12511,VNĐ,,24/06/2025,24/06/2028,,50000,100000000,Coupon,Cố định,Định kỳ - Cuối kỳ,Mua lại,,5.4,Hiệu lực,,MBB ,Công ty cổ phần,Tổ chức tín dụng
2550,2025-07-28 00:00:00,DRGC - CTCP Đầu tư và Du lịch Vạn Hương,DRT12502,VNĐ,,24/06/2025,24/06/2028,,18000,100000000,Coupon,Kết hợp,Định kỳ - Cuối kỳ,Mua lại,,11.0,Hiệu lực,,DRGC ,Công ty cổ phần,Bất động sản
2551,2025-06-30 00:00:00,CII - CTCP Đầu tư Hạ tầng Kỹ thuật Thành phố Hồ Chí Minh,CII12501,VNĐ,,24/06/2025,24/06/2030,,2000,100000000,Coupon,Kết hợp,Định kỳ - Cuối kỳ,Mua lại,,10.25,Hiệu lực,,CII ,Công ty cổ phần,Xây dựng
2552,2025-07-01 00:00:00,TPB - Ngân hàng Thương mại cổ phần Tiên Phong,TPB12515,VNĐ,,24/06/2025,24/06/2035,,1633,100000000,Coupon,Thả nổi,Định kỳ - Cuối kỳ,Mua lại,,7.28,Hiệu lực,,TPB ,Công ty cổ phần,Tổ chức tín dụng
2553,2025-06-30 00:00:00,TBGC - CÔNG TY CỔ PHẦN TẬP ĐOÀN ĐẦU TƯ TÂY BẮC,TBG12501,VNĐ,,24/06/2025,24/06/2028,,1200,100000000,Coupon,Kết hợp,Định kỳ - Cuối kỳ,Mua lại,,11.5,Hiệu lực,,TBGC ,Công ty cổ phần,Bất động sản
2554,2025-06-30 00:00:00,ACB - Ngân hàng TMCP Á Châu,ACB12512,VNĐ,,24/06/2025,24/06/2027,,5000,1000000000,Coupon,Cố định,Định kỳ - Cuối kỳ,Mua lại,,4.95,Hiệu lực,,ACB ,Công ty cổ phần,Tổ chức tín dụng
2555,2025-07-01 00:00:00,ACB - Ngân hàng TMCP Á Châu,ACB12511,VNĐ,,24/06/2025,24/06/2028,,1000,1000000000,Coupon,Cố định,Định kỳ - Cuối kỳ,Mua lại,,5.6,Hiệu lực,,ACB ,Công ty cổ phần,Tổ chức tín dụng
2556,2025-06-30 00:00:00,HCVC - CÔNG TY TÀI CHÍNH TRÁCH NHIỆM HỮU HẠN MỘT THÀNH VIÊN HOME CREDIT VIỆT NAM,HCV12506,VNĐ,,24/06/2025,24/06/2028,,500,1000000000,Coupon,Cố định,Định kỳ - Cuối kỳ,,,7.1,Hiệu lực,,HCVC ,Công ty trách nhiệm hữu hạn,Tổ chức tín dụng
2557,2025-07-01 00:00:00,CTG - Ngân hàng Thương mại cổ phần Công Thương Việt Nam,CTG12507,VNĐ,,24/06/2025,24/06/2033,,30000,100000000,Coupon,Thả nổi,Định kỳ - Cuối kỳ,Mua lại,,5.88,Hiệu lực,,CTG ,Công ty cổ phần,Tổ chức tín dụng
2558,2025-07-01 00:00:00,BID - Ngân hàng TMCP Đầu tư và Phát triển Việt Nam,BID12524,VNĐ,,24/06/2025,24/06/2033,,150,1000000000,Coupon,Thả nổi,Định kỳ - Cuối kỳ,Hoán đổi; Mua lại,,5.83,Hiệu lực,,BID ,Công ty cổ phần,Tổ chức tín dụng
2559,2025-07-01 00:00:00,BID - Ngân hàng TMCP Đầu tư và Phát triển Việt Nam,BID12525,VNĐ,,24/06/2025,24/06/2032,,135,1000000000,Coupon,Thả nổi,Định kỳ - Cuối kỳ,Hoán đổi; Mua lại,,5.68,Hiệu lực,,BID ,Công ty cổ phần,Tổ chức tín dụng
2560,2025-07-01 00:00:00,HOSC - CÔNG TY TNHH HÓA CHẤT HYOSUNG VINA,HOS12501,VNĐ,,24/06/2025,24/06/2026,,2500,100000000,Coupon,Cố định,Định kỳ - Cuối kỳ,Mua lại,,7.0,Hiệu lực,,HOSC ,Công ty trách nhiệm hữu hạn,Sản xuất
2561,2025-06-30 00:00:00,ACB - Ngân hàng TMCP Á Châu,ACB12513,VNĐ,,25/06/2025,25/06/2027,,5000,1000000000,Coupon,Cố định,Định kỳ - Cuối kỳ,Mua lại,,5.4,Hiệu lực,,ACB ,Công ty cổ phần,Tổ chức tín dụng
2562,2025-06-26 00:00:00,ATHC - CÔNG TY TNHH DỊCH VỤ THƯƠNG MẠI TỔNG HỢP AN THỊNH,ATL12501,VNĐ,,25/06/2025,25/12/2026,,50000,100000000,Coupon,Kết hợp,Định kỳ - Cuối kỳ,Mua lại,,9.0,Hiệu lực,,ATHC ,Công ty trách nhiệm hữu hạn,Bất động sản
2563,2025-07-01 00:00:00,HCVC - CÔNG TY TÀI CHÍNH TRÁCH NHIỆM HỮU HẠN MỘT THÀNH VIÊN HOME CREDIT VIỆT NAM,HCV12507,VNĐ,,25/06/2025,25/06/2027,,400,1000000000,Coupon,Kết hợp,Định kỳ - Cuối kỳ,,,6.8,Hiệu lực,,HCVC ,Công ty trách nhiệm hữu hạn,Tổ chức tín dụng
2564,2025-06-27 00:00:00,VIC - TẬP ĐOÀN VINGROUP - CÔNG TY CP,VIC12508,VNĐ,,25/06/2025,25/06/2028,,10000,100000000,Coupon,Cố định,Định kỳ - Cuối kỳ,Mua lại,,12.0,Hiệu lực,,VIC ,Công ty cổ phần,Bất động sản
2565,2025-07-01 00:00:00,HCVC - CÔNG TY TÀI CHÍNH TRÁCH NHIỆM HỮU HẠN MỘT THÀNH VIÊN HOME CREDIT VIỆT NAM,HCV12508,VNĐ,,25/06/2025,25/06/2027,,350,1000000000,Coupon,Kết hợp,Định kỳ - Cuối kỳ,,,6.8,Hiệu lực,,HCVC ,Công ty trách nhiệm hữu hạn,Tổ chức tín dụng
2566,2025-07-02 00:00:00,NAB - Ngân hàng Thương mại Cổ phần Nam Á,NAB12501,VNĐ,,25/06/2025,25/06/2028,,5000,100000000,Coupon,Cố định,Định kỳ - Cuối kỳ,Mua lại,,5.6,Hiệu lực,,NAB ,Công ty cổ phần,Tổ chức tín dụng
2567,2025-07-03 00:00:00,TPB - Ngân hàng Thương mại cổ phần Tiên Phong,TPB12516,VNĐ,,25/06/2025,25/06/2035,,3209,100000000,Coupon,Thả nổi,Định kỳ - Cuối kỳ,Mua lại,,7.28,Hiệu lực,,TPB ,Công ty cổ phần,Tổ chức tín dụng
2568,2025-06-27 00:00:00,TOCC - Công ty cổ phần Tư vấn và Kinh doanh bất động sản TCO,TOC12502,VNĐ,,25/06/2025,25/12/2026,,50000,100000000,Coupon,Kết hợp,Định kỳ - Cuối kỳ,Mua lại,,9.0,Hiệu lực,,TOCC ,Công ty cổ phần,Bất động sản
2569,2025-07-03 00:00:00,TPB - Ngân hàng Thương mại cổ phần Tiên Phong,TPB12517,VNĐ,,26/06/2025,26/06/2035,,1381,100000000,Coupon,Thả nổi,Định kỳ - Cuối kỳ,Mua lại,,7.28,Hiệu lực,,TPB ,Công ty cổ phần,Tổ chức tín dụng
2570,2025-07-02 00:00:00,NAB - Ngân hàng Thương mại Cổ phần Nam Á,NAB12502,VNĐ,,26/06/2025,26/06/2032,,260,1000000000,Coupon,Cố định,Định kỳ - Cuối kỳ,Mua lại,,7.0,Hiệu lực,,NAB ,Công ty cổ phần,Tổ chức tín dụng
2571,2025-06-30 00:00:00,SGXC - Công ty Cổ phần Xuất nhập khẩu Sài Gòn Xanh,SGX12501,VNĐ,,26/06/2025,26/06/2030,,1920,100000000,Coupon,Kết hợp,Định kỳ - Cuối kỳ,Mua lại,,12.0,Hiệu lực,,SGXC ,Công ty cổ phần,Bất động sản
2572,2025-07-07 00:00:00,BID - Ngân hàng TMCP Đầu tư và Phát triển Việt Nam,BID12529,VNĐ,,27/06/2025,27/06/2033,,200,1000000000,Coupon,Thả nổi,Định kỳ - Cuối kỳ,Hoán đổi; Mua lại,,5.83,Hiệu lực,,BID ,Công ty cổ phần,Tổ chức tín dụng
2573,2025-07-07 00:00:00,BID - Ngân hàng TMCP Đầu tư và Phát triển Việt Nam,BID12528,VNĐ,,27/06/2025,27/06/2033,,150,1000000000,Coupon,Thả nổi,Định kỳ - Cuối kỳ,Hoán đổi; Mua lại,,5.83,Hiệu lực,,BID ,Công ty cổ phần,Tổ chức tín dụng
2574,2025-07-07 00:00:00,BID - Ngân hàng TMCP Đầu tư và Phát triển Việt Nam,BID12527,VNĐ,,27/06/2025,27/06/2032,,150,1000000000,Coupon,Thả nổi,Định kỳ - Cuối kỳ,Hoán đổi; Mua lại,,5.68,Hiệu lực,,BID ,Công ty cổ phần,Tổ chức tín dụng
2575,2025-07-07 00:00:00,TPB - Ngân hàng Thương mại cổ phần Tiên Phong,TPB12518,VNĐ,,27/06/2025,27/06/2035,,3939,100000000,Coupon,Thả nổi,Định kỳ - Cuối kỳ,Mua lại,,7.28,Hiệu lực,,TPB ,Công ty cổ phần,Tổ chức tín dụng
2576,2025-07-02 00:00:00,HCVC - CÔNG TY TÀI CHÍNH TRÁCH NHIỆM HỮU HẠN MỘT THÀNH VIÊN HOME CREDIT VIỆT NAM,HCV12509,VNĐ,,27/06/2025,27/06/2027,,400,1000000000,Coupon,Kết hợp,Định kỳ - Cuối kỳ,,,6.8,Hiệu lực,,HCVC ,Công ty trách nhiệm hữu hạn,Tổ chức tín dụng
2577,2025-07-04 00:00:00,DPQC - Công ty Cổ phần Đầu tư và Phát triển du lịch Phú Quốc,DPQ12501,VNĐ,,27/06/2025,27/06/2030,,24000,100000000,Coupon,Kết hợp,Định kỳ - Cuối kỳ,Mua lại,,9.7,Hiệu lực,,DPQC ,Công ty cổ phần,"Thương mại, dịch vụ"
2578,2025-07-07 00:00:00,BID - Ngân hàng TMCP Đầu tư và Phát triển Việt Nam,BID12526,VNĐ,,27/06/2025,27/06/2032,,367,1000000000,Coupon,Thả nổi,Định kỳ - Cuối kỳ,Hoán đổi; Mua lại,,5.68,Hiệu lực,,BID ,Công ty cổ phần,Tổ chức tín dụng
2579,2025-07-04 00:00:00,TCB - Ngân hàng TMCP Kỹ thương Việt Nam,TCB12516,VNĐ,,27/06/2025,27/06/2027,,1000,1000000000,Coupon,Cố định,Định kỳ - Cuối kỳ,Mua lại,,5.0,Hiệu lực,,TCB ,Công ty cổ phần,Tổ chức tín dụng
2580,2025-07-02 00:00:00,VJC - CÔNG TY CỔ PHẦN HÀNG KHÔNG VIETJET,VJC12501,VNĐ,,27/06/2025,27/06/2030,,10000,100000000,Coupon,Kết hợp,Định kỳ - Cuối kỳ,Mua lại,,10.5,Hiệu lực,,VJC ,Công ty cổ phần,Bất động sản
2581,2025-07-04 00:00:00,CBTC - Công ty cổ phần Crystal Bay Việt Nam,CRB12501,VNĐ,,27/06/2025,27/06/2030,,7550,100000000,Coupon,Kết hợp,Định kỳ - Cuối kỳ,Mua lại,,9.5,Hiệu lực,,CBTC ,Công ty cổ phần,Lĩnh vực khác
2582,2025-07-07 00:00:00,TPB - Ngân hàng Thương mại cổ phần Tiên Phong,TPB12519,VNĐ,,27/06/2025,27/06/2035,,5891,100000000,Coupon,Thả nổi,Định kỳ - Cuối kỳ,Mua lại,,7.28,Hiệu lực,,TPB ,Công ty cổ phần,Tổ chức tín dụng
2583,2025-07-08 00:00:00,TCB - Ngân hàng TMCP Kỹ thương Việt Nam,TCB12515,VNĐ,,27/06/2025,27/06/2027,,2000,1000000000,Coupon,Cố định,Định kỳ - Cuối kỳ,Mua lại,,5.1,Hiệu lực,,TCB ,Công ty cổ phần,Tổ chức tín dụng
2584,2025-07-08 00:00:00,TPB - Ngân hàng Thương mại cổ phần Tiên Phong,TPB12520,VNĐ,,30/06/2025,30/06/2035,,2169,100000000,Coupon,Thả nổi,Định kỳ - Cuối kỳ,Mua lại,,7.28,Hiệu lực,,TPB ,Công ty cổ phần,Tổ chức tín dụng
2585,2025-07-08 00:00:00,TPB - Ngân hàng Thương mại cổ phần Tiên Phong,TPB12521,VNĐ,,30/06/2025,30/06/2035,,1136,100000000,Coupon,Thả nổi,Định kỳ - Cuối kỳ,Mua lại,,7.28,Hiệu lực,,TPB ,Công ty cổ phần,Tổ chức tín dụng
2586,2025-07-03 00:00:00,VPB - NH TMCP VIỆT NAM THỊNH VƯỢNG,VPB12508,VNĐ,,30/06/2025,30/06/2028,,1000,1000000000,Coupon,Cố định,Định kỳ - Đầu kỳ,Mua lại,,5.2,Hiệu lực,,VPB ,Công ty cổ phần,Tổ chức tín dụng
2587,2025-07-03 00:00:00,VPB - NH TMCP VIỆT NAM THỊNH VƯỢNG,VPB12507,VNĐ,,30/06/2025,30/06/2028,,2000,1000000000,Coupon,Cố định,Định kỳ - Cuối kỳ,Mua lại,,5.4,Hiệu lực,,VPB ,Công ty cổ phần,Tổ chức tín dụng
2588,2025-07-03 00:00:00,VPB - NH TMCP VIỆT NAM THỊNH VƯỢNG,VPB12506,VNĐ,,30/06/2025,30/06/2028,,1500,1000000000,Coupon,Cố định,Định kỳ - Cuối kỳ,Mua lại,,5.2,Hiệu lực,,VPB ,Công ty cổ phần,Tổ chức tín dụng
2589,2025-07-01 00:00:00,VIFC - CTCP SẢN XUẤT VÀ KINH DOANH VINFAST,VIF12502,VNĐ,,30/06/2025,30/06/2028,,25000,100000000,Coupon,Cố định,Định kỳ - Cuối kỳ,Mua lại,,12.0,Hiệu lực,,VIFC ,Công ty cổ phần,Sản xuất
2590,2025-07-08 00:00:00,BID - Ngân hàng TMCP Đầu tư và Phát triển Việt Nam,BID12530,VNĐ,,30/06/2025,30/06/2045,,500,1000000000,Coupon,Cố định,Định kỳ - Cuối kỳ,Hoán đổi; Mua lại,,6.4,Hiệu lực,,BID ,Công ty cổ phần,Tổ chức tín dụng
2591,2025-07-04 00:00:00,VBAC - Ngân hàng Nông nghiệp và Phát triển Nông thôn Việt Nam,VBA12501,VNĐ,,30/06/2025,30/06/2035,,47000,100000000,Coupon,Thả nổi,Định kỳ - Cuối kỳ,Mua lại,,6.48,Hiệu lực,,VBAC ,Công ty trách nhiệm hữu hạn,Tổ chức tín dụng
2592,2025-07-04 00:00:00,VBAC - Ngân hàng Nông nghiệp và Phát triển Nông thôn Việt Nam,VBA12502,VNĐ,,30/06/2025,30/06/2040,,2500,100000000,Coupon,Thả nổi,Định kỳ - Cuối kỳ,Mua lại,,6.68,Hiệu lực,,VBAC ,Công ty trách nhiệm hữu hạn,Tổ chức tín dụng
2593,2025-07-03 00:00:00,VPB - NH TMCP VIỆT NAM THỊNH VƯỢNG,VPB12509,VNĐ,,30/06/2025,30/06/2028,,3000,1000000000,Coupon,Cố định,Định kỳ - Đầu kỳ,Mua lại,,5.4,Hiệu lực,,VPB ,Công ty cổ phần,Tổ chức tín dụng
2594,2025-07-04 00:00:00,SBT - Công ty cổ phần Thành Thành công - Biên Hòa,SBT12501,VNĐ,,30/06/2025,30/06/2028,,5000,100000000,Coupon,Kết hợp,Định kỳ - Cuối kỳ,,,9.6,Hiệu lực,,SBT ,Công ty cổ phần,Sản xuất
2595,2025-07-08 00:00:00,TPB - Ngân hàng Thương mại cổ phần Tiên Phong,TPB12522,VNĐ,,30/06/2025,30/06/2035,,760,100000000,Coupon,Thả nổi,Định kỳ - Cuối kỳ,Mua lại,,6.78,Hiệu lực,,TPB ,Công ty cổ phần,Tổ chức tín dụng
2596,2025-07-07 00:00:00,AVNC - CÔNG TY CỔ PHẦN AAC VIỆT NAM,AVN32503,VNĐ,,30/06/2025,30/06/2032,,3500,100000000,Coupon,Cố định,Một lần khi đến hạn,Mua lại,,9.1,Hiệu lực,,AVNC ,Công ty cổ phần,Bất động sản
2597,2025-07-07 00:00:00,BID - Ngân hàng TMCP Đầu tư và Phát triển Việt Nam,BID12531,VNĐ,,30/06/2025,30/06/2033,,2000,1000000000,Coupon,Thả nổi,Định kỳ - Cuối kỳ,Hoán đổi; Mua lại,,5.88,Hiệu lực,,BID ,Công ty cổ phần,Tổ chức tín dụng
2598,2025-05-20 00:00:00,F88C - Công ty cổ phần kinh doanh F88,F8812502,VNĐ,,05/07/2025,05/07/2026,,500,100000000,Coupon,Cố định,Định kỳ - Cuối kỳ,Mua lại,,10.5,Hiệu lực,,F88C ,Công ty cổ phần,"Thương mại, dịch vụ"
2599,2025-08-13 00:00:00,TCHC - Công ty Cổ phần TCO Holdings,TCO42501,VNĐ,,07/07/2025,07/07/2026,,2600,100000000,Coupon,Cố định,Định kỳ - Cuối kỳ,Mua lại,,9.0,Hiệu lực,,TCHC ,Công ty cổ phần,Lĩnh vực khác
2600,2025-07-15 00:00:00,TCHC - Công ty Cổ phần TCO Holdings,TCH42501,VNĐ,,07/07/2025,07/07/2026,,2600,100000000,Coupon,Cố định,Định kỳ - Cuối kỳ,Mua lại,,9.0,Hết hiệu lực,,TCHC ,Công ty cổ phần,Lĩnh vực khác
2601,2025-07-11 00:00:00,MBB - NGÂN HÀNG TMCP QUÂN ĐỘI,MBB12513,VNĐ,,07/07/2025,07/07/2033,,500,100000000,Coupon,Thả nổi,Định kỳ - Cuối kỳ,Mua lại,,6.38,Hiệu lực,,MBB ,Công ty cổ phần,Tổ chức tín dụng
2602,2025-08-12 00:00:00,BAB - Ngân hàng Thương Mại Cổ Phần Bắc Á,BAB12505,VNĐ,,08/07/2025,08/07/2027,,1200,1000000000,Coupon,Cố định,Định kỳ - Cuối kỳ,Mua lại,,5.4,Hiệu lực,,BAB ,Công ty cổ phần,Tổ chức tín dụng
2603,2025-11-10 00:00:00,VDS - CTCP Chứng khoán Rồng Việt,VDS12504,VNĐ,,10/07/2025,10/07/2026,,10000,100000000,Coupon,Cố định,Định kỳ - Cuối kỳ,Mua lại,,8.0,Hiệu lực,,VDS ,Công ty cổ phần,Kinh doanh chứng khoán
2604,2025-10-14 00:00:00,TPB - Ngân hàng Thương mại cổ phần Tiên Phong,TPB12536,VNĐ,,10/07/2025,10/07/2027,,5000,100000000,Coupon,Cố định,Định kỳ - Cuối kỳ,Mua lại,,6.2,Hiệu lực,,TPB ,Công ty cổ phần,Tổ chức tín dụng
2605,2025-11-17 00:00:00,TAUC - Công ty cổ phần Tasco Auto,TAU12502,VNĐ,,11/07/2025,11/07/2029,,1450,100000000,Coupon,Kết hợp,Định kỳ - Cuối kỳ,Mua lại,,10.0,Hiệu lực,,TAUC ,Công ty cổ phần,Lĩnh vực khác
2606,2025-11-12 00:00:00,TNQC - CÔNG TY CỔ PHẦN ĐẦU TƯ VÀ PHÁT TRIỂN HẠ TẦNG NAM QUANG,TNQ32502,VNĐ,,11/07/2025,11/07/2034,,5000,100000000,Coupon,Cố định,Một lần khi đến hạn,Mua lại,,9.1,Hiệu lực,,TNQC ,Công ty cổ phần,Lĩnh vực khác
2607,2025-07-22 00:00:00,NWTC - CÔNG TY CỔ PHẦN ĐẦU TƯ XÂY DỰNG NEW TECH,NWT12501,VNĐ,,14/07/2025,14/07/2028,,8850,100000000,Coupon,Kết hợp,Định kỳ - Cuối kỳ,Mua lại,,10.5,Hiệu lực,,NWTC ,Công ty cổ phần,Xây dựng
2608,2025-07-17 00:00:00,VBAC - Ngân hàng Nông nghiệp và Phát triển Nông thôn Việt Nam,VBA12503,VNĐ,,14/07/2025,14/07/2027,,75200,100000000,Coupon,Cố định,Định kỳ - Cuối kỳ,Mua lại,,5.2,Hiệu lực,,VBAC ,Công ty trách nhiệm hữu hạn,Tổ chức tín dụng
2609,2025-07-23 00:00:00,NAB - Ngân hàng Thương mại Cổ phần Nam Á,NAB12503,VNĐ,,14/07/2025,14/07/2032,,200,1000000000,Coupon,Cố định,Định kỳ - Cuối kỳ,Mua lại,,7.0,Hiệu lực,,NAB ,Công ty cổ phần,Tổ chức tín dụng
2610,2025-07-16 00:00:00,SHB - Ngân hàng TMCP Sài Gòn - Hà Nội,SHB12502,VNĐ,,14/07/2025,14/07/2032,,1500,1000000000,Coupon,Thả nổi,Định kỳ - Cuối kỳ,Mua lại,,7.65,Hiệu lực,,SHB ,Công ty cổ phần,Tổ chức tín dụng
2611,2025-07-17 00:00:00,VBAC - Ngân hàng Nông nghiệp và Phát triển Nông thôn Việt Nam,VBA12504,VNĐ,,14/07/2025,14/07/2027,,0,100000000,Coupon,Cố định,,Mua lại,,0.0,Hiệu lực,,VBAC ,Công ty trách nhiệm hữu hạn,Tổ chức tín dụng
2612,2025-07-23 00:00:00,EVF - Công ty Tài chính cổ phần Điện Lực,EVF12501,VNĐ,,15/07/2025,15/07/2028,,2150,100000000,Coupon,Kết hợp,Định kỳ - Cuối kỳ,Mua lại,,7.0,Hiệu lực,,EVF ,Công ty cổ phần,Tổ chức tín dụng
2613,2025-07-22 00:00:00,BID - Ngân hàng TMCP Đầu tư và Phát triển Việt Nam,BID12535,VNĐ,,15/07/2025,15/07/2032,,200,1000000000,Coupon,Thả nổi,Định kỳ - Cuối kỳ,Hoán đổi; Mua lại,,5.68,Hiệu lực,,BID ,Công ty cổ phần,Tổ chức tín dụng
2614,2025-07-21 00:00:00,OCB - Ngân hàng TMCP Phương Đông,OCB12512,VNĐ,,15/07/2025,15/07/2028,,1300,1000000000,Coupon,Cố định,Định kỳ - Cuối kỳ,Mua lại,,5.35,Hiệu lực,,OCB ,Công ty cổ phần,Tổ chức tín dụng
2615,2025-07-21 00:00:00,MBB - NGÂN HÀNG TMCP QUÂN ĐỘI,MBB12514,VNĐ,,16/07/2025,16/07/2035,,10000,100000000,Coupon,Cố định,Định kỳ - Cuối kỳ,Mua lại,,6.48,Hiệu lực,,MBB ,Công ty cổ phần,Tổ chức tín dụng
2616,2025-07-18 00:00:00,TVRC - Công ty Cổ phần Đầu tư Phát triển Bất động sản Thành Vinh,TVR32501,VNĐ,,17/07/2025,17/07/2032,,5000,100000000,Coupon,Cố định,Một lần khi đến hạn,Mua lại,,9.2,Hiệu lực,,TVRC ,Công ty cổ phần,Bất động sản
2617,2025-07-25 00:00:00,MBB - NGÂN HÀNG TMCP QUÂN ĐỘI,MBB12516,VNĐ,,18/07/2025,18/07/2033,,2500,100000000,Coupon,Thả nổi,Định kỳ - Cuối kỳ,Mua lại,,6.38,Hiệu lực,,MBB ,Công ty cổ phần,Tổ chức tín dụng
2618,2025-07-25 00:00:00,MBB - NGÂN HÀNG TMCP QUÂN ĐỘI,MBB12515,VNĐ,,18/07/2025,18/07/2033,,2500,100000000,Coupon,Thả nổi,Định kỳ - Cuối kỳ,Mua lại,,6.38,Hiệu lực,,MBB ,Công ty cổ phần,Tổ chức tín dụng
2619,2025-07-24 00:00:00,HLSC - CÔNG TY TNHH MẶT TRỜI HẠ LONG,SHL12501,VNĐ,,21/07/2025,21/07/2027,,2000,100000000,Coupon,Kết hợp,Định kỳ - Cuối kỳ,Mua lại,,9.1,Hiệu lực,,HLSC ,Công ty trách nhiệm hữu hạn,Lĩnh vực khác
2620,2025-07-24 00:00:00,HLSC - CÔNG TY TNHH MẶT TRỜI HẠ LONG,SHL12502,VNĐ,,21/07/2025,21/07/2028,,3000,100000000,Coupon,Kết hợp,Định kỳ - Cuối kỳ,Mua lại,,9.1,Hiệu lực,,HLSC ,Công ty trách nhiệm hữu hạn,Lĩnh vực khác
2621,2025-07-25 00:00:00,MBB - NGÂN HÀNG TMCP QUÂN ĐỘI,MBB12517,VNĐ,,21/07/2025,21/07/2033,,10000,100000000,Coupon,Thả nổi,Định kỳ - Cuối kỳ,Mua lại,,6.38,Hiệu lực,,MBB ,Công ty cổ phần,Tổ chức tín dụng
2622,2025-07-24 00:00:00,HLSC - CÔNG TY TNHH MẶT TRỜI HẠ LONG,SHL12503,VNĐ,,21/07/2025,21/07/2029,,3840,100000000,Coupon,Kết hợp,Định kỳ - Cuối kỳ,Mua lại,,9.1,Hiệu lực,,HLSC ,Công ty trách nhiệm hữu hạn,Lĩnh vực khác
2623,2025-08-21 00:00:00,ETCC - CÔNG TY CỔ PHẦN VETC,ETC42501,VNĐ,,22/07/2025,22/07/2030,,500,1000000000,Coupon,Cố định,Khác,,,5.0,Hiệu lực,,ETCC ,Công ty cổ phần,"Thương mại, dịch vụ"
2624,2025-08-08 00:00:00,VDS - CTCP Chứng khoán Rồng Việt,VDS12503,VNĐ,,22/07/2025,22/07/2026,,8000,100000000,Coupon,Cố định,Định kỳ - Cuối kỳ,Mua lại,,8.0,Hiệu lực,,VDS ,Công ty cổ phần,Kinh doanh chứng khoán
2625,2025-07-31 00:00:00,ETCC - CÔNG TY CỔ PHẦN VETC,ETC12501,VNĐ,,22/07/2025,22/07/2030,,500,1000000000,Coupon,Cố định,Khác,,,5.0,Hết hiệu lực,,ETCC ,Công ty cổ phần,"Thương mại, dịch vụ"
2626,2025-07-29 00:00:00,OCB - Ngân hàng TMCP Phương Đông,OCB12513,VNĐ,,23/07/2025,23/07/2028,,3000,1000000000,Coupon,Cố định,Định kỳ - Cuối kỳ,Mua lại,,5.4,Hiệu lực,,OCB ,Công ty cổ phần,Tổ chức tín dụng
2627,2025-07-25 00:00:00,MBB - NGÂN HÀNG TMCP QUÂN ĐỘI,MBB12518,VNĐ,,23/07/2025,23/07/2035,,1000,100000000,Coupon,Cố định,Định kỳ - Cuối kỳ,Mua lại,,6.48,Hiệu lực,,MBB ,Công ty cổ phần,Tổ chức tín dụng
2628,2025-07-28 00:00:00,TVRC - Công ty Cổ phần Đầu tư Phát triển Bất động sản Thành Vinh,TVR32502,VNĐ,,23/07/2025,23/07/2032,,6000,100000000,Coupon,Cố định,Một lần khi đến hạn,Mua lại,,9.2,Hiệu lực,,TVRC ,Công ty cổ phần,Bất động sản
2629,2025-07-31 00:00:00,DBGC - CÔNG TY TNHH ĐẦU TƯ HẠ TẦNG NƯỚC DNP - BẮC GIANG,DBG12501,VNĐ,,24/07/2025,24/07/2035,,60,1000000000,Coupon,Kết hợp,Định kỳ - Cuối kỳ,Mua lại,,8.5,Hiệu lực,,DBGC ,Công ty trách nhiệm hữu hạn,Lĩnh vực khác
2630,2025-07-29 00:00:00,OCB - Ngân hàng TMCP Phương Đông,OCB12514,VNĐ,,24/07/2025,24/07/2028,,1000,1000000000,Coupon,Cố định,Định kỳ - Cuối kỳ,Mua lại,,5.35,Hiệu lực,,OCB ,Công ty cổ phần,Tổ chức tín dụng
2631,2025-07-30 00:00:00,VPB - NH TMCP VIỆT NAM THỊNH VƯỢNG,VPB12510,VNĐ,,29/07/2025,29/07/2028,,2000,1000000000,Coupon,Cố định,Định kỳ - Cuối kỳ,Mua lại,,5.3,Hiệu lực,,VPB ,Công ty cổ phần,Tổ chức tín dụng
2632,2025-08-04 00:00:00,ACB - Ngân hàng TMCP Á Châu,ACB12515,VNĐ,,29/07/2025,29/07/2030,,500,1000000000,Coupon,Cố định,Định kỳ - Cuối kỳ,Mua lại,,5.9,Hiệu lực,,ACB ,Công ty cổ phần,Tổ chức tín dụng
2633,2025-08-01 00:00:00,MSB - Ngân hàng TMCP Hàng Hải Việt Nam,MSB12508,VNĐ,,30/07/2025,30/07/2028,,1000,1000000000,Coupon,Cố định,Định kỳ - Cuối kỳ,Mua lại,,5.2,Hiệu lực,,MSB ,Công ty cổ phần,Tổ chức tín dụng
2634,2025-08-06 00:00:00,BID - Ngân hàng TMCP Đầu tư và Phát triển Việt Nam,BID12536,VNĐ,,30/07/2025,30/07/2032,,100,1000000000,Coupon,Thả nổi,Định kỳ - Cuối kỳ,Hoán đổi; Mua lại,,5.68,Hiệu lực,,BID ,Công ty cổ phần,Tổ chức tín dụng
2635,2025-08-01 00:00:00,VPB - NH TMCP VIỆT NAM THỊNH VƯỢNG,VPB12511,VNĐ,,30/07/2025,30/07/2028,,1600,1000000000,Coupon,Cố định,Định kỳ - Cuối kỳ,Mua lại,,5.3,Hiệu lực,,VPB ,Công ty cổ phần,Tổ chức tín dụng
2636,2025-08-06 00:00:00,BID - Ngân hàng TMCP Đầu tư và Phát triển Việt Nam,BID12537,VNĐ,,30/07/2025,30/07/2040,,150,1000000000,Coupon,Cố định,Định kỳ - Cuối kỳ,Hoán đổi; Mua lại,,6.3,Hiệu lực,,BID ,Công ty cổ phần,Tổ chức tín dụng
2637,2025-05-14 00:00:00,BAF - Công ty Cổ phần Nông nghiệp BAF Việt Nam,BAF12501,VNĐ,,05/08/2025,05/08/2028,,5000,100000000,Coupon,Cố định,Định kỳ - Cuối kỳ,Mua lại,,10.0,Hiệu lực,,BAF ,Công ty cổ phần,Sản xuất
2638,2025-08-11 00:00:00,HGLC - Công ty TNHH Hưng Thắng Lợi Gia Lai,HTL12501,VNĐ,,08/08/2025,08/08/2028,,10000,100000000,Coupon,Cố định,Định kỳ - Cuối kỳ,Mua lại,,10.5,Hiệu lực,,HGLC ,Công ty cổ phần,Lĩnh vực khác
2639,2025-09-23 00:00:00,TRMC - CÔNG TY TNHH ĐẦU TƯ VÀ PHÁT TRIỂN BĐS TRƯỜNG MINH,TRM32502,VNĐ,,09/08/2025,09/08/2026,,30000,100000000,Coupon,Cố định,Một lần khi đến hạn,Mua lại,,8.95,Hiệu lực,,TRMC ,Công ty trách nhiệm hữu hạn,Bất động sản
2640,2025-09-11 00:00:00,TRMC - CÔNG TY TNHH ĐẦU TƯ VÀ PHÁT TRIỂN BĐS TRƯỜNG MINH,TRM32501,VNĐ,,09/08/2025,09/08/2026,,25000,100000000,Coupon,Cố định,Một lần khi đến hạn,Mua lại,,8.95,Hiệu lực,,TRMC ,Công ty trách nhiệm hữu hạn,Bất động sản
2641,2025-09-15 00:00:00,TPB - Ngân hàng Thương mại cổ phần Tiên Phong,TPB12531,VNĐ,,09/08/2025,09/08/2035,,500,100000000,Coupon,Thả nổi,Định kỳ - Cuối kỳ,Mua lại,,7.28,Hiệu lực,,TPB ,Công ty cổ phần,Tổ chức tín dụng
2642,2025-09-11 00:00:00,MBB - NGÂN HÀNG TMCP QUÂN ĐỘI,MBB12525,VNĐ,,09/08/2025,09/08/2028,,30000,100000000,Coupon,Cố định,Định kỳ - Cuối kỳ,Mua lại,,5.6,Hiệu lực,,MBB ,Công ty cổ phần,Tổ chức tín dụng
2643,2025-10-10 00:00:00,OCB - Ngân hàng TMCP Phương Đông,OCB12527,VNĐ,,10/08/2025,10/08/2028,,1000,1000000000,Coupon,Cố định,Định kỳ - Cuối kỳ,Mua lại,,6.5,Hiệu lực,,OCB ,Công ty cổ phần,Tổ chức tín dụng
2644,2026-01-07 00:00:00,SHS - Công ty Cổ phần chứng khoán Sài Gòn - Hà Nội,SHS12503,VNĐ,,12/08/2025,12/08/2026,,2200,100000000,Coupon,Cố định,Định kỳ - Cuối kỳ,Mua lại,,8.2,Hiệu lực,,SHS ,Công ty cổ phần,Kinh doanh chứng khoán
2645,2025-12-12 00:00:00,BCM - TẬP ĐOÀN ĐẦU TƯ VÀ PHÁT TRIỂN CÔNG NGHIỆP BECAMEX-CTCP (tên cũ: TỔNG CÔNG TY ĐẦU TƯ VÀ PHÁT TRIỂN CÔNG NGHIỆP - CTCP,BCM12504,VNĐ,,12/08/2025,12/08/2028,,9000,100000000,Coupon,Kết hợp,Định kỳ - Cuối kỳ,Mua lại,,10.3,Hiệu lực,,BCM ,Công ty cổ phần,Bất động sản
2646,2025-12-11 00:00:00,APG - Công ty Cổ phần Chứng khoán APG,APG12501,VNĐ,,12/08/2025,12/08/2027,,3000,100000000,Coupon,Cố định,Định kỳ - Cuối kỳ,Mua lại,,8.0,Hiệu lực,,APG ,Công ty cổ phần,Kinh doanh chứng khoán
2647,2025-12-10 00:00:00,ECFC - CÔNG TY CỔ PHẦN CÔNG NGHỆ TÀI CHÍNH ENCAPITAL,ECF12502,VNĐ,,12/08/2025,12/08/2027,,2800,100000000,Coupon,Kết hợp,Định kỳ - Cuối kỳ,Mua lại,,9.5,Hiệu lực,,ECFC ,Công ty cổ phần,Sản xuất
2648,2025-08-19 00:00:00,TVRC - Công ty Cổ phần Đầu tư Phát triển Bất động sản Thành Vinh,TVR32504,VNĐ,,13/08/2025,13/08/2031,,6000,100000000,Coupon,Cố định,Một lần khi đến hạn,Mua lại,,9.2,Hiệu lực,,TVRC ,Công ty cổ phần,Bất động sản
2649,2025-08-19 00:00:00,ABB - Ngân hàng TMCP An Bình (ABBANK),ABB12512,VNĐ,,13/08/2025,13/08/2027,,1000,1000000000,Coupon,Cố định,Định kỳ - Cuối kỳ,Mua lại,,5.5,Hiệu lực,,ABB ,Công ty cổ phần,Tổ chức tín dụng
2650,2025-08-15 00:00:00,SHS - Công ty Cổ phần chứng khoán Sài Gòn - Hà Nội,SHS12501,VNĐ,,14/08/2025,14/08/2026,,5500,100000000,Coupon,Cố định,Định kỳ - Cuối kỳ,Mua lại,,8.0,Hiệu lực,,SHS ,Công ty cổ phần,Kinh doanh chứng khoán
2651,2025-08-18 00:00:00,VHM - CTCP VINHOMES,VHM12502,VNĐ,,15/08/2025,15/11/2028,,70000,100000000,Coupon,Cố định,Định kỳ - Cuối kỳ,Mua lại,,11.0,Hiệu lực,,VHM ,Công ty cổ phần,Bất động sản
2652,2025-08-28 00:00:00,LPB - Ngân hàng Thương mại Cổ phần Lộc Phát Việt Nam (tên cũ: Ngân hàng Thương mại cổ phần Bưu Điện Liên Việt),LPB12502,VNĐ,,15/08/2025,15/08/2028,,1000,1000000000,Coupon,Cố định,Định kỳ - Cuối kỳ,Mua lại,,5.9,Hiệu lực,,LPB ,Công ty cổ phần,Tổ chức tín dụng
2653,2025-08-25 00:00:00,VPI - CTCP Phát triển Bất động sản Văn Phú (tên cũ: CTCP Đầu tư Văn Phú - Invest),VPI12502,VNĐ,,15/08/2025,15/08/2028,,2500,100000000,Coupon,Cố định,Định kỳ - Cuối kỳ,Mua lại,,10.0,Hiệu lực,,VPI ,Công ty cổ phần,Bất động sản
2654,2025-08-18 00:00:00,VHM - CTCP VINHOMES,VHM12501,VNĐ,,15/08/2025,15/02/2029,,80000,100000000,Coupon,Cố định,Định kỳ - Cuối kỳ,Mua lại,,11.0,Hiệu lực,,VHM ,Công ty cổ phần,Bất động sản
2655,2025-08-19 00:00:00,SHB - Ngân hàng TMCP Sài Gòn - Hà Nội,SHB12503,VNĐ,,15/08/2025,15/08/2032,,800,1000000000,Coupon,Thả nổi,Định kỳ - Cuối kỳ,Mua lại,,7.65,Hiệu lực,,SHB ,Công ty cổ phần,Tổ chức tín dụng
2656,2025-08-21 00:00:00,F88C - Công ty cổ phần kinh doanh F88,F8812506,VNĐ,,18/08/2025,18/02/2027,,1000,100000000,Coupon,Cố định,Định kỳ - Cuối kỳ,Mua lại,,10.5,Hiệu lực,,F88C ,Công ty cổ phần,"Thương mại, dịch vụ"
2657,2025-08-21 00:00:00,ACBC - Công ty TNHH Chứng khoán ACB,ASS12501,VNĐ,,18/08/2025,18/08/2027,,200,1000000000,Coupon,Cố định,Định kỳ - Cuối kỳ,,,6.5,Hiệu lực,,ACBC ,Công ty trách nhiệm hữu hạn,Kinh doanh chứng khoán
2658,2025-08-21 00:00:00,EVF - Công ty Tài chính cổ phần Điện Lực,EVF12502,VNĐ,,18/08/2025,18/08/2027,,2000,100000000,Coupon,Kết hợp,Định kỳ - Cuối kỳ,Mua lại,,6.9,Hiệu lực,,EVF ,Công ty cổ phần,Tổ chức tín dụng
2659,2025-08-26 00:00:00,TPB - Ngân hàng Thương mại cổ phần Tiên Phong,TPB12523,VNĐ,,19/08/2025,19/08/2035,,2088,100000000,Coupon,Thả nổi,Định kỳ - Cuối kỳ,Mua lại,,7.28,Hiệu lực,,TPB ,Công ty cổ phần,Tổ chức tín dụng
2660,2025-08-25 00:00:00,BAB - Ngân hàng Thương Mại Cổ Phần Bắc Á,BAB12506,VNĐ,,19/08/2025,19/08/2028,,1000,1000000000,Coupon,Cố định,Định kỳ - Cuối kỳ,Mua lại,,5.8,Hiệu lực,,BAB ,Công ty cổ phần,Tổ chức tín dụng
2661,2025-08-26 00:00:00,TPB - Ngân hàng Thương mại cổ phần Tiên Phong,TPB12524,VNĐ,,19/08/2025,19/08/2035,,530,100000000,Coupon,Thả nổi,Định kỳ - Cuối kỳ,Mua lại,,6.68,Hiệu lực,,TPB ,Công ty cổ phần,Tổ chức tín dụng
2662,2025-09-09 00:00:00,NAB - Ngân hàng Thương mại Cổ phần Nam Á,NAB12504,VNĐ,,20/08/2025,20/08/2032,,200,1000000000,Coupon,Thả nổi,Định kỳ - Cuối kỳ,Mua lại,,6.7,Hiệu lực,,NAB ,Công ty cổ phần,Tổ chức tín dụng
2663,2025-08-27 00:00:00,BHBC - CTCP NĂNG LƯỢNG BẮC HÀ,BHB12501,VNĐ,,20/08/2025,20/08/2030,,3250,100000000,Coupon,Cố định,Định kỳ - Cuối kỳ,Mua lại,,9.5,Hiệu lực,,BHBC ,Công ty cổ phần,Sản xuất
2664,2025-08-22 00:00:00,MBB - NGÂN HÀNG TMCP QUÂN ĐỘI,MBB12521,VNĐ,,20/08/2025,20/08/2032,,2000,100000000,Coupon,Thả nổi,Định kỳ - Cuối kỳ,Mua lại,,6.3,Hiệu lực,,MBB ,Công ty cổ phần,Tổ chức tín dụng
2665,2025-08-28 00:00:00,LPB - Ngân hàng Thương mại Cổ phần Lộc Phát Việt Nam (tên cũ: Ngân hàng Thương mại cổ phần Bưu Điện Liên Việt),LPB12503,VNĐ,,20/08/2025,20/08/2028,,1000,1000000000,Coupon,Cố định,Định kỳ - Cuối kỳ,Mua lại,,5.9,Hiệu lực,,LPB ,Công ty cổ phần,Tổ chức tín dụng
2666,2025-08-26 00:00:00,ACB - Ngân hàng TMCP Á Châu,ACB12516,VNĐ,,20/08/2025,20/08/2027,,2000,1000000000,Coupon,Cố định,Định kỳ - Cuối kỳ,Mua lại,,5.65,Hiệu lực,,ACB ,Công ty cổ phần,Tổ chức tín dụng
2667,2025-08-28 00:00:00,NAB - Ngân hàng Thương mại Cổ phần Nam Á,NAB125004,VNĐ,,20/08/2025,20/08/2032,,200,1000000000,Coupon,Thả nổi,Định kỳ - Cuối kỳ,Mua lại,,6.7,Hết hiệu lực,,NAB ,Công ty cổ phần,Tổ chức tín dụng
2668,2025-08-27 00:00:00,TPB - Ngân hàng Thương mại cổ phần Tiên Phong,TPB12525,VNĐ,,20/08/2025,20/08/2035,,1000,100000000,Coupon,Thả nổi,Định kỳ - Cuối kỳ,Mua lại,,6.78,Hiệu lực,,TPB ,Công ty cổ phần,Tổ chức tín dụng
2669,2025-08-25 00:00:00,OCB - Ngân hàng TMCP Phương Đông,OCB12516,VNĐ,,21/08/2025,21/08/2028,,1000,1000000000,Coupon,Cố định,Định kỳ - Cuối kỳ,Mua lại,,5.7,Hiệu lực,,OCB ,Công ty cổ phần,Tổ chức tín dụng
2670,2025-08-25 00:00:00,SHB - Ngân hàng TMCP Sài Gòn - Hà Nội,SHB12504,VNĐ,,21/08/2025,21/08/2032,,500,1000000000,Coupon,Kết hợp,Định kỳ - Cuối kỳ,Mua lại,,7.65,Hiệu lực,,SHB ,Công ty cổ phần,Tổ chức tín dụng
2671,2025-08-29 00:00:00,LPB - Ngân hàng Thương mại Cổ phần Lộc Phát Việt Nam (tên cũ: Ngân hàng Thương mại cổ phần Bưu Điện Liên Việt),LPB12504,VNĐ,,21/08/2025,21/08/2028,,1000,1000000000,Coupon,Cố định,Định kỳ - Cuối kỳ,Mua lại,,5.9,Hiệu lực,,LPB ,Công ty cổ phần,Tổ chức tín dụng
2672,2025-08-27 00:00:00,VPB - NH TMCP VIỆT NAM THỊNH VƯỢNG,VPB12512,VNĐ,,22/08/2025,22/08/2028,,500,1000000000,Coupon,Cố định,Định kỳ - Cuối kỳ,Mua lại,,5.3,Hiệu lực,,VPB ,Công ty cổ phần,Tổ chức tín dụng
2673,2025-09-03 00:00:00,TPB - Ngân hàng Thương mại cổ phần Tiên Phong,TPB12527,VNĐ,,22/08/2025,22/08/2035,,5000,100000000,Coupon,Thả nổi,Định kỳ - Cuối kỳ,Mua lại,,7.28,Hiệu lực,,TPB ,Công ty cổ phần,Tổ chức tín dụng
2674,2025-09-03 00:00:00,TPB - Ngân hàng Thương mại cổ phần Tiên Phong,TPB12526,VNĐ,,22/08/2025,22/08/2035,,5180,100000000,Coupon,Thả nổi,Định kỳ - Cuối kỳ,Mua lại,,7.28,Hiệu lực,,TPB ,Công ty cổ phần,Tổ chức tín dụng
2675,2025-08-27 00:00:00,MSGC - CTCP MAY- DIÊM SÀI GÒN,MSG32502,VNĐ,,25/08/2025,25/08/2032,,5000,100000000,Coupon,Cố định,Một lần khi đến hạn,Mua lại,,9.2,Hiệu lực,,MSGC ,Công ty cổ phần,Bất động sản
2676,2025-08-28 00:00:00,MBB - NGÂN HÀNG TMCP QUÂN ĐỘI,MBB12522,VNĐ,,26/08/2025,26/08/2033,,2000,100000000,Coupon,Cố định,Định kỳ - Cuối kỳ,Mua lại,,6.38,Hiệu lực,,MBB ,Công ty cổ phần,Tổ chức tín dụng
2677,2025-09-05 00:00:00,TPB - Ngân hàng Thương mại cổ phần Tiên Phong,TPB12528,VNĐ,,26/08/2025,26/08/2035,,5525,100000000,Coupon,Thả nổi,Định kỳ - Cuối kỳ,Mua lại,,7.28,Hiệu lực,,TPB ,Công ty cổ phần,Tổ chức tín dụng
2678,2025-08-27 00:00:00,HDB - NH TMCP Phát triển thành phố Hồ Chí Minh ( HDBANK),HDB12501,VNĐ,,26/08/2025,26/08/2027,,2000,1000000000,Coupon,Cố định,Định kỳ - Cuối kỳ,Mua lại,,5.5,Hiệu lực,,HDB ,Công ty cổ phần,Tổ chức tín dụng
2679,2025-09-04 00:00:00,HDC - CÔNG TY CP PHÁT TRIỂN NHÀ BÀ RỊA- VŨNG TÀU,HDC12501,VNĐ,,27/08/2025,27/08/2028,,2000,100000000,Coupon,Kết hợp,Định kỳ - Cuối kỳ,Mua lại,,11.0,Hiệu lực,,HDC ,Công ty cổ phần,Xây dựng
2680,2025-09-09 00:00:00,VND - Công ty Cổ phần Chứng khoán VNDirect,VND32501,VNĐ,,27/08/2025,27/08/2026,,2500,100000000,Coupon,Cố định,Một lần khi đến hạn,Mua lại,,7.5,Hiệu lực,,VND ,Công ty cổ phần,Kinh doanh chứng khoán
2681,2025-09-09 00:00:00,OCB - Ngân hàng TMCP Phương Đông,OCB12517,VNĐ,,27/08/2025,27/08/2028,,300,1000000000,Coupon,Cố định,Định kỳ - Cuối kỳ,Mua lại,,5.7,Hiệu lực,,OCB ,Công ty cổ phần,Tổ chức tín dụng
2682,2025-09-04 00:00:00,VIB - Ngân hàng TMCP Quốc tế Việt Nam,VIB12501,VNĐ,,28/08/2025,28/08/2028,,1000,1000000000,Coupon,Cố định,Định kỳ - Cuối kỳ,Mua lại,,5.6,Hiệu lực,,VIB ,Công ty cổ phần,Tổ chức tín dụng
2683,2025-09-05 00:00:00,LPB - Ngân hàng Thương mại Cổ phần Lộc Phát Việt Nam (tên cũ: Ngân hàng Thương mại cổ phần Bưu Điện Liên Việt),LPB12505,VNĐ,,28/08/2025,28/08/2028,,1500,1000000000,Coupon,Cố định,Định kỳ - Cuối kỳ,Mua lại,,5.9,Hiệu lực,,LPB ,Công ty cổ phần,Tổ chức tín dụng
2684,2025-09-05 00:00:00,OCB - Ngân hàng TMCP Phương Đông,OCB12520,VNĐ,,28/08/2025,28/08/2027,,1000,1000000000,Coupon,Cố định,Định kỳ - Cuối kỳ,Mua lại,,6.0,Hiệu lực,,OCB ,Công ty cổ phần,Tổ chức tín dụng
2685,2025-09-04 00:00:00,OCB - Ngân hàng TMCP Phương Đông,OCB12519,VNĐ,,28/08/2025,28/08/2027,,600,1000000000,Coupon,Cố định,Định kỳ - Cuối kỳ,Mua lại,,5.9,Hiệu lực,,OCB ,Công ty cổ phần,Tổ chức tín dụng
2686,2025-09-05 00:00:00,GRLC - Công ty TNHH Đầu tư và Phát triển Bất động sản Green Land,GRL12501,VNĐ,,28/08/2025,28/08/2027,,3150,100000000,Coupon,Cố định,Định kỳ - Cuối kỳ,Mua lại,,10.5,Hiệu lực,,GRLC ,Công ty trách nhiệm hữu hạn,Bất động sản
2687,2025-09-04 00:00:00,MSGC - CTCP MAY- DIÊM SÀI GÒN,MSG32503,VNĐ,,28/08/2025,28/08/2032,,14680,100000000,Coupon,Cố định,Một lần khi đến hạn,Mua lại,,9.2,Hiệu lực,,MSGC ,Công ty cổ phần,Bất động sản
2688,2025-09-05 00:00:00,OCB - Ngân hàng TMCP Phương Đông,OCB12518,VNĐ,,28/08/2025,28/08/2028,,1800,1000000000,Coupon,Cố định,Định kỳ - Cuối kỳ,Mua lại,,5.3,Hiệu lực,,OCB ,Công ty cổ phần,Tổ chức tín dụng
2689,2025-09-09 00:00:00,TPB - Ngân hàng Thương mại cổ phần Tiên Phong,TPB12529,VNĐ,,28/08/2025,28/08/2035,,2000,100000000,Coupon,Thả nổi,Định kỳ - Cuối kỳ,Mua lại,,6.8,Hiệu lực,,TPB ,Công ty cổ phần,Tổ chức tín dụng
2690,2025-09-05 00:00:00,BCM - TỔNG CÔNG TY ĐẦU TƯ VÀ PHÁT TRIỂN CÔNG NGHIỆP - CTCP,BCM12502,VNĐ,,29/08/2025,29/08/2029,,20000,100000000,Coupon,Kết hợp,Định kỳ - Cuối kỳ,Mua lại,,10.5,Hiệu lực,,BCM ,Công ty cổ phần,Bất động sản
2691,2025-09-04 00:00:00,OCB - Ngân hàng TMCP Phương Đông,OCB12521,VNĐ,,29/08/2025,29/08/2028,,1200,1000000000,Coupon,Cố định,Định kỳ - Cuối kỳ,Mua lại,,5.3,Hiệu lực,,OCB ,Công ty cổ phần,Tổ chức tín dụng
2692,2025-09-04 00:00:00,MBB - NGÂN HÀNG TMCP QUÂN ĐỘI,MBB12523,VNĐ,,29/08/2025,29/08/2035,,700,100000000,Coupon,Thả nổi,Định kỳ - Cuối kỳ,Mua lại,,6.48,Hiệu lực,,MBB ,Công ty cổ phần,Tổ chức tín dụng
2693,2025-09-05 00:00:00,VIB - Ngân hàng TMCP Quốc tế Việt Nam,VIB12502,VNĐ,,29/08/2025,29/08/2028,,1200,1000000000,Coupon,Cố định,Định kỳ - Cuối kỳ,Mua lại,,5.6,Hiệu lực,,VIB ,Công ty cổ phần,Tổ chức tín dụng
2694,2025-04-16 00:00:00,TOCC - Công ty cổ phần Tư vấn và Kinh doanh bất động sản TCO,TOC32501,VNĐ,,04/09/2025,04/09/2026,,30000,100000000,Coupon,Cố định,Một lần khi đến hạn,Mua lại,,8.2,Hiệu lực,,TOCC ,Công ty cổ phần,Bất động sản
2695,2025-04-16 00:00:00,XMHC - Công ty TNHH TRUYỀN DẪN NƯỚC SẠCH XUÂN MAI - HÀ NỘI,XMH12501,VNĐ,,04/09/2025,04/09/2045,,3172,100000000,Coupon,Cố định,Định kỳ - Cuối kỳ,Mua lại,,5.75,Hiệu lực,,XMHC ,Công ty trách nhiệm hữu hạn,Lĩnh vực khác
2696,2025-05-14 00:00:00,MBB - NGÂN HÀNG TMCP QUÂN ĐỘI,MBB12503,VNĐ,,05/09/2025,05/09/2033,,2000,100000000,Coupon,Thả nổi,Định kỳ - Cuối kỳ,Mua lại,,6.38,Hiệu lực,,MBB ,Công ty cổ phần,Tổ chức tín dụng
2697,2025-05-13 00:00:00,VIC - TẬP ĐOÀN VINGROUP - CÔNG TY CP,VIC12505,VNĐ,,05/09/2025,05/09/2027,,20000,100000000,Coupon,Cố định,Định kỳ - Cuối kỳ,Mua lại,,12.5,Hiệu lực,,VIC ,Công ty cổ phần,Bất động sản
2698,2025-05-15 00:00:00,ACB - Ngân hàng TMCP Á Châu,ACB12505,VNĐ,,05/09/2025,05/09/2027,,500,1000000000,Coupon,Cố định,Định kỳ - Cuối kỳ,Mua lại,,5.4,Hiệu lực,,ACB ,Công ty cổ phần,Tổ chức tín dụng
2699,2025-05-16 00:00:00,VPI - CTCP Phát triển Bất động sản Văn Phú (tên cũ: CTCP Đầu tư Văn Phú - Invest),VPI12501,VNĐ,,05/09/2025,05/09/2028,,1500,100000000,Coupon,Kết hợp,Định kỳ - Cuối kỳ,Mua lại,,10.5,Hiệu lực,,VPI ,Công ty cổ phần,Bất động sản
2700,2025-05-13 00:00:00,TCB - Ngân hàng TMCP Kỹ thương Việt Nam,TCB12507,VNĐ,,05/09/2025,05/09/2027,,2000,1000000000,Coupon,Cố định,Định kỳ - Cuối kỳ,Mua lại,,5.1,Hiệu lực,,TCB ,Công ty cổ phần,Tổ chức tín dụng
2701,2025-06-16 00:00:00,ACB - Ngân hàng TMCP Á Châu,ACB12508,VNĐ,,06/09/2025,06/09/2027,,250,1000000000,Coupon,Cố định,Định kỳ - Cuối kỳ,Mua lại,,5.3,Hiệu lực,,ACB ,Công ty cổ phần,Tổ chức tín dụng
2702,2025-07-15 00:00:00,BID - Ngân hàng TMCP Đầu tư và Phát triển Việt Nam,BID12534,VNĐ,,07/09/2025,07/09/2032,,400,1000000000,Coupon,Thả nổi,Định kỳ - Cuối kỳ,Hoán đổi; Mua lại,,5.68,Hiệu lực,,BID ,Công ty cổ phần,Tổ chức tín dụng
2703,2025-09-16 00:00:00,TPB - Ngân hàng Thương mại cổ phần Tiên Phong,TPB12532,VNĐ,,09/09/2025,09/09/2035,,1018,100000000,Coupon,Thả nổi,Định kỳ - Cuối kỳ,Mua lại,,7.28,Hiệu lực,,TPB ,Công ty cổ phần,Tổ chức tín dụng
2704,2025-09-16 00:00:00,BMS - Công ty Cổ phần chứng khoán Bảo Minh,BMS12501,VNĐ,,09/09/2025,09/09/2030,,2000,100000000,Coupon,Cố định,Định kỳ - Cuối kỳ,Mua lại,,8.5,Hiệu lực,,BMS ,Công ty cổ phần,Kinh doanh chứng khoán
2705,2025-09-15 00:00:00,TVRC - Công ty Cổ phần Đầu tư Phát triển Bất động sản Thành Vinh,TVR32505,VNĐ,,09/09/2025,09/09/2033,,6100,100000000,Coupon,Cố định,Một lần khi đến hạn,Mua lại,,9.2,Hiệu lực,,TVRC ,Công ty cổ phần,Bất động sản
2706,2025-09-12 00:00:00,ACB - Ngân hàng TMCP Á Châu,ACB12517,VNĐ,,09/09/2025,09/09/2027,,3000,1000000000,Coupon,Cố định,Định kỳ - Cuối kỳ,Mua lại,,5.85,Hiệu lực,,ACB ,Công ty cổ phần,Tổ chức tín dụng
2707,2025-10-13 00:00:00,ACB - Ngân hàng TMCP Á Châu,ACB12518,VNĐ,,10/09/2025,10/09/2028,,800,1000000000,Coupon,Kết hợp,Định kỳ - Cuối kỳ,Mua lại,,6.3,Hiệu lực,,ACB ,Công ty cổ phần,Tổ chức tín dụng
2708,2025-10-10 00:00:00,SHS - Công ty Cổ phần chứng khoán Sài Gòn - Hà Nội,SHS12502,VNĐ,,10/09/2025,10/09/2026,,3600,100000000,Coupon,Cố định,Định kỳ - Cuối kỳ,Mua lại,,8.0,Hiệu lực,,SHS ,Công ty cổ phần,Kinh doanh chứng khoán
2709,2025-12-12 00:00:00,MSGC - CTCP MAY- DIÊM SÀI GÒN,MSG32509,VNĐ,,12/09/2025,12/09/2034,,6200,100000000,Coupon,Cố định,Một lần khi đến hạn,Mua lại,,9.0,Hiệu lực,,MSGC ,Công ty cổ phần,Bất động sản
2710,2025-09-18 00:00:00,LPB - Ngân hàng Thương mại Cổ phần Lộc Phát Việt Nam (tên cũ: Ngân hàng Thương mại cổ phần Bưu Điện Liên Việt),LPB12507,VNĐ,,15/09/2025,15/09/2028,,1000,1000000000,Coupon,Cố định,Định kỳ - Cuối kỳ,Mua lại,,5.8,Hiệu lực,,LPB ,Công ty cổ phần,Tổ chức tín dụng
2711,2025-09-19 00:00:00,VIB - Ngân hàng TMCP Quốc tế Việt Nam,VIB12503,VNĐ,,15/09/2025,15/09/2028,,2000,1000000000,Coupon,Cố định,Định kỳ - Cuối kỳ,Mua lại,,5.6,Hiệu lực,,VIB ,Công ty cổ phần,Tổ chức tín dụng
2712,2025-09-22 00:00:00,BID - Ngân hàng TMCP Đầu tư và Phát triển Việt Nam,BID12539,VNĐ,,15/09/2025,15/09/2040,,600,1000000000,Coupon,Cố định,Định kỳ - Cuối kỳ,Hoán đổi; Mua lại,,6.26,Hiệu lực,,BID ,Công ty cổ phần,Tổ chức tín dụng
2713,2025-09-22 00:00:00,TVS - Công ty Cổ phần Chứng khoán Thiên Việt,TVS12501,VNĐ,,15/09/2025,15/09/2027,,3000,100000000,Coupon,Cố định,Định kỳ - Đầu kỳ,Mua lại,,7.5,Hiệu lực,,TVS ,Công ty cổ phần,Kinh doanh chứng khoán
2714,2025-09-24 00:00:00,TPB - Ngân hàng Thương mại cổ phần Tiên Phong,TPB12534,VNĐ,,16/09/2025,16/09/2035,,3274,100000000,Coupon,Thả nổi,Định kỳ - Cuối kỳ,Mua lại,,7.28,Hiệu lực,,TPB ,Công ty cổ phần,Tổ chức tín dụng
2715,2025-09-19 00:00:00,HDB - NH TMCP Phát triển thành phố Hồ Chí Minh ( HDBANK),HDB12502,VNĐ,,17/09/2025,17/09/2033,,5000,100000000,Coupon,Thả nổi,Định kỳ - Cuối kỳ,Mua lại,,7.47,Hiệu lực,,HDB ,Công ty cổ phần,Tổ chức tín dụng
2716,2025-09-24 00:00:00,BAB - Ngân hàng Thương Mại Cổ Phần Bắc Á,BAB12507,VNĐ,,17/09/2025,17/09/2028,,1000,1000000000,Coupon,Cố định,Định kỳ - Cuối kỳ,Mua lại,,5.8,Hiệu lực,,BAB ,Công ty cổ phần,Tổ chức tín dụng
2717,2025-09-25 00:00:00,BID - Ngân hàng TMCP Đầu tư và Phát triển Việt Nam,BID12541,VNĐ,,18/09/2025,18/09/2033,,250,1000000000,Coupon,Thả nổi,Định kỳ - Cuối kỳ,Hoán đổi; Mua lại,,5.83,Hiệu lực,,BID ,Công ty cổ phần,Tổ chức tín dụng
2718,2025-09-25 00:00:00,BID - Ngân hàng TMCP Đầu tư và Phát triển Việt Nam,BID12540,VNĐ,,18/09/2025,18/09/2032,,120,1000000000,Coupon,Thả nổi,Định kỳ - Cuối kỳ,Hoán đổi; Mua lại,,5.68,Hiệu lực,,BID ,Công ty cổ phần,Tổ chức tín dụng
2719,2025-09-23 00:00:00,HDB - NH TMCP Phát triển thành phố Hồ Chí Minh ( HDBANK),HDB12503,VNĐ,,22/09/2025,22/09/2033,,5000,100000000,Coupon,Thả nổi,Định kỳ - Cuối kỳ,Mua lại,,7.47,Hiệu lực,,HDB ,Công ty cổ phần,Tổ chức tín dụng
2720,2025-10-27 00:00:00,ORS - Công ty Cổ phần Chứng khoán Tiên Phong,ORS12501,VNĐ,,24/09/2025,24/09/2028,,10000,100000000,Coupon,Kết hợp,Định kỳ - Cuối kỳ,Mua lại,,8.3,Hiệu lực,,ORS ,Công ty cổ phần,Kinh doanh chứng khoán
2721,2025-09-26 00:00:00,VJC - CÔNG TY CỔ PHẦN HÀNG KHÔNG VIETJET,VJC12503,VNĐ,,24/09/2025,24/09/2030,,10000,100000000,Coupon,Kết hợp,Định kỳ - Cuối kỳ,Mua lại,,9.72,Hiệu lực,,VJC ,Công ty cổ phần,Bất động sản
2722,2025-10-01 00:00:00,MBS - Công ty Cổ phần Chứng khoán MB,MBS12501,VNĐ,,25/09/2025,25/09/2027,,5000,100000000,Coupon,Kết hợp,Định kỳ - Cuối kỳ,Mua lại,,7.0,Hiệu lực,,MBS ,Công ty cổ phần,Kinh doanh chứng khoán
2723,2025-10-01 00:00:00,SHB - Ngân hàng TMCP Sài Gòn - Hà Nội,SHB12505,VNĐ,,25/09/2025,25/09/2032,,750,1000000000,Coupon,Kết hợp,Định kỳ - Cuối kỳ,Mua lại,,7.65,Hiệu lực,,SHB ,Công ty cổ phần,Tổ chức tín dụng
2724,2025-10-02 00:00:00,VIB - Ngân hàng TMCP Quốc tế Việt Nam,VIB12504,VNĐ,,26/09/2025,26/09/2033,,2425,1000000000,Coupon,Thả nổi,Định kỳ - Cuối kỳ,Mua lại,,7.18,Hiệu lực,,VIB ,Công ty cổ phần,Tổ chức tín dụng
2725,2025-10-06 00:00:00,LPB - Ngân hàng Thương mại Cổ phần Lộc Phát Việt Nam (tên cũ: Ngân hàng Thương mại cổ phần Bưu Điện Liên Việt),LPB12508,VNĐ,,29/09/2025,29/09/2033,,200,1000000000,Coupon,Thả nổi,Định kỳ - Cuối kỳ,Mua lại,,7.18,Hiệu lực,,LPB ,Công ty cổ phần,Tổ chức tín dụng
2726,2025-10-07 00:00:00,BID - Ngân hàng TMCP Đầu tư và Phát triển Việt Nam,BID12542,VNĐ,,29/09/2025,29/09/2032,,320,1000000000,Coupon,Thả nổi,Định kỳ - Cuối kỳ,Hoán đổi; Mua lại,,5.68,Hiệu lực,,BID ,Công ty cổ phần,Tổ chức tín dụng
2727,2025-11-10 00:00:00,VIC - TẬP ĐOÀN VINGROUP - CÔNG TY CP,VIC12509,VNĐ,,29/09/2025,29/09/2027,,25000,100000000,Coupon,Cố định,Định kỳ - Cuối kỳ,Mua lại,,11.0,Hiệu lực,,VIC ,Công ty cổ phần,Bất động sản
2728,2025-10-02 00:00:00,VPB - NH TMCP VIỆT NAM THỊNH VƯỢNG,VPB12513,VNĐ,,29/09/2025,29/09/2028,,2800,1000000000,Coupon,Cố định,Định kỳ - Cuối kỳ,Mua lại,,5.7,Hiệu lực,,VPB ,Công ty cổ phần,Tổ chức tín dụng
2729,2025-10-07 00:00:00,BID - Ngân hàng TMCP Đầu tư và Phát triển Việt Nam,BID12543,VNĐ,,29/09/2025,29/09/2033,,200,1000000000,Coupon,Thả nổi,Định kỳ - Cuối kỳ,Hoán đổi; Mua lại,,5.83,Hiệu lực,,BID ,Công ty cổ phần,Tổ chức tín dụng
2730,2025-10-07 00:00:00,BID - Ngân hàng TMCP Đầu tư và Phát triển Việt Nam,BID12544,VNĐ,,29/09/2025,29/09/2040,,150,1000000000,Coupon,Cố định,Định kỳ - Cuối kỳ,Hoán đổi; Mua lại,,6.3,Hiệu lực,,BID ,Công ty cổ phần,Tổ chức tín dụng
2731,2025-11-10 00:00:00,VIC - TẬP ĐOÀN VINGROUP - CÔNG TY CP,VIC12510,VNĐ,,30/09/2025,30/09/2027,,35000,100000000,Coupon,Cố định,Định kỳ - Cuối kỳ,Mua lại,,11.0,Hiệu lực,,VIC ,Công ty cổ phần,Bất động sản
2732,2025-10-06 00:00:00,IDTC - Công ty cổ phần Phát triển Khu Công nghiệp và Đô thị Thủ Thừa (tên cũ: Công ty cổ phần IDTT),IDT12501,VNĐ,,30/09/2025,30/09/2027,,1000,100000000,Coupon,Cố định,Định kỳ - Cuối kỳ,Mua lại,,9.0,Hiệu lực,,IDTC ,Công ty cổ phần,Xây dựng
2733,2025-10-08 00:00:00,TCB - Ngân hàng TMCP Kỹ thương Việt Nam,TCB12517,VNĐ,,30/09/2025,30/09/2027,,2000,1000000000,Coupon,Cố định,Định kỳ - Cuối kỳ,Mua lại,,5.9,Hiệu lực,,TCB ,Công ty cổ phần,Tổ chức tín dụng
2734,2025-10-03 00:00:00,OCB - Ngân hàng TMCP Phương Đông,OCB12522,VNĐ,,30/09/2025,30/09/2027,,1000,1000000000,Coupon,Cố định,Định kỳ - Cuối kỳ,Mua lại,,6.1,Hiệu lực,,OCB ,Công ty cổ phần,Tổ chức tín dụng
2735,2025-10-03 00:00:00,OCB - Ngân hàng TMCP Phương Đông,OCB12523,VNĐ,,30/09/2025,30/09/2028,,1000,1000000000,Coupon,Cố định,Định kỳ - Cuối kỳ,Mua lại,,6.3,Hiệu lực,,OCB ,Công ty cổ phần,Tổ chức tín dụng
2736,2025-10-03 00:00:00,OCB - Ngân hàng TMCP Phương Đông,OCB12524,VNĐ,,30/09/2025,30/09/2027,,1000,1000000000,Coupon,Cố định,Định kỳ - Cuối kỳ,Mua lại,,6.0,Hiệu lực,,OCB ,Công ty cổ phần,Tổ chức tín dụng
2737,2025-10-06 00:00:00,TCB - Ngân hàng TMCP Kỹ thương Việt Nam,TCB12518,VNĐ,,30/09/2025,30/09/2027,,2000,1000000000,Coupon,Cố định,Định kỳ - Cuối kỳ,Mua lại,,6.1,Hiệu lực,,TCB ,Công ty cổ phần,Tổ chức tín dụng
2738,2025-10-07 00:00:00,MBB - NGÂN HÀNG TMCP QUÂN ĐỘI,MBB12526,VNĐ,,30/09/2025,30/09/2032,,7450,100000000,Coupon,Cố định,Định kỳ - Cuối kỳ,Mua lại,,6.2,Hiệu lực,,MBB ,Công ty cổ phần,Tổ chức tín dụng
2739,2025-10-06 00:00:00,NAB - Ngân hàng Thương mại Cổ phần Nam Á,NAB12505,VNĐ,,30/09/2025,30/09/2032,,1600,1000000000,Coupon,Thả nổi,Định kỳ - Cuối kỳ,Mua lại,,6.85,Hiệu lực,,NAB ,Công ty cổ phần,Tổ chức tín dụng
2740,2025-10-07 00:00:00,TPB - Ngân hàng Thương mại cổ phần Tiên Phong,TPB12535,VNĐ,,30/09/2025,30/09/2035,,753,100000000,Coupon,Thả nổi,Định kỳ - Cuối kỳ,Mua lại,,7.28,Hiệu lực,,TPB ,Công ty cổ phần,Tổ chức tín dụng
2741,2025-04-26 00:00:00,ACB - Ngân hàng TMCP Á Châu,ACB12502,VNĐ,,04/10/2025,04/10/2027,,1000,1000000000,Coupon,Cố định,Định kỳ - Cuối kỳ,Mua lại,,5.6,Hiệu lực,,ACB ,Công ty cổ phần,Tổ chức tín dụng
2742,2025-06-17 00:00:00,BID - Ngân hàng TMCP Đầu tư và Phát triển Việt Nam,BID12516,VNĐ,,06/10/2025,06/10/2033,,85,1000000000,Coupon,Cố định,Định kỳ - Cuối kỳ,Hoán đổi; Mua lại,,5.9,Hiệu lực,,BID ,Công ty cổ phần,Tổ chức tín dụng
2743,2025-06-17 00:00:00,BID - Ngân hàng TMCP Đầu tư và Phát triển Việt Nam,BID12517,VNĐ,,06/10/2025,06/10/2033,,200,1000000000,Coupon,Thả nổi,Định kỳ - Cuối kỳ,Hoán đổi; Mua lại,,5.83,Hiệu lực,,BID ,Công ty cổ phần,Tổ chức tín dụng
2744,2025-06-23 00:00:00,FCN - CTCP FECON,FCN12501,VNĐ,,06/10/2025,12/10/2026,,1200,100000000,Coupon,Cố định,Định kỳ - Cuối kỳ,Mua lại,,11.0,Hiệu lực,,FCN ,Công ty cổ phần,Xây dựng
2745,2025-06-17 00:00:00,BID - Ngân hàng TMCP Đầu tư và Phát triển Việt Nam,BID12515,VNĐ,,06/10/2025,06/10/2032,,250,1000000000,Coupon,Thả nổi,Định kỳ - Cuối kỳ,Hoán đổi; Mua lại,,5.68,Hiệu lực,,BID ,Công ty cổ phần,Tổ chức tín dụng
2746,2025-06-17 00:00:00,TPB - Ngân hàng Thương mại cổ phần Tiên Phong,TPB12507,VNĐ,,06/10/2025,06/10/2035,,1236,100000000,Coupon,Thả nổi,Định kỳ - Cuối kỳ,Mua lại,,7.28,Hiệu lực,,TPB ,Công ty cổ phần,Tổ chức tín dụng
2747,2025-06-18 00:00:00,TCXC - CTCP chứng khoán Kỹ thương,TCX12503,VNĐ,,06/10/2025,07/10/2026,,5000,100000000,Coupon,Kết hợp,Định kỳ - Cuối kỳ,Mua lại,,7.0,Hiệu lực,,TCXC ,Công ty cổ phần,Kinh doanh chứng khoán
2748,2025-06-17 00:00:00,TCB - Ngân hàng TMCP Kỹ thương Việt Nam,TCB12511,VNĐ,,06/10/2025,06/10/2027,,2000,1000000000,Coupon,Cố định,Định kỳ - Cuối kỳ,Mua lại,,5.1,Hiệu lực,,TCB ,Công ty cổ phần,Tổ chức tín dụng
2749,2025-07-15 00:00:00,CII - CTCP Đầu tư Hạ tầng Kỹ thuật Thành phố Hồ Chí Minh,CII12502,VNĐ,,07/10/2025,07/10/2030,,3000,100000000,Coupon,Kết hợp,Định kỳ - Cuối kỳ,Mua lại,,10.25,Hiệu lực,,CII ,Công ty cổ phần,Xây dựng
2750,2025-07-24 00:00:00,F88C - Công ty cổ phần kinh doanh F88,F8812504,VNĐ,,07/10/2025,07/10/2026,,1000,100000000,Coupon,Cố định,Định kỳ - Cuối kỳ,Mua lại,,10.0,Hiệu lực,,F88C ,Công ty cổ phần,"Thương mại, dịch vụ"
2751,2025-09-17 00:00:00,BID - Ngân hàng TMCP Đầu tư và Phát triển Việt Nam,BID12538,VNĐ,,09/10/2025,09/10/2032,,415,1000000000,Coupon,Thả nổi,Định kỳ - Cuối kỳ,Hoán đổi; Mua lại,,5.68,Hiệu lực,,BID ,Công ty cổ phần,Tổ chức tín dụng
2752,2025-09-18 00:00:00,LPB - Ngân hàng Thương mại Cổ phần Lộc Phát Việt Nam (tên cũ: Ngân hàng Thương mại cổ phần Bưu Điện Liên Việt),LPB12506,VNĐ,,09/10/2025,09/10/2028,,1500,1000000000,Coupon,Cố định,Định kỳ - Cuối kỳ,Mua lại,,5.9,Hiệu lực,,LPB ,Công ty cổ phần,Tổ chức tín dụng
2753,2025-10-15 00:00:00,MSGC - CTCP MAY- DIÊM SÀI GÒN,MSG32505,VNĐ,,10/10/2025,10/10/2034,,5000,100000000,Coupon,Cố định,Một lần khi đến hạn,Mua lại,,9.0,Hiệu lực,,MSGC ,Công ty cổ phần,Bất động sản
2754,2025-10-14 00:00:00,VIB - Ngân hàng TMCP Quốc tế Việt Nam,VIB12505,VNĐ,,10/10/2025,10/10/2033,,1575,1000000000,Coupon,Thả nổi,Định kỳ - Cuối kỳ,Mua lại,,7.18,Hiệu lực,,VIB ,Công ty cổ phần,Tổ chức tín dụng
2755,2025-10-15 00:00:00,MSB - Ngân hàng TMCP Hàng Hải Việt Nam,MSB12509,VNĐ,,10/10/2025,10/10/2032,,2500,1000000000,Coupon,Thả nổi,Định kỳ - Cuối kỳ,Mua lại,,6.8,Hiệu lực,,MSB ,Công ty cổ phần,Tổ chức tín dụng
2756,2025-10-16 00:00:00,ACB - Ngân hàng TMCP Á Châu,ACB12519,VNĐ,,10/10/2025,10/10/2028,,500,1000000000,Coupon,Kết hợp,Định kỳ - Cuối kỳ,Mua lại,,6.3,Hiệu lực,,ACB ,Công ty cổ phần,Tổ chức tín dụng
2757,2025-10-17 00:00:00,HLSC - CÔNG TY TNHH MẶT TRỜI HẠ LONG,SHL12504,VNĐ,,10/10/2025,10/10/2030,,4080,100000000,Coupon,Kết hợp,Định kỳ - Cuối kỳ,Mua lại,,7.54,Hiệu lực,,HLSC ,Công ty trách nhiệm hữu hạn,Lĩnh vực khác
2758,2025-11-03 00:00:00,HDB - NH TMCP Phát triển thành phố Hồ Chí Minh ( HDBANK),HDB12505,VNĐ,,10/10/2025,,,0,100000000,Coupon,Thả nổi,,Mua lại,,0.0,Hiệu lực,,HDB ,Công ty cổ phần,Tổ chức tín dụng
2759,2025-11-17 00:00:00,BCM - TẬP ĐOÀN ĐẦU TƯ VÀ PHÁT TRIỂN CÔNG NGHIỆP BECAMEX-CTCP (tên cũ: TỔNG CÔNG TY ĐẦU TƯ VÀ PHÁT TRIỂN CÔNG NGHIỆP - CTCP,BCM12503,VNĐ,,11/10/2025,11/10/2028,,6600,100000000,Coupon,Kết hợp,Định kỳ - Cuối kỳ,Mua lại,,10.3,Hiệu lực,,BCM ,Công ty cổ phần,Bất động sản
2760,2025-12-11 00:00:00,OCB - Ngân hàng TMCP Phương Đông,OCB12530,VNĐ,,12/10/2025,12/10/2028,,1000,1000000000,Coupon,Cố định,Định kỳ - Cuối kỳ,Mua lại,,6.4,Hiệu lực,,OCB ,Công ty cổ phần,Tổ chức tín dụng
2761,2025-12-18 00:00:00,TPB - Ngân hàng Thương mại cổ phần Tiên Phong,TPB12547,VNĐ,,12/10/2025,12/10/2035,,157,100000000,Coupon,Thả nổi,Định kỳ - Cuối kỳ,Mua lại,,8.18,Hiệu lực,,TPB ,Công ty cổ phần,Tổ chức tín dụng
2762,2025-12-15 00:00:00,TCB - Ngân hàng TMCP Kỹ thương Việt Nam,TCB12525,VNĐ,,12/10/2025,12/10/2028,,2000,1000000000,Coupon,Cố định,Định kỳ - Cuối kỳ,Mua lại,,6.5,Hiệu lực,,TCB ,Công ty cổ phần,Tổ chức tín dụng
2763,2025-10-17 00:00:00,ABB - Ngân hàng TMCP An Bình (ABBANK),ABB12513,VNĐ,,13/10/2025,13/10/2032,,450,1000000000,Coupon,Thả nổi,Định kỳ - Cuối kỳ,Mua lại,,7.48,Hiệu lực,,ABB ,Công ty cổ phần,Tổ chức tín dụng
2764,2025-10-16 00:00:00,LPB - Ngân hàng Thương mại Cổ phần Lộc Phát Việt Nam (tên cũ: Ngân hàng Thương mại cổ phần Bưu Điện Liên Việt),LPB12509,VNĐ,,13/10/2025,13/10/2033,,350,1000000000,Coupon,Thả nổi,Định kỳ - Cuối kỳ,Mua lại,,7.18,Hiệu lực,,LPB ,Công ty cổ phần,Tổ chức tín dụng
2765,2025-10-17 00:00:00,HDRC - Công ty TNHH Đầu tư và Phát triển BĐS Hải Đăng,HDR32501,VNĐ,,13/10/2025,13/10/2026,,38000,100000000,Coupon,Cố định,Một lần khi đến hạn,Mua lại,,8.95,Hiệu lực,,HDRC ,Công ty trách nhiệm hữu hạn,Bất động sản
2766,2025-10-22 00:00:00,NTJC - Công ty Cổ phần Thời Đại Mới T&T,NTJ32502,VNĐ,,14/10/2025,14/10/2026,,25000,100000000,Coupon,Cố định,Một lần khi đến hạn,Mua lại,,8.95,Hiệu lực,,NTJC ,Công ty cổ phần,Bất động sản
2767,2025-10-21 00:00:00,NTJC - Công ty Cổ phần Thời Đại Mới T&T,NTJ12501,VNĐ,,14/10/2025,14/10/2028,,55500,100000000,Coupon,Kết hợp,Định kỳ - Cuối kỳ,Mua lại,,9.45,Hiệu lực,,NTJC ,Công ty cổ phần,Bất động sản
2768,2025-10-17 00:00:00,IHPC - CÔNG TY TNHH HƯNG PHÁT INVEST HÀ NỘI,IHP12501,VNĐ,,14/10/2025,14/04/2027,,76500,100000000,Coupon,Cố định,Định kỳ - Đầu kỳ,Mua lại,,9.0,Hiệu lực,,IHPC ,Công ty trách nhiệm hữu hạn,Bất động sản
2769,2025-10-16 00:00:00,TRMC - CÔNG TY TNHH ĐẦU TƯ VÀ PHÁT TRIỂN BĐS TRƯỜNG MINH,TRM12503,VNĐ,,14/10/2025,14/10/2028,,45000,100000000,Coupon,Kết hợp,Định kỳ - Cuối kỳ,Mua lại,,9.8,Hiệu lực,,TRMC ,Công ty trách nhiệm hữu hạn,Bất động sản
2770,2025-10-21 00:00:00,TCB - Ngân hàng TMCP Kỹ thương Việt Nam,TCB12519,VNĐ,,15/10/2025,15/10/2027,,1000,1000000000,Coupon,Cố định,Định kỳ - Cuối kỳ,Mua lại,,6.1,Hiệu lực,,TCB ,Công ty cổ phần,Tổ chức tín dụng
2771,2025-10-21 00:00:00,TCB - Ngân hàng TMCP Kỹ thương Việt Nam,TCB12520,VNĐ,,16/10/2025,16/10/2028,,2000,1000000000,Coupon,Cố định,Định kỳ - Cuối kỳ,Mua lại,,6.1,Hiệu lực,,TCB ,Công ty cổ phần,Tổ chức tín dụng
2772,2025-10-23 00:00:00,TPB - Ngân hàng Thương mại cổ phần Tiên Phong,TPB12537,VNĐ,,16/10/2025,16/10/2032,,20000,100000000,Coupon,Thả nổi,Định kỳ - Cuối kỳ,Mua lại,,6.68,Hiệu lực,,TPB ,Công ty cổ phần,Tổ chức tín dụng
2773,2025-10-28 00:00:00,LPB - Ngân hàng Thương mại Cổ phần Lộc Phát Việt Nam (tên cũ: Ngân hàng Thương mại cổ phần Bưu Điện Liên Việt),LPB12510,VNĐ,,20/10/2025,20/10/2032,,300,1000000000,Coupon,Thả nổi,Định kỳ - Cuối kỳ,Mua lại,,7.03,Hiệu lực,,LPB ,Công ty cổ phần,Tổ chức tín dụng
2774,2025-10-29 00:00:00,BID - Ngân hàng TMCP Đầu tư và Phát triển Việt Nam,BID12549,VNĐ,,21/10/2025,21/10/2032,,347,1000000000,Coupon,Thả nổi,Định kỳ - Cuối kỳ,Hoán đổi; Mua lại,,5.68,Hiệu lực,,BID ,Công ty cổ phần,Tổ chức tín dụng
2775,2025-10-30 00:00:00,BID - Ngân hàng TMCP Đầu tư và Phát triển Việt Nam,BID12551,VNĐ,,21/10/2025,21/10/2040,,100,1000000000,Coupon,Cố định,Định kỳ - Cuối kỳ,Hoán đổi; Mua lại,,6.3,Hiệu lực,,BID ,Công ty cổ phần,Tổ chức tín dụng
2776,2025-10-30 00:00:00,BID - Ngân hàng TMCP Đầu tư và Phát triển Việt Nam,BID12550,VNĐ,,21/10/2025,21/10/2035,,75,1000000000,Coupon,Cố định,Định kỳ - Cuối kỳ,Hoán đổi; Mua lại,,6.0,Hiệu lực,,BID ,Công ty cổ phần,Tổ chức tín dụng
2777,2025-10-27 00:00:00,TNQC - CÔNG TY CỔ PHẦN ĐẦU TƯ VÀ PHÁT TRIỂN HẠ TẦNG NAM QUANG,TNQ32501,VNĐ,,21/10/2025,21/10/2034,,10000,100000000,Coupon,Cố định,Một lần khi đến hạn,Mua lại,,9.1,Hiệu lực,,TNQC ,Công ty cổ phần,Lĩnh vực khác
2778,2025-10-27 00:00:00,TCB - Ngân hàng TMCP Kỹ thương Việt Nam,TCB12521,VNĐ,,22/10/2025,22/10/2027,,2000,1000000000,Coupon,Cố định,Định kỳ - Cuối kỳ,Mua lại,,6.1,Hiệu lực,,TCB ,Công ty cổ phần,Tổ chức tín dụng
2779,2025-11-19 00:00:00,TPB - Ngân hàng Thương mại cổ phần Tiên Phong,TPB12538,VNĐ,,22/10/2025,22/10/2035,,1200,100000000,Coupon,Thả nổi,Định kỳ - Cuối kỳ,Mua lại,,6.78,Hiệu lực,,TPB ,Công ty cổ phần,Tổ chức tín dụng
2780,2025-10-28 00:00:00,TNDC - CTCP PHÁT TRIỂN TN,TND12501,VNĐ,,22/10/2025,22/10/2030,,29500,100000000,Coupon,Kết hợp,Định kỳ - Cuối kỳ,Mua lại,,8.75,Hiệu lực,,TNDC ,Công ty cổ phần,Bất động sản
2781,2025-11-03 00:00:00,EVF - Công ty Tài chính Tổng hợp Cổ phần Điện Lực (Tên cũ: Công ty Tài chính cổ phần Điện Lực),EVF12504,VNĐ,,22/10/2025,22/10/2030,,3000,100000000,Coupon,Kết hợp,Định kỳ - Cuối kỳ,Mua lại,,7.0,Hiệu lực,,EVF ,Công ty cổ phần,Tổ chức tín dụng
2782,2025-11-03 00:00:00,TPB - Ngân hàng Thương mại cổ phần Tiên Phong,TPB12539,VNĐ,,23/10/2025,23/10/2035,,2709,100000000,Coupon,Thả nổi,Định kỳ - Cuối kỳ,Mua lại,,7.28,Hiệu lực,,TPB ,Công ty cổ phần,Tổ chức tín dụng
2783,2025-11-03 00:00:00,ABB - Ngân hàng TMCP An Bình (ABBANK),ABB12514,VNĐ,,27/10/2025,27/10/2032,,50,1000000000,Coupon,Thả nổi,Định kỳ - Cuối kỳ,Mua lại,,7.48,Hiệu lực,,ABB ,Công ty cổ phần,Tổ chức tín dụng
2784,2025-10-29 00:00:00,VIB - Ngân hàng TMCP Quốc tế Việt Nam,VIB12506,VNĐ,,27/10/2025,27/10/2028,,3000,1000000000,Coupon,Cố định,Định kỳ - Cuối kỳ,Mua lại,,6.0,Hiệu lực,,VIB ,Công ty cổ phần,Tổ chức tín dụng
2785,2025-11-05 00:00:00,LPB - Ngân hàng Thương mại Cổ phần Lộc Phát Việt Nam (tên cũ: Ngân hàng Thương mại cổ phần Bưu Điện Liên Việt),LPB12511,VNĐ,,28/10/2025,28/10/2028,,2000,1000000000,Coupon,Cố định,Định kỳ - Cuối kỳ,Mua lại,,6.5,Hiệu lực,,LPB ,Công ty cổ phần,Tổ chức tín dụng
2786,2025-10-30 00:00:00,SHB - Ngân hàng TMCP Sài Gòn - Hà Nội,SHB12506,VNĐ,,28/10/2025,28/10/2032,,380,1000000000,Coupon,Kết hợp,Định kỳ - Cuối kỳ,Mua lại,,7.65,Hiệu lực,,SHB ,Công ty cổ phần,Tổ chức tín dụng
2787,2025-10-30 00:00:00,TSOC - CÔNG TƯ CỔ PHẦN ĐẦU TƯ XÂY DỰNG THÁI SƠN,TSO12501,VNĐ,,28/10/2025,28/10/2027,,40000,100000000,Coupon,Cố định,Định kỳ - Cuối kỳ,Mua lại,,12.5,Hiệu lực,,TSOC ,Công ty cổ phần,Bất động sản
2788,2025-11-06 00:00:00,LPB - Ngân hàng Thương mại Cổ phần Lộc Phát Việt Nam (tên cũ: Ngân hàng Thương mại cổ phần Bưu Điện Liên Việt),LPB12512,VNĐ,,29/10/2025,29/10/2028,,2000,1000000000,Coupon,Cố định,Định kỳ - Cuối kỳ,Mua lại,,6.5,Hiệu lực,,LPB ,Công ty cổ phần,Tổ chức tín dụng
2789,2025-11-04 00:00:00,PKAC - CTCP Tập đoàn Phượng Hoàng Xanh A&A,PKA12501,VNĐ,,29/10/2025,30/09/2031,,1200,100000000,Coupon,Cố định,Định kỳ - Cuối kỳ,Mua lại,,8.2,Hiệu lực,,PKAC ,Công ty cổ phần,Sản xuất
2790,2025-11-03 00:00:00,HDB - NH TMCP Phát triển thành phố Hồ Chí Minh ( HDBANK),HDB12506,VNĐ,,29/10/2025,29/10/2028,,2000,1000000000,Coupon,Cố định,Định kỳ - Cuối kỳ,Mua lại,,6.5,Hiệu lực,,HDB ,Công ty cổ phần,Tổ chức tín dụng
2791,2025-11-06 00:00:00,CMG - Công ty Cổ phần Tập đoàn Công nghệ CMC,CMG12501,VNĐ,,30/10/2025,30/10/2035,,12500,100000000,Coupon,Cố định,Định kỳ - Cuối kỳ,,,5.5,Hiệu lực,,CMG ,Công ty cổ phần,"Thương mại, dịch vụ"
2792,2025-11-06 00:00:00,LPB - Ngân hàng Thương mại Cổ phần Lộc Phát Việt Nam (tên cũ: Ngân hàng Thương mại cổ phần Bưu Điện Liên Việt),LPB12513,VNĐ,,30/10/2025,30/10/2033,,200,1000000000,Coupon,Thả nổi,Định kỳ - Cuối kỳ,Mua lại,,7.18,Hiệu lực,,LPB ,Công ty cổ phần,Tổ chức tín dụng
2793,2025-11-10 00:00:00,VPI - CTCP Phát triển Bất động sản Văn Phú (tên cũ: CTCP Đầu tư Văn Phú - Invest),VPI12503,VNĐ,,31/10/2025,31/10/2028,,1350,100000000,Coupon,Cố định,Định kỳ - Cuối kỳ,Mua lại,,10.0,Hiệu lực,,VPI ,Công ty cổ phần,Bất động sản
2794,2025-04-14 00:00:00,VIC - TẬP ĐOÀN VINGROUP - CÔNG TY CP,VIC12501,VNĐ,,04/11/2025,05/11/2027,,30000,100000000,Coupon,Cố định,Định kỳ - Cuối kỳ,Mua lại,,12.0,Hiệu lực,,VIC ,Công ty cổ phần,Bất động sản
2795,2025-04-14 00:00:00,VIC - TẬP ĐOÀN VINGROUP - CÔNG TY CP,VIC12502,VNĐ,,04/11/2025,06/11/2028,,40000,100000000,Coupon,Cố định,Định kỳ - Cuối kỳ,Mua lại,,12.0,Hiệu lực,,VIC ,Công ty cổ phần,Bất động sản
2796,2025-06-17 00:00:00,TCB - Ngân hàng TMCP Kỹ thương Việt Nam,TCB12512,VNĐ,,06/11/2025,06/11/2027,,2000,1000000000,Coupon,Cố định,Định kỳ - Cuối kỳ,Mua lại,,5.1,Hiệu lực,,TCB ,Công ty cổ phần,Tổ chức tín dụng
2797,2025-06-17 00:00:00,HCVC - CÔNG TY TÀI CHÍNH TRÁCH NHIỆM HỮU HẠN MỘT THÀNH VIÊN HOME CREDIT VIỆT NAM,HCV12505,VNĐ,,06/11/2025,06/11/2027,,400,1000000000,Coupon,Cố định,Định kỳ - Cuối kỳ,,,6.8,Hiệu lực,,HCVC ,Công ty trách nhiệm hữu hạn,Tổ chức tín dụng
2798,2025-06-13 00:00:00,MSB - Ngân hàng TMCP Hàng Hải Việt Nam,MSB12505,VNĐ,,06/11/2025,06/11/2028,,1000,1000000000,Coupon,Cố định,Định kỳ - Cuối kỳ,Mua lại,,5.2,Hiệu lực,,MSB ,Công ty cổ phần,Tổ chức tín dụng
2799,2025-07-15 00:00:00,MSB - Ngân hàng TMCP Hàng Hải Việt Nam,MSB12507,VNĐ,,07/11/2025,07/11/2030,,680,1000000000,Coupon,Cố định,Định kỳ - Cuối kỳ,Mua lại,,6.2,Hiệu lực,,MSB ,Công ty cổ phần,Tổ chức tín dụng
2800,2025-11-19 00:00:00,TPB - Ngân hàng Thương mại cổ phần Tiên Phong,TPB12541,VNĐ,,11/11/2025,11/11/2035,,591,100000000,Coupon,Thả nổi,Định kỳ - Cuối kỳ,Mua lại,,7.38,Hiệu lực,,TPB ,Công ty cổ phần,Tổ chức tín dụng
2801,2025-11-18 00:00:00,BAB - Ngân hàng Thương Mại Cổ Phần Bắc Á,BAB12508,VNĐ,,13/11/2025,13/11/2028,,800,1000000000,Coupon,Cố định,Định kỳ - Cuối kỳ,Mua lại,,6.7,Hiệu lực,,BAB ,Công ty cổ phần,Tổ chức tín dụng
2802,2025-11-19 00:00:00,MSB - Ngân hàng TMCP Hàng Hải Việt Nam,MSB12510,VNĐ,,13/11/2025,13/11/2028,,1000,1000000000,Coupon,Cố định,Định kỳ - Cuối kỳ,Mua lại,,5.2,Hiệu lực,,MSB ,Công ty cổ phần,Tổ chức tín dụng
2803,2025-11-20 00:00:00,VIOC - CÔNG TY TNHH MTV VIPICO,VIO32502,VNĐ,,14/11/2025,14/11/2033,,10000,100000000,Coupon,Cố định,Một lần khi đến hạn,Mua lại,,9.3,Hiệu lực,,VIOC ,Công ty trách nhiệm hữu hạn,Bất động sản
2804,2025-11-21 00:00:00,TPB - Ngân hàng Thương mại cổ phần Tiên Phong,TPB12543,VNĐ,,14/11/2025,14/11/2032,,5000,100000000,Coupon,Thả nổi,Định kỳ - Cuối kỳ,Mua lại,,6.68,Hiệu lực,,TPB ,Công ty cổ phần,Tổ chức tín dụng
2805,2025-11-18 00:00:00,TNQC - CÔNG TY CỔ PHẦN ĐẦU TƯ VÀ PHÁT TRIỂN HẠ TẦNG NAM QUANG,TNQ32503,VNĐ,,15/11/2025,15/11/2033,,10000,100000000,Coupon,Cố định,Một lần khi đến hạn,Mua lại,,9.0,Hiệu lực,,TNQC ,Công ty cổ phần,Lĩnh vực khác
2806,2025-11-19 00:00:00,VIB - Ngân hàng TMCP Quốc tế Việt Nam,VIB12507,VNĐ,,17/11/2025,17/11/2028,,3000,1000000000,Coupon,Cố định,Định kỳ - Cuối kỳ,Mua lại,,6.4,Hiệu lực,,VIB ,Công ty cổ phần,Tổ chức tín dụng
2807,2025-11-21 00:00:00,F88C - Công ty cổ phần kinh doanh F88,F8812508,VNĐ,,17/11/2025,17/11/2026,,1000,100000000,Coupon,Cố định,Định kỳ - Cuối kỳ,Mua lại,,9.0,Hiệu lực,,F88C ,Công ty cổ phần,"Thương mại, dịch vụ"
2808,2025-11-19 00:00:00,HDB - NH TMCP Phát triển thành phố Hồ Chí Minh ( HDBANK),HDB12507,VNĐ,,18/11/2025,18/11/2028,,800,1000000000,Coupon,Cố định,Định kỳ - Cuối kỳ,Mua lại,,6.7,Hiệu lực,,HDB ,Công ty cổ phần,Tổ chức tín dụng
2809,2025-11-19 00:00:00,IPA - CTCP Tập đoàn Đầu tư I.P.A,IPA12501,VNĐ,,18/11/2025,18/11/2030,,14160,100000000,Coupon,Cố định,Định kỳ - Cuối kỳ,Mua lại,,9.5,Hiệu lực,,IPA ,Công ty cổ phần,Lĩnh vực khác
2810,2025-11-25 00:00:00,OCB - Ngân hàng TMCP Phương Đông,OCB12529,VNĐ,,20/11/2025,20/11/2028,,1500,1000000000,Coupon,Cố định,Định kỳ - Cuối kỳ,Mua lại,,6.6,Hiệu lực,,OCB ,Công ty cổ phần,Tổ chức tín dụng
2811,2025-11-25 00:00:00,BNCC - Công ty cổ phần dịch vụ cáp treo Bà Nà,BNC12501,VNĐ,,20/11/2025,20/11/2030,,5000,100000000,Coupon,Kết hợp,Định kỳ - Cuối kỳ,Mua lại,,10.5,Hiệu lực,,BNCC ,Công ty cổ phần,"Thương mại, dịch vụ"
2812,2025-12-01 00:00:00,TPB - Ngân hàng Thương mại cổ phần Tiên Phong,TPB12544,VNĐ,,21/11/2025,21/11/2035,,165,100000000,Coupon,Thả nổi,Định kỳ - Cuối kỳ,Mua lại,,7.98,Hiệu lực,,TPB ,Công ty cổ phần,Tổ chức tín dụng
2813,2025-11-26 00:00:00,MSGC - CTCP MAY- DIÊM SÀI GÒN,MSG32507,VNĐ,,21/11/2025,21/11/2034,,10000,100000000,Coupon,Cố định,Một lần khi đến hạn,Mua lại,,9.0,Hiệu lực,,MSGC ,Công ty cổ phần,Bất động sản
2814,2025-11-25 00:00:00,VJC - CÔNG TY CỔ PHẦN HÀNG KHÔNG VIETJET,VJC12504,VNĐ,,24/11/2025,24/11/2030,,10000,100000000,Coupon,Kết hợp,Định kỳ - Cuối kỳ,Mua lại,,10.0,Hiệu lực,,VJC ,Công ty cổ phần,Bất động sản
2815,2025-12-02 00:00:00,BID - Ngân hàng TMCP Đầu tư và Phát triển Việt Nam,BID12554,VNĐ,,24/11/2025,24/11/2035,,156,1000000000,Coupon,Thả nổi,Định kỳ - Cuối kỳ,Hoán đổi; Mua lại,,6.13,Hiệu lực,,BID ,Công ty cổ phần,Tổ chức tín dụng
2816,2025-12-02 00:00:00,BID - Ngân hàng TMCP Đầu tư và Phát triển Việt Nam,BID12555,VNĐ,,24/11/2025,24/11/2040,,150,1000000000,Coupon,Cố định,Định kỳ - Cuối kỳ,Hoán đổi; Mua lại,,6.6,Hiệu lực,,BID ,Công ty cổ phần,Tổ chức tín dụng
2817,2025-12-02 00:00:00,BID - Ngân hàng TMCP Đầu tư và Phát triển Việt Nam,BID12552,VNĐ,,24/11/2025,24/11/2032,,702,1000000000,Coupon,Thả nổi,Định kỳ - Cuối kỳ,Hoán đổi; Mua lại,,6.03,Hiệu lực,,BID ,Công ty cổ phần,Tổ chức tín dụng
2818,2025-12-02 00:00:00,BID - Ngân hàng TMCP Đầu tư và Phát triển Việt Nam,BID12553,VNĐ,,24/11/2025,24/11/2033,,590,1000000000,Coupon,Thả nổi,Định kỳ - Cuối kỳ,Hoán đổi; Mua lại,,6.08,Hiệu lực,,BID ,Công ty cổ phần,Tổ chức tín dụng
2819,2025-12-02 00:00:00,BAB - Ngân hàng Thương Mại Cổ Phần Bắc Á,BAB12509,VNĐ,,25/11/2025,25/11/2028,,1000,1000000000,Coupon,Cố định,Định kỳ - Cuối kỳ,Mua lại,,6.7,Hiệu lực,,BAB ,Công ty cổ phần,Tổ chức tín dụng
2820,2025-12-01 00:00:00,TNQC - CÔNG TY CỔ PHẦN ĐẦU TƯ VÀ PHÁT TRIỂN HẠ TẦNG NAM QUANG,TNQ32504,VNĐ,,26/11/2025,26/11/2032,,10000,100000000,Coupon,Cố định,Một lần khi đến hạn,Mua lại,,9.0,Hiệu lực,,TNQC ,Công ty cổ phần,Lĩnh vực khác
2821,2025-12-10 00:00:00,BNCC - Công ty cổ phần dịch vụ cáp treo Bà Nà,BNC12502,VNĐ,,26/11/2025,26/11/2030,,7500,100000000,Coupon,Kết hợp,Định kỳ - Cuối kỳ,Mua lại,,10.5,Hiệu lực,,BNCC ,Công ty cổ phần,"Thương mại, dịch vụ"
2822,2025-11-28 00:00:00,HDB - NH TMCP Phát triển thành phố Hồ Chí Minh ( HDBANK),HDB12508,VNĐ,,26/11/2025,26/11/2028,,1000,1000000000,Coupon,Cố định,Định kỳ - Cuối kỳ,Mua lại,,6.7,Hiệu lực,,HDB ,Công ty cổ phần,Tổ chức tín dụng
2823,2025-12-03 00:00:00,ABB - Ngân hàng TMCP An Bình (ABBANK),ABB12515,VNĐ,,26/11/2025,26/11/2031,,300,1000000000,Coupon,Cố định,Định kỳ - Cuối kỳ,Mua lại,,7.6,Hiệu lực,,ABB ,Công ty cổ phần,Tổ chức tín dụng
2824,2025-12-05 00:00:00,LPB - Ngân hàng Thương mại Cổ phần Lộc Phát Việt Nam (tên cũ: Ngân hàng Thương mại cổ phần Bưu Điện Liên Việt),LPB12514,VNĐ,,27/11/2025,27/11/2032,,1500,1000000000,Coupon,Thả nổi,Định kỳ - Cuối kỳ,Mua lại,,7.03,Hiệu lực,,LPB ,Công ty cổ phần,Tổ chức tín dụng
2825,2025-12-04 00:00:00,BID - Ngân hàng TMCP Đầu tư và Phát triển Việt Nam,BID12556,VNĐ,,27/11/2025,27/11/2027,,360,1000000000,Coupon,Cố định,Định kỳ - Cuối kỳ,Hoán đổi; Mua lại,,6.0,Hiệu lực,,BID ,Công ty cổ phần,Tổ chức tín dụng
2826,2025-12-01 00:00:00,VIC - TẬP ĐOÀN VINGROUP - CÔNG TY CP,VIC12511,VNĐ,,27/11/2025,27/11/2028,,10000,100000000,Coupon,Cố định,Định kỳ - Cuối kỳ,Mua lại,,12.0,Hiệu lực,,VIC ,Công ty cổ phần,Bất động sản
2827,2025-12-03 00:00:00,TATC - CÔNG TY TNHH LIÊN DOANH ĐẦU TƯ XÂY DỰNG TAM TRINH,TAT32501,VNĐ,,28/11/2025,28/11/2033,,9000,100000000,Coupon,Cố định,Một lần khi đến hạn,Mua lại,,9.2,Hiệu lực,,TATC ,Công ty trách nhiệm hữu hạn,Lĩnh vực khác
2828,2025-12-08 00:00:00,BID - Ngân hàng TMCP Đầu tư và Phát triển Việt Nam,BID12557,VNĐ,,28/11/2025,28/11/2032,,100,1000000000,Coupon,Thả nổi,Định kỳ - Cuối kỳ,Hoán đổi; Mua lại,,6.03,Hiệu lực,,BID ,Công ty cổ phần,Tổ chức tín dụng
2829,2025-12-02 00:00:00,TSOC - CÔNG TƯ CỔ PHẦN ĐẦU TƯ XÂY DỰNG THÁI SƠN,TSO12502,VNĐ,,28/11/2025,28/11/2027,,40000,100000000,Coupon,Cố định,Định kỳ - Cuối kỳ,Mua lại,,12.5,Hiệu lực,,TSOC ,Công ty cổ phần,Bất động sản
2830,2025-12-04 00:00:00,VIOC - CÔNG TY TNHH MTV VIPICO,VIO32503,VNĐ,,28/11/2025,28/11/2033,,7800,100000000,Coupon,Cố định,Một lần khi đến hạn,Mua lại,,9.3,Hiệu lực,,VIOC ,Công ty trách nhiệm hữu hạn,Bất động sản
2831,2025-12-04 00:00:00,TCB - Ngân hàng TMCP Kỹ thương Việt Nam,TCB12523,VNĐ,,28/11/2025,28/11/2028,,2000,1000000000,Coupon,Cố định,Định kỳ - Cuối kỳ,Mua lại,,6.5,Hiệu lực,,TCB ,Công ty cổ phần,Tổ chức tín dụng
2832,2025-12-05 00:00:00,TPB - Ngân hàng Thương mại cổ phần Tiên Phong,TPB12545,VNĐ,,28/11/2025,28/11/2035,,1500,100000000,Coupon,Thả nổi,Định kỳ - Cuối kỳ,Mua lại,,7.68,Hiệu lực,,TPB ,Công ty cổ phần,Tổ chức tín dụng
2833,2025-05-16 00:00:00,TCXC - CTCP chứng khoán Kỹ thương,TCX12502,VNĐ,,05/12/2025,05/12/2028,,5000,100000000,Coupon,Kết hợp,Định kỳ - Cuối kỳ,Mua lại,,7.5,Hiệu lực,,TCXC ,Công ty cổ phần,Kinh doanh chứng khoán
2834,2025-05-15 00:00:00,CTG - Ngân hàng Thương mại cổ phần Công Thương Việt Nam,CTG12503,VNĐ,,05/12/2025,05/12/2033,,6000,100000000,Coupon,Thả nổi,Định kỳ - Cuối kỳ,Mua lại,,5.78,Hiệu lực,,CTG ,Công ty cổ phần,Tổ chức tín dụng
2835,2025-06-18 00:00:00,OCB - Ngân hàng TMCP Phương Đông,OCB12510,VNĐ,,06/12/2025,06/12/2028,,1000,1000000000,Coupon,Cố định,Định kỳ - Cuối kỳ,Mua lại,,5.4,Hiệu lực,,OCB ,Công ty cổ phần,Tổ chức tín dụng
2836,2025-06-19 00:00:00,TPB - Ngân hàng Thương mại cổ phần Tiên Phong,TPB12508,VNĐ,,06/12/2025,06/12/2035,,10000,100000000,Coupon,Thả nổi,Định kỳ - Cuối kỳ,Mua lại,,7.28,Hiệu lực,,TPB ,Công ty cổ phần,Tổ chức tín dụng
2837,2025-06-24 00:00:00,F88C - Công ty cổ phần kinh doanh F88,F8812503,VNĐ,,06/12/2025,12/12/2026,,500,100000000,Coupon,Cố định,Định kỳ - Cuối kỳ,Mua lại,,10.5,Hiệu lực,,F88C ,Công ty cổ phần,"Thương mại, dịch vụ"
2838,2025-06-18 00:00:00,ACB - Ngân hàng TMCP Á Châu,ACB12509,VNĐ,,06/12/2025,06/12/2027,,1600,1000000000,Coupon,Cố định,Định kỳ - Cuối kỳ,Mua lại,,5.3,Hiệu lực,,ACB ,Công ty cổ phần,Tổ chức tín dụng
2839,2025-06-17 00:00:00,TCB - Ngân hàng TMCP Kỹ thương Việt Nam,TCB12513,VNĐ,,06/12/2025,06/12/2027,,2000,1000000000,Coupon,Cố định,Định kỳ - Cuối kỳ,Mua lại,,5.1,Hiệu lực,,TCB ,Công ty cổ phần,Tổ chức tín dụng
2840,2025-08-14 00:00:00,MSGC - CTCP MAY- DIÊM SÀI GÒN,MSG32501,VNĐ,,08/12/2025,08/12/2032,,4900,100000000,Coupon,Cố định,Một lần khi đến hạn,Mua lại,,9.2,Hiệu lực,,MSGC ,Công ty cổ phần,Bất động sản
2841,2025-08-15 00:00:00,OCB - Ngân hàng TMCP Phương Đông,OCB12515,VNĐ,,08/12/2025,08/12/2028,,2000,1000000000,Coupon,Cố định,Định kỳ - Cuối kỳ,Mua lại,,5.4,Hiệu lực,,OCB ,Công ty cổ phần,Tổ chức tín dụng
2842,2025-08-14 00:00:00,MBB - NGÂN HÀNG TMCP QUÂN ĐỘI,MBB12520,VNĐ,,08/12/2025,08/12/2028,,20000,100000000,Coupon,Cố định,Định kỳ - Cuối kỳ,Mua lại,,5.65,Hiệu lực,,MBB ,Công ty cổ phần,Tổ chức tín dụng
2843,2025-09-19 00:00:00,TPB - Ngân hàng Thương mại cổ phần Tiên Phong,TPB12533,VNĐ,,09/12/2025,09/12/2035,,1500,100000000,Coupon,Thả nổi,Định kỳ - Cuối kỳ,Mua lại,,7.28,Hiệu lực,,TPB ,Công ty cổ phần,Tổ chức tín dụng
2844,2025-09-17 00:00:00,MSGC - CTCP MAY- DIÊM SÀI GÒN,MSG32504,VNĐ,,09/12/2025,09/12/2032,,5000,100000000,Coupon,Cố định,Một lần khi đến hạn,Mua lại,,9.2,Hiệu lực,,MSGC ,Công ty cổ phần,Bất động sản
2845,2025-11-14 00:00:00,VPB - NH TMCP VIỆT NAM THỊNH VƯỢNG,VPB12514,VNĐ,,11/12/2025,11/12/2028,,1000,1000000000,Coupon,Cố định,Định kỳ - Cuối kỳ,Mua lại,,6.2,Hiệu lực,,VPB ,Công ty cổ phần,Tổ chức tín dụng
2846,2025-12-18 00:00:00,TPB - Ngân hàng Thương mại cổ phần Tiên Phong,TPB12542,VNĐ,,11/12/2025,11/12/2035,,1800,100000000,Coupon,Thả nổi,Định kỳ - Cuối kỳ,Mua lại,,6.78,Hiệu lực,,TPB ,Công ty cổ phần,Tổ chức tín dụng
2847,2025-12-23 00:00:00,TREC - CÔNG TY CỔ PHẦN NĂNG LƯỢNG TÁI TẠO TRUNG NAM,TRE32501,VNĐ,,12/12/2025,12/12/2030,,6400,100000000,Coupon,Kết hợp,Một lần khi đến hạn,Mua lại,,10.18,Hiệu lực,,TREC ,Công ty cổ phần,Năng lượng
2848,2025-12-19 00:00:00,BID - Ngân hàng TMCP Đầu tư và Phát triển Việt Nam,BID12558,VNĐ,,12/12/2025,12/12/2032,,142,1000000000,Coupon,Thả nổi,Định kỳ - Cuối kỳ,Hoán đổi; Mua lại,,6.13,Hiệu lực,,BID ,Công ty cổ phần,Tổ chức tín dụng
2849,2025-12-18 00:00:00,TNQC - CÔNG TY CỔ PHẦN ĐẦU TƯ VÀ PHÁT TRIỂN HẠ TẦNG NAM QUANG,TNQ32505,VNĐ,,12/12/2025,12/12/2032,,5000,100000000,Coupon,Cố định,Một lần khi đến hạn,Mua lại,,9.0,Hiệu lực,,TNQC ,Công ty cổ phần,Lĩnh vực khác
2850,2025-12-18 00:00:00,ABB - Ngân hàng TMCP An Bình (ABBANK),ABB12517,VNĐ,,12/12/2025,12/12/2031,,600,1000000000,Coupon,Cố định,Định kỳ - Cuối kỳ,Mua lại,,7.6,Hiệu lực,,ABB ,Công ty cổ phần,Tổ chức tín dụng
2851,2025-12-15 00:00:00,VPB - NH TMCP VIỆT NAM THỊNH VƯỢNG,VPB12516,VNĐ,,12/12/2025,12/12/2028,,3000,1000000000,Coupon,Cố định,Định kỳ - Cuối kỳ,Mua lại,,6.5,Hiệu lực,,VPB ,Công ty cổ phần,Tổ chức tín dụng
2852,2025-12-18 00:00:00,ABB - Ngân hàng TMCP An Bình (ABBANK),ABB12516,VNĐ,,12/12/2025,12/12/2031,,2600,1000000000,Coupon,Cố định,Định kỳ - Cuối kỳ,Mua lại,,7.6,Hiệu lực,,ABB ,Công ty cổ phần,Tổ chức tín dụng
2853,2025-12-19 00:00:00,MBB - NGÂN HÀNG TMCP QUÂN ĐỘI,MBB12527,VNĐ,,15/12/2025,15/12/2032,,500,100000000,Coupon,Thả nổi,Định kỳ - Cuối kỳ,Mua lại,,7.03,Hiệu lực,,MBB ,Công ty cổ phần,Tổ chức tín dụng
2854,2025-12-17 00:00:00,VJC - CÔNG TY CỔ PHẦN HÀNG KHÔNG VIETJET,VJC12505,VNĐ,,15/12/2025,15/12/2030,,10000,100000000,Coupon,Kết hợp,Định kỳ - Cuối kỳ,Mua lại,,10.0,Hiệu lực,,VJC ,Công ty cổ phần,Bất động sản
2855,2025-12-16 00:00:00,HDB - NH TMCP Phát triển thành phố Hồ Chí Minh ( HDBANK),HDB12511,VNĐ,,15/12/2025,15/12/2032,,500,1000000000,Coupon,Thả nổi,Định kỳ - Cuối kỳ,Mua lại,,7.37,Hiệu lực,,HDB ,Công ty cổ phần,Tổ chức tín dụng
2856,2025-12-16 00:00:00,HDB - NH TMCP Phát triển thành phố Hồ Chí Minh ( HDBANK),HDB12510,VNĐ,,15/12/2025,15/12/2033,,300,1000000000,Coupon,Thả nổi,Định kỳ - Cuối kỳ,Mua lại,,7.47,Hiệu lực,,HDB ,Công ty cổ phần,Tổ chức tín dụng
2857,2025-12-17 00:00:00,HDB - NH TMCP Phát triển thành phố Hồ Chí Minh ( HDBANK),HDB12512,VNĐ,,16/12/2025,16/12/2032,,600,1000000000,Coupon,Thả nổi,Định kỳ - Cuối kỳ,Mua lại,,7.47,Hiệu lực,,HDB ,Công ty cổ phần,Tổ chức tín dụng
2858,2025-12-17 00:00:00,OCB - Ngân hàng TMCP Phương Đông,OCB12531,VNĐ,,16/12/2025,16/12/2027,,1000,1000000000,Coupon,Cố định,Định kỳ - Cuối kỳ,Mua lại,,6.9,Hiệu lực,,OCB ,Công ty cổ phần,Tổ chức tín dụng
2859,2025-12-17 00:00:00,TSOC - CÔNG TƯ CỔ PHẦN ĐẦU TƯ XÂY DỰNG THÁI SƠN,TSO12503,VNĐ,,16/12/2025,16/12/2027,,20000,100000000,Coupon,Cố định,Định kỳ - Cuối kỳ,Mua lại,,12.5,Hiệu lực,,TSOC ,Công ty cổ phần,Bất động sản
2860,2025-12-18 00:00:00,VIB - Ngân hàng TMCP Quốc tế Việt Nam,VIB12509,VNĐ,,16/12/2025,16/12/2028,,2000,1000000000,Coupon,Cố định,Định kỳ - Cuối kỳ,Mua lại,,7.5,Hiệu lực,,VIB ,Công ty cổ phần,Tổ chức tín dụng
2861,2025-12-19 00:00:00,MBB - NGÂN HÀNG TMCP QUÂN ĐỘI,MBB12528,VNĐ,,16/12/2025,16/12/2032,,6000,100000000,Coupon,Thả nổi,Định kỳ - Cuối kỳ,Mua lại,,7.28,Hiệu lực,,MBB ,Công ty cổ phần,Tổ chức tín dụng
2862,2025-12-22 00:00:00,MBB - NGÂN HÀNG TMCP QUÂN ĐỘI,MBB12529,VNĐ,,17/12/2025,17/12/2032,,1000,100000000,Coupon,Thả nổi,Định kỳ - Cuối kỳ,Mua lại,,7.03,Hiệu lực,,MBB ,Công ty cổ phần,Tổ chức tín dụng
2863,2025-12-19 00:00:00,TNQC - CÔNG TY CỔ PHẦN ĐẦU TƯ VÀ PHÁT TRIỂN HẠ TẦNG NAM QUANG,TNQ32506,VNĐ,,18/12/2025,18/12/2034,,5000,100000000,Coupon,Cố định,Một lần khi đến hạn,Mua lại,,9.0,Hiệu lực,,TNQC ,Công ty cổ phần,Lĩnh vực khác
2864,2025-12-26 00:00:00,VJC - CÔNG TY CỔ PHẦN HÀNG KHÔNG VIETJET,VJC12506,VNĐ,,18/12/2025,18/12/2030,,10000,100000000,Coupon,Kết hợp,Định kỳ - Cuối kỳ,Mua lại,,10.0,Hiệu lực,,VJC ,Công ty cổ phần,Bất động sản
2865,2025-12-23 00:00:00,BCM - TẬP ĐOÀN ĐẦU TƯ VÀ PHÁT TRIỂN CÔNG NGHIỆP BECAMEX-CTCP (tên cũ: TỔNG CÔNG TY ĐẦU TƯ VÀ PHÁT TRIỂN CÔNG NGHIỆP - CTCP,BCM12505,VNĐ,,18/12/2025,18/12/2030,,440,1000000000,Coupon,Kết hợp,Định kỳ - Cuối kỳ,Mua lại,,10.3,Hiệu lực,,BCM ,Công ty cổ phần,Bất động sản
2866,2025-12-25 00:00:00,VCB - NGÂN HÀNG TMCP NGOẠI THƯƠNG VIỆT NAM,VCB12501,VNĐ,,18/12/2025,18/12/2027,,2000,1000000000,Coupon,Cố định,Định kỳ - Cuối kỳ,,,5.8,Hiệu lực,,VCB ,Công ty cổ phần,Tổ chức tín dụng
2867,2025-12-23 00:00:00,HDB - NH TMCP Phát triển thành phố Hồ Chí Minh ( HDBANK),HDB12514,VNĐ,,19/12/2025,19/12/2030,,1050,1000000000,Coupon,Cố định,Định kỳ - Cuối kỳ,Mua lại,,7.0,Hiệu lực,,HDB ,Công ty cổ phần,Tổ chức tín dụng
2868,2025-12-23 00:00:00,HDB - NH TMCP Phát triển thành phố Hồ Chí Minh ( HDBANK),HDB12513,VNĐ,,19/12/2025,19/12/2028,,80,1000000000,Coupon,Cố định,Định kỳ - Cuối kỳ,Mua lại,,6.4,Hiệu lực,,HDB ,Công ty cổ phần,Tổ chức tín dụng
2869,2025-12-22 00:00:00,TPB - Ngân hàng Thương mại cổ phần Tiên Phong,TPB12548,VNĐ,,19/12/2025,19/12/2035,,3000,100000000,Coupon,Thả nổi,Định kỳ - Cuối kỳ,Mua lại,,7.68,Hiệu lực,,TPB ,Công ty cổ phần,Tổ chức tín dụng
2870,2025-12-26 00:00:00,MBB - NGÂN HÀNG TMCP QUÂN ĐỘI,MBB12530,VNĐ,,22/12/2025,22/12/2035,,5000,100000000,Coupon,Cố định,Định kỳ - Cuối kỳ,Mua lại,,7.0,Hiệu lực,,MBB ,Công ty cổ phần,Tổ chức tín dụng
2871,2025-12-25 00:00:00,TPB - Ngân hàng Thương mại cổ phần Tiên Phong,TPB12549,VNĐ,,23/12/2025,23/12/2035,,15000,100000000,Coupon,Thả nổi,Định kỳ - Cuối kỳ,Mua lại,,8.18,Hiệu lực,,TPB ,Công ty cổ phần,Tổ chức tín dụng
2872,2025-12-30 00:00:00,STIC - CÔNG TY CỔ PHẦN THƯƠNG MẠI VÀ DỊCH VỤ QUỐC TẾ THISO,STI12501,VNĐ,,23/12/2025,23/12/2028,,22000,100000000,Coupon,Kết hợp,Định kỳ - Cuối kỳ,,,8.0,Hiệu lực,,STIC ,Công ty cổ phần,"Thương mại, dịch vụ"
2873,2025-12-29 00:00:00,BID - Ngân hàng TMCP Đầu tư và Phát triển Việt Nam,BID12561,VNĐ,,23/12/2025,23/12/2033,,203,1000000000,Coupon,Thả nổi,Định kỳ - Cuối kỳ,Hoán đổi; Mua lại,,6.67,Hiệu lực,,BID ,Công ty cổ phần,Tổ chức tín dụng
2874,2025-12-26 00:00:00,VPB - NH TMCP VIỆT NAM THỊNH VƯỢNG,VPB12517,VNĐ,,24/12/2025,24/12/2027,,2000,1000000000,Coupon,Cố định,Định kỳ - Cuối kỳ,Mua lại,,7.6,Hiệu lực,,VPB ,Công ty cổ phần,Tổ chức tín dụng
2875,2025-12-29 00:00:00,GSPC - CTCP In và Bao bì Goldsun,GSG12501,VNĐ,,24/12/2025,24/12/2028,,8000,100000000,Coupon,Kết hợp,Định kỳ - Cuối kỳ,Mua lại,,10.8,Hiệu lực,,GSPC ,Công ty cổ phần,Sản xuất
2876,2025-12-30 00:00:00,BID - Ngân hàng TMCP Đầu tư và Phát triển Việt Nam,BID12560,VNĐ,,24/12/2025,24/12/2040,,200,1000000000,Coupon,Cố định,Định kỳ - Cuối kỳ,Hoán đổi; Mua lại,,6.68,Hiệu lực,,BID ,Công ty cổ phần,Tổ chức tín dụng
2877,2025-12-31 00:00:00,KRFC - CÔNG TY CỔ PHẦN TECOMEN HOLDING,KRF12501,VNĐ,,24/12/2025,24/12/2030,,3000,100000000,Coupon,Cố định,Định kỳ - Cuối kỳ,,,6.0,Hiệu lực,,KRFC ,Công ty cổ phần,"Thương mại, dịch vụ"
2878,2025-12-25 00:00:00,BAB - Ngân hàng Thương Mại Cổ Phần Bắc Á,BAB12511,VNĐ,,24/12/2025,24/12/2028,,1000,1000000000,Coupon,Cố định,Định kỳ - Cuối kỳ,Mua lại,,7.5,Hiệu lực,,BAB ,Công ty cổ phần,Tổ chức tín dụng
2879,2025-12-29 00:00:00,ACB - Ngân hàng TMCP Á Châu,ACB12520,VNĐ,,24/12/2025,,,0,1000000000,Coupon,Thả nổi,,Mua lại,,7.0,Hiệu lực,,ACB ,Công ty cổ phần,Tổ chức tín dụng
2880,2025-12-25 00:00:00,VIB - Ngân hàng TMCP Quốc tế Việt Nam,VIB12510,VNĐ,,24/12/2025,24/12/2027,,2000,1000000000,Coupon,Cố định,Định kỳ - Cuối kỳ,Mua lại,,7.5,Hiệu lực,,VIB ,Công ty cổ phần,Tổ chức tín dụng
2881,2025-12-30 00:00:00,BID - Ngân hàng TMCP Đầu tư và Phát triển Việt Nam,BID12559,VNĐ,,24/12/2025,24/12/2040,,800,1000000000,Coupon,Cố định,Định kỳ - Cuối kỳ,Hoán đổi; Mua lại,,6.68,Hiệu lực,,BID ,Công ty cổ phần,Tổ chức tín dụng
2882,2025-12-26 00:00:00,TCB - Ngân hàng TMCP Kỹ thương Việt Nam,TCB12526,VNĐ,,24/12/2025,24/12/2028,,500,1000000000,Coupon,Cố định,Định kỳ - Cuối kỳ,Mua lại,,7.2,Hiệu lực,,TCB ,Công ty cổ phần,Tổ chức tín dụng
2883,2025-12-30 00:00:00,TCXC - CTCP chứng khoán Kỹ thương,TCX12504,VNĐ,,25/12/2025,25/03/2027,,5000,100000000,Coupon,Kết hợp,Định kỳ - Cuối kỳ,Mua lại,,8.0,Hiệu lực,,TCXC ,Công ty cổ phần,Kinh doanh chứng khoán
2884,2025-12-26 00:00:00,HDB - NH TMCP Phát triển thành phố Hồ Chí Minh ( HDBANK),HDB12515,VNĐ,,25/12/2025,25/12/2027,,2000,1000000000,Coupon,Cố định,Định kỳ - Cuối kỳ,Mua lại,,7.5,Hiệu lực,,HDB ,Công ty cổ phần,Tổ chức tín dụng
2885,2026-01-05 00:00:00,BID - Ngân hàng TMCP Đầu tư và Phát triển Việt Nam,BID12562,VNĐ,,25/12/2025,25/12/2027,,4000,1000000000,Coupon,Cố định,Định kỳ - Cuối kỳ,Hoán đổi; Mua lại,,6.5,Hiệu lực,,BID ,Công ty cổ phần,Tổ chức tín dụng
2886,2025-12-31 00:00:00,VCP - Công ty cổ phần xây dựng và năng lượng VCP,VCP12501,VNĐ,,25/12/2025,25/12/2028,,5000,100000000,Coupon,Kết hợp,Định kỳ - Cuối kỳ,Mua lại,,10.0,Hiệu lực,,VCP ,Công ty cổ phần,Năng lượng
2887,2026-01-05 00:00:00,VBAC - Ngân hàng Nông nghiệp và Phát triển Nông thôn Việt Nam,VBA12505,VNĐ,,25/12/2025,25/12/2027,,50000,100000000,Coupon,Cố định,Định kỳ - Cuối kỳ,Mua lại,,5.8,Hiệu lực,,VBAC ,Công ty trách nhiệm hữu hạn,Tổ chức tín dụng
2888,2025-12-29 00:00:00,VJC - CÔNG TY CỔ PHẦN HÀNG KHÔNG VIETJET,VJC12507,VNĐ,,26/12/2025,26/12/2030,,10000,100000000,Coupon,Kết hợp,Định kỳ - Cuối kỳ,Mua lại,,10.0,Hiệu lực,,VJC ,Công ty cổ phần,Bất động sản
2889,2026-01-07 00:00:00,MZNC - Công ty TNHH Miza Nghi Sơn,MZN12501,VNĐ,,26/12/2025,26/12/2032,,1500,100000000,Coupon,Thả nổi,Định kỳ - Cuối kỳ,,,8.2,Hiệu lực,,MZNC ,Công ty trách nhiệm hữu hạn,Sản xuất
2890,2025-12-30 00:00:00,VPI - CTCP Phát triển Bất động sản Văn Phú (tên cũ: CTCP Đầu tư Văn Phú - Invest),VPI12504,VNĐ,,26/12/2025,26/12/2028,,1500,100000000,Coupon,Cố định,Định kỳ - Cuối kỳ,Mua lại,,11.0,Hiệu lực,,VPI ,Công ty cổ phần,Bất động sản
2891,2025-12-29 00:00:00,ACB - Ngân hàng TMCP Á Châu,ACB12521,VNĐ,,26/12/2025,26/12/2030,,400,1000000000,Coupon,Thả nổi,Định kỳ - Cuối kỳ,Mua lại,,7.0,Hiệu lực,,ACB ,Công ty cổ phần,Tổ chức tín dụng
2892,2025-12-31 00:00:00,PDAC - Công ty TNHH Đầu tư và phát triển bất động sản Phát Đạt,PDA12501,VNĐ,,26/12/2025,26/06/2028,,54000,100000000,Coupon,Kết hợp,Định kỳ - Cuối kỳ,Mua lại,,11.0,Hiệu lực,,PDAC ,Công ty trách nhiệm hữu hạn,Bất động sản
2893,2026-01-05 00:00:00,LPB - Ngân hàng Thương mại Cổ phần Lộc Phát Việt Nam (tên cũ: Ngân hàng Thương mại cổ phần Bưu Điện Liên Việt),LPB12515,VNĐ,,29/12/2025,29/12/2028,,1000,1000000000,Coupon,Cố định,Định kỳ - Cuối kỳ,Mua lại,,7.5,Hiệu lực,,LPB ,Công ty cổ phần,Tổ chức tín dụng
2894,2026-01-05 00:00:00,BID - Ngân hàng TMCP Đầu tư và Phát triển Việt Nam,BID12563,VNĐ,,29/12/2025,29/12/2027,,4000,1000000000,Coupon,Cố định,Định kỳ - Cuối kỳ,Hoán đổi; Mua lại,,6.5,Hiệu lực,,BID ,Công ty cổ phần,Tổ chức tín dụng
2895,2026-01-06 00:00:00,MBB - NGÂN HÀNG TMCP QUÂN ĐỘI,MBB12531,VNĐ,,29/12/2025,29/12/2032,,4300,100000000,Coupon,Cố định,Định kỳ - Cuối kỳ,Mua lại,,6.7,Hiệu lực,,MBB ,Công ty cổ phần,Tổ chức tín dụng
2896,2025-12-30 00:00:00,VJC - CÔNG TY CỔ PHẦN HÀNG KHÔNG VIETJET,VJC12508,VNĐ,,29/12/2025,29/12/2030,,10000,100000000,Coupon,Kết hợp,Định kỳ - Cuối kỳ,Mua lại,,10.0,Hiệu lực,,VJC ,Công ty cổ phần,Bất động sản
2897,2026-03-02 00:00:00,BSI - Công ty Cổ phần Chứng khoán BIDV,BSI32501,VNĐ,,30/12/2025,30/12/2026,,3000,100000000,Coupon,Cố định,Một lần khi đến hạn,Mua lại,,8.2,Hiệu lực,,BSI ,Công ty cổ phần,Kinh doanh chứng khoán
2898,2026-01-13 00:00:00,VLHC - CÔNG TY CỔ PHẦN VINALIVING HOLDINGS,VLH12502,VNĐ,,30/12/2025,30/12/2027,,700,100000000,Coupon,Cố định,Định kỳ - Cuối kỳ,Mua lại,,11.0,Hiệu lực,,VLHC ,Công ty cổ phần,Lĩnh vực khác
2899,2026-01-13 00:00:00,VLHC - CÔNG TY CỔ PHẦN VINALIVING HOLDINGS,VLH12501,VNĐ,,30/12/2025,30/12/2027,,1200,100000000,Coupon,Cố định,Định kỳ - Cuối kỳ,Mua lại,,10.5,Hiệu lực,,VLHC ,Công ty cổ phần,Lĩnh vực khác
2900,2026-01-08 00:00:00,DQMC - CÔNG TY CỔ PHẦN ĐẦU TƯ ĐỊA ỐC ĐẠI QUANG MINH,DQM12501,VNĐ,,30/12/2025,30/12/2028,,15000,100000000,Coupon,Kết hợp,Khác,Mua lại,,9.75,Hiệu lực,,DQMC ,Công ty cổ phần,Bất động sản
2901,2026-01-08 00:00:00,TCOC - CTCP TẬP ĐOÀN TRƯỜNG HẢI,THC12501,VNĐ,,30/12/2025,30/12/2030,,20000,100000000,Coupon,Kết hợp,Định kỳ - Cuối kỳ,Mua lại,,8.5,Hiệu lực,,TCOC ,Công ty cổ phần,Sản xuất
2902,2026-01-07 00:00:00,CII - CTCP Đầu tư Hạ tầng Kỹ thuật Thành phố Hồ Chí Minh,CII12503,VNĐ,,30/12/2025,30/12/2030,,2800,100000000,Coupon,Kết hợp,Định kỳ - Cuối kỳ,Mua lại,,10.0,Hiệu lực,,CII ,Công ty cổ phần,Xây dựng
2903,2026-01-29 00:00:00,CII - CTCP Đầu tư Hạ tầng Kỹ thuật Thành phố Hồ Chí Minh,CII12504,VNĐ,,30/12/2025,30/12/2030,,5000,100000000,Coupon,Kết hợp,Định kỳ - Cuối kỳ,Mua lại,,8.5,Hiệu lực,,CII ,Công ty cổ phần,Xây dựng
2904,2026-01-20 00:00:00,VHM - CTCP VINHOMES,VHM12503,VNĐ,,30/12/2025,30/12/2028,,45000,100000000,Coupon,Kết hợp,Định kỳ - Cuối kỳ,Mua lại,,12.0,Hiệu lực,,VHM ,Công ty cổ phần,Bất động sản
2905,2026-01-06 00:00:00,VBB - Ngân hàng Thương mại Cổ phần Việt Nam Thương Tín,VBB12502,VNĐ,,30/12/2025,30/12/2032,,1500,1000000000,Coupon,Thả nổi,Định kỳ - Cuối kỳ,Mua lại,,8.2,Hiệu lực,,VBB ,Công ty cổ phần,Tổ chức tín dụng
2906,2026-01-07 00:00:00,SUHC - CÔNG TY TNHH MẶT TRỜI HÒA BÌNH,SUH12501,VNĐ,,30/12/2025,30/12/2029,,35000,100000000,Coupon,Kết hợp,Định kỳ - Cuối kỳ,Mua lại,,11.0,Hiệu lực,,SUHC ,Công ty trách nhiệm hữu hạn,Bất động sản
2907,2026-01-06 00:00:00,VBB - Ngân hàng Thương mại Cổ phần Việt Nam Thương Tín,VBB12501,VNĐ,,30/12/2025,30/12/2032,,10000,100000000,Coupon,Kết hợp,Định kỳ - Cuối kỳ,Mua lại,,7.4,Hiệu lực,,VBB ,Công ty cổ phần,Tổ chức tín dụng
2908,2026-01-05 00:00:00,IPA - CTCP Tập đoàn Đầu tư I.P.A,IPA12502,VNĐ,,30/12/2025,30/12/2030,,6080,100000000,Coupon,Cố định,Định kỳ - Cuối kỳ,Mua lại,,9.5,Hiệu lực,,IPA ,Công ty cổ phần,Lĩnh vực khác
2909,2026-01-06 00:00:00,MBB - NGÂN HÀNG TMCP QUÂN ĐỘI,MBB12533,VNĐ,,30/12/2025,30/12/2032,,5000,100000000,Coupon,Cố định,Định kỳ - Cuối kỳ,Mua lại,,6.4,Hiệu lực,,MBB ,Công ty cổ phần,Tổ chức tín dụng
2910,2026-01-06 00:00:00,SHB - Ngân hàng TMCP Sài Gòn - Hà Nội,SHB12507,VNĐ,,30/12/2025,30/12/2032,,600,1000000000,Coupon,Kết hợp,Định kỳ - Cuối kỳ,Mua lại,,8.2,Hiệu lực,,SHB ,Công ty cổ phần,Tổ chức tín dụng
2911,2026-01-05 00:00:00,MBB - NGÂN HÀNG TMCP QUÂN ĐỘI,MBB12532,VNĐ,,30/12/2025,30/12/2032,,1500,100000000,Coupon,Thả nổi,Định kỳ - Cuối kỳ,Mua lại,,7.03,Hiệu lực,,MBB ,Công ty cổ phần,Tổ chức tín dụng
2912,2026-01-06 00:00:00,BSI - Công ty Cổ phần Chứng khoán BIDV,BSI12501,VNĐ,,30/12/2025,30/12/2026,,3000,100000000,Coupon,Cố định,Một lần khi đến hạn,Mua lại,,8.2,Hết hiệu lực,,BSI ,Công ty cổ phần,Kinh doanh chứng khoán
2913,2026-01-05 00:00:00,VBAC - Ngân hàng Nông nghiệp và Phát triển Nông thôn Việt Nam,VBA12506,VNĐ,,30/12/2025,,,0,100000000,Coupon,Cố định,,Mua lại,,0.0,Hiệu lực,,VBAC ,Công ty trách nhiệm hữu hạn,Tổ chức tín dụng
2914,2026-01-07 00:00:00,HDB - NH TMCP Phát triển thành phố Hồ Chí Minh ( HDBANK),HDB12516,VNĐ,,31/12/2025,31/12/2032,,1000,1000000000,Coupon,Thả nổi,Định kỳ - Cuối kỳ,Mua lại,,7.9,Hiệu lực,,HDB ,Công ty cổ phần,Tổ chức tín dụng
2915,2026-02-05 00:00:00,BNCC - Công ty cổ phần dịch vụ cáp treo Bà Nà,BNC12504,VNĐ,,31/12/2025,31/07/2030,,16000,100000000,Coupon,Kết hợp,Định kỳ - Cuối kỳ,Mua lại,,9.7,Hiệu lực,,BNCC ,Công ty cổ phần,"Thương mại, dịch vụ"
2916,2026-02-03 00:00:00,TCXC - CTCP chứng khoán Kỹ thương,TCX12506,VNĐ,,31/12/2025,31/03/2027,,5000,100000000,Coupon,Kết hợp,Định kỳ - Cuối kỳ,Mua lại,,8.0,Hiệu lực,,TCXC ,Công ty cổ phần,Kinh doanh chứng khoán
2917,2026-01-26 00:00:00,PSI - Công ty Cổ phần Chứng khoán Dầu khí,PSI12501,VNĐ,,31/12/2025,31/12/2026,,200,100000000,Coupon,Cố định,Định kỳ - Cuối kỳ,Mua lại,,8.5,Hiệu lực,,PSI ,Công ty cổ phần,Kinh doanh chứng khoán
2918,2026-01-05 00:00:00,VJC - CÔNG TY CỔ PHẦN HÀNG KHÔNG VIETJET,VJC12509,VNĐ,,31/12/2025,31/12/2032,,25000,100000000,Coupon,Kết hợp,Định kỳ - Cuối kỳ,Mua lại,,10.0,Hiệu lực,,VJC ,Công ty cổ phần,Bất động sản
2919,2026-01-06 00:00:00,SHB - Ngân hàng TMCP Sài Gòn - Hà Nội,SHB12508,VNĐ,,31/12/2025,31/12/2032,,500,1000000000,Coupon,Kết hợp,Định kỳ - Cuối kỳ,Mua lại,,8.2,Hiệu lực,,SHB ,Công ty cổ phần,Tổ chức tín dụng
2920,2026-01-09 00:00:00,TCXC - CTCP chứng khoán Kỹ thương,TCX12505,VNĐ,,31/12/2025,30/06/2028,,5000,100000000,Coupon,Kết hợp,Định kỳ - Cuối kỳ,Mua lại,,8.0,Hiệu lực,,TCXC ,Công ty cổ phần,Kinh doanh chứng khoán
2921,2026-01-06 00:00:00,SGR - Công ty Cổ phần Tổng Công ty Cổ phần Địa ốc Sài Gòn,SGR12501,VNĐ,,31/12/2025,31/12/2028,,1000,100000000,Coupon,Cố định,Định kỳ - Cuối kỳ,Mua lại,,10.7,Hiệu lực,,SGR ,Công ty cổ phần,Bất động sản
2922,2026-01-15 00:00:00,AQ1C - CÔNG TY CỔ PHẦN NƯỚC AQUA ONE,AQ112501,VNĐ,,31/12/2025,31/12/2028,,6000,100000000,Coupon,Kết hợp,Định kỳ - Cuối kỳ,Mua lại,,12.0,Hiệu lực,,AQ1C ,Công ty cổ phần,Lĩnh vực khác
2923,2026-04-09 00:00:00,MBS - Công ty Cổ phần Chứng khoán MB,MBS12601,VNĐ,,19/03/2026,19/03/2028,,9700,100000000,Coupon,Kết hợp,Định kỳ - Cuối kỳ,Mua lại,,7.4,Hiệu lực,,MBS ,Công ty cổ phần,Kinh doanh chứng khoán
2924,2026-03-27 00:00:00,MARC - Công ty TNHH Đầu tư Marina Center,MAR12601,VNĐ,,20/03/2026,20/03/2036,,101955,100000000,Coupon,Kết hợp,Định kỳ - Cuối kỳ,Mua lại,,4.0,Hiệu lực,,MARC ,Công ty trách nhiệm hữu hạn,Bất động sản
2925,2026-03-27 00:00:00,EVF - Công ty Tài chính Tổng hợp Cổ phần Điện Lực (Tên cũ: Công ty Tài chính cổ phần Điện Lực),EVF12601,VNĐ,,23/03/2026,23/03/2034,,4500,100000000,Coupon,Cố định,Định kỳ - Cuối kỳ,Mua lại,,8.5,Hiệu lực,,EVF ,Công ty cổ phần,Tổ chức tín dụng
2926,2026-04-01 00:00:00,PDAC - Công ty TNHH Đầu tư và phát triển bất động sản Phát Đạt,PDA12602,VNĐ,,26/03/2026,26/03/2027,,36000,100000000,Coupon,Cố định,Định kỳ - Cuối kỳ,Mua lại,,11.0,Hiệu lực,,PDAC ,Công ty trách nhiệm hữu hạn,Bất động sản
2927,2026-04-01 00:00:00,PDAC - Công ty TNHH Đầu tư và phát triển bất động sản Phát Đạt,PDA12601,VNĐ,,26/03/2026,26/03/2028,,20000,100000000,Coupon,Kết hợp,Định kỳ - Cuối kỳ,Mua lại,,11.0,Hiệu lực,,PDAC ,Công ty trách nhiệm hữu hạn,Bất động sản
2928,2026-04-24 00:00:00,PCCC - Công ty Trách Nhiệm Hữu Hạn Xây dựng dân dụng Phú Quốc,PKC12601,VNĐ,,31/03/2026,31/03/2029,,15000,100000000,Coupon,Thả nổi,Định kỳ - Cuối kỳ,Mua lại,,10.5,Hiệu lực,,PCCC ,Công ty trách nhiệm hữu hạn,Bất động sản
2929,2026-04-03 00:00:00,NTJC - Công ty Cổ phần Thời Đại Mới T&T,NTJ12601,VNĐ,,31/03/2026,31/03/2030,,80000,100000000,Coupon,Cố định,Định kỳ - Cuối kỳ,Mua lại,,10.5,Hiệu lực,,NTJC ,Công ty cổ phần,Bất động sản
2930,2026-04-13 00:00:00,NAB - Ngân hàng Thương mại Cổ phần Nam Á,NAB12601,VNĐ,,31/03/2026,31/03/2033,,250,1000000000,Coupon,Thả nổi,Định kỳ - Cuối kỳ,Mua lại,,8.5,Hiệu lực,,NAB ,Công ty cổ phần,Tổ chức tín dụng
2931,2026-04-07 00:00:00,VDS - CTCP Chứng khoán Rồng Việt,VDS12601,VNĐ,,03/04/2026,03/04/2027,,700,100000000,Coupon,Cố định,Định kỳ - Cuối kỳ,Mua lại,,8.5,Hiệu lực,,VDS ,Công ty cổ phần,Kinh doanh chứng khoán
2932,2026-04-16 00:00:00,VHM - CTCP VINHOMES,VHM12601,VNĐ,,13/04/2026,13/10/2028,,60000,100000000,Coupon,Kết hợp,Định kỳ - Cuối kỳ,Mua lại,,12.5,Hiệu lực,,VHM ,Công ty cổ phần,Bất động sản
2933,2026-04-23 00:00:00,NAB - Ngân hàng Thương mại Cổ phần Nam Á,NAB12602,VNĐ,,15/04/2026,15/04/2033,,400,1000000000,Coupon,Thả nổi,Định kỳ - Cuối kỳ,Mua lại,,8.5,Hiệu lực,,NAB ,Công ty cổ phần,Tổ chức tín dụng
2934,2026-04-24 00:00:00,BPSC - Công ty Cổ phần Bất động sản Bcons PS,BPS12601,VNĐ,,16/04/2026,16/04/2030,,276,1000000000,Coupon,Cố định,Định kỳ - Cuối kỳ,Mua lại,,11.5,Hiệu lực,,BPSC ,Công ty cổ phần,Bất động sản
2935,2026-04-23 00:00:00,MBB - NGÂN HÀNG TMCP QUÂN ĐỘI,MBB12601,VNĐ,,21/04/2026,21/04/2033,,5000,100000000,Coupon,Cố định,Định kỳ - Cuối kỳ,Mua lại,,8.0,Hiệu lực,,MBB ,Công ty cổ phần,Tổ chức tín dụng
2936,2026-04-28 00:00:00,BAB - Ngân hàng Thương Mại Cổ Phần Bắc Á,BAB12601,VNĐ,,21/04/2026,21/04/2028,,2000,1000000000,Coupon,Cố định,Định kỳ - Cuối kỳ,Mua lại,,8.4,Hiệu lực,,BAB ,Công ty cổ phần,Tổ chức tín dụng
2937,2026-04-29 00:00:00,MBB - NGÂN HÀNG TMCP QUÂN ĐỘI,MBB12602,VNĐ,,22/04/2026,22/04/2033,,12000,100000000,Coupon,Cố định,Định kỳ - Cuối kỳ,Mua lại,,8.0,Hiệu lực,,MBB ,Công ty cổ phần,Tổ chức tín dụng
2938,2026-04-24 00:00:00,MSB - Ngân hàng TMCP Hàng Hải Việt Nam,MSB12601,VNĐ,,22/04/2026,22/04/2029,,2000,1000000000,Coupon,Cố định,Định kỳ - Cuối kỳ,Mua lại,,8.4,Hiệu lực,,MSB ,Công ty cổ phần,Tổ chức tín dụng
2939,2026-04-29 00:00:00,HOSC - CÔNG TY TNHH HÓA CHẤT HYOSUNG VINA,HOS12601,VNĐ,,23/04/2026,23/04/2027,,2000,100000000,Coupon,Cố định,Định kỳ - Cuối kỳ,Mua lại,,9.0,Hiệu lực,,HOSC ,Công ty trách nhiệm hữu hạn,Sản xuất
2940,07/05/2026,VAB - NGÂN HÀNG TMCP VIỆT Á,VAB12601,VNĐ,,23/04/2026,23/04/2033,,1000,100000000,Coupon,Kết hợp,Định kỳ - Cuối kỳ,Mua lại,,9.0,Hiệu lực,,VAB ,Công ty cổ phần,Tổ chức tín dụng
2941,05/05/2026,AGHC - CÔNG TY TNHH PHÁT TRIỂN BẤT ĐỘNG SẢN AN GIA HƯNG,AGH12601,VNĐ,,23/04/2026,23/04/2029,,10648,100000000,Coupon,Cố định,Định kỳ - Cuối kỳ,Mua lại,,11.0,Hiệu lực,,AGHC ,Công ty trách nhiệm hữu hạn,Bất động sản
2942,05/05/2026,VPI - CTCP Phát triển Bất động sản Văn Phú (tên cũ: CTCP Đầu tư Văn Phú - Invest),VPI12601,VNĐ,,23/04/2026,23/04/2029,,1500,100000000,Coupon,Kết hợp,Định kỳ - Cuối kỳ,Mua lại,,11.5,Hiệu lực,,VPI ,Công ty cổ phần,Bất động sản
2943,2026-04-29 00:00:00,MADC - CÔNG TY CỔ PHẦN ĐẦU TƯ VÀ PHÁT TRIỂN BẤT ĐỘNG SẢN MINH AN,MAD32601,VNĐ,,23/04/2026,23/04/2027,,13000,100000000,Coupon,Cố định,Một lần khi đến hạn,Mua lại,,10.0,Hiệu lực,,MADC ,Công ty cổ phần,Bất động sản
2944,2026-04-29 00:00:00,MADC - CÔNG TY CỔ PHẦN ĐẦU TƯ VÀ PHÁT TRIỂN BẤT ĐỘNG SẢN MINH AN,MAD12602,VNĐ,,23/04/2026,23/10/2028,,62000,100000000,Coupon,Cố định,Định kỳ - Cuối kỳ,Mua lại,,10.5,Hiệu lực,,MADC ,Công ty cổ phần,Bất động sản
2945,2026-04-28 00:00:00,LOCC - Công ty Cổ phần Thương mại Xuất nhập khẩu Tam Tài Lộc,LOC32601,VNĐ,,23/04/2026,23/04/2027,,57000,100000000,Coupon,Cố định,Định kỳ - Cuối kỳ,Mua lại,,10.0,Hiệu lực,,LOCC ,Công ty cổ phần,Lĩnh vực khác
2946,2026-04-29 00:00:00,THLC - CÔNG TY TNHH THĂNG LONG,THL12601,VNĐ,,24/04/2026,24/04/2031,,4590,100000000,Coupon,Thả nổi,Khác,Mua lại,,10.39,Hiệu lực,,THLC ,Công ty trách nhiệm hữu hạn,Bất động sản
2947,2026-04-29 00:00:00,TCB - Ngân hàng TMCP Kỹ thương Việt Nam,TCB12601,VNĐ,,24/04/2026,24/04/2029,,2500,1000000000,Coupon,Cố định,Định kỳ - Cuối kỳ,Hoán đổi; Mua lại; None,,8.7,Hiệu lực,,TCB ,Công ty cổ phần,Tổ chức tín dụng
2948,2026-04-29 00:00:00,TCB - Ngân hàng TMCP Kỹ thương Việt Nam,TCB12603,VNĐ,,24/04/2026,24/04/2029,,2000,1000000000,Coupon,Cố định,Định kỳ - Cuối kỳ,Mua lại,,8.6,Hiệu lực,,TCB ,Công ty cổ phần,Tổ chức tín dụng
2949,2026-04-29 00:00:00,TCB - Ngân hàng TMCP Kỹ thương Việt Nam,TCB12602,VNĐ,,24/04/2026,24/04/2029,,500,1000000000,Coupon,Cố định,Định kỳ - Cuối kỳ,Mua lại,,8.5,Hiệu lực,,TCB ,Công ty cổ phần,Tổ chức tín dụng
2950,2026-04-29 00:00:00,TCB - Ngân hàng TMCP Kỹ thương Việt Nam,TCB12604,VNĐ,,28/04/2026,28/04/2029,,3000,1000000000,Coupon,Cố định,Định kỳ - Cuối kỳ,Hoán đổi; Mua lại; None,,8.9,Hiệu lực,,TCB ,Công ty cổ phần,Tổ chức tín dụng
2951,2026-05-06 00:00:00,OCB - Ngân hàng TMCP Phương Đông,OCB12601,VNĐ,,28/04/2026,28/04/2029,,1900,1000000000,Coupon,Cố định,Định kỳ - Cuối kỳ,Mua lại,,8.6,Hiệu lực,,OCB ,Công ty cổ phần,Tổ chức tín dụng
2952,11/05/2026,NAB - Ngân hàng Thương mại Cổ phần Nam Á,NAB12603,VNĐ,,28/04/2026,28/04/2028,,1000,1000000000,Coupon,Cố định,Định kỳ - Cuối kỳ,Mua lại,,8.0,Hiệu lực,,NAB ,Công ty cổ phần,Tổ chức tín dụng
2953,04/05/2026,HAG - Công ty cổ phần Hoàng Anh Gia Lai,HAG12601,VNĐ,,29/04/2026,29/04/2029,,20000,100000000,Coupon,Kết hợp,Định kỳ - Cuối kỳ,Mua lại,,10.5,Hiệu lực,,HAG ,Công ty cổ phần,Lĩnh vực khác
2954,06/05/2026,OCB - Ngân hàng TMCP Phương Đông,OCB12602,VNĐ,,29/04/2026,29/04/2029,,1000,1000000000,Coupon,Cố định,Định kỳ - Cuối kỳ,Mua lại,,8.6,Hiệu lực,,OCB ,Công ty cổ phần,Tổ chức tín dụng
2955,07/05/2026,TSOC - CÔNG TƯ CỔ PHẦN ĐẦU TƯ XÂY DỰNG THÁI SƠN,TSO12601,VNĐ,,06/05/2026,06/05/2029,,20000,100000000,Coupon,Cố định,Định kỳ - Cuối kỳ,Mua lại,,12.5,Hiệu lực,,TSOC ,Công ty cổ phần,Bất động sản
2956,13/05/2026,VPI - CTCP Phát triển Bất động sản Văn Phú (tên cũ: CTCP Đầu tư Văn Phú - Invest),VPI12602,VNĐ,,07/05/2026,07/05/2029,,1800,100000000,Coupon,Cố định,Định kỳ - Cuối kỳ,Mua lại,,11.5,Hiệu lực,,VPI ,Công ty cổ phần,Bất động sản
2957,12/05/2026,BAB - Ngân hàng Thương Mại Cổ Phần Bắc Á,BAB12602,VNĐ,,07/05/2026,07/05/2028,,1000,1000000000,Coupon,Kết hợp,Định kỳ - Cuối kỳ,Mua lại,,8.6,Hiệu lực,,BAB ,Công ty cổ phần,Tổ chức tín dụng
2958,12/05/2026,VHM - CTCP VINHOMES,VHM12604,VNĐ,,11/05/2026,11/05/2029,,10000,100000000,Coupon,Kết hợp,Định kỳ - Cuối kỳ,Mua lại,,12.5,Hiệu lực,,VHM ,Công ty cổ phần,Bất động sản
2959,12/05/2026,VHM - CTCP VINHOMES,VHM12602,VNĐ,,11/05/2026,11/05/2029,,20000,100000000,Coupon,Kết hợp,Định kỳ - Cuối kỳ,Mua lại,,12.5,Hiệu lực,,VHM ,Công ty cổ phần,Bất động sản
2960,18/05/2026,MBB - NGÂN HÀNG TMCP QUÂN ĐỘI,MBB12603,VNĐ,,12/05/2026,12/05/2036,,35000,100000000,Coupon,Thả nổi,Định kỳ - Cuối kỳ,Mua lại,,8.2,Hiệu lực,,MBB ,Công ty cổ phần,Tổ chức tín dụng
2961,14/05/2026,MSB - Ngân hàng TMCP Hàng Hải Việt Nam,MSB12602,VNĐ,,12/05/2026,12/05/2029,,1000,1000000000,Coupon,Cố định,Định kỳ - Cuối kỳ,Mua lại,,8.4,Hiệu lực,,MSB ,Công ty cổ phần,Tổ chức tín dụng
2962,20/05/2026,BAB - Ngân hàng Thương Mại Cổ Phần Bắc Á,BAB12603,VNĐ,,13/05/2026,13/05/2028,,1000,1000000000,Coupon,Cố định,Định kỳ - Cuối kỳ,Mua lại,,8.4,Hiệu lực,,BAB ,Công ty cổ phần,Tổ chức tín dụng
2963,20/05/2026,BAB - Ngân hàng Thương Mại Cổ Phần Bắc Á,BAB12604,VNĐ,,14/05/2026,14/05/2028,,1000,1000000000,Coupon,Kết hợp,Định kỳ - Cuối kỳ,Mua lại,,8.6,Hiệu lực,,BAB ,Công ty cổ phần,Tổ chức tín dụng
2964,20/05/2026,MBB - NGÂN HÀNG TMCP QUÂN ĐỘI,MBB12606,VNĐ,,15/05/2026,15/05/2036,,500,100000000,Coupon,Cố định,Định kỳ - Cuối kỳ,Mua lại,,8.3,Hiệu lực,,MBB ,Công ty cổ phần,Tổ chức tín dụng
2965,20/05/2026,MBB - NGÂN HÀNG TMCP QUÂN ĐỘI,MBB12604,VNĐ,,15/05/2026,15/05/2036,,3000,100000000,Coupon,Cố định,Định kỳ - Cuối kỳ,Mua lại,,8.3,Hiệu lực,,MBB ,Công ty cổ phần,Tổ chức tín dụng
2966,20/05/2026,TCB - Ngân hàng TMCP Kỹ thương Việt Nam,TCB12605,VNĐ,,18/05/2026,18/05/2029,,2000,1000000000,Coupon,Cố định,Định kỳ - Cuối kỳ,Mua lại,,8.4,Hiệu lực,,TCB ,Công ty cổ phần,Tổ chức tín dụng
2967,21/05/2026,HDB - NH TMCP Phát triển thành phố Hồ Chí Minh ( HDBANK),HDB12601,VNĐ,,19/05/2026,19/05/2034,,50,1000000000,Coupon,Thả nổi,Định kỳ - Cuối kỳ,Mua lại,,8.6,Hiệu lực,,HDB ,Công ty cổ phần,Tổ chức tín dụng
2968,20/05/2026,MBB - NGÂN HÀNG TMCP QUÂN ĐỘI,MBB12607,VNĐ,,19/05/2026,19/05/2036,,1000,100000000,Coupon,Cố định,Định kỳ - Cuối kỳ,Mua lại,,8.3,Hiệu lực,,MBB ,Công ty cổ phần,Tổ chức tín dụng
2969,22/05/2026,MSB - Ngân hàng TMCP Hàng Hải Việt Nam,MSB12603,VNĐ,,20/05/2026,20/05/2029,,2000,1000000000,Coupon,Cố định,Định kỳ - Cuối kỳ,Mua lại,,8.45,Hiệu lực,,MSB ,Công ty cổ phần,Tổ chức tín dụng
2970,2026-02-10 00:00:00,KHG - CTCP Tập Đoàn KHẢI HOÀN LAND,KHG12601,VNĐ,,01/06/2026,01/06/2031,,1900,100000000,Coupon,Kết hợp,Định kỳ - Cuối kỳ,Mua lại,,13.5,Hiệu lực,,KHG ,Công ty cổ phần,Bất động sản
2971,2026-01-16 00:00:00,KHG - CTCP Tập Đoàn KHẢI HOÀN LAND,KHG12503,VNĐ,,01/06/2026,01/06/2031,,1900,100000000,Coupon,Kết hợp,Định kỳ - Cuối kỳ,Mua lại,,13.5,Hết hiệu lực,,KHG ,Công ty cổ phần,Bất động sản
2972,2026-02-24 00:00:00,TP1C - Công ty Cổ phần Thiên Phúc INVEST,TP112601,VNĐ,,02/06/2026,02/06/2029,,795,100000000,Coupon,Kết hợp,Định kỳ - Cuối kỳ,Mua lại,,11.5,Hiệu lực,,TP1C ,Công ty cổ phần,Bất động sản
2973,2026-04-08 00:00:00,VPB - NH TMCP VIỆT NAM THỊNH VƯỢNG,VPB12601,VNĐ,,04/06/2026,04/06/2029,,1000,1000000000,Coupon,Cố định,Định kỳ - Cuối kỳ,Mua lại,,8.0,Hiệu lực,,VPB ,Công ty cổ phần,Tổ chức tín dụng
2974,2024-03-06 00:00:00,LVPC - Công ty cổ phần Cảng Quốc tế Lào - Việt,LVPCH2329004,VNĐ,,,,,0,100000000,Coupon,Thả nổi,,Mua lại,,0.0,Hiệu lực,,LVPC ,Công ty cổ phần,"Thương mại, dịch vụ"
2975,2023-01-31 00:00:00,NSTC - Công ty cổ phần North Star Holdings,NSTCH2224002,VNĐ,,,,,0,100000000,Coupon,Kết hợp,,Mua lại,,,Hiệu lực,,NSTC ,Công ty cổ phần,Bất động sản
2976,2022-12-19 00:00:00,NSTC - Công ty cổ phần North Star Holdings,NSTCH2224001,VNĐ,,,,,0,100000000,Coupon,Kết hợp,,Mua lại,,,Hiệu lực,,NSTC ,Công ty cổ phần,Bất động sản
2977,2022-10-19 00:00:00,AAS - Công ty Cổ phần Chứng khoán SmartInvest,AASH2227002,VNĐ,,,,,0,1000000,Coupon,Cố định,,Mua lại,,,Hiệu lực,,AAS ,Công ty cổ phần,Kinh doanh chứng khoán
2978,2022-10-17 00:00:00,IDJ - Công ty cổ phần đầu tư IDJ Việt Nam,IDJH2225003,VNĐ,,,,,0,100000,Coupon,Cố định,,,,,Hiệu lực,,IDJ ,Công ty cổ phần,Bất động sản
2979,2022-10-17 00:00:00,IDJ - Công ty cổ phần đầu tư IDJ Việt Nam,IDJH2225002,VNĐ,,,,,0,100000,Coupon,Cố định,,Mua lại,,,Hiệu lực,,IDJ ,Công ty cổ phần,Bất động sản
2980,2022-10-17 00:00:00,IDJ - Công ty cổ phần đầu tư IDJ Việt Nam,IDJH2223004,VNĐ,,,,,0,100000,Coupon,Cố định,,,,,Hiệu lực,,IDJ ,Công ty cổ phần,Bất động sản
2981,2022-09-22 00:00:00,TDGC - Công ty TNHH Thương mại Dịch vụ Tech Dragon,TDGCH2226001,VNĐ,,,,,0,10000000,Coupon,Kết hợp,,Mua lại,,12.5,Hiệu lực,,TDGC ,Công ty trách nhiệm hữu hạn,Bất động sản
2982,2022-07-12 00:00:00,NTRC - Công ty Cổ phần Nam Thắng Rạch Giá,NTRCH2227001,VNĐ,,,,,0,10000000,Coupon,Cố định,,,,,Hiệu lực,,NTRC ,Công ty cổ phần,Lĩnh vực khác
2983,2022-06-15 00:00:00,APGC - CTCP Tập đoàn Apec Group,APGCH2225008,VNĐ,,,,,0,100000,Coupon,Cố định,,Mua lại,,,Hiệu lực,,APGC ,Công ty cổ phần,Bất động sản
2984,2022-06-15 00:00:00,APGC - CTCP Tập đoàn Apec Group,APGCH2225007,VNĐ,,,,,0,100000,Coupon,Cố định,,,,,Hiệu lực,,APGC ,Công ty cổ phần,Bất động sản
2985,2022-06-14 00:00:00,APS - Công ty Cổ phần Chứng khoán Châu Á Thái Bình Dương,APSH2223003,VNĐ,,,,,0,100000,Coupon,Cố định,,,,,Hiệu lực,,APS ,Công ty cổ phần,Kinh doanh chứng khoán
2986,2022-06-15 00:00:00,IDJ - Công ty cổ phần đầu tư IDJ Việt Nam,IDJH2225001,VNĐ,,,,,0,100000,Coupon,Cố định,,,,,Hiệu lực,,IDJ ,Công ty cổ phần,Bất động sản
2987,2022-06-15 00:00:00,API - CTCP Đầu tư Châu Á - Thái Bình Dương,APIH2224001,VNĐ,,,,,0,100000,Coupon,Cố định,,,,,Hiệu lực,,API ,Công ty cổ phần,Bất động sản
2988,2022-06-10 00:00:00,TD1C - Công ty cổ phần Điện gió Trung Nam Đắk Lắk 1,TD1CB2135011,VNĐ,,,,,0,100000,Coupon,Cố định,,Mua lại,,,Hiệu lực,,TD1C ,Công ty cổ phần,Xây dựng
2989,2022-04-07 00:00:00,PQSC - Công ty TNHH Mặt trời Phú Quốc,PQSCH2122002,VNĐ,,,,,0,100000000,Coupon,Cố định,,Mua lại,,0.0,Hiệu lực,,PQSC ,Công ty trách nhiệm hữu hạn,Bất động sản
2990,2022-03-22 00:00:00,USMC - Công ty Cổ phần Nhà máy Trang thiết bị Y tế USM Healthcare,USMCH2123001,VNĐ,,,,,0,1000000000,Zero coupon,,,Mua lại,,0.0,Hiệu lực,,USMC ,Công ty cổ phần,Sản xuất
2991,2021-12-03 00:00:00,APGC - CTCP TẬP ĐOÀN APEC GROUP,APGCH2124004,VNĐ,,,,,0,100000,Coupon,Cố định,,Mua lại,,0.0,Hiệu lực,,APGC ,Công ty cổ phần,Bất động sản
2992,2021-09-09 00:00:00,CTG - Ngân hàng Thương mại Cổ phần Công Thương Việt Nam,CTGL2128010,VNĐ,,,,,0,1000000000,Coupon,Thả nổi,,Mua lại,,0.0,Hiệu lực,,CTG ,Công ty cổ phần,Tổ chức tín dụng
2993,18/09/2026,PCB - NGÂN HÀNG THƯƠNG MẠI CỔ PHẦN ĐẠI CHÚNG VIỆT NAM,PCBL12603,VNĐ,7 Năm,11/09/2026,11/09/2033,2550 ngày,7500,100000000,Coupon,Thả nổi,Định kỳ - Cuối kỳ,Mua lại,,9.6,Hiệu lực,,,,
2994,18/09/2026,BID - Ngân hàng TMCP Đầu tư và Phát triển Việt Nam,BIDL12622,VNĐ,6 Năm,14/09/2026,14/09/2032,2188 ngày,200,1000000000,Coupon,Thả nổi,Định kỳ - Cuối kỳ,Hoán đổi; Mua lại,,8.2,Hiệu lực,,,,
2995,15/09/2026,VSC - CÔNG TY CỔ PHẦN CONTAINER VIỆT NAM,VSCL12601,VNĐ,36 Tháng,26/08/2026,26/08/2029,1073 ngày,5000,100000000,Coupon,Cố định,Định kỳ - Cuối kỳ,Mua lại,,11.0,Hiệu lực,,,,
2996,17/09/2026,ACB - Ngân hàng TMCP Á Châu,ACBL12604,VNĐ,10 Năm,09/09/2026,09/09/2036,3644 ngày,200,1000000000,Coupon,Cố định,Định kỳ - Cuối kỳ,Mua lại,,8.5,Hiệu lực,,,,
2997,15/09/2026,MLOC - CÔNG TY CỔ PHẦN DỊCH VỤ CAO ỐC MASTERISE LUMIERE OFFICE,MLOL12601,VNĐ,48 Tháng,10/09/2026,10/09/2030,1453 ngày,70000,100000000,Coupon,Kết hợp,Định kỳ - Cuối kỳ,Mua lại,,10.6,Hiệu lực,,,,
2998,15/09/2026,HULC - Công ty cổ phần phát triển Bất động sản Hưng Long,HULL12603,VNĐ,36 Tháng,10/09/2026,10/09/2029,1088 ngày,20000,100000000,Coupon,Kết hợp,Định kỳ - Cuối kỳ,Mua lại,,10.0,Hiệu lực,,,,
2999,14/09/2026,BID - Ngân hàng TMCP Đầu tư và Phát triển Việt Nam,BIDL12620,VNĐ,14 Năm,04/09/2026,04/09/2040,5100 ngày,150,1000000000,Coupon,Cố định,Định kỳ - Cuối kỳ,Hoán đổi; Mua lại,,8.0,Hiệu lực,,,,
3000,11/09/2026,ACB - Ngân hàng TMCP Á Châu,ACBL12603,VNĐ,5 Năm,17/08/2026,17/08/2031,1794 ngày,750,1000000000,Coupon,Cố định,Định kỳ - Cuối kỳ,Mua lại; None,,8.0,Hiệu lực,,,,
3001,10/09/2026,KNCC - CÔNG TY TNHH KN CAM RANH,KNCL12602,VNĐ,5 Năm,04/09/2026,04/09/2031,1812 ngày,8000,100000000,Coupon,Kết hợp,Định kỳ - Cuối kỳ,Mua lại,,11.5,Hiệu lực,,,,
3002,08/09/2026,SHB - Ngân hàng TMCP Sài Gòn - Hà Nội,SHBL12601,VNĐ,6 Năm,27/08/2026,27/08/2032,2170 ngày,1000,1000000000,Coupon,Kết hợp,Định kỳ - Cuối kỳ,Mua lại,,9.7,Hiệu lực,,,,
3003,08/09/2026,HDB - NH TMCP Phát triển thành phố Hồ Chí Minh ( HDBANK),HDBL12613,VNĐ,6 Năm,27/08/2026,27/08/2032,2170 ngày,9000,100000000,Coupon,Cố định,Định kỳ - Cuối kỳ,Mua lại,,9.2,Hiệu lực,,,,
3004,08/09/2026,HULC - Công ty cổ phần phát triển Bất động sản Hưng Long,HULL12602,VNĐ,84 Tháng,28/08/2026,28/08/2033,2536 ngày,70000,100000000,Coupon,Kết hợp,Định kỳ - Cuối kỳ,Mua lại,,10.6,Hiệu lực,,,,
3005,07/09/2026,TPB - Ngân hàng Thương mại cổ phần Tiên Phong,TPBL12610,VNĐ,10 Năm,26/08/2026,26/08/2036,3630 ngày,5000,100000000,Coupon,Thả nổi,Định kỳ - Cuối kỳ,Mua lại,,9.7,Hiệu lực,,,,
3006,07/09/2026,VHM - CTCP VINHOMES,VHML12617,VNĐ,24 Tháng,04/09/2026,04/09/2028,717 ngày,20000,100000000,Coupon,Kết hợp,Định kỳ - Cuối kỳ,Mua lại,,12.0,Hiệu lực,,,,
3007,08/09/2026,TBEC - CÔNG TY CỔ PHẦN PHÁT TRIỂN HẠ TẦNG VÀ BẤT ĐỘNG SẢN THÁI BẢO,TBEL12601,VNĐ,84 Tháng,28/08/2026,28/08/2033,2536 ngày,4800,100000000,Coupon,Kết hợp,Định kỳ - Cuối kỳ,Mua lại,,10.6,Hiệu lực,,,,
3008,08/09/2026,STB - Ngân hàng thương mại cổ phần Sài Gòn Tài Lộc (Tên cũ: Ngân hàng Thương mại Cổ Phần Sài Gòn Thương Tín),STBL12610,VNĐ,6 Năm,28/08/2026,28/08/2032,2171 ngày,2000,1000000000,Coupon,Cố định,Định kỳ - Cuối kỳ,Mua lại,,9.5,Hiệu lực,,,,
3009,08/09/2026,STB - Ngân hàng thương mại cổ phần Sài Gòn Tài Lộc (Tên cũ: Ngân hàng Thương mại Cổ Phần Sài Gòn Thương Tín),STBL12609,VNĐ,6 Năm,28/08/2026,28/08/2032,2171 ngày,1000,1000000000,Coupon,Cố định,Định kỳ - Cuối kỳ,Mua lại,,9.5,Hiệu lực,,,,
3010,07/09/2026,TQDC - CÔNG TY TNHH ĐẦU TƯ KINH DOANH VÀ PHÁT TRIỂN THÀNH QUANG,TQDL12601,VNĐ,60 Tháng,27/08/2026,27/08/2031,1804 ngày,70000,100000000,Coupon,Thả nổi,Định kỳ - Cuối kỳ,Mua lại,,10.6,Hiệu lực,,,,
3011,09/09/2026,DQMC - CÔNG TY CỔ PHẦN ĐẦU TƯ ĐỊA ỐC ĐẠI QUANG MINH,DQML12601,VNĐ,3 Năm,29/08/2026,29/08/2029,1076 ngày,10000,100000000,Coupon,Cố định,Khác,Mua lại,,11.0,Hiệu lực,,,,
3012,04/09/2026,BID - Ngân hàng TMCP Đầu tư và Phát triển Việt Nam,BIDL12619,VNĐ,20 Năm,27/08/2026,27/08/2046,7283 ngày,500,1000000000,Coupon,Cố định,Định kỳ - Cuối kỳ,Hoán đổi; Mua lại,,8.0,Hiệu lực,,,,
3013,07/09/2026,KNCC - CÔNG TY TNHH KN CAM RANH,KNCL12601,VNĐ,5 Năm,26/08/2026,26/08/2031,1803 ngày,7000,100000000,Coupon,Kết hợp,Định kỳ - Cuối kỳ,Mua lại,,11.0,Hiệu lực,,,,
3014,04/09/2026,LPS - Công ty Cổ phần Chứng khoán LPBank,LPSL12601,VNĐ,1 Năm,27/08/2026,27/08/2027,343 ngày,6000,100000000,Coupon,Cố định,Một lần khi đến hạn,Mua lại,,10.5,Hiệu lực,,,,
3015,07/09/2026,MBB - NGÂN HÀNG TMCP QUÂN ĐỘI,MBBL12625,VNĐ,5 Năm,28/08/2026,28/08/2031,1805 ngày,5000,100000000,Coupon,Cố định,Định kỳ - Cuối kỳ,,,8.5,Hiệu lực,,,,
3016,07/09/2026,HDB - NH TMCP Phát triển thành phố Hồ Chí Minh ( HDBANK),HDBL12612,VNĐ,6 Năm,27/08/2026,27/08/2032,2170 ngày,10000,100000000,Coupon,Thả nổi,Định kỳ - Cuối kỳ,Mua lại,,9.0,Hiệu lực,,,,
3017,04/09/2026,MBB - NGÂN HÀNG TMCP QUÂN ĐỘI,MBBL12627,VNĐ,6 Năm,27/08/2026,27/08/2032,2170 ngày,10000,100000000,Coupon,Cố định,Định kỳ - Cuối kỳ,Mua lại,,9.0,Hiệu lực,,,,
3018,04/09/2026,VCB - NGÂN HÀNG TMCP NGOẠI THƯƠNG VIỆT NAM,VCBL12610,VNĐ,4 Năm,25/08/2026,25/08/2030,1437 ngày,1000,1000000000,Coupon,Cố định,Định kỳ - Cuối kỳ,Mua lại,,8.0,Hiệu lực,,,,
3019,04/09/2026,VCB - NGÂN HÀNG TMCP NGOẠI THƯƠNG VIỆT NAM,VCBL12609,VNĐ,5 Năm,25/08/2026,25/08/2031,1802 ngày,200,1000000000,Coupon,Cố định,Định kỳ - Cuối kỳ,,,8.0,Hiệu lực,,,,
3020,03/09/2026,KBC - TỔNG CÔNG TY PHÁT TRIỂN ĐÔ THỊ KINH BẮC - CTCP,KBCL12601,VNĐ,3 Năm,20/08/2026,20/08/2029,1067 ngày,7000,100000000,Coupon,Kết hợp,Định kỳ - Cuối kỳ,Mua lại,,12.0,Hiệu lực,,,,
3021,03/09/2026,TPB - Ngân hàng Thương mại cổ phần Tiên Phong,TPBL12609,VNĐ,10 Năm,24/08/2026,24/08/2036,3628 ngày,5000,100000000,Coupon,Thả nổi,Định kỳ - Cuối kỳ,Mua lại,,9.7,Hiệu lực,,,,
3022,03/09/2026,TPB - Ngân hàng Thương mại cổ phần Tiên Phong,TPBL12608,VNĐ,3 Năm,24/08/2026,24/08/2029,1071 ngày,20000,100000000,Coupon,Cố định,Định kỳ - Cuối kỳ,Mua lại,,9.1,Hiệu lực,,,,
3023,28/08/2026,VHM - CTCP VINHOMES,VHML12616,VNĐ,24 Tháng,27/08/2026,27/08/2028,709 ngày,10000,100000000,Coupon,Kết hợp,Định kỳ - Cuối kỳ,Mua lại,,11.0,Hiệu lực,,,,
3024,03/09/2026,MBB - NGÂN HÀNG TMCP QUÂN ĐỘI,MBBL12626,VNĐ,6 Năm,,,0 ngày,0,100000000,Coupon,Thả nổi,,Mua lại,,0.0,Hiệu lực,,,,
3025,03/09/2026,MBB - NGÂN HÀNG TMCP QUÂN ĐỘI,MBBL12624,VNĐ,5 Năm,26/08/2026,26/08/2031,1803 ngày,8000,100000000,Coupon,Cố định,Định kỳ - Cuối kỳ,,,8.5,Hiệu lực,,,,
3026,03/09/2026,BID - Ngân hàng TMCP Đầu tư và Phát triển Việt Nam,BIDL12618,VNĐ,6 Năm,21/08/2026,21/08/2032,2164 ngày,100,1000000000,Coupon,Thả nổi,Định kỳ - Cuối kỳ,Hoán đổi; Mua lại,,8.2,Hiệu lực,,,,
3027,27/08/2026,HCVC - CÔNG TY TÀI CHÍNH TRÁCH NHIỆM HỮU HẠN MỘT THÀNH VIÊN HOME CREDIT VIỆT NAM,HCVL12605,VNĐ,24 Tháng,21/08/2026,21/08/2028,703 ngày,600,1000000000,Coupon,Cố định,Định kỳ - Cuối kỳ,Mua lại,,9.8,Hiệu lực,,,,
3028,27/08/2026,MBB - NGÂN HÀNG TMCP QUÂN ĐỘI,MBBL12623,VNĐ,6 Năm,19/08/2026,19/08/2032,2162 ngày,5000,100000000,Coupon,Thả nổi,Định kỳ - Cuối kỳ,Mua lại,,9.0,Hiệu lực,,,,
3029,27/08/2026,HCVC - CÔNG TY TÀI CHÍNH TRÁCH NHIỆM HỮU HẠN MỘT THÀNH VIÊN HOME CREDIT VIỆT NAM,HCVL12606,VNĐ,24 Tháng,24/08/2026,24/08/2028,706 ngày,200,1000000000,Coupon,Cố định,Định kỳ - Cuối kỳ,Mua lại,,9.8,Hiệu lực,,,,
3030,26/08/2026,VIB - Ngân hàng TMCP Quốc tế Việt Nam,VIBL12604,VNĐ,3 Năm,21/08/2026,21/08/2029,1068 ngày,3300,1000000000,Coupon,Cố định,Định kỳ - Cuối kỳ,Mua lại,,9.0,Hiệu lực,,,,
3031,26/08/2026,BID - Ngân hàng TMCP Đầu tư và Phát triển Việt Nam,BIDL12617,VNĐ,6 Năm,17/08/2026,17/08/2032,2160 ngày,315,1000000000,Coupon,Thả nổi,Định kỳ - Cuối kỳ,Hoán đổi; Mua lại,,8.2,Hiệu lực,,,,
3032,26/08/2026,VIB - Ngân hàng TMCP Quốc tế Việt Nam,VIBL12603,VNĐ,3 Năm,17/08/2026,17/08/2029,1064 ngày,1000,1000000000,Coupon,Cố định,Định kỳ - Cuối kỳ,Mua lại,,9.0,Hiệu lực,,,,
3033,26/08/2026,ACB - Ngân hàng TMCP Á Châu,ACB12603,VNĐ,5 Năm,17/08/2026,17/08/2031,1794 ngày,750,1000000000,Coupon,Cố định,Định kỳ - Cuối kỳ,Mua lại; None,,8.0,Hết hiệu lực,,,,
3034,25/08/2026,PCB - NGÂN HÀNG THƯƠNG MẠI CỔ PHẦN ĐẠI CHÚNG VIỆT NAM,PCBL12602,VNĐ,7 Năm,17/08/2026,17/08/2033,2525 ngày,5000,100000000,Coupon,Thả nổi,Định kỳ - Cuối kỳ,Mua lại,,9.6,Hiệu lực,,,,
3035,24/08/2026,VDS - CTCP Chứng khoán Rồng Việt,VDS12603,VNĐ,1 Năm,21/07/2026,21/07/2027,306 ngày,3900,100000000,Coupon,Cố định,Định kỳ - Cuối kỳ,Mua lại,,9.3,Hiệu lực,,,,
3036,24/08/2026,HDB - NH TMCP Phát triển thành phố Hồ Chí Minh ( HDBANK),HDBL12611,VNĐ,3 Năm,20/08/2026,20/08/2029,1067 ngày,2000,1000000000,Coupon,Cố định,Định kỳ - Cuối kỳ,Mua lại,,9.0,Hiệu lực,,,,
3037,22/08/2026,HDB - NH TMCP Phát triển thành phố Hồ Chí Minh ( HDBANK),HDBL12610,VNĐ,3 Năm,17/08/2026,17/08/2029,1064 ngày,1000,1000000000,Coupon,Cố định,Định kỳ - Cuối kỳ,Mua lại,,8.9,Hiệu lực,,,,
3038,22/08/2026,MBB - NGÂN HÀNG TMCP QUÂN ĐỘI,MBBL12622,VNĐ,5 Năm,14/08/2026,14/08/2031,1791 ngày,2000,100000000,Coupon,Cố định,Định kỳ - Cuối kỳ,,,8.5,Hiệu lực,,,,
3039,20/08/2026,VCB - NGÂN HÀNG TMCP NGOẠI THƯƠNG VIỆT NAM,VCBL12608,VNĐ,7 Năm,17/08/2026,17/08/2033,2525 ngày,500,1000000000,Coupon,Thả nổi,Định kỳ - Cuối kỳ,Mua lại,,7.87,Hiệu lực,,,,
3040,21/08/2026,BID - Ngân hàng TMCP Đầu tư và Phát triển Việt Nam,BIDL12616,VNĐ,6 Năm,10/08/2026,10/08/2032,2153 ngày,100,1000000000,Coupon,Thả nổi,Định kỳ - Cuối kỳ,Hoán đổi; Mua lại,,8.2,Hiệu lực,,,,
3041,18/08/2026,VIB - Ngân hàng TMCP Quốc tế Việt Nam,VIBL12602,VNĐ,3 Năm,11/08/2026,11/08/2029,1058 ngày,2000,1000000000,Coupon,Cố định,Định kỳ - Cuối kỳ,Mua lại,,9.0,Hiệu lực,,,,
3042,17/08/2026,SHS - Công ty Cổ phần chứng khoán Sài Gòn - Hà Nội,SHSL12602,VNĐ,1 Năm,14/08/2026,14/08/2027,330 ngày,4560,100000000,Coupon,Cố định,Định kỳ - Cuối kỳ,Mua lại,,10.5,Hiệu lực,,,,
3043,18/08/2026,TDLC - CÔNG TY CỔ PHẦN TANDOLAND,TDRL12603,VNĐ,60 Tháng,13/08/2026,13/08/2031,1790 ngày,2580,100000000,Coupon,Kết hợp,Định kỳ - Cuối kỳ,Mua lại,,13.0,Hiệu lực,,,,
3044,17/08/2026,VCB - NGÂN HÀNG TMCP NGOẠI THƯƠNG VIỆT NAM,VCBL12607,VNĐ,5 Năm,10/08/2026,10/08/2031,1787 ngày,150,1000000000,Coupon,Cố định,Định kỳ - Cuối kỳ,,,8.0,Hiệu lực,,,,
3045,14/08/2026,VCB - NGÂN HÀNG TMCP NGOẠI THƯƠNG VIỆT NAM,VCB12606,VNĐ,10 Năm,06/08/2026,06/08/2036,3610 ngày,2000,1000000000,Coupon,Thả nổi,Định kỳ - Cuối kỳ,Mua lại,,8.0,Hiệu lực,,,,
3046,13/08/2026,BID - Ngân hàng TMCP Đầu tư và Phát triển Việt Nam,BID12615,VNĐ,14 Năm,05/08/2026,05/08/2040,5070 ngày,150,1000000000,Coupon,Cố định,Định kỳ - Cuối kỳ,Hoán đổi; Mua lại,,8.0,Hiệu lực,,,,
3047,13/08/2026,BID - Ngân hàng TMCP Đầu tư và Phát triển Việt Nam,BID12614,VNĐ,6 Năm,05/08/2026,05/08/2032,2148 ngày,50,1000000000,Coupon,Thả nổi,Định kỳ - Cuối kỳ,Hoán đổi; Mua lại,,8.2,Hiệu lực,,,,
3048,11/08/2026,VIB - Ngân hàng TMCP Quốc tế Việt Nam,VIB12601,VNĐ,3 Năm,04/08/2026,04/08/2029,1051 ngày,3000,1000000000,Coupon,Cố định,Định kỳ - Cuối kỳ,Mua lại,,9.0,Hiệu lực,,,,
3049,11/08/2026,VHM - CTCP VINHOMES,VHM12615,VNĐ,36 Tháng,06/08/2026,06/08/2029,1053 ngày,20000,100000000,Coupon,Kết hợp,Định kỳ - Cuối kỳ,Mua lại,,12.5,Hiệu lực,,,,
3050,10/08/2026,TPB - Ngân hàng Thương mại cổ phần Tiên Phong,TPB12607,VNĐ,3 Năm,03/08/2026,03/08/2029,1050 ngày,20000,100000000,Coupon,Cố định,Định kỳ - Cuối kỳ,Mua lại,,9.1,Hiệu lực,,,,
3051,07/08/2026,PCB - NGÂN HÀNG THƯƠNG MẠI CỔ PHẦN ĐẠI CHÚNG VIỆT NAM,PCB12601,VNĐ,7 Năm,31/07/2026,31/07/2033,2508 ngày,10000,100000000,Coupon,Thả nổi,Định kỳ - Cuối kỳ,Mua lại,,9.8,Hiệu lực,,,,
3052,07/08/2026,MBB - NGÂN HÀNG TMCP QUÂN ĐỘI,MBB12621,VNĐ,3 Năm,30/07/2026,30/07/2029,1046 ngày,23000,100000000,Coupon,Cố định,Định kỳ - Cuối kỳ,Mua lại,,8.9,Hiệu lực,,,,
3053,07/08/2026,VPB - NH TMCP VIỆT NAM THỊNH VƯỢNG,VPB12606,VNĐ,3 Năm,05/08/2026,05/08/2029,1052 ngày,1600,1000000000,Coupon,Cố định,Định kỳ - Cuối kỳ,Mua lại,,8.8,Hiệu lực,,,,
3054,06/08/2026,TPB - Ngân hàng Thương mại cổ phần Tiên Phong,TPB12606,VNĐ,3 Năm,30/07/2026,30/07/2029,1046 ngày,10000,100000000,Coupon,Cố định,Định kỳ - Cuối kỳ,Mua lại,,9.1,Hiệu lực,,,,
3055,05/08/2026,BID - Ngân hàng TMCP Đầu tư và Phát triển Việt Nam,BID12613,VNĐ,6 Năm,29/07/2026,29/07/2032,2141 ngày,100,1000000000,Coupon,Thả nổi,Định kỳ - Cuối kỳ,Hoán đổi; Mua lại,,8.2,Hiệu lực,,,,
3056,05/08/2026,BID - Ngân hàng TMCP Đầu tư và Phát triển Việt Nam,BID12612,VNĐ,6 Năm,27/07/2026,27/07/2032,2139 ngày,100,1000000000,Coupon,Thả nổi,Định kỳ - Cuối kỳ,Hoán đổi; Mua lại,,8.2,Hiệu lực,,,,
3057,05/08/2026,STB - Ngân hàng thương mại cổ phần Sài Gòn Tài Lộc (Tên cũ: Ngân hàng Thương mại Cổ Phần Sài Gòn Thương Tín),STB12608,VNĐ,6 Năm,31/07/2026,31/07/2032,2143 ngày,1000,1000000000,Coupon,Cố định,Định kỳ - Cuối kỳ,Mua lại,,10.0,Hiệu lực,,,,
3058,05/08/2026,STB - Ngân hàng thương mại cổ phần Sài Gòn Tài Lộc (Tên cũ: Ngân hàng Thương mại Cổ Phần Sài Gòn Thương Tín),STB12607,VNĐ,6 Năm,30/07/2026,30/07/2032,2142 ngày,2230,1000000000,Coupon,Cố định,Định kỳ - Cuối kỳ,Mua lại,,10.0,Hiệu lực,,,,
3059,05/08/2026,STB - Ngân hàng thương mại cổ phần Sài Gòn Tài Lộc (Tên cũ: Ngân hàng Thương mại Cổ Phần Sài Gòn Thương Tín),STB12606,VNĐ,6 Năm,27/07/2026,27/07/2032,2139 ngày,420,1000000000,Coupon,Cố định,Định kỳ - Cuối kỳ,Mua lại,,10.0,Hiệu lực,,,,
3060,04/08/2026,VHM - CTCP VINHOMES,VHM12612,VNĐ,36 Tháng,30/06/2026,30/06/2029,1016 ngày,30000,100000000,Coupon,Cố định,Định kỳ - Cuối kỳ,Mua lại,,12.5,Hiệu lực,,,,
3061,04/08/2026,MBB - NGÂN HÀNG TMCP QUÂN ĐỘI,MBB12620,VNĐ,7 Năm,28/07/2026,28/07/2033,2505 ngày,3000,100000000,Coupon,Cố định,Định kỳ - Cuối kỳ,Mua lại,,8.1,Hiệu lực,,,,
3062,03/08/2026,VCB - NGÂN HÀNG TMCP NGOẠI THƯƠNG VIỆT NAM,VCB12605,VNĐ,5 Năm,21/07/2026,21/07/2031,1767 ngày,200,1000000000,Coupon,Cố định,Định kỳ - Cuối kỳ,Mua lại,,8.0,Hiệu lực,,,,
3063,30/07/2026,MBB - NGÂN HÀNG TMCP QUÂN ĐỘI,MBB12619,VNĐ,5 Năm,27/07/2026,27/07/2031,1773 ngày,4000,100000000,Coupon,Cố định,Định kỳ - Cuối kỳ,,,8.2,Hiệu lực,,,,
3064,30/07/2026,HDB - NH TMCP Phát triển thành phố Hồ Chí Minh ( HDBANK),HDB12609,VNĐ,5 Năm,28/07/2026,28/07/2031,1774 ngày,100,1000000000,Coupon,Cố định,Định kỳ - Cuối kỳ,Mua lại,,8.3,Hiệu lực,,,,
3065,29/07/2026,BID - Ngân hàng TMCP Đầu tư và Phát triển Việt Nam,BID12611,VNĐ,6 Năm,20/07/2026,20/07/2032,2132 ngày,200,1000000000,Coupon,Thả nổi,Định kỳ - Cuối kỳ,Hoán đổi; Mua lại,,8.2,Hiệu lực,,,,
3066,28/07/2026,TPB - Ngân hàng Thương mại cổ phần Tiên Phong,TPB12605,VNĐ,10 Năm,21/07/2026,21/07/2036,3594 ngày,2000,100000000,Coupon,Thả nổi,Định kỳ - Cuối kỳ,Mua lại,,8.85,Hiệu lực,,,,
3067,28/07/2026,BID - Ngân hàng TMCP Đầu tư và Phát triển Việt Nam,BID12610,VNĐ,6 Năm,17/07/2026,17/07/2032,2129 ngày,2000,1000000000,Coupon,Thả nổi,Định kỳ - Cuối kỳ,Hoán đổi; Mua lại,,8.25,Hiệu lực,,,,
3068,27/07/2026,VCB - NGÂN HÀNG TMCP NGOẠI THƯƠNG VIỆT NAM,VCB12604,VNĐ,7 Năm,17/07/2026,17/07/2033,2494 ngày,500,1000000000,Coupon,Thả nổi,Định kỳ - Cuối kỳ,Mua lại,,7.87,Hiệu lực,,,,
3069,24/07/2026,BNCC - Công ty cổ phần dịch vụ cáp treo Bà Nà,BNC12601,VNĐ,5 Năm,17/07/2026,17/07/2031,1763 ngày,4200,100000000,Coupon,Kết hợp,Định kỳ - Cuối kỳ,Mua lại,,11.5,Hiệu lực,,,,
3070,24/07/2026,SHS - Công ty Cổ phần chứng khoán Sài Gòn - Hà Nội,SHS12601,VNĐ,1 Năm,15/07/2026,15/07/2027,300 ngày,1190,100000000,Coupon,Cố định,Định kỳ - Cuối kỳ,,,10.5,Hiệu lực,,,,
3071,24/07/2026,DTPC - Công Ty Cổ Phần Phát Triển Khu Công Nghệ Thông Tin Đà Nẵng,DIT32601,VNĐ,40 Tháng,30/06/2026,30/10/2029,1138 ngày,22690,100000000,Coupon,Kết hợp,Một lần khi đến hạn,Mua lại,,10.7,Hiệu lực,,,,
3072,23/07/2026,BAB - Ngân hàng Thương Mại Cổ Phần Bắc Á,BAB12607,VNĐ,3 Năm,15/07/2026,15/07/2029,1031 ngày,500,1000000000,Coupon,Cố định,Định kỳ - Cuối kỳ,Mua lại,,9.0,Hiệu lực,,,,
3073,23/07/2026,TPXC - CTCP PHÁT TRIỂN THÀNH PHỐ XANH,TPX12601,VNĐ,36 Tháng,24/06/2026,24/06/2029,1010 ngày,25000,100000000,Coupon,Kết hợp,Định kỳ - Cuối kỳ,Mua lại,,12.5,Hiệu lực,,,,
3074,23/07/2026,VPB - NH TMCP VIỆT NAM THỊNH VƯỢNG,VPB12605,VNĐ,3 Năm,16/07/2026,16/07/2029,1032 ngày,1000,1000000000,Coupon,Cố định,Định kỳ - Cuối kỳ,Mua lại,,9.0,Hiệu lực,,,,
3075,20/07/2026,CICC - CÔNG TY TNHH XÂY DỰNG HẠ TẦNG CRYSTAL,CIC12601,VNĐ,60 Tháng,16/07/2026,16/07/2031,1762 ngày,20000,100000000,Coupon,Kết hợp,Định kỳ - Cuối kỳ,Mua lại,,12.5,Hiệu lực,,,,
3076,16/07/2026,HDB - NH TMCP Phát triển thành phố Hồ Chí Minh ( HDBANK),HDB12608,VNĐ,7 Năm,10/07/2026,10/07/2033,2487 ngày,10000,100000000,Coupon,Thả nổi,Định kỳ - Cuối kỳ,Mua lại,,8.5,Hiệu lực,,,,
3077,16/07/2026,HDB - NH TMCP Phát triển thành phố Hồ Chí Minh ( HDBANK),HDB12607,VNĐ,6 Năm,09/07/2026,09/07/2032,2121 ngày,5000,100000000,Coupon,Cố định,Định kỳ - Cuối kỳ,Mua lại,,9.0,Hiệu lực,,,,
3078,15/07/2026,HDB - NH TMCP Phát triển thành phố Hồ Chí Minh ( HDBANK),HDB12606,VNĐ,6 Năm,07/07/2026,07/07/2032,2119 ngày,2000,100000000,Coupon,Thả nổi,Định kỳ - Cuối kỳ,Mua lại,,8.6,Hiệu lực,,,,
3079,14/07/2026,VCB - NGÂN HÀNG TMCP NGOẠI THƯƠNG VIỆT NAM,VCB12603,VNĐ,10 Năm,06/07/2026,06/07/2036,3579 ngày,100,1000000000,Coupon,Cố định,Định kỳ - Cuối kỳ,Mua lại,,7.9,Hiệu lực,,,,
3080,13/07/2026,ASPC - CÔNG TY TNHH CÔNG VIÊN CHÂU Á,ASP12601,VNĐ,5 Năm,29/06/2026,29/06/2031,1745 ngày,20000,100000000,Coupon,Cố định,Định kỳ - Cuối kỳ,Mua lại,,9.5,Hiệu lực,,,,
3081,13/07/2026,VHM - CTCP VINHOMES,VHM12614,VNĐ,36 Tháng,10/07/2026,10/07/2029,1026 ngày,10000,100000000,Coupon,Kết hợp,Định kỳ - Cuối kỳ,Mua lại,,12.5,Hiệu lực,,,,
3082,13/07/2026,VHM - CTCP VINHOMES,VHM12613,VNĐ,36 Tháng,10/07/2026,10/07/2029,1026 ngày,20000,100000000,Coupon,Kết hợp,Định kỳ - Cuối kỳ,Mua lại,,12.5,Hiệu lực,,,,
3083,13/07/2026,NAB - Ngân hàng Thương mại Cổ phần Nam Á,NAB12605,VNĐ,7 Năm,30/06/2026,30/06/2033,2477 ngày,400,1000000000,Coupon,Thả nổi,Định kỳ - Cuối kỳ,Mua lại,,9.0,Hiệu lực,,,,
3084,10/07/2026,TOT - CÔNG TY CỔ PHẦN TRANSIMEX LOGISTICS,TOT12601,VNĐ,3 Năm,03/07/2026,03/07/2029,1019 ngày,1000,100000000,Coupon,Cố định,Định kỳ - Cuối kỳ,Mua lại,,9.5,Hiệu lực,,,,
3085,10/07/2026,STB - Ngân hàng thương mại cổ phần Sài Gòn Tài Lộc (Tên cũ: Ngân hàng Thương mại Cổ Phần Sài Gòn Thương Tín),STB12605,VNĐ,6 Năm,30/06/2026,30/06/2032,2112 ngày,4500,1000000000,Coupon,Cố định,Định kỳ - Cuối kỳ,Mua lại,,9.2,Hiệu lực,,,,
3086,10/07/2026,LPB - Ngân hàng Thương mại Cổ phần Lộc Phát Việt Nam (tên cũ: Ngân hàng Thương mại cổ phần Bưu Điện Liên Việt),LPB12608,VNĐ,3 Năm,30/06/2026,30/06/2029,1016 ngày,3000,1000000000,Coupon,Cố định,Định kỳ - Cuối kỳ,Mua lại,,8.6,Hiệu lực,,,,
3087,09/07/2026,HCVC - CÔNG TY TÀI CHÍNH TRÁCH NHIỆM HỮU HẠN MỘT THÀNH VIÊN HOME CREDIT VIỆT NAM,HCV12604,VNĐ,36 Tháng,29/06/2026,29/06/2029,1015 ngày,500,1000000000,Coupon,Kết hợp,Định kỳ - Cuối kỳ,,,9.8,Hiệu lực,,,,
3088,10/07/2026,VEVC - CÔNG TY TNHH VERDANT VIETNAM CRYSTAL,VEV12601,VNĐ,15 Năm,23/06/2026,23/06/2041,5392 ngày,2246,100000000,Coupon,Cố định,Định kỳ - Cuối kỳ,Mua lại,,6.95,Hiệu lực,,,,
3089,07/07/2026,P53C - CÔNG TY TNHH PARKLAND 53,P5332601,VNĐ,12 Tháng,30/06/2026,30/06/2027,285 ngày,70000,100000000,Coupon,Cố định,Một lần khi đến hạn,Mua lại,,10.0,Hiệu lực,,,,
3090,08/07/2026,VEBC - CÔNG TY TNHH VERDANT VIETNAM BRAVO,VEB12601,VNĐ,15 Năm,23/06/2026,23/06/2041,5392 ngày,1654,100000000,Coupon,Cố định,Định kỳ - Cuối kỳ,Mua lại,,6.95,Hiệu lực,,,,
3091,08/07/2026,STB - Ngân hàng thương mại cổ phần Sài Gòn Tài Lộc (Tên cũ: Ngân hàng Thương mại Cổ Phần Sài Gòn Thương Tín),STB12604,VNĐ,2 Năm,29/06/2026,29/06/2028,650 ngày,2500,1000000000,Coupon,Cố định,Định kỳ - Cuối kỳ,Mua lại,,8.6,Hiệu lực,,,,
3092,08/07/2026,STB - Ngân hàng thương mại cổ phần Sài Gòn Tài Lộc (Tên cũ: Ngân hàng Thương mại Cổ Phần Sài Gòn Thương Tín),STB12602,VNĐ,2 Năm,23/06/2026,23/06/2028,644 ngày,2500,1000000000,Coupon,Cố định,Định kỳ - Cuối kỳ,Mua lại,,8.6,Hiệu lực,,,,
3093,08/07/2026,TPB - Ngân hàng Thương mại cổ phần Tiên Phong,TPB12604,VNĐ,10 Năm,30/06/2026,30/06/2036,3573 ngày,500,100000000,Coupon,Thả nổi,Định kỳ - Cuối kỳ,Mua lại,,9.0,Hiệu lực,,,,
3094,07/07/2026,HULC - Công ty cổ phần phát triển Bất động sản Hưng Long,HUL32601,VNĐ,12 Tháng,30/06/2026,30/06/2027,285 ngày,70000,100000000,Coupon,Cố định,Một lần khi đến hạn,Mua lại,,10.0,Hiệu lực,,,,
3095,08/07/2026,TPB - Ngân hàng Thương mại cổ phần Tiên Phong,TPB12603,VNĐ,10 Năm,29/06/2026,29/06/2036,3572 ngày,3500,100000000,Coupon,Thả nổi,Định kỳ - Cuối kỳ,Mua lại,,9.4,Hiệu lực,,,,
3096,06/07/2026,IHPC - CÔNG TY TNHH HƯNG PHÁT INVEST HÀ NỘI,IHP32602,VNĐ,12 Tháng,30/06/2026,30/06/2027,285 ngày,50000,100000000,Coupon,Cố định,Một lần khi đến hạn,Mua lại,,10.0,Hiệu lực,,,,
3097,06/07/2026,IHPC - CÔNG TY TNHH HƯNG PHÁT INVEST HÀ NỘI,IHP12601,VNĐ,60 Tháng,30/06/2026,30/06/2031,1746 ngày,43000,100000000,Coupon,Cố định,Định kỳ - Cuối kỳ,Mua lại,,10.6,Hiệu lực,,,,
3098,06/07/2026,HDB - NH TMCP Phát triển thành phố Hồ Chí Minh ( HDBANK),HDB12605,VNĐ,5 Năm,30/06/2026,30/06/2031,1746 ngày,750,1000000000,Coupon,Cố định,Định kỳ - Cuối kỳ,Mua lại,,8.3,Hiệu lực,,,,
3099,08/07/2026,STB - Ngân hàng thương mại cổ phần Sài Gòn Tài Lộc (Tên cũ: Ngân hàng Thương mại Cổ Phần Sài Gòn Thương Tín),STB12603,VNĐ,3 Năm,26/06/2026,26/06/2029,1012 ngày,2000,1000000000,Coupon,Cố định,Định kỳ - Cuối kỳ,Mua lại,,8.5,Hiệu lực,,,,
3100,06/07/2026,STB - Ngân hàng thương mại cổ phần Sài Gòn Tài Lộc (Tên cũ: Ngân hàng Thương mại Cổ Phần Sài Gòn Thương Tín),STB12601,VNĐ,3 Năm,23/06/2026,23/06/2029,1009 ngày,1800,1000000000,Coupon,Cố định,Định kỳ - Cuối kỳ,Mua lại,,8.5,Hiệu lực,,,,
3101,07/07/2026,MBB - NGÂN HÀNG TMCP QUÂN ĐỘI,MBB12618,VNĐ,5 Năm,29/06/2026,29/06/2031,1745 ngày,5000,100000000,Coupon,Cố định,Định kỳ - Cuối kỳ,,,8.3,Hiệu lực,,,,
3102,06/07/2026,NAB - Ngân hàng Thương mại Cổ phần Nam Á,NAB12604,VNĐ,7 Năm,11/06/2026,11/06/2033,2458 ngày,499,1000000000,Coupon,Thả nổi,Định kỳ - Cuối kỳ,Mua lại,,8.5,Hiệu lực,,,,
3103,06/07/2026,LPB - Ngân hàng Thương mại Cổ phần Lộc Phát Việt Nam (tên cũ: Ngân hàng Thương mại cổ phần Bưu Điện Liên Việt),LPB12607,VNĐ,3 Năm,24/06/2026,24/06/2029,1010 ngày,2000,1000000000,Coupon,Cố định,Định kỳ - Cuối kỳ,Mua lại,,8.6,Hiệu lực,,,,
3104,03/07/2026,STAC - CÔNG TY TNHH ĐẦU TƯ STARBAY HÀ NỘI,STA12601,VNĐ,36 Tháng,25/06/2026,25/06/2029,1011 ngày,27800,100000000,Coupon,Kết hợp,Định kỳ - Cuối kỳ,,,10.5,Hiệu lực,,,,
3105,03/07/2026,VCB - NGÂN HÀNG TMCP NGOẠI THƯƠNG VIỆT NAM,VCB12602,VNĐ,4 Năm,23/06/2026,23/06/2030,1374 ngày,100,1000000000,Coupon,Cố định,Định kỳ - Cuối kỳ,Mua lại,,8.0,Hiệu lực,,,,
3106,03/07/2026,THLC - CÔNG TY TNHH THĂNG LONG,THL12602,VNĐ,60 Tháng,29/06/2026,29/06/2031,1745 ngày,7630,100000000,Coupon,Thả nổi,Khác,Mua lại,,10.39,Hiệu lực,,,,
3107,03/07/2026,LPB - Ngân hàng Thương mại Cổ phần Lộc Phát Việt Nam (tên cũ: Ngân hàng Thương mại cổ phần Bưu Điện Liên Việt),LPB12606,VNĐ,2 Năm,22/06/2026,22/06/2028,643 ngày,1000,1000000000,Coupon,Cố định,Định kỳ - Cuối kỳ,Mua lại,,8.8,Hiệu lực,,,,
3108,03/07/2026,MVTC - Công ty TNHH Mặt trời Vũng Tàu,MVT12601,VNĐ,30 Tháng,30/06/2026,30/12/2028,834 ngày,10000,100000000,Coupon,Thả nổi,Định kỳ - Cuối kỳ,Mua lại,,12.0,Hiệu lực,,,,
3109,02/07/2026,ES1C - CTCP EA SÚP 1,ES112601,VNĐ,5 Năm,22/06/2026,22/06/2031,1738 ngày,660,1000000000,Coupon,Cố định,Định kỳ - Cuối kỳ,Mua lại,,12.0,Hiệu lực,,,,
3110,02/07/2026,BVCC - Ngân hàng TMCP Bảo Việt,BVC12601,VNĐ,10 Năm,29/06/2026,29/06/2036,3572 ngày,2000,1000000000,Coupon,Thả nổi,Định kỳ - Cuối kỳ,Mua lại,,9.63,Hiệu lực,,,,
3111,02/07/2026,VPB - NH TMCP VIỆT NAM THỊNH VƯỢNG,VPB12604,VNĐ,3 Năm,30/06/2026,30/06/2029,1016 ngày,1500,1000000000,Coupon,Cố định,Định kỳ - Cuối kỳ,Mua lại,,8.7,Hiệu lực,,,,
3112,02/07/2026,BPSC - Công ty Cổ phần Bất động sản Bcons PS,BPS12602,VNĐ,4 Năm,26/06/2026,26/06/2030,1377 ngày,140,1000000000,Coupon,Cố định,Định kỳ - Cuối kỳ,Mua lại,,12.0,Hiệu lực,,,,
3113,03/07/2026,BID - Ngân hàng TMCP Đầu tư và Phát triển Việt Nam,BID12609,VNĐ,6 Năm,26/06/2026,26/06/2032,2108 ngày,500,1000000000,Coupon,Cố định,Định kỳ - Cuối kỳ,Hoán đổi; Mua lại,,8.1,Hiệu lực,,,,
3114,01/07/2026,VBB - Ngân hàng Thương mại Cổ phần Việt Nam Thương Tín,VBB12602,VNĐ,7 Năm,30/06/2026,30/06/2033,2477 ngày,4000,100000000,Coupon,Thả nổi,Định kỳ - Cuối kỳ,Mua lại,,9.7,Hiệu lực,,,,
3115,01/07/2026,BID - Ngân hàng TMCP Đầu tư và Phát triển Việt Nam,BID12608,VNĐ,10 Năm,24/06/2026,24/06/2036,3567 ngày,150,1000000000,Coupon,Cố định,Định kỳ - Cuối kỳ,Hoán đổi; Mua lại,,8.0,Hiệu lực,,,,
3116,01/07/2026,BID - Ngân hàng TMCP Đầu tư và Phát triển Việt Nam,BID12607,VNĐ,6 Năm,24/06/2026,24/06/2032,2106 ngày,150,1000000000,Coupon,Thả nổi,Định kỳ - Cuối kỳ,Hoán đổi; Mua lại,,8.1,Hiệu lực,,,,
3117,01/07/2026,VHM - CTCP VINHOMES,VHM12611,VNĐ,24 Tháng,25/06/2026,25/06/2028,646 ngày,150000,100000000,Coupon,Kết hợp,Định kỳ - Cuối kỳ,Mua lại,,12.0,Hiệu lực,,,,
3118,01/07/2026,BAB - Ngân hàng Thương Mại Cổ Phần Bắc Á,BAB12606,VNĐ,2 Năm,24/06/2026,24/06/2028,645 ngày,1800,1000000000,Coupon,Cố định,Định kỳ - Cuối kỳ,Mua lại,,8.5,Hiệu lực,,,,
3119,01/07/2026,BID - Ngân hàng TMCP Đầu tư và Phát triển Việt Nam,BID12606,VNĐ,6 Năm,19/06/2026,19/06/2032,2101 ngày,1000,1000000000,Coupon,Cố định,Định kỳ - Cuối kỳ,Hoán đổi; Mua lại,,8.1,Hiệu lực,,,,
3120,01/07/2026,VBB - Ngân hàng Thương mại Cổ phần Việt Nam Thương Tín,VBB12601,VNĐ,7 Năm,25/06/2026,25/06/2033,2472 ngày,11000,100000000,Coupon,Thả nổi,Định kỳ - Cuối kỳ,Mua lại,,9.7,Hiệu lực,,,,
3121,01/07/2026,MBB - NGÂN HÀNG TMCP QUÂN ĐỘI,MBB12617,VNĐ,3 Năm,22/06/2026,22/06/2029,1008 ngày,20000,100000000,Coupon,Cố định,Định kỳ - Cuối kỳ,Mua lại,,8.6,Hiệu lực,,,,
3122,30/06/2026,LPB - Ngân hàng Thương mại Cổ phần Lộc Phát Việt Nam (tên cũ: Ngân hàng Thương mại cổ phần Bưu Điện Liên Việt),LPB12602,VNĐ,7 Năm,19/06/2026,19/06/2033,2466 ngày,2990,1000000000,Coupon,Thả nổi,Định kỳ - Cuối kỳ,Mua lại,,8.5,Hiệu lực,,,,
3123,30/06/2026,ECFC - CÔNG TY CỔ PHẦN CÔNG NGHỆ TÀI CHÍNH ENCAPITAL,ECF32601,VNĐ,12 Tháng,25/06/2026,25/06/2027,280 ngày,4000,100000000,Coupon,Cố định,Một lần khi đến hạn,Mua lại,,11.1,Hiệu lực,,,,
3124,29/06/2026,CGTC - CÔNG TY CỔ PHẦN ĐÔ THỊ DU LỊCH CẦN GIỜ,CGT12601,VNĐ,36 Tháng,24/06/2026,24/06/2029,1010 ngày,25000,100000000,Coupon,Kết hợp,Định kỳ - Cuối kỳ,Mua lại,,12.5,Hiệu lực,,,,
3125,29/06/2026,VPB - NH TMCP VIỆT NAM THỊNH VƯỢNG,VPB12603,VNĐ,3 Năm,25/06/2026,25/06/2029,1011 ngày,1500,1000000000,Coupon,Cố định,Định kỳ - Cuối kỳ,Mua lại,,8.7,Hiệu lực,,,,
3126,26/06/2026,MBB - NGÂN HÀNG TMCP QUÂN ĐỘI,MBB12616,VNĐ,10 Năm,19/06/2026,19/06/2036,3562 ngày,2000,100000000,Coupon,Cố định,Định kỳ - Cuối kỳ,Mua lại,,8.3,Hiệu lực,,,,
3127,26/06/2026,MBB - NGÂN HÀNG TMCP QUÂN ĐỘI,MBB12615,VNĐ,10 Năm,18/06/2026,18/06/2036,3561 ngày,1000,100000000,Coupon,Cố định,Định kỳ - Cuối kỳ,Mua lại,,8.3,Hiệu lực,,,,
3128,26/06/2026,TPB - Ngân hàng Thương mại cổ phần Tiên Phong,TPB12602,VNĐ,10 Năm,18/06/2026,18/06/2036,3561 ngày,3200,100000000,Coupon,Thả nổi,Định kỳ - Cuối kỳ,Mua lại,,9.3,Hiệu lực,,,,
3129,26/06/2026,MSFC - Công ty Tài chính tín dụng tiêu dùng TNHH MB Shinsei (Tên cũ: Công ty Tài chính TNHH MB Shinsei),MSF12601,VNĐ,6 Năm,20/05/2026,20/05/2032,2071 ngày,1500,1000000000,Coupon,Kết hợp,Định kỳ - Cuối kỳ,Mua lại,,11.5,Hiệu lực,,,,
3130,26/06/2026,OCB - Ngân hàng TMCP Phương Đông,OCB12607,VNĐ,2 Năm,22/06/2026,22/06/2028,643 ngày,2000,1000000000,Coupon,Cố định,Định kỳ - Cuối kỳ,Mua lại,,8.0,Hiệu lực,,,,
3131,26/06/2026,FCN - CTCP FECON,FCN12601,VNĐ,18 Tháng,20/05/2026,20/11/2027,428 ngày,1250,100000000,Coupon,Cố định,Định kỳ - Cuối kỳ,Mua lại,,11.0,Hiệu lực,,,,
3132,25/06/2026,LPB - Ngân hàng Thương mại Cổ phần Lộc Phát Việt Nam (tên cũ: Ngân hàng Thương mại cổ phần Bưu Điện Liên Việt),LPB12605,VNĐ,3 Năm,15/06/2026,15/06/2029,1001 ngày,1000,1000000000,Coupon,Cố định,Định kỳ - Cuối kỳ,Mua lại,,8.6,Hiệu lực,,,,
3133,26/06/2026,TPB - Ngân hàng Thương mại cổ phần Tiên Phong,TPB12601,VNĐ,10 Năm,17/06/2026,17/06/2036,3560 ngày,2000,100000000,Coupon,Thả nổi,Định kỳ - Cuối kỳ,Mua lại,,9.0,Hiệu lực,,,,
3134,23/06/2026,TDLC - CÔNG TY CỔ PHẦN TANDOLAND,TDR12602,VNĐ,60 Tháng,18/06/2026,18/06/2031,1734 ngày,3450,100000000,Coupon,Kết hợp,Định kỳ - Cuối kỳ,Mua lại,,12.0,Hiệu lực,,,,
3135,23/06/2026,VHM - CTCP VINHOMES,VHM12610,VNĐ,36 Tháng,20/06/2026,20/06/2029,1006 ngày,20000,100000000,Coupon,Kết hợp,Định kỳ - Cuối kỳ,Mua lại,,12.5,Hiệu lực,,,,
3136,23/06/2026,VHM - CTCP VINHOMES,VHM12609,VNĐ,36 Tháng,20/06/2026,20/06/2029,1006 ngày,10000,100000000,Coupon,Kết hợp,Định kỳ - Cuối kỳ,Mua lại,,12.5,Hiệu lực,,,,
3137,23/06/2026,VHM - CTCP VINHOMES,VHM12608,VNĐ,38 Tháng,20/06/2026,20/08/2029,1067 ngày,10000,100000000,Coupon,Kết hợp,Định kỳ - Cuối kỳ,Mua lại,,12.5,Hiệu lực,,,,
3138,23/06/2026,VHM - CTCP VINHOMES,VHM12607,VNĐ,38 Tháng,20/06/2026,20/08/2029,1067 ngày,20000,100000000,Coupon,Kết hợp,Định kỳ - Cuối kỳ,Mua lại,,12.5,Hiệu lực,,,,
3139,26/06/2026,OCB - Ngân hàng TMCP Phương Đông,OCB12606,VNĐ,3 Năm,17/06/2026,17/06/2029,1003 ngày,1000,1000000000,Coupon,Cố định,Định kỳ - Cuối kỳ,Mua lại,,8.7,Hiệu lực,,,,
3140,23/06/2026,GPHC - CÔNG TY TNHH GREENLAND PHỐ HOA,GPH12601,VNĐ,36 Tháng,18/06/2026,18/06/2029,1004 ngày,3540,100000000,Coupon,Kết hợp,Định kỳ - Cuối kỳ,Mua lại,,11.0,Hiệu lực,,,,
3141,22/06/2026,BID - Ngân hàng TMCP Đầu tư và Phát triển Việt Nam,BID12605,VNĐ,6 Năm,12/06/2026,12/06/2032,2094 ngày,150,1000000000,Coupon,Thả nổi,Định kỳ - Cuối kỳ,Hoán đổi; Mua lại,,8.1,Hiệu lực,,,,
3142,19/06/2026,MBB - NGÂN HÀNG TMCP QUÂN ĐỘI,MBB12614,VNĐ,10 Năm,09/06/2026,09/06/2036,3552 ngày,1500,100000000,Coupon,Cố định,Định kỳ - Cuối kỳ,Mua lại,,8.4,Hiệu lực,,,,
3143,18/06/2026,LPB - Ngân hàng Thương mại Cổ phần Lộc Phát Việt Nam (tên cũ: Ngân hàng Thương mại cổ phần Bưu Điện Liên Việt),LPB12604,VNĐ,3 Năm,09/06/2026,09/06/2029,995 ngày,100,1000000000,Coupon,Cố định,Định kỳ - Cuối kỳ,Mua lại,,8.6,Hiệu lực,,,,
3144,18/06/2026,ACB - Ngân hàng TMCP Á Châu,ACB12602,VNĐ,2 Năm,09/06/2026,09/06/2028,630 ngày,2000,500000000,Coupon,Cố định,Định kỳ - Cuối kỳ,Mua lại; None,,8.3,Hiệu lực,,,,
3145,16/06/2026,MBB - NGÂN HÀNG TMCP QUÂN ĐỘI,MBB12612,VNĐ,10 Năm,05/06/2026,05/06/2036,3548 ngày,500,100000000,Coupon,Cố định,Định kỳ - Cuối kỳ,Mua lại,,8.3,Hiệu lực,,,,
3146,16/06/2026,HDB - NH TMCP Phát triển thành phố Hồ Chí Minh ( HDBANK),HDB12604,VNĐ,6 Năm,09/06/2026,09/06/2032,2091 ngày,100,1000000000,Coupon,Thả nổi,Định kỳ - Cuối kỳ,Mua lại,,8.6,Hiệu lực,,,,
3147,16/06/2026,BID - Ngân hàng TMCP Đầu tư và Phát triển Việt Nam,BID12604,VNĐ,6 Năm,04/06/2026,04/06/2032,2086 ngày,250,1000000000,Coupon,Thả nổi,Định kỳ - Cuối kỳ,Hoán đổi; Mua lại,,8.1,Hiệu lực,,,,
3148,15/06/2026,TDLC - CÔNG TY CỔ PHẦN TANDOLAND,TDR12601,VNĐ,60 Tháng,04/06/2026,04/06/2031,1720 ngày,3000,100000000,Coupon,Kết hợp,Định kỳ - Cuối kỳ,Mua lại,,12.0,Hiệu lực,,,,
3149,16/06/2026,LPB - Ngân hàng Thương mại Cổ phần Lộc Phát Việt Nam (tên cũ: Ngân hàng Thương mại cổ phần Bưu Điện Liên Việt),LPB12603,VNĐ,3 Năm,03/06/2026,03/06/2029,989 ngày,10,1000000000,Coupon,Cố định,Định kỳ - Cuối kỳ,Mua lại,,8.6,Hiệu lực,,,,
3150,16/06/2026,HCVC - CÔNG TY TÀI CHÍNH TRÁCH NHIỆM HỮU HẠN MỘT THÀNH VIÊN HOME CREDIT VIỆT NAM,HCV12603,VNĐ,24 Tháng,08/06/2026,08/06/2028,629 ngày,350,1000000000,Coupon,Cố định,Định kỳ - Cuối kỳ,,,9.5,Hiệu lực,,,,
3151,15/06/2026,VDS - CTCP Chứng khoán Rồng Việt,VDS12602,VNĐ,1 Năm,12/05/2026,12/05/2027,236 ngày,1289,100000000,Coupon,Cố định,Định kỳ - Cuối kỳ,Mua lại,,9.0,Hiệu lực,,,,
3152,12/06/2026,VPB - NH TMCP VIỆT NAM THỊNH VƯỢNG,VPB12602,VNĐ,3 Năm,08/06/2026,08/06/2029,994 ngày,1000,1000000000,Coupon,Cố định,Định kỳ - Cuối kỳ,Mua lại,,8.6,Hiệu lực,,,,
3153,09/06/2026,TCB - Ngân hàng TMCP Kỹ thương Việt Nam,TCB12612,VNĐ,36 Tháng,05/06/2026,05/06/2029,991 ngày,3000,1000000000,Coupon,Cố định,Định kỳ - Cuối kỳ,Mua lại,,8.5,Hiệu lực,,,,
3154,09/06/2026,TCB - Ngân hàng TMCP Kỹ thương Việt Nam,TCB12611,VNĐ,24 Tháng,05/06/2026,05/06/2028,626 ngày,1500,1000000000,Coupon,Kết hợp,Định kỳ - Cuối kỳ,Mua lại,,8.4,Hiệu lực,,,,
3155,09/06/2026,VCB - NGÂN HÀNG TMCP NGOẠI THƯƠNG VIỆT NAM,VCB12601,VNĐ,10 Năm,02/06/2026,02/06/2036,3545 ngày,400,1000000000,Coupon,Cố định,Khác,Mua lại,,7.9,Hiệu lực,,,,
3156,09/06/2026,VPI - CTCP Phát triển Bất động sản Văn Phú (tên cũ: CTCP Đầu tư Văn Phú - Invest),VPI12603,VNĐ,36 Tháng,02/06/2026,02/06/2029,988 ngày,1500,100000000,Coupon,Kết hợp,Định kỳ - Cuối kỳ,Mua lại,,11.5,Hiệu lực,,,,
3157,08/06/2026,HDB - NH TMCP Phát triển thành phố Hồ Chí Minh ( HDBANK),HDB12603,VNĐ,8 Năm,05/06/2026,05/06/2034,2817 ngày,450,1000000000,Coupon,Thả nổi,Định kỳ - Cuối kỳ,Mua lại,,8.6,Hiệu lực,,,,
3158,09/06/2026,MBB - NGÂN HÀNG TMCP QUÂN ĐỘI,MBB12613,VNĐ,10 Năm,05/06/2026,05/06/2036,3548 ngày,1000,100000000,Coupon,Thả nổi,Định kỳ - Cuối kỳ,Mua lại,,8.3,Hiệu lực,,,,
3159,08/06/2026,TCB - Ngân hàng TMCP Kỹ thương Việt Nam,TCB12609,VNĐ,36 Tháng,04/06/2026,04/06/2029,990 ngày,3000,1000000000,Coupon,Cố định,Định kỳ - Cuối kỳ,Mua lại,,8.4,Hiệu lực,,,,
3160,08/06/2026,TCB - Ngân hàng TMCP Kỹ thương Việt Nam,TCB12610,VNĐ,24 Tháng,04/06/2026,04/06/2028,625 ngày,1500,1000000000,Coupon,Kết hợp,Định kỳ - Cuối kỳ,Mua lại,,8.4,Hiệu lực,,,,
3161,08/06/2026,TSOC - CÔNG TƯ CỔ PHẦN ĐẦU TƯ XÂY DỰNG THÁI SƠN,TSO12604,VNĐ,36 Tháng,03/06/2026,03/06/2029,989 ngày,20000,100000000,Coupon,Cố định,Định kỳ - Cuối kỳ,Mua lại,,12.5,Hiệu lực,,,,
3162,05/06/2026,VPL - CTCP VINPEARL,VPL12601,VNĐ,60 Tháng,03/06/2026,03/06/2031,1719 ngày,49070,100000000,Coupon,Kết hợp,Định kỳ - Cuối kỳ,Mua lại,,12.0,Hiệu lực,,,,
3163,05/06/2026,BID - Ngân hàng TMCP Đầu tư và Phát triển Việt Nam,BID12603,VNĐ,8 Năm,01/06/2026,01/06/2034,2813 ngày,1000,1000000000,Coupon,Thả nổi,Định kỳ - Cuối kỳ,Hoán đổi; Mua lại,,8.15,Hiệu lực,,,,
3164,05/06/2026,BID - Ngân hàng TMCP Đầu tư và Phát triển Việt Nam,BID12602,VNĐ,6 Năm,29/05/2026,29/05/2032,2080 ngày,1000,1000000000,Coupon,Thả nổi,Định kỳ - Cuối kỳ,Hoán đổi; Mua lại,,8.1,Hiệu lực,,,,
3165,05/06/2026,LVCC - Công ty TNHH Lạc Việt Quy Nhơn,LVC12601,VNĐ,12 Tháng,29/05/2026,29/05/2027,253 ngày,2000,100000000,Coupon,Cố định,Định kỳ - Cuối kỳ,Mua lại,,12.5,Hiệu lực,,,,
3166,04/06/2026,ACB - Ngân hàng TMCP Á Châu,ACB12601,VNĐ,5 Năm,29/05/2026,29/05/2031,1714 ngày,300,1000000000,Coupon,Cố định,Định kỳ - Cuối kỳ,Mua lại,,8.0,Hiệu lực,,,,
3167,03/06/2026,BAB - Ngân hàng Thương Mại Cổ Phần Bắc Á,BAB12605,VNĐ,3 Năm,28/05/2026,28/05/2029,983 ngày,2000,1000000000,Coupon,Cố định,Định kỳ - Cuối kỳ,Mua lại,,8.6,Hiệu lực,,,,
3168,03/06/2026,HDB - NH TMCP Phát triển thành phố Hồ Chí Minh ( HDBANK),HDB12602,VNĐ,5 Năm,29/05/2026,29/05/2031,1714 ngày,850,1000000000,Coupon,Cố định,Định kỳ - Cuối kỳ,Mua lại,,8.3,Hiệu lực,,,,
3169,02/06/2026,MBB - NGÂN HÀNG TMCP QUÂN ĐỘI,MBB12610,VNĐ,5 Năm,28/05/2026,28/05/2031,1713 ngày,3000,100000000,Coupon,Cố định,Định kỳ - Cuối kỳ,,,8.3,Hiệu lực,,,,
3170,02/06/2026,MBB - NGÂN HÀNG TMCP QUÂN ĐỘI,MBB12605,VNĐ,10 Năm,28/05/2026,28/05/2036,3540 ngày,15000,100000000,Coupon,Thả nổi,Định kỳ - Cuối kỳ,Mua lại,,8.2,Hiệu lực,,,,
3171,02/06/2026,MBB - NGÂN HÀNG TMCP QUÂN ĐỘI,MBB12611,VNĐ,10 Năm,29/05/2026,29/05/2036,3541 ngày,1000,100000000,Coupon,Cố định,Định kỳ - Cuối kỳ,Mua lại,,8.3,Hiệu lực,,,,
3172,03/06/2026,BID - Ngân hàng TMCP Đầu tư và Phát triển Việt Nam,BID12601,VNĐ,15 Năm,26/05/2026,26/05/2041,5364 ngày,175,1000000000,Coupon,Cố định,Định kỳ - Cuối kỳ,Hoán đổi; Mua lại,,7.7,Hiệu lực,,,,
3173,02/06/2026,VHM - CTCP VINHOMES,VHM12606,VNĐ,36 Tháng,28/05/2026,28/05/2029,983 ngày,10000,100000000,Coupon,Kết hợp,Định kỳ - Cuối kỳ,Mua lại,,12.5,Hiệu lực,,,,
3174,02/06/2026,TSOC - CÔNG TƯ CỔ PHẦN ĐẦU TƯ XÂY DỰNG THÁI SƠN,TSO12603,VNĐ,36 Tháng,29/05/2026,29/05/2029,984 ngày,20000,100000000,Coupon,Cố định,Định kỳ - Cuối kỳ,Mua lại,,12.5,Hiệu lực,,,,
3175,01/06/2026,VHM - CTCP VINHOMES,VHM12605,VNĐ,36 Tháng,28/05/2026,28/05/2029,983 ngày,30000,100000000,Coupon,Kết hợp,Định kỳ - Cuối kỳ,Mua lại,,12.5,Hiệu lực,,,,
3176,01/06/2026,HCVC - CÔNG TY TÀI CHÍNH TRÁCH NHIỆM HỮU HẠN MỘT THÀNH VIÊN HOME CREDIT VIỆT NAM,HCV12602,VNĐ,36 Tháng,27/05/2026,27/05/2029,982 ngày,1000,1000000000,Coupon,Cố định,Định kỳ - Cuối kỳ,,,9.8,Hiệu lực,,,,
3177,01/06/2026,TCB - Ngân hàng TMCP Kỹ thương Việt Nam,TCB12608,VNĐ,24 Tháng,28/05/2026,28/05/2028,618 ngày,500,1000000000,Coupon,Cố định,Định kỳ - Cuối kỳ,Mua lại,,8.4,Hiệu lực,,,,
3178,02/06/2026,LPB - Ngân hàng Thương mại Cổ phần Lộc Phát Việt Nam (tên cũ: Ngân hàng Thương mại cổ phần Bưu Điện Liên Việt),LPB12601,VNĐ,7 Năm,22/05/2026,22/05/2033,2438 ngày,10,1000000000,Coupon,Thả nổi,Định kỳ - Cuối kỳ,Mua lại,,8.5,Hiệu lực,,,,
3179,29/05/2026,OCB - Ngân hàng TMCP Phương Đông,OCB12605,VNĐ,2 Năm,28/05/2026,28/05/2028,618 ngày,1000,1000000000,Coupon,Cố định,Định kỳ - Cuối kỳ,Mua lại,,8.6,Hiệu lực,,,,
3180,29/05/2026,OCB - Ngân hàng TMCP Phương Đông,OCB12604,VNĐ,3 Năm,26/05/2026,26/05/2029,981 ngày,1000,1000000000,Coupon,Cố định,Định kỳ - Cuối kỳ,Mua lại,,8.5,Hiệu lực,,,,
3181,29/05/2026,TCB - Ngân hàng TMCP Kỹ thương Việt Nam,TCB12607,VNĐ,3 Năm,27/05/2026,27/05/2029,982 ngày,3500,1000000000,Coupon,Cố định,Định kỳ - Cuối kỳ,Mua lại,,8.4,Hiệu lực,,,,
3182,29/05/2026,SCMC - CÔNG TY CỔ PHẦN ĐẦU TƯ SCOMMERCE,SCM12601,VNĐ,7 Năm,22/05/2026,22/05/2033,2438 ngày,5800,100000000,Coupon,Cố định,Định kỳ - Cuối kỳ,,,6.7,Hiệu lực,,,,
3183,28/05/2026,TREC - CÔNG TY CỔ PHẦN NĂNG LƯỢNG TÁI TẠO TRUNG NAM,TRE32602,VNĐ,1 Năm,18/05/2026,18/05/2027,242 ngày,1730,100000000,Coupon,Kết hợp,Một lần khi đến hạn,Mua lại,,10.7,Hiệu lực,,,,
3184,28/05/2026,MBB - NGÂN HÀNG TMCP QUÂN ĐỘI,MBB12609,VNĐ,10 Năm,26/05/2026,26/05/2036,3538 ngày,2000,100000000,Coupon,Cố định,Định kỳ - Cuối kỳ,Mua lại,,8.3,Hiệu lực,,,,
3185,27/05/2026,TSOC - CÔNG TƯ CỔ PHẦN ĐẦU TƯ XÂY DỰNG THÁI SƠN,TSO12602,VNĐ,36 Tháng,15/05/2026,15/05/2029,970 ngày,20000,100000000,Coupon,Cố định,Định kỳ - Cuối kỳ,Mua lại,,12.5,Hiệu lực,,,,
3186,27/05/2026,EVF - Công ty Tài chính Tổng hợp Cổ phần Điện Lực (Tên cũ: Công ty Tài chính cổ phần Điện Lực),EVF12602,VNĐ,8 Năm,20/05/2026,20/05/2034,2801 ngày,5500,100000000,Coupon,Cố định,Định kỳ - Cuối kỳ,Mua lại,,8.5,Hiệu lực,,,,
3187,27/05/2026,HCVC - CÔNG TY TÀI CHÍNH TRÁCH NHIỆM HỮU HẠN MỘT THÀNH VIÊN HOME CREDIT VIỆT NAM,HCV12601,VNĐ,36 Tháng,20/05/2026,20/05/2029,975 ngày,150,1000000000,Coupon,Cố định,Định kỳ - Cuối kỳ,,,9.8,Hiệu lực,,,,
3188,27/05/2026,OCB - Ngân hàng TMCP Phương Đông,OCB12603,VNĐ,3 Năm,21/05/2026,21/05/2029,976 ngày,1000,1000000000,Coupon,Cố định,Định kỳ - Cuối kỳ,Mua lại,,8.6,Hiệu lực,,,,
3189,26/05/2026,TCB - Ngân hàng TMCP Kỹ thương Việt Nam,TCB12606,VNĐ,3 Năm,22/05/2026,22/05/2029,977 ngày,2000,1000000000,Coupon,Cố định,Định kỳ - Cuối kỳ,Mua lại,,8.4,Hiệu lực,,,,
3190,25/05/2026,VHM - CTCP VINHOMES,VHM12603,VNĐ,36 Tháng,11/05/2026,11/05/2029,966 ngày,20000,100000000,Coupon,Kết hợp,Định kỳ - Cuối kỳ,Mua lại,,12.5,Hiệu lực,,,,
3191,25/05/2026,TREC - CÔNG TY CỔ PHẦN NĂNG LƯỢNG TÁI TẠO TRUNG NAM,TRE32601,VNĐ,4 Năm,18/05/2026,18/05/2030,1338 ngày,19300,100000000,Coupon,Kết hợp,Một lần khi đến hạn,Mua lại,,10.7,Hiệu lực,,,,
3192,27/05/2026,MBB - NGÂN HÀNG TMCP QUÂN ĐỘI,MBB12608,VNĐ,3 Năm,21/05/2026,21/05/2029,976 ngày,30000,100000000,Coupon,Cố định,Định kỳ - Cuối kỳ,Mua lại,,8.3,Hiệu lực,,,,
