STT,Tên doanh nghiệp,Tên viết tắt,Loại hình doanh nghiệp,Lĩnh vực hoạt động,Vốn điều lệ (VND),Website,Điện thoại,Fax,Địa chỉ trụ sở,Tên người đại diện theo pháp luật,Đơn vị XHTN gần nhất,Kết quả XHTN gần nhất,Ngày hiệu lực
1,17CC - Công ty TNHH MTV 17,"17.CO.,LTD",Công ty trách nhiệm hữu hạn,Xây dựng,40000000000,http://tcttruongson.vn/,2436864980,2438615610,"Km12+500 đường Ngọc Hồi, xã Ngũ Hiệp, H. Thanh Trì, TP. Hà Nội",,,,
2,3CIC - Công ty Cổ phần Máy tính - Truyền thông - Điều khiển 3C,3C INC,Công ty cổ phần,Lĩnh vực khác,50000000000,www.3c.com.vn,2437331699,2438433316,"Số 149D phố Yên Phụ, Phường Tây Hồ, Thành phố Hà Nội, Việt Nam",Đỗ Duy Hưng,,,
3,492C - Công ty TNHH MTV 492,"492 CO.,LTD",Công ty trách nhiệm hữu hạn,Xây dựng,50000000000,tcttruongson.vn,2436414295,2436414083,"Tổ 10 Vạn Phúc, phường Hà Đông, Hà Nội",Phạm Hữu Lợi; Phạm Văn Tam; Trần Hải Bắc,,,
4,AAA - Công ty cổ phần Nhựa An Phát Xanh,"An Phat Bioplastics.,JSC",Công ty cổ phần,Sản xuất,3.26434E+12,http://anphatbioplastics.com,2203755997,2203755998,"Lô CN11+CN12, cụm Công nghiệp An Đông, thị trấn Nam Sách, huyện Nam Sách, tỉnh Hải Dương",,,,
5,AACC - CTCP xây dựng kiến trúc AA,CONG TY AA,Công ty cổ phần,Xây dựng,6.5E+11,www.,2862875111,2862875110,"199C Nguyễn Văn Hưởng, Phường Thảo Đièn, Thành phố Thủ Đức, Thành phố Hồ Chí Minh, Việt Nam",,,,
6,AAS - Công ty Cổ phần Chứng khoán SmartInvest,SISC,Công ty cổ phần,Kinh doanh chứng khoán,2.3E+12,https://www.aas.com.vn/,2435739769,2435739769,"Số 220+222+224 Phố Nguyễn Lương Bằng, phường Quang trung, quận Đống Đa, Hà Nội",Ngô Thị Thùy Linh,,,
7,AAV - Công ty Cổ phần Việt Tiên Sơn Địa Ốc,"VTSRE.,HC",Công ty cổ phần,Bất động sản,3.66562E+11,viettienson.com,2206296583,2206266373,"Tòa nhà Việt Tiên Sơn, Khu dân cư phía Đông đường Yết Kiêu, phường Cộng Hòa, thành phố Chí Linh, tỉnh Hải Dương",Nguyễn Thanh Hải; Phạm Quang Khánh,,,
8,ABAC - CTCP giải pháp thương mại ABA,ABA CORP,Công ty cổ phần,Lĩnh vực khác,1.52177E+11,www.aba.com.vn,2873028882,2873028882,"Lầu 4, 51 Trần Phú, Phường 04, Quận 5 - TP. Hồ Chí Minh",,,,
9,ABB - Ngân hàng TMCP An Bình (ABBANK),ABBANK,Công ty cổ phần,Tổ chức tín dụng,1.39721E+13,http://www.abbank.vn,2437612888,2435190416,"Tầng 1, 2, 3 Tòa nhà Geleximco, Số 36 Hoàng Cầu, Phường Ô Chợ Dừa, Thành phố Hà Nội, Việt Nam",Lê Mạnh Hùng; Phạm Duy Hiếu,Công ty cổ phần Xếp hạng Tín nhiệm Đầu tư Việt Nam (VIS Ratings),A-,22/10/2025
10,ABGC - CÔNG TY CỔ PHẦN ABG HÀ NỘI,"ABG HA NOI.,JSC",Công ty cổ phần,Bất động sản,39000000000,Không có,969237595,969237595,"Số 6 ngõ 250/39/45 Kim Giang, Phường Đại Kim, Quận Hoàng Mai, Thành phố Hà Nội, Việt Nam",,,,
11,ABSC - Công ty Cổ phần Chứng khoán An Bình,ABSC,Công ty cổ phần,Kinh doanh chứng khoán,1011500000,https://www.abs.vn/,2435624626,2435624628,"Tầng 16, Tòa nhà Geleximco, 36 Hoàng Cầu, Quận Đống Đa, TP.Hà Nội",Nhâm Hà Hải; Nhâm Hà Hải; Trương Ngọc Lân,,,
12,ACB - Ngân hàng TMCP Á Châu,Ngân hàng Á Châu (ACB),Công ty cổ phần,Tổ chức tín dụng,5.13666E+13,http://www.acb.com.vn/,(08) 3929 0999,(08) 3839 9885,"442 Nguyễn Thị Minh Khai, Phường 5, Quận 3, Tp. HCM",Từ Tiến Phát; Từ Tiến Phát,Công ty cổ phần FiinRatings (FiinRatings),AA+,9/3/2026
13,ACBC - Công ty TNHH Chứng khoán ACB,ACBS,Công ty trách nhiệm hữu hạn,Kinh doanh chứng khoán,1.1E+13,https://www.acbs.com.vn,2873007000,2873003751,"Tầng 3, Tòa nhà Léman Luxury, 117 Nguyễn Đình Chiểu, Phường Xuân Hòa, TP. HCM",Nguyễn Đức Thái Hân; Đỗ Minh Toàn,,,
14,ACC - Công ty Cổ phần Đầu Tư và Xây Dựng Bình Dương ACC,Binh Duong ACC,Công ty cổ phần,Xây dựng,3E+11,www.becamexacc.com.vn,2743567200,274356 7201,"Lô D_3_CN, đường N7, KCN Mỹ Phước, Phường Mỹ Phước, Thị xã Bến Cát, Tỉnh Bình Dương, Việt Nam",,,,
15,ADEC - Công ty Cổ phần ADEC,ADEC JSC,Công ty cổ phần,Bất động sản,5.23013E+11,adecland.com.vn,2862760295,0,"Tầng 6, Tòa nhà Smart View, 161A (1 phần) – 163 – 165 Đường Trần Hưng Đạo, Phường Cô Giang, Quận 1, Thành phố Hồ Chí Minh, Việt Nam",Nguyễn Ngọc Quỳnh Như,,,
16,ADGC - CTCP TẬP ĐOÀN ĐẦU TƯ AN ĐÔNG,AN DONG CORP,Công ty cổ phần,"Thương mại, dịch vụ",9000000000,www.andongcorp.com,2838336688,2838336688,"18 AN DƯƠNG VƯƠNG, P9, Q 5, TP HỒ CHÍ MINH",KWOK HAKMAN OLIVER,,,
17,ADS - CÔNG TY CỔ PHẦN DAMSAN,DAMSAN JSC,Công ty cổ phần,Sản xuất,7.63947E+11,http://damsanjsc.vn/,0227364 3826,0227364 2312,"Lô A4, đường Bùi Viện, khu công nghiệp Nguyễn Đức Cảnh, Phường Trần Hưng Đạo, Thành phố Thái Bình, Tỉnh Thái Bình, Việt Nam",Vũ Huy Đông,,,
18,AECC - Công ty cổ phẩn Anh ngữ APax,"Apax English.,Corp",Công ty cổ phần,"Thương mại, dịch vụ",6.1196E+11,www.apaxenglish.com,2473068800,2473068811,"149, Trung Kính, Phường Yên Hòa, Quận Cầu Giấy, Tp.Hà Nội",Nguyễn Ngọc Thủy,,,
19,AGG - CÔNG TY CỔ PHẦN ĐẦU TƯ VÀ PHÁT TRIỂN BẤT ĐỘNG SẢN AN GIA,AN GIA,Công ty cổ phần,Bất động sản,1.62528E+12,www.angia.com.vn,2839303366,2839303395,"60 Nguyễn Đình Chiểu, Phường Đa Kao, Quận 1, TP Hồ Chí Minh",NGUYỄN BÁ SÁNG,,,
20,AGHC - CÔNG TY TNHH PHÁT TRIỂN BẤT ĐỘNG SẢN AN GIA HƯNG,AGH,Công ty trách nhiệm hữu hạn,Bất động sản,2.50005E+12,0,938485358,0,"Phòng 702A, Tầng 7, Toà nhà Centre Point, 106 Nguyễn Văn Trỗi, Phường Phú Nhuận, TP. Hồ Chí Minh, Việt Nam",Đỗ Trịnh Tuyết Trinh,Công ty cổ phần Sài Gòn Phát Thịnh Ratings (Saigon Ratings),vnB-,20/04/2026
21,AGM - Công ty cổ phần Xuất nhập khẩu An Giang,ANGIMEX,Công ty cổ phần,Sản xuất,1.82E+11,www.angimex.com.vn,2963844920,2963844669,"Số 01 Ngô Gia Tự, Phường Mỹ Long, Thành phố Long Xuyên, Tỉnh An Giang",Huỳnh Thanh Tùng; Huỳnh Thanh Tùng; Võ Thanh Bào,,,
22,AHBC - CÔNG TY TNHH AQUA CITY HÒA BÌNH,"AQUA CITY HOA BINH CO.,LTD",Công ty trách nhiệm hữu hạn,Bất động sản,6.6E+11,casadelrio.com.vn,969266165,2437669863,"Xóm Trung, Phường Hòa Bình, Tỉnh Phú Thọ, Việt Nam",Bùi Thế Vinh,,,
23,AHCC - Công ty Cổ phần Kiểm định Xây dựng An Hòa,AHCV,Công ty cổ phần,Xây dựng,65000000000,anhoaahcv.com.vn,2835178869,2835178867,"109 đường Trần Nguyên Đán, Phường 1, Quận Bình Thạnh, Thành phố Hồ Chí Minh",Lê Thanh Tùng,,,
24,AIEC - Công ty Cổ phần Giáo dục quốc tế Mỹ AIS,AIEC,Công ty cổ phần,"Thương mại, dịch vụ",1E+12,tri.nguyen@ais.edu.vn,2839453945,2839453945,"220 Nguyễn Văn Tạo, Xã Long Thới, Huyện Nhà Bè, Thành phố Hồ Chí Minh.",,,,
25,AISC - CÔNG TY CỔ PHẦN CHỨNG KHOÁN AIS,AIS,Công ty cổ phần,Kinh doanh chứng khoán,1.5E+12,https://www.aisec.com.vn/,024 7308 8189,024 3212 1615,"Tầng 10 Tòa nhà Hoarison Tower 40 Cát Linh, P. Cát Linh, Q. Đống Đa, HN",Nguyễn Ngô Thị Thu Phương,,,
26,AKHC - Công ty cổ phần Đầu tư An Khải Hưng,AKH Investment JSC,Công ty cổ phần,Bất động sản,1.5E+11,www.ankhaihung.vn,908352068,2836369636,"L17-11, tầng 17, tòa nhà Vincom Center, 72 Lê Thánh Tôn, phường Bến Nghé, quận 1, TP. Hồ Chí Minh",Huỳnh Trọng Nghĩa,,,
27,AKPC - Công ty cổ phần nhiệt điện An Khánh - Bắc Giang,An Khanh Thermal Power JSC,Công ty cổ phần,Năng lượng,4.25E+12,nhietdienankhanhbacgiang.com.vn,913552139,02043 693268,Thôn Dăm - Xã Cẩm Lý - Tỉnh Bắc Ninh,TRẦN HỒNG KỲ,,,
28,AKRC - CÔNG TY TNHH PHÁT TRIỂN BẤT ĐỘNG SẢN AN KHANG,AKRC,Công ty trách nhiệm hữu hạn,Bất động sản,7.5E+11,0,938485358,0,"315 Nam Kì Khởi Nghĩa, phường Võ Thị Sáu, Quận 3, TP.HCM",Nguyễn Quốc Hiển,,,
29,ALIC - Công ty Cổ phần Air Link,ALIC,Công ty cổ phần,Bất động sản,3.6E+11,congtyairlink.com,+84 28 3915 8863,+84 28 3915 8863,"66 Phó Đức Chính, Phường Nguyễn Thái Bình, Quận 1, Thành Phố Hồ Chí Minh, Việt Nam",Võ Thanh Sơn,,,
30,ALMC - Công ty TNHH Khu Du lịch Vịnh Thiên Đường,"PBR CO., LTD",Công ty trách nhiệm hữu hạn,"Thương mại, dịch vụ",8E+11,alma.vn,2439741675,2439741677,"Tầng 9, Tòa nhà Gold Coast, Số 01 Trần Hưng Đạo, Phường Lộc Thọ, Thành phố Nha Trang, Tỉnh Khánh Hòa, Việt Nam",Nguyễn Hồng Thắm,,,
31,ALPC - CÔNG TY CỔ PHẦN ĐẦU TƯ ALPHANAM,ALPHANAM INVEST,Công ty cổ phần,Lĩnh vực khác,1.87484E+12,alphanam.com.vn,2213980386,2213980385,"Khu Công nghiệp Phố Nối A, Xã Trưng Trắc, Huyện Văn Lâm, Tỉnh Hưng Yên, Việt Nam",Nguyễn Minh Nhật; Nguyễn Ngọc Mỹ,,,
32,ALSC - Công ty CP Logistics Hàng Không,ALS corp,Công ty cổ phần,"Thương mại, dịch vụ",9.0272E+11,https://als.com.vn/,2437953838,2437953939,"Tầng 4, Ga hàng hóa ALS Cảng hàng không quốc tế Nội bài, xã Phú Minh, Huyện Sóc Sơn, TP.Hà Nội",,,,
33,ANCC - Công ty Cổ phần Dinh Dưỡng Nông Nghiệp Quốc tế,ANCO JSC,Công ty cổ phần,Sản xuất,1.214E+12,https://anco.com.vn/,0251 3968 175,0251 3968 176,"Lô A4, Đường số 4, Khu Công nghiệp Sông Mây, Xã Bắc Sơn, Huyện Trảng Bom, Tỉnh Đồng Nai, Việt Nam",,,,
34,ANPC - Công ty Cổ phần Apec Finance (tên cũ: Công ty Cổ phần đầu tư Anpha),Công ty Cổ phần Apec Finance,Công ty cổ phần,Bất động sản,3E+11,apecgroup.net,2435730200,2435771966,"Tầng 16, tòa nhà Charmvit Tower, số 117, Trần Duy Hưng, P.Trung Hòa, Q.Cầu Giấy, Hà Nội",Trần Thị Đạt; Trần Thị Đạt,,,
35,AP1C - Công ty CP Khu Công nghiệp Kỹ Thuật Cao An Phát 1,An Phat High-Tech IP No1,Công ty cổ phần,Bất động sản,3.75E+11,không có,989060878,0,"Khu công nghiệp An Phát 1- Km72, Quốc Lộ 37, Xã An Bình, Huyện Nam Sách, Tỉnh Hải Dương, Việt Nam",,,,
36,APAC - CTCP AN PHÁT FINANCE,"AN PHAT FINANCE., JSC",Công ty cổ phần,"Thương mại, dịch vụ",10000000000,Không có,396332692,396332692,"Khu Công Nghiệp KT cao An Phát, KM47, Quốc Lộ 5, Phường Việt Hòa, TP Hải Dương, tỉnh Hải Dương",,,,
37,APBC - CTCP Đầu tư - Phát triển đô thị Ân Phú,ÂN PHÚ,Công ty cổ phần,Bất động sản,2.5E+11,anphudn.vn,911237997,911237997,"28 Phan Bội Châu, Phường Bàn Thạch, Thành phố Đà Nẵng",NGUYỄN QUỐC TRƯỜNG,,,
38,APCC - Công ty Cổ phần Thương mại Công nghệ An Phát,"AP.,JSC",Công ty cổ phần,"Thương mại, dịch vụ",1.11E+11,www.anphat.biz.vn,2437753279,2438350134,"Số 5, ngõ 82 Duy Tân, phường Dịch Vọng Hậu, Cầu giấy, Hà Nội",NGUYỄN MẠNH HÀ,,,
39,APEC - Công ty TNHH An Phú Cần Thơ,APEC,Công ty trách nhiệm hữu hạn,Bất động sản,3.2E+11,https://apland.vn/,987698995,2113847188,"Thửa đất số 4357, Tờ bản đồ số 2, DA Chỉnh trang và PTĐT An Phú Cần Thơ, Đường Lê Hồng Nhi, Phường Ba Láng, Quận Cái Răng, Thành phố Cần Thơ, Việt Nam.",Vương Thân Vũ; Vương Thân Vũ; Vương Xuân Vũ,,,
40,APG - Công ty Cổ phần Chứng khoán APG,APG,Công ty cổ phần,Kinh doanh chứng khoán,2.23622E+12,www.apsi.vn,(84-28) 3769 6666,2439410323,"Tòa nhà văn phòng OSC Việt Nam, số 161 Võ Văn Tần, Phường Xuân Hòa, Thành phố Hồ Chí Minh",Trần Thiên Hà,Công ty cổ phần FiinRatings (FiinRatings),BB-,25/08/2025
41,APGC - CTCP Tập đoàn Apec Group,"APEC GROUP .,JSC",Công ty cổ phần,Bất động sản,1E+12,apecgroup.net,2435730200,2435771966,"TẦNG 3, TTTM GRAND PLAZA, SỐ 117 TRẦN DUY HƯNG, P. YÊN HÒA, HÀ NỘI.",Trần Thị Đạt,,,
42,APH - CTCP TẬP ĐOÀN AN PHÁT HOLDINGS,AN PHAT HOLDING,Công ty cổ phần,Lĩnh vực khác,2.43884E+12,www.anphatholdings.com,(024) 3206 1199,(024) 3206 1199,"LÔ CN11 - CN 12, CỤM CÔNG NGHIỆP AN ĐỒNG, HUYỆN NAM SÁCH, TỈNH HẢI DƯƠNG",,,,
43,APHC - Công ty Cổ phần Apec Land Huế,"APH., JSC",Công ty cổ phần,Bất động sản,1.69E+11,,2343882882,2343882881,"Tầng 3, Tòa nhà 28 đường Lý Thường Kiệt, P. Vĩnh Ninh, Tp. Huế, TT Huế.",Hồ Xuân Vinh,,,
44,API - CTCP Đầu tư Châu Á - Thái Bình Dương,APEC investment,Công ty cổ phần,Bất động sản,3.822E+11,www.apeci.com.vn,435771983,435771985,"Tầng 3, tòa nhà Grand Plaza, số 117 Trần Duy Hưng, Phường Trung Hòa, Quận Cầu Giấy, TP.Hà Nội",,,,
45,APPC - Công ty cổ phần Khu công nghiệp Kỹ thuật cao An Phát,"An Phat High-Tech IP ., JSC",Công ty cổ phần,Bất động sản,1.00822E+12,anphatcomplex.com,2203896767,2203896767,"KHU CÔNG NGHIỆP KỸ THUẬT CAO AN PHÁT, KM47, QUỐC LỘ 5, PHƯỜNG VIỆT HÒA, TP HẢI DƯƠNG, TỈNH HẢI DƯƠNG",,,,
46,APRC - CTCP VẬT TƯ NÔNG SẢN,APROMACO,Công ty cổ phần,Sản xuất,2.58429E+11,apromaco.vn,24338232688,24338434913,"SỐ 14 PHỐ NGÔ TẤT TỐ, P VĂN MIẾU - QUỐC TỬ GIÁM , TP HÀ NỘI",Nguyễn Tiến Dũng,,,
47,APS - Công ty Cổ phần Chứng khoán Châu Á Thái Bình Dương,APS,Công ty cổ phần,Kinh doanh chứng khoán,8.3E+11,www.apec.com.vn,2435730200,2435771966,"Tầng 03, tòa nhà Grand Plaza, số 117 đường Trần Duy Hưng, phường Yên Hòa, thành phố Hà Nội",Nguyễn Đỗ Lăng,,,
48,APSC - CÔNG TY CỔ PHẦN CHỨNG KHOÁN ALPHA,APSC,Công ty cổ phần,Kinh doanh chứng khoán,5.27575E+11,https://apsc.vn,2439334666,2439334668,"Tầng 5, 14 Láng Hạ, phường Giảng Võ, thành phố Hà Nội, Việt Nam",Nguyễn Anh Trung; Nguyễn Hoàng Nam,,,
49,AQ1C - CÔNG TY CỔ PHẦN NƯỚC AQUA ONE,AQUA ONE WATER CORP,Công ty cổ phần,Lĩnh vực khác,2.31E+12,https://aquaone.vn/vi,369582582,839900652,"72/38 Ngô Tất Tố, Phường Thạnh Mỹ Tây, Thành phố Hồ Chí Minh, Việt Nam.",LÊ MINH CHÍ,Công ty cổ phần Xếp hạng Tín nhiệm Đầu tư Việt Nam (VIS Ratings),BBB+,24/12/2025
50,AQCC - Công ty TNHH Dịch vụ và Tư vấn xây dựng Anh Quân,Anh Quân,Công ty trách nhiệm hữu hạn,Bất động sản,3.35E+11,anhquan.ltd2023@gmail.com,329522068,329522068,"Số 4 Hẻm 194/55/1 Thôn Yên Khê, Xã Phù Đổng, Thành Phố Hà Nội",ĐẶNG VĂN QUYNH,,,
51,ASG - CTCP Tập đoàn ASG,"ASG.,CORP",Công ty cổ phần,"Thương mại, dịch vụ",9.07847E+11,https://asg.net.vn,2437616688,2437726886,"KHU DỊCH VỤ LOGISTICS, CẢNG HÀNG KHÔNG QUỐC TẾ NỘI BÀI, XÃ NỘI BÀI, HUYỆN SÓC SƠN, HÀ NỘI",,,,
52,ASPC - CÔNG TY TNHH CÔNG VIÊN CHÂU Á,APC,Công ty trách nhiệm hữu hạn,"Thương mại, dịch vụ",1.49369E+13,,2363681666,2363681666,"01 Phan Đăng Lưu, Phường Hòa Cường, Thành phố Đà Nẵng, Việt Nam",Phùng Phạm Thanh Thúy,,,
53,ATDC - CTCP KẾT CẤU THÉP ATAD ĐỒNG NAI,ATAD DONG NAI,Công ty cổ phần,Sản xuất,2E+11,WWW.ATAD.COM.VN,2838336899,2838336105,"LÔ F, KCN LONG KHÁNH, XÃ BÌNH LỘC, TP LONG KHÁNH, TỈNH ĐỒNG NAI",,,,
54,ATGC - CTCP ĐẦU TƯ THƯƠNG MAI VÀ PHÁT TRIỂN AN TƯỜNG,AN TUONG,Công ty cổ phần,Lĩnh vực khác,1.8E+11,trong,2839303366,2839303395,"30 Nguyễn Thị Diệu, Phường 06, Quận 3, Thành phố Hồ Chí Minh",NGUYỄN HƯƠNG GIANG,,,
55,ATHC - CÔNG TY TNHH DỊCH VỤ THƯƠNG MẠI TỔNG HỢP AN THỊNH,AN THINH,Công ty trách nhiệm hữu hạn,Bất động sản,2.90625E+12,không có,325300988,0,"Ô SỐ G35, LÔ BIỆT THỰ BT7, KDT MỚI VIỆT HƯNG, PHƯỜNG VIỆT HƯNG, Q LONG BIÊN, HÀ NỘI",Nguyễn Thị Lê Phan,Công ty cổ phần Sài Gòn Phát Thịnh Ratings (Saigon Ratings),vnBB,21/05/2025
56,ATIC - CÔNG TY CỔ PHẦN ARTEMIS INVESTMENT,ARTEMIS INVESTMENT,Công ty cổ phần,Lĩnh vực khác,8.5E+11,Long.NP@artemisinvestment.com.vn,2862680680,2862680680,"27C Quốc Hương, Phường Thảo Điền, Thành phố Thủ Đức, Thành phố Hồ Chí Minh, Việt Nam",MAI HẢI ĐĂNG,,,
57,ATKC - Công ty CP Ataka Việt Nam,ATK,Công ty cổ phần,Lĩnh vực khác,1E+12,khong co,978288213,12345678,"Tầng 1, Tòa nhà ONE 18, Số 19/298 phố Ngọc Lâm, Phường Ngọc Lâm, Quận Long Biên, Thành phố Hà Nội, Việt Nam",Nguyễn Quý Lâm,,,
58,ATLC - Công ty TNHH Đầu tư cao su An Thịnh,AN THINH RUBBER INVESTMENT COMPANY LIMITED,Công ty trách nhiệm hữu hạn,Lĩnh vực khác,30000000000,.,562309968,562309968,"Số 1, Đường N3, Khu phố Ích Thạnh, Phường Trường Thạnh, Thành phố Thủ Đức, Hồ Chí Minh, Việt Nam",Nguyễn Công Thành,,,
59,ATSC - CÔNG TY CỔ PHẦN THƯƠNG MẠI VÀ DỊCH VỤ KỸ THUẬT NỘI BÀI,"ATSC.,JSC",Công ty cổ phần,Bất động sản,3.6E+11,www.nts.net.vn,02435 832268,02435 832269,"Thôn Tân Phú, Xã Nội Bài, TP Hà Nội, Việt Nam",Khổng Minh Dũng,,,
60,AVIC - Công ty cổ phần Đầu tư và Phát triển Hạ tầng An Việt,An Viet IID JSC,Công ty cổ phần,Bất động sản,5E+11,0,2439755666,0,"Ô 27 khu 7,2 ha, tổ 17, cụm 3, phường Vĩnh Phúc, quận Ba Đình, TP Hà Nội",Ngô Văn Chánh,,,
61,AVNC - CÔNG TY CỔ PHẦN AAC VIỆT NAM,"AAC VIET NAM., CORP.",Công ty cổ phần,Bất động sản,6.0005E+11,không có,984414901,2439724091,"Tầng 26, Tòa tháp A, số 54A, Nguyễn Chí Thanh, Phường Láng, Thành phố Hà Nội",VŨ THỊ TIÊN LỮ,Công ty cổ phần Sài Gòn Phát Thịnh Ratings (Saigon Ratings),vnBBB-,8/4/2025
62,AVPC - Công ty TNHH MTV Năng lượng An Việt Phát,AVP,Công ty trách nhiệm hữu hạn,Sản xuất,8E+11,https://anvietenergy.com/,(028) 3636 4828,2836364881,"Cụm công nghiệp vật liệu xây dựng, ấp Thanh Hóa (trong khuôn viên Công ty TNHH Hưng Nguyên Phát), Xã Hố Nai 3, Huyện Trảng Bom, Tỉnh Đồng Nai, Việt Nam",,,,
63,AVTC - CÔNG TY TRÁCH NHIỆM HỮU HẠN ALLGREEN - VƯỢNG THÀNH - TRÙNG DƯƠNG,ALLGREEN - VUONG THANH - TRUNG DUONG,Công ty trách nhiệm hữu hạn,Bất động sản,8.6E+11,tdggroup.vn,2543527575,2543524813,"184 đường Phan Chu Trinh, Phường 2, Thành phố Vũng Tàu, Tỉnh Bà Rịa - Vũng Tàu, Việt Nam",BÙI NGỌC TUẤN,Công ty cổ phần Sài Gòn Phát Thịnh Ratings (Saigon Ratings),vnBB+,9/8/2024
64,AZDC - CTCP MUA BÁN NỢ AZURA,AZR DEBT,Công ty cổ phần,Lĩnh vực khác,1.65E+11,khong co,989208175,0,"D5 Tầng 3, P2-10 Eastern Park, KĐT Garden City, P Thạch Bàn, Q Long Biên, Hà Nội",Nguyễn Thị Thu Hồng,,,
65,AZRC - CTCP AZURA,AZURA JOINT STOCK COMPANY,Công ty cổ phần,Lĩnh vực khác,1.725E+12,không có,904211211,904211211,"số 63 Gia Thượng, Ngọc Thụy, Long Biên, Hà Nội",Dương Thành Trung,,,
66,BAB - Ngân hàng Thương Mại Cổ Phần Bắc Á,BAC A BANK,Công ty cổ phần,Tổ chức tín dụng,1.07214E+13,https://www.baca-bank.vn/,2383844277,2383841757,"Số 117 Đường Quang Trung, Phường Thành Vinh, Tỉnh Nghệ An, Việt Nam",,Công ty cổ phần FiinRatings (FiinRatings),A-,1/10/2025
67,BAF - Công ty Cổ phần Nông nghiệp BAF Việt Nam,"BAF.,JSC",Công ty cổ phần,Sản xuất,1.4352E+12,baf.vn,961789371,0,"62 đường Song Hành, Xa lộ Hà Nội, Phường An Phú, TP.Thủ Đức, Tp.HCM, Việt Nam",Bùi Hương Giang,,,
68,BBCC - Công ty TNHH Một thành viên Đầu tư và Phát triển BB,"BB ID CO.,LTD",Công ty trách nhiệm hữu hạn,Bất động sản,2.5E+11,Không có,439260356,439260356,"Số 17A, phố Trần Hưng Đạo, phường Phan Chu Trinh, quận Hoàn Kiếm, TP Hà Nội",Đặng Thị Ngọc Bích,,,
69,BBPC - CTCP BB Power Holdings,BBPH,Công ty cổ phần,Lĩnh vực khác,1.95E+12,www.binhminhland.com,2835142548,2835142547,"A203, THÁP THE MANOR, ĐƯỜNG MỄ TRÌ, PHƯỜNG MỸ ĐÌNH 1, QUẬN NAM TỪ LIÊM, HÀ NỘI",Trần Huy Hoàng,,,
70,BCG - CTCP BAMBOO CAPITAL,BCG,Công ty cổ phần,Lĩnh vực khác,8.80211E+12,http://bamboocap.com.vn,2862680680,2862991188,"27C Quốc Hương, Phường Thảo Điền, TP. Thủ Đức, TP. HCM",Hồ Viết Thùy,,,
71,BCLC - Công ty Cổ phần BCG LAND,BCG LAND,Công ty cổ phần,Bất động sản,4.6E+12,https://www.bcgland.com.vn,(028) 2221 6868,(028) 2200 3168,"22A Đường số 7, Phường An Phú,Thành phố Thủ Đức,Thành Phố Hồ Chí Minh",NGUYỄN CHÂU DIỆU ÂN; Nguyễn Hoàng Tiến; Nguyễn Hồ Nam; Phạm Đại Nghĩa,,,
72,BCM - TẬP ĐOÀN ĐẦU TƯ VÀ PHÁT TRIỂN CÔNG NGHIỆP BECAMEX-CTCP (tên cũ: TỔNG CÔNG TY ĐẦU TƯ VÀ PHÁT TRIỂN CÔNG NGHIỆP - CTCP,BECAMEX GROUP,Công ty cổ phần,Bất động sản,1.035E+13,www.becamex.com.vn,2743822655,2743822713,"Tầng 10, Tòa nhà mPlaza Sài gòn, số 39 Lê Duẩn, Phường Sài Gòn, TP.HCM",,Công ty cổ phần Xếp hạng Tín nhiệm Đầu tư Việt Nam (VIS Ratings),A,1/8/2025
73,BCMC - CTCP Phát triển hạ tầng kỹ thuật Becamex-Bình Phước,BECAMEX - BINH PHUOC,Công ty cổ phần,Bất động sản,2.69838E+12,http://becamexbinhphuoc.com.vn/,2713640079,2713640080,"Quốc lộ 14, Tổ 8, Khu phố 3, Phường Chơn Thành, Tỉnh Đồng Nai",Nguyễn Thanh Nhã; Đặng Văn Dũng,,,
74,BDCC - Tổng công ty Xây dựng Bạch Đằng,BDCC,Công ty cổ phần,Xây dựng,5.17359E+11,bachdanggroup.com,2253856251,2253856451,"SỐ 268 TRẦN NGUYÊN HÃN, P NIỆM NGHĨA, Q LÊ CHÂN, HẢI PHÒNG",,,,
75,BDIC - CTCP ĐẦU TƯ VÀ PHÁT TRIỂN BÌNH ĐỊNH,"BINHDINH IAD., JSC",Công ty cổ phần,Bất động sản,5E+11,binhdinhinvestment.vn,904513951,0,"Khu số 4, khu du dịch biển Nhơn Lý - Cát Tiến, xã Nhơn Lý, TP. Quy Nhơn, tỉnh Bình Định",Nguyễn Quang Trung,,,
76,BDSC - CTCP BDS,CTCP BDS,Công ty cổ phần,Bất động sản,2E+11,abc.com,2838157705,2838157706,"32/5 Nguyễn Thông, KP1, Phường Phú Hài, Thành phố Phan Thiết, tỉnh Bình Thuận, Việt Nam",Nguyen Van A,,,
77,BGDC - Công ty CP phát triển đầu tư- xây dựng Bách Giang-DCI,Bách Giang-DCI,Công ty cổ phần,Bất động sản,3.542E+12,0,973781111,0,"Thôn Như Phượng Thượng , Xã Long Hưng, Huyện Văn Giang, Tỉnh Hưng Yên, Việt Nam",,,,
78,BGIC - Công ty TNHH Đầu tư Big Gain,Big Gain,Công ty trách nhiệm hữu hạn,Bất động sản,7.7E+12,0,286256062,2862560616,"Khu TM số S1.A2.01.03, Tầng 01, Tháp S1, Số 23 Phú Thuận, Phường Tân Mỹ, Tp. Hồ Chí Minh, Việt Nam",Lê Văn Dũng,,,
79,BHBC - CTCP NĂNG LƯỢNG BẮC HÀ,BHE CORP,Công ty cổ phần,Sản xuất,3.02219E+11,Không có,2437738405,2437738406,"Thôn Mà Phố, Xã Bản Liền, Tỉnh Lào Cai",Vũ Hiền,Công ty cổ phần Sài Gòn Phát Thịnh Ratings (Saigon Ratings),vnA-,30/09/2025
80,BHCC - CTCP BÌNH HIỆP,BINH HIEP,Công ty cổ phần,Sản xuất,1E+11,Không có,2523833287,2523833287,"A6-A7 KDC Kênh Bàu, P Xuân An, TP Phan Thiết, tỉnh Bình Thuận",Lý Xuân Hùng,,,
81,BHDC - Công ty cổ phần Huy Dương Group,CTCP Huy Dương Group,Công ty cổ phần,Xây dựng,1.5E+11,không,986810812,0,"Căn hộ 02 nhà H5, khu tập thể Đại học Sư Phạm, phường Dịch Vọng Hậu, quận Cầu Giấy, thành phố Hà Nội, Việt Nam",Lê Hải Ngọc; TRẦN TIẾN NHẬT; Đỗ Trọng Cường,Công ty cổ phần Sài Gòn Phát Thịnh Ratings (Saigon Ratings),vnBB-,16/07/2024
82,BHGC - CTCP đầu tư và phát triển golf Bình Hải,BINH HAI GOLF,Công ty cổ phần,Bất động sản,9.54E+11,chưa có,903931866,903931866,"THÔN HIỆP HƯNG, XÃ BÌNH HẢI, HUYỆN THĂNG BÌNH, TỈNH QUẢNG NAM",Hoàng Mạnh Quân,,,
83,BHSC - Công ty Cổ phần Hàng tiêu dùng Biên Hòa ( tên cũ: Công ty cổ phần đường Biên Hòa),BHSC,Công ty cổ phần,Sản xuất,3.5778E+12,www.bhs.vn,2513836199,2513836464,"Khu công nghiệp Biên Hòa 1, Phường An Bình, Thành phố Biên Hòa, Tỉnh Đồng Nai, Việt Nam",Đặng Huỳnh Ức My,,,
84,BHVC - CÔNG TY CỔ PHẦN BÁCH HƯNG VƯƠNG,BACH HUNG VUONG,Công ty cổ phần,Bất động sản,2E+11,congtybachhungvuong.com,768655446,768655446,"Tầng 02 - Hado Building - số 02, Hồng Hà, Phường 2, Quận Tân Bình, Thành phố Hồ Chí Minh, Việt Nam",Đinh Thị Ngọc Thanh,,,
85,BHYC - Công ty TNHH Dịch vụ và Phát triển Bất Động Sản BHYT,Công ty TNHH Dịch vụ và Phát triển Bất Động Sản BHYT,Công ty trách nhiệm hữu hạn,Bất động sản,2.43E+11,https://eurowindow-holding.com/,024 374 74700,2437474759,"Tầng 16, Số 2 Tôn Thất Tùng, Phường Trụng Tự, Quận Đống Đa, TP Hà Nội, Việt Nam",Nguyễn Thị Kiều Trang,,,
86,BIAC - Công ty cổ phần Đầu tư và phát triển Bất động sản Bình An,Công ty cổ phần Đầu tư và phát triển Bất động sản Bình An,Công ty cổ phần,Bất động sản,5E+11,BinhAnCbondsHNX@gmail.com,932239682,932239682,"9 Nguyễn Khoái, Phường 01, Quận 4, TP.HCM, Việt Nam",,,,
87,BID - Ngân hàng TMCP Đầu tư và Phát triển Việt Nam,BIDV,Công ty cổ phần,Tổ chức tín dụng,7.28007E+13,bidv.com.vn,2422205544,2422200399,"Tháp BIDV, 194 Trần Quang Khải, phường Hoàn Kiếm, Hà Nội",Hoàng Việt Hùng; Phan Đức Tú,,,
88,BIDC - Công ty cổ phần BIDGROUP,BIDC,Công ty cổ phần,Bất động sản,1.6E+12,www.bidgroup.com.vn,2435560316,2435560319,"D2, lô C D11, khu ĐTM Cầu Giấy, p. Dịch Vọng Hậu, q. Cầu Giấy, Hà Nội",,,,
89,BIMC - CÔNG TY CỔ PHẦN BẤT ĐỘNG SẢN BIM,BIM LAND,Công ty cổ phần,Bất động sản,3E+12,www.bimland.com,2033845090,2033844498,"Tầng 1, Tòa nhà Green bay, đường Hoàng Quốc Việt, Phường Bãi Cháy, Tỉnh Quảng Ninh, Việt Nam",Đoàn Quốc Huy,,,
90,BITC - Công ty cổ phần Kinh doanh và Đầu tư Bình Dương,ITC,Công ty cổ phần,Bất động sản,6.1838E+11,https://becamexitc.com.vn,942085658,2743576430,"THỬA ĐẤT SỐ 265, TỜ BẢN ĐỒ 41, KHU PHỐ 3A, PHƯỜNG THỚI HÒA, THÀNH PHỐ HỒ CHÍ MINH",,,,
91,BIZC - CÔNG TY CỔ PHẦN KHU CÔNG NGHIỆP THÀNH THÀNH CÔNG,TTC-IZ,Công ty cổ phần,Bất động sản,1.3644E+12,https://ttciz.com.vn,02763 886688,02763 886868,"Khu phố An Hội, Phường An Hòa, Thị xã Trảng Bàng, Tỉnh Tây Ninh",Đặng Hồng Anh,,,
92,BJCC - CÔNG TY CỔ PHẦN ĐẦU TƯ THƯƠNG MẠI BRIGHT JUPITER,BRIGHT JUPITER JSC,Công ty cổ phần,Bất động sản,9E+11,không có,2838244965,2838244965,"Tầng 5, Tòa nhà The Landmark, Số 5B Tôn Đức Thắng, P.Bến Nghé, Q.1, Tp.HCM",TRẦN QUYẾT THẮNG,,,
93,BKPC - Công ty cổ phần phần mềm diệt virus BKAV,Bkav Pro,Công ty cổ phần,Lĩnh vực khác,1.2E+11,bkav.com.vn,2437632552,916627653,"Tầng 3 - Tòa nhà HH1, KĐT Yên Hòa, phố Dương Đình Nghệ, Phường Cầu Giấy, TP Hà Nội, Việt Nam",Nguyễn Tử Quảng,,,
94,BMS - Công ty Cổ phần chứng khoán Bảo Minh,BMSC,Công ty cổ phần,Kinh doanh chứng khoán,7.89327E+11,bmsc.com.vn,2873068686,2838247436,"Lầu 3, Tòa nhà PAX SKY, 34A Phạm Ngọc Thạch, P.6, Q.3, Tp.HCM",Phan Tấn Thư,,,
95,BNCC - Công ty cổ phần dịch vụ cáp treo Bà Nà,BANACAB,Công ty cổ phần,"Thương mại, dịch vụ",8.314E+12,banahills.sunworld.vn,2363749888,2363791888,"Thôn An Sơn, xã Bà Nà, Thành phố Đà Nẵng, Việt Nam",Nguyễn Lâm An,Công ty cổ phần Xếp hạng Tín nhiệm Đầu tư Việt Nam (VIS Ratings),BBB+,26/09/2025
96,BNCC - Công ty cổ phần dịch vụ cáp treo Bà Nà,BANACAB,Công ty cổ phần,"Thương mại, dịch vụ",8.314E+12,banahills.sunworld.vn,2363749888,2363791888,"Thôn An Sơn, xã Bà Nà, Thành phố Đà Nẵng, Việt Nam",Nguyễn Lâm An,Công ty cổ phần Xếp hạng Tín nhiệm Đầu tư Việt Nam (VIS Ratings),BBB+,26/09/2025
97,BNPC - Công ty Cổ phần Bất động sản BNP Global,BNPC,Công ty cổ phần,Bất động sản,5E+11,không có,932239682,932239682,"Tầng 3 tòa nhà VietPhone Building, số 127-129 Hoàng Văn Thụ, Phường Phú Nhuận, TP Hồ Chí Minh",Võ Thị Kim Khoa,,,
98,BNTC - Công ty TNHH MTV BOT tỉnh Ninh Thuận,BOT Ninh Thuan,Công ty trách nhiệm hữu hạn,Xây dựng,5.9906E+11,,2862644909,2862644908,"477 - 479 An Dương Vương, Phường 11, Quận 6, TP. Hồ Chí Minh",Huỳnh Thái Hoàng,,,
99,BOOC - CTCP B.O.O NƯỚC THỦ ĐỨC,THU DUC WATER B.O.O CORPORATION,Công ty cổ phần,Sản xuất,5.58E+11,tdw.com.vn,2837224672,2837224683,"479 KHU PHỐ 1 XA LỘ HÀ NỘI, P LINH TRUNG, Q THỦ ĐỨC, TP HỒ CHÍ MINH",,,,
100,BP1C - CÔNG TY CỔ PHẦN TẬP ĐOÀN NHỰA BÌNH THUẬN,BINH THUAN PLASTIC GROUP,Công ty cổ phần,Lĩnh vực khác,1.3E+12,https://www.nhuabinhthuan.com.vn/,981123666,981123666,"Số 121 - 123 Đường Lâm Hạ, Phường Bồ Đề, Thành phố Hà Nội, Việt Nam",Lê Văn Quang,Công ty cổ phần FiinRatings (FiinRatings),BBB-,1/12/2025
101,BPCC - Công ty Cổ phần Năng lượng Bitexco,BITEXCO POWER,Công ty cổ phần,Năng lượng,2.24412E+12,bitexcopower.com.vn,2432242507,2432242507,"Phòng 303, tầng 3, tháp The Manor KĐT Mễ Trì Mỹ Đình, Phường Từ Liêm, TP Hà Nội",,,,
102,BPEC - CTCP Năng lượng Bắc Phương,"BP Energy co., Jsc",Công ty cổ phần,Năng lượng,5E+11,www.bacphuong.com.vn,2913789222,2913789222,"Ấp Cái Cùng, Xã Đông Hải, Tỉnh Cà Mau",Nguyễn Minh Đức,,,
103,BPGC - CTCP Điện gió Bắc Phương,ĐIỆN GIÓ BẮC PHƯƠNG,Công ty cổ phần,Năng lượng,5E+11,không có,984232176,984232176,"Ấp Cái Cùng, Xã Đông Hải, Tỉnh Cà Mau, Việt Nam",Mai Trọng Thịnh; Nguyễn Minh Đức,,,
104,BPSC - Công ty Cổ phần Bất động sản Bcons PS,BCONS PS LAND,Công ty cổ phần,Bất động sản,7.3323E+11,http://bconsps.net,931828241,931828241,"176/1-176/3 Đường Nguyễn Văn Thương, Phường Thạnh Mỹ Tây, Thành phố Hồ Chí Minh",Đỗ Thanh Bình,Công ty Cổ phần Xếp hạng Tín nhiệm Thiên Minh,BB,1/4/2026
105,BPW - Công ty cổ phần cấp thoát nước Bình Phước,BPWACO,Công ty cổ phần,Sản xuất,1.32039E+11,http://bpwaco.com.vn,2713887548,2713887548,"Số 216, Nguyễn Văn Linh, Khu phố Phú Tân, Phường Tân Phú, Tp.Đồng Xoài, tỉnh Bình Phước, Việt Nam",Huỳnh Văn Lâm; Lê Văn Luyện,,,
106,BSEC - Công ty Cổ phần Bông Sen,BONG SEN CORP,Công ty cổ phần,"Thương mại, dịch vụ",4.77707E+12,http://www.bongsencorporation.com,2835218528,2835218523,"117-123 Đồng Khởi, Phường Bến Nghé, Quận 1, TPHCM",Vũ Thị Hồng Hạnh; Đinh Thị Ngọc Thanh,,,
107,BSI - Công ty Cổ phần Chứng khoán BIDV,BSC,Công ty cổ phần,Kinh doanh chứng khoán,2.45366E+12,www.bsc.com.vn,2439352722,2422200669,"Tầng 8, Tầng 9 LBP Tower, số 210 Trần Quang Khải, Phường Hoàn Kiếm, Thành phố Hà Nội",Nguyễn Duy Viễn,Công ty cổ phần Xếp hạng Tín nhiệm Đầu tư Việt Nam (VIS Ratings),A+,17/12/2025
108,BSPC - Công ty Cổ phần BB Sunrise Power,"BBSP.,JSC",Công ty cổ phần,"Thương mại, dịch vụ",5E+11,bbgroup.com.vn,024 37946868,024 37946868,"A203 Tháp The Manor, đường Mễ Trì, phường Mỹ Đình 1, quận Nam Từ Liêm, TP Hà Nội",Trần Huy Hoàng,,,
109,BT2C - Công Ty Cổ Phần Cấp Thoát Nước Bình Thuận,BTWASECO JS.CO,Công ty cổ phần,Sản xuất,79729270000,btwaseco.com.vn,2523828770,2523822457,"137 Lê Hồng Phong, Khu phố 2, P.Phú Trinh, TP.Phan Thiết, T.Bình Thuận, Việt Nam",,,,
110,BTCC - CTCP TÂN HOÀN CẦU BẾN TRE,TAN HOAN CAU BEN TRE JSC,Công ty cổ phần,Sản xuất,2E+12,không có,0989006894 - 0979884615,989006894,"Thửa đất số 202, tờ bản đồ số 10, ấp Thạnh Thới B, Xã Thạnh Hải, Tỉnh Vĩnh Long, Việt Nam",MAI VĂN HUẾ,,,
111,BTIC - CÔNG TY CỔ PHẦN ĐẦU TƯ THƯƠNG MẠI BÌNH TÂN,BTI,Công ty cổ phần,Bất động sản,1.4E+12,https://kita-groupvn.com/,(028) 3930 2855,(028) 3930 2856,"Số 13 Đường 2D, KDC Nam Hùng Vương, Phường An Lạc, Tp. Hồ Chí Minh",NGUYỄN THỊ LÊ DINH,,,
112,BVB - NGÂN HÀNG TMCP BẢN VIỆT,NH TMCP BAN VIET,Công ty cổ phần,Tổ chức tín dụng,6.0482E+12,https://www.bvbank.net.vn/,84826279679,84826238668,"Toà nhà HM Town số 412 Nguyễn Thị Minh Khai, Phường 5, Quận 3, TP HCM",NGÔ QUANG TRUNG,,,
113,BVBC - Công ty Cổ phần BVB,BVBC,Công ty cổ phần,Bất động sản,3.5E+11,cpbvb2021@gmail.com,963220508,963220508,"Tòa nhà The Manor Palace, Khu đô thị Manor Eco+, phường Bắc Cường, thành phố Lào Cai, tỉnh Lào Cai",Đặng Mạnh Cường,,,
114,BVCC - Ngân hàng TMCP Bảo Việt,BVB,Công ty cổ phần,Tổ chức tín dụng,3.15E+12,www.baovietbank.vn,024 3928 8989,024 3928 8899,"Tầng 1 và tầng 5, tòa nhà Corner Stone, số 16 đường Phan Chu Trinh, Phường Cửa Nam, Tp. Hà Nội",Lưu Quyết Thắng,,,
115,BVMC - Công ty cổ phần đầu tư bệnh viện Việt Mỹ,"Viet My Hospital.,JSC",Công ty cổ phần,Lĩnh vực khác,3E+11,khong,893614984,0,"số 307 đường Nguyễn Du kéo dài, phường Nông Trang, tỉnh Phú Thọ, Việt Nam",Lê Đức Khanh,,,
116,BVS - Công ty Cổ phần Chứng khoán Bảo Việt,BVSC,Công ty cổ phần,Kinh doanh chứng khoán,7.22339E+11,www.bvsc.com.vn,2439288080,2439289888,"Tòa nhà số 8 Lê Thái Tổ, phường Hoàn Kiếm, thành phố Hà Nội",Nhữ Đình Hòa,,,
117,BWE - CTCP Nước - Môi trường Bình Dương,BIWASE,Công ty cổ phần,Sản xuất,1.9292E+12,http://biwase.com.vn/,2743835679,2743827738,"Số 11 Ngô Văn Trị, P. Phú Lợi, TP. Thủ Dầu Một, tỉnh Bình Dương",Trần Chiến Công,,,
118,BWLC - Công ty cổ phần nước Biwase - Long An,BWE - LONG AN WATER,Công ty cổ phần,Sản xuất,9.66E+11,biwaselongan.vn,2723912829,2723912829,"Ấp 7, xã Thủ Thừa, tỉnh Tây Ninh",Hồ Hiền Phúc,,,
119,C47 - Công ty cổ phần xây dựng 47,CC47,Công ty cổ phần,Xây dựng,1.87221E+11,Xaydung47.vn,2563522166,2563522316,"Số 8 Biên Cương, Tp Quy Nhơn, Bình Định",Dương Minh Quang,,,
120,C4G - Công ty Cổ phần Tập Đoàn CIENCO4,TẬP ĐOÀN CIENCO4,Công ty cổ phần,Xây dựng,1E+12,www.cienco4.vn,2436420371,2436811275,"TẦNG 10-11, TÒA NHÀ ICON4, SỐ 243A ĐƯỜNG ĐÊ LA THÀNH, P LÁNG THƯỢNG, Q ĐỐNG ĐA, HÀ NỘI",NGUYỄN TUẤN HUỲNH,,,
121,CBEC - Công ty TNHH Du lịch Sinh thái Cồn Bắp,ConBap Toureco,Công ty trách nhiệm hữu hạn,"Thương mại, dịch vụ",3.98E+11,conbap.com,2353936179,5103936079,"Cồn Bắp, Phường Cẩm Nam, Thành phố Hội An, Tỉnh Quảng nam",VŨ VĂN THÀNH,,,
122,CBGC - Công ty Cổ Phần Crystal Bay,CBGC,Công ty cổ phần,Lĩnh vực khác,1.15E+12,http://crystalbay.com,2586292979,2586292979,"Ô số 02, Tầng 12A, Tòa nhà VCN Tower, số 02 Tố Hữu, Phường Nam Nha Trang, tỉnh Khánh Hòa, Việt Nam",Nguyễn Đức Chi,,,
123,CBSC - CÔNG TY TNHH MẶT TRỜI CÁT BÀ,"CAT BA SUN CO.,LTD",Công ty trách nhiệm hữu hạn,Lĩnh vực khác,1.15E+12,http://mattroicatba.com.vn/,912306148,0,"Thôn Chấn. xã Đồng Bài, huyện Cát Hải, thành phố Hải Phòng",,,,
124,CBTC - Công ty cổ phần Crystal Bay Việt Nam,CBVN JSC,Công ty cổ phần,Lĩnh vực khác,3.4E+11,https://crystalbay.com/,2586282879,2586282879,"Ô số 3, tầng 12A, Tòa nhà VCN Tower, 02 đường Tố Hữu, Phường Nam Nha Trang, Tỉnh Khánh Hòa, Việt Nam",,Công ty cổ phần Sài Gòn Phát Thịnh Ratings (Saigon Ratings),vnBB,13/06/2025
125,CC1 - TỔNG CÔNG TY XÂY DỰNG SỐ 1 - CTCP,CC1,Công ty cổ phần,Xây dựng,3.58508E+12,cc1.vn,2838222059,2838222059,"111A Pasteur, Phường Bến Nghé, Quận 1, Thành phố Hồ Chí Minh",Lê Bảo Anh,,,
126,CCIC - CTCP ĐẦU TƯ CON CƯNG,CCI,Công ty cổ phần,Lĩnh vực khác,33544550000,concung.com,2862718757,2862718757,"Số 182, đường Cách Mạng Tháng 8, p. Chánh Mỹ, TP. Thủ Dầu Một, Bình Dương",NGUYỄN QUỐC MINH,,,
127,CDC - CÔNG TY CỔ PHẦN CHƯƠNG DƯƠNG,CHUONGDUONG CORP,Công ty cổ phần,Xây dựng,5.27727E+11,chuongduongcorp.vn,(028)38367734,(028)38360582,"328 VÕ VĂN KIỆT, PHƯỜNG CẦU ÔNG LÃNH, TP.HCM",NGUYỄN NGỌC BỀN,,,
128,CDMC - CTCP Đường Man,CTCP Đường Man,Công ty cổ phần,Sản xuất,2.775E+11,www.duongman.com.vn,2223710082,2223710481,"Số 01, đường TS15, KCN Tiên Sơn, Xã Đại Đồng, Tỉnh Bắc Ninh",Trần Minh Thông,,,
129,CENC - Công ty TNHH Đầu tư Central Capital,Central Capital Co.;ltd,Công ty trách nhiệm hữu hạn,Bất động sản,3E+11,https://centralcapital.vn/,2873005884,-,"Tầng 1, Tòa CT1 Khu đô thị Mễ Trì Thượng, Phường Mễ Trì, Quận Nam Từ Liêm, TP Hà Nội, Việt Nam",Trần Thị Dịu Hòa,,,
130,CFCC - CÔNG TY XI MĂNG CHINFON,CFC,Công ty trách nhiệm hữu hạn,Sản xuất,1.31939E+12,www.cfc.vn,2253875480,225 3 875 478,"Số 288, đường Bạch Đằng, phường Bạch Đằng, thành phố Hải Phòng",LO LUNG-TOO; Liu Chang-I,,,
131,CGGC - Công ty Cổ phần Đầu tư Thương mại và Dịch vụ Việt Mỹ A&V,CGG,Công ty cổ phần,Bất động sản,7.5E+11,không có,2422318585,2422318585,"Lô B2, đường Độc Lập, thôn Liên Trì 2, xã Bình Kiến, TP Tuy Hòa, tỉnh Phú Yên, Việt Nam",Đỗ Thanh Hoa,,,
132,CGRC - CTCP CITY GARDEN,CITY GARDEN JSC,Công ty cổ phần,Bất động sản,3.47635E+11,www.citygarden.com.vn,028 35146888,2835146777,SỐ 59 ĐƯỜNG NGÔ TẤT TỐ PHƯỜNG 21 QUẬN BÌNH THẠNH TP HCM,William Towne Baker,,,
133,CGTC - CÔNG TY CỔ PHẦN ĐÔ THỊ DU LỊCH CẦN GIỜ,CTC CORP,Công ty cổ phần,Bất động sản,6.45601E+13,https://cangio.vinhomes.vn/about.html,0243 975 6688,0243 975 6688,"Tầng 20A, Tòa nhà Vincom Center Đồng Khởi, 72 Lê Thánh Tôn, Phường Sài Gòn, Thành phố Hồ Chí Minh, Việt Nam",NGUYỄN THỤC HIỀN,,,
134,CHAC - Công ty Cổ phần Thương mại Du lịch Đầu tư Cù Lao Chàm,CU LAO CHAM,Công ty cổ phần,Bất động sản,2.7E+12,clc.net.vn,2363890998,2363918304,"36-38 Bạch Đằng, Phường Hải Châu, TP. Đà Nẵng, Việt Nam",Nguyễn Huy Phương; Trần Vĩnh Hiển; Đoàn Khắc Trung,,,
135,CHDC - Công ty Cổ phần Hải Đăng,CÔNG TY CP HẢI ĐĂNG,Công ty cổ phần,Xây dựng,5E+11,http://haidang-corp.com,933962912,0,"Số 20, Đường số 22, Khu phố 2, Phường An Khánh, Thành phố Thủ Đức, Thành phố Hồ Chí Minh, Việt Nam",,,,
136,CICC - CÔNG TY TNHH XÂY DỰNG HẠ TẦNG CRYSTAL,CÔNG TY TNHH XÂY DỰNG HẠ TẦNG CRYSTAL,Công ty trách nhiệm hữu hạn,Xây dựng,2.8E+12,không có,337709666,0,"CL12-22 Khu đất dịch vụ La Dương - La Nội, Phường Dương Nội, Thành phố Hà Nội, Việt Nam",Phùng Minh Tuyến,Công ty cổ phần Sài Gòn Phát Thịnh Ratings (Saigon Ratings),vnBB,9/7/2026
137,CII - CTCP Đầu tư Hạ tầng Kỹ thuật Thành phố Hồ Chí Minh,CII,Công ty cổ phần,Xây dựng,6.71985E+12,http://cii.com.vn,2836221025,2836367100,"Tầng 12, 152 Điện Biên Phủ, Phường Thạnh Mỹ Tây, Thành phố Hồ Chí Minh, Việt Nam",Lê Quốc Bình,Công ty cổ phần Sài Gòn Phát Thịnh Ratings (Saigon Ratings),vnAA-,20/11/2025
138,CIVC - CÔNG TY CỔ PHẦN ĐẦU TƯ VÀ PHÁT TRIỂN BẤT ĐỘNG SẢN THẾ KỶ,"CENINVESTMENT.,JSC",Công ty cổ phần,Bất động sản,2E+12,ceninvest.vn,2435551990,2435551990,"Số 63 đường Lê Văn Lương, phường Yên Hòa, Thành phố Hà Nội, Việt Nam",Vương Hồng Khanh,,,
139,CKG - CTCP Tập đoàn tư vấn đầu tư xây dựng Kiên Giang,Công ty CP tập đoàn tư vấn đầu tư xây dựng Kiên Giang,Công ty cổ phần,Bất động sản,1.14311E+12,www.cicgroups.com,2973874660,2973866451,"34 Trần Phú, Phường Vĩnh Thanh, TP. Rạch Giá, Kiên Giang",Trần Thọ Thắng,,,
140,CLAC - Công ty TNHH Đầu tư Cam Lâm,"CAM LAM CO.,LTD",Công ty trách nhiệm hữu hạn,Bất động sản,1.5E+11,www.kpf.com.vn,922829999,922829999,"Lô D14C, Khu du lịch Bắc bán đảo Cam Ranh, Xã Cam Hải Đông, Huyện Cam Lâm, Tỉnh Khánh Hòa",Trần Trọng Dũng,,,
141,CLHC - Công ty TNHH Phát triển Bất động sản Cát Liên Hoa,"Cat Lien Hoa Real Estate Development Co.,Ltd",Công ty trách nhiệm hữu hạn,Bất động sản,3.019E+11,không có,938485358,0,"104 Mai Thị Lựu, Phường Sài Gòn, Thành phố Hồ Chí Minh",Cao Ngọc Kiều Trinh; Võ Thị Kim Khoa,,,
142,CLRC - Công ty Cổ phần Đầu tư Công nghệ Smarttech (tên cũ: Công ty cổ phần Thời trang Clothesrack),Công ty Cổ phần Đầu tư Công nghệ Smarttech,Công ty cổ phần,Lĩnh vực khác,1E+11,clothesrack.vn,983512768,983512768,"Lầu 2, Số 68 Nguyễn Huệ, Phường Bến Nghé, Quận 1, TP.HCM",,,,
143,CLWC - CÔNG TY CỔ PHẦN PHONG ĐIỆN CHƠ LONG,PHONG ĐIỆN CHƠ LONG,Công ty cổ phần,Năng lượng,1.32E+12,Không có,2693888137,0,"Số 99B Phạm Văn Đồng, Phường Thống Nhất, Tỉnh Gia Lai, Việt Nam",Nguyễn Thái Hà,,,
144,CMG - Công ty Cổ phần Tập đoàn Công nghệ CMC,CMC CORPORATION,Công ty cổ phần,"Thương mại, dịch vụ",2.11784E+12,www.cmc.com.vn,(84-24) 3795 8668,(84-24) 3795 8989,"CMC Tower, số 11 phố Duy Tân, phường Cầu Giấy, thành phố Hà Nội, Việt Nam",,,,
145,CMHC - CTCP CỔNG MÂY,CLOUD GATE JOINT STOCK COMPANY,Công ty cổ phần,"Thương mại, dịch vụ",1E+11,https://www.cggroup.com.vn/,2422318585,2422318585,"TẦNG F3, TÒA NHÀ 187 NGUYỄN LƯƠNG BẰNG, PHƯỜNG QUANG TRUNG, QUẬN ĐỐNG ĐA, TP HÀ NỘI",Phạm Ngọc Anh; Đỗ Thanh Hoa,,,
146,CMM - CTCP CAMIMEX,CAMIMEX CORP,Công ty cổ phần,Sản xuất,9.79E+11,camimex.com.vn,2903831608,2903580827,"SỐ 333 ĐƯỜNG CAO THẮNG, PHƯỜNG 8, TP CÀ MAU, TỈNH CÀ MAU",Bùi Sĩ Tuấn,,,
147,CMX - CÔNG TY CỔ PHẦN CAMIMEX GROUP,CAMIMEX GROUP,Công ty cổ phần,Lĩnh vực khác,1018989900,camimex.com.vn,2906553399,0,"999 Lý Thường Kiệt, Phường 6, Thành phố Cà Mau, Tỉnh Cà Mau",Bùi Sĩ Tuấn,,,
148,CNCC - CTCP THƯƠNG MẠI - DỊCH VỤ CÔNG NGHỆ CAO,CTCP TM-DV CONG NGHE CAO,Công ty cổ phần,Lĩnh vực khác,4.65949E+11,Chưa có,2838380303,2839246129,"LÔ T2-4, ĐƯỜNG D1, KHU CÔNG NGHỆ CAO, PHƯỜNG TÂN PHÚ, QUẬN 9, THÀNH PHỐ HỒ CHÍ MINH",,,,
149,CNTC - CÔNG TY CỔ PHẦN CÔNG NGHIỆP NĂNG LƯỢNG NINH THUẬN,NANG LUONG NINH THUAN,Công ty cổ phần,Sản xuất,1.2321E+12,0,904621262,0,"TM 18-49, Khu K1, đường Chu Mạnh Trinh, phường Phan Rang, tỉnh Khánh Hoà, Việt Nam",Lê Mạnh Hà; Đặng Hoàng Tùng,,,
150,CPGC - Công ty Cổ phần tập đoàn Casper Việt Nam,Casper Group,Công ty cổ phần,"Thương mại, dịch vụ",1.62028E+11,https://www.casper-electric.com/,024 38342333,024 37843666,"Tầng 7, tòa nhà Leadvisor, 643 Phạm Văn Đồng, Bắc Từ Liêm, Hà Nội, Việt Nam",Nguyễn Viết Chung,,,
151,CPLC - Công ty TNHH CAPITALAND TOWER,CPLC,Công ty trách nhiệm hữu hạn,Bất động sản,2.02E+12,,2838237850,0,"Regus Mê Linh Point Tower, Tầng 6 và 7, Tòa nhà Mê Linh Point Tower, Số 2 Ngô Đức Kế, Phường Bến Nghé, Quận 1, Thành phố Hồ Chí Minh, Việt Nam",NGÔ NHƯ VƯƠNG,,,
152,CPSC - CÔNG TY TNHH MẶT TRỜI CẨM PHẢ,"CAM PHA SUN CO., LTD",Công ty trách nhiệm hữu hạn,Lĩnh vực khác,5.25E+11,http://onsenquanghanh.vn,2033618111,0,"TỔ 5, KHU 9B, PHƯỜNG QUANG HANH, THÀNH PHỐ CẨM PHẢ, TỈNH QUẢNG NINH",Nguyễn Chí Thành,,,
153,CPTC - Công ty cổ phần Đầu tư và Xây dựng Giao thông Vận Tải,"CTN.,JSC",Công ty cổ phần,Bất động sản,3.42963E+11,www.ctn.com.vn,439437412,439437851,"Tầng 4, Trung tâm thương mại Lion Mall, tòa nhà Tân Hoàng Minh, số 59 Đường Xuân Diệu, Phường Quảng An, Quận Tây Hồ - Thành phố Hà Nội",Đỗ Viết Tập,,,
154,CQNC - CTCP CAPELLA QUẢNG NAM,CQN,Công ty cổ phần,Bất động sản,1.5E+11,cpl.quangnam@gmail.com,2356255666,2356252666,"KHU CÔNG NGHIỆP TAM THĂNG 2, XÃ TAM THĂNG, THÀNH PHỐ TAM KỲ, TỈNH QUẢNG NAM",Trần Ngọc Anh,,,
155,CRE - Công ty cổ phần bất động sản thế kỷ,"Cenland.,JSC",Công ty cổ phần,Bất động sản,4.63679E+12,www.cenland.vn,2462636688,2462814195,"Tầng 1, Tòa B Sky City, số 88 Láng Hạ, phường Láng Hạ, quận Đống Đa, thành phố Hà Nội",Chu Hữu Chiến; Phạm Đức Hùng,,,
156,CSLC - CTCP Hải Phát Retail,Hai Phat Retail Joint Stock Company,Công ty cổ phần,Lĩnh vực khác,1.1E+12,www.haiphatretail.com.vn,024 3208 0666 - 024 22673111,024 3208 0666,"Tầng 5, tòa nhà CT3, The Pride, Khu ĐTM An Hưng, Phường La Khê, Quận Hà Đông, TP. Hà Nội",,,,
157,CSPC - Công ty TNHH Công Nghiệp - Bất Động Sản và Xây Dựng Song Phương,CSPC,Công ty trách nhiệm hữu hạn,Bất động sản,7E+11,không có,097219 4333,0,"Số 35, Tổ 3, Xã Minh Thắng, Thị xã Chơn Thành, Tỉnh Bình Phước",Nguyễn Thị Phước,Công ty cổ phần Sài Gòn Phát Thịnh Ratings (Saigon Ratings),vnBBB-,24/01/2025
158,CTAC - CTCP Du lịch và Đầu tư Xây dựng Châu Á,INCONTOUR,Công ty cổ phần,Bất động sản,1.68E+11,www.danhkhoi.com.vn,1900 599 933,0254 6255666,"Số 79 Đường D5, Phường 10, TP. Vũng Tàu, Tỉnh Bà Rịa - Vũng Tàu, Việt Nam",,,,
159,CTCC - CÔNG TY CỔ PHẦN XI MĂNG CÔNG THANH,CONG THANH J.S.C.,Công ty cổ phần,Sản xuất,2E+12,https://www.congthanhgroup.com,0373 977 502,0373 977 503,"Thôn Tam Sơn, xã Tân Trường, thị xã Nghi Sơn, tỉnh Thanh Hóa",Nguyễn Thị Hoàng Thi,,,
160,CTEC - Công ty cổ phần Xây dựng và Trang trí Nội thất Cát Tường,CT E&C,Công ty cổ phần,"Thương mại, dịch vụ",1E+11,Chưa có,2835533511,2835533713,"401/2 Bình Lợi, Phường 13, Quận Bình Thạnh, TP Hồ Chí Minh",Lê Hùng Sơn,,,
161,CTF - Công ty cổ phần City Auto,City Auto Corp,Công ty cổ phần,"Thương mại, dịch vụ",9.56539E+11,cityford.com.vn,2837262626,2837263626,"218 Quốc lộ 13, Phường Hiệp Bình Chánh, TP.Thủ Đức, TP.Hồ Chí Minh",Trần Ngọc Dân,,,
162,CTG - Ngân hàng Thương mại cổ phần Công Thương Việt Nam,VIETINBANK,Công ty cổ phần,Tổ chức tín dụng,5.36999E+13,www.vietinbank.vn,2439421030,2439421032,"108 Trần Hưng Đạo, Phường Cửa Nam, Quận Hoàn Kiếm, Thành Phố Hà Nội, Việt Nam",,,,
163,CTI - Công ty Cổ phần Đầu tư Phát triển Cường Thuận IDICO,CTC,Công ty cổ phần,Xây dựng,6.3E+11,cuongthuan.vn,2516291081,2516291082,"Số 168, Khu phố 11,Phường An Bình, Thành phố Biên Hòa, tỉnh Đồng Nai",,,,
164,CTLC - CÔNG TY TNHH CITYLAB,CITYLAB LTD.,Công ty trách nhiệm hữu hạn,"Thương mại, dịch vụ",1.42901E+11,,0,0,"414-416-418-420 Cao Thắng, Phường Hòa Hưng, Thành phố Hồ Chí Minh",,,,
165,CTRC - Công ty TNHH Đầu tư cao su Cường Thịnh,CUONG THINH RUBBER INVESTMENT COMPANY LIMITED,Công ty trách nhiệm hữu hạn,Lĩnh vực khác,30000000000,.,562308188,562308188,"Số 1, Đường N3, Khu phố Ích Thạnh, Phường Trường Thạnh, Thành phố Thủ Đức, Hồ Chí Minh, Việt Nam",Bùi Quang Hoàn,,,
166,CTS - Công ty Cổ phần Chứng khoán Ngân hàng Công thương Việt Nam,CTS,Công ty cổ phần,Kinh doanh chứng khoán,1.06437E+12,www.cts.vn,2439741771,2439741760,"306 Bà Triệu, Quận Hai Bà Trưng, Thành phố Hà Nội",,,,
167,CTVC - Công ty cổ phần Cá Tầm Việt Nam,VIET NAM STURGEON JOINT STOCK COMPANY,Công ty cổ phần,Lĩnh vực khác,4.1E+11,www.catam.vn,2583522076,2583527710,"Số 2 Nguyễn Thị Minh Khai, Phường Lộc Thọ, Tp. Nha Trang, Tỉnh Khánh Hòa",Lê Anh Đức,,,
168,CVDC - CTCP ĐẦU TƯ VÀ PHÁT TRIỂN DU LỊCH VÂN ĐỒN,"CEO VAN DON.,JSC",Công ty cổ phần,Bất động sản,,,,,"KHU TỔ HỢP DU LỊCH NGHỈ DƯỠNG SONASEA VÂN ĐỒN HARBOR CITY, XÃ HẠ LONG, HUYỆN VÂN ĐỒN, TỈNH QUẢNG NINH",Cao Văn Kiên,,,
169,CVSC - Công ty cổ phần CVS Holding,CVS Holding JSC,Công ty cổ phần,"Thương mại, dịch vụ",5.1188E+11,sonkimretail.vn,(028) 7303 9394,(028) 7303 9394,"Căn 1.09, Tầng 1, Tháp C, Khu Thương mại Dịch vụ kết hợp nhà ở cao tầng tại lô đất 1-13, thuộc khu chức năng số 1 - Khu đô thị mới Thủ Khiêm, số 15, đường Trần Bạch Đằng, Phường An Khánh, Thành phố Hồ Chí Minh, Việt Nam",James Michael Kershek; Nguyễn Hoàng Tuấn,,,
170,CVT - Công ty Cổ phần CMC,CMC JSC,Công ty cổ phần,Sản xuất,3.66909E+11,http://cmctile.com.vn/,2103991706,21039911800,"Lô B10 - B11 Khu công nghiệp Thụy Vân, phường Nông Trang, Tỉnh Phú Thọ, Việt Nam",Ngô Đức Vũ,,,
171,DAFC - Công ty Cổ phần Thời trang và Mỹ phẩm Duy Anh,DAFC,Công ty cổ phần,"Thương mại, dịch vụ",2E+11,https://www.dafc.com.vn/,028 3825 7537,028 3825 7540,"tầng 3, tòa nhà Centec, 72-74 Nguyễn Thị Minh Khai, Phường Võ Thị Sáu, Quận 3, Thành phố Hồ Chí Minh, Việt Nam",Lê Hồng Thủy Tiên,,,
172,DAKC - Công ty Liên doanh TNHH Phát triển đô thị mới An Khánh,AN KHANH JVC,Công ty trách nhiệm hữu hạn,Bất động sản,5.98054E+12,www.splendora.vn,0243 755 6541,0243 755 6546,"Km 10 + 600, Đại lộ Thăng Long, xã An Khánh, huyện Hoài Đức, Hà Nội",Nguyễn Quang Trung; Trần Văn Chiến,,,
173,DALC - Công ty TNHH Đầu tư và Phát triển BĐS Đại Hùng,DALC,Công ty trách nhiệm hữu hạn,Bất động sản,3.752E+11,landhcm79@gmail.com,399991745,399991745,"Tầng 01 VietPhone Building-4 tại 323A Lê Quang Định, Phường Bình Lợi Trung, Thành phố Hồ Chí Minh, Việt Nam.",Cao Ngọc Kiều Trinh,,,
174,DBC - CTCP Tập đoàn DABACO Việt Nam,DABACO,Công ty cổ phần,Sản xuất,2.30479E+12,http://www.dabaco.com.vn,2223895111,2223896000,"Số 35 đường Lý Thái Tổ, phường Võ Cường, TP Bắc Ninh, tỉnh Bắc Ninh",,,,
175,DBCC - TỔNG CÔNG TY ĐÔNG BẮC,DONG BAC CORP,Công ty trách nhiệm hữu hạn,Sản xuất,1.4E+12,tongcongtydongbac.com.vn,2033836336,2033835773,"Tổ 3, Khu 8, Phường Hạ Long, Tỉnh Quảng Ninh",Đỗ Mạnh Khảm,,,
176,DBGC - CÔNG TY TNHH ĐẦU TƯ HẠ TẦNG NƯỚC DNP - BẮC GIANG,DNP - BAC GIANG WATER,Công ty trách nhiệm hữu hạn,Lĩnh vực khác,4.5051E+11,http://dnpbacgiang.vn/,2046599995,2046599995,"Thôn Càn, Xã Kép, Tỉnh Bắc Ninh, Vỉệt Nam",Bùi Đức Trung,,,
177,DBIC - CÔNG TY TNHH MỘT THÀNH VIÊN ĐẦU TƯ VÀ PHÁT TRIỂN DB,"DB ID CO.,LTD",Công ty trách nhiệm hữu hạn,Bất động sản,3.145E+12,hunglv@teamkinhdoanh.com,043 824 5346,043 824 5346,"Khu đô thị thương mại và du lịch Văn Giang, Xã Xuân Quan, Huyện Văn Giang, tỉnh Hưng Yên, Việt Nam",Lương Xuân Hà,,,
178,DBJC - CÔNG TY CỔ PHẦN ĐIỆN BIÊN,"DIEN BIEN .,JSC",Công ty cổ phần,Bất động sản,50000000000,không có,024 32321495,024 32321496,"Số 04 Liễu Giai, Phường Ngọc Hà, TP Hà Nội",Vũ Xuân Thịnh,,,
179,DC2 - CÔNG TY CP ĐẦU TƯ PHÁT TRIỂN XÂY DỰNG (DIC) SỐ 2,DIC No2,Công ty cổ phần,Xây dựng,25200000000,dic2.vn,2543613944,2543584864,"Số 5 đường 6 khu đô thị Chí Linh, phường Thắng Nhất, thành phố Vũng Tàu, tỉnh Bà Rịa - Vũng Tàu",,,,
180,DCAC - Công ty Cổ phần Tập đoàn Đèo Cả,DEOCA GROUP,Công ty cổ phần,Xây dựng,4.20652E+12,www.deoca.vn,2838203388,2838201999,"32 Thạch Thị Thanh, phường Tân Định, Quận 1, Thành phố Hồ Chí Minh, Việt Nam",,,,
181,DCCC - CTCP ĐỊA CẦU,TERRA J.S.C,Công ty cổ phần,Bất động sản,1.2361E+12,http://www.diacau.org/,2363935504,2363935492,"TÒA NHÀ OLALANI-LÔ A5, A8, A9, ĐƯỜNG TRẦN HƯNG ĐẠO, P NẠI HIÊN ĐÔNG, Q SƠN TRÀ, TP ĐÀ NẴNG",,,,
182,DCHY - Công ty TNHH Đầu tư Dream City Villas Hưng Yên,Dream City Villas Hung Yen,Công ty trách nhiệm hữu hạn,Bất động sản,4E+11,ctydreamcityvillashungyen1@gmail.com,866958399,866958399,"Phòng 607, Tòa New Star Building, Số 479 Đường Nguyễn Văn Linh, Phường An Tảo, Thành Phố Hưng Yên, Việt nam",Nguyễn Thị Thu Hương,,,
183,DCTC - CÔNG TY TNHH DCT PARTNERS VIỆT NAM,DCT,Công ty trách nhiệm hữu hạn,Bất động sản,3.02713E+11,charmplaza.vn,2746283600,0274628 3600,"Số 115 đường DT743C, Khu phố Thống Nhất 1, P. Dĩ An, TP.HCM",NGUYỄN HỮU NGHĨA,,,
184,DDCC - CTCP ĐẦU TƯ BẤT ĐỘNG SẢN ĐÔNG DƯƠNG,DONG DUONG PROPERTY INVESTMENT CORPORATION,Công ty cổ phần,Bất động sản,8E+11,http://lavidaresidences.vn/,2543515789,2543515789,"299 ĐƯỜNG BA THÁNG HAI, PHƯỜNG 12, TP VŨNG TÀU, TỈNH BÀ RỊA-VŨNG TÀU",Phạm Thị Thanh Hằng,,,
185,DDG - CTCP Đầu tư Công nghiệp Xuất nhập khẩu Đông Dương,"INDOCHINE IMEX.,JSC",Công ty cổ phần,Lĩnh vực khác,7.98399E+11,www.dongduongcorp.com.vn,028 381 07899,028 38107218,"110 Cao Thắng, Phường Bàn Cờ, Thành phố Hồ Chí Minh, Việt Nam",TRẦN KIM SA,,,
186,DFF - CÔNG TY CỔ PHẦN TẬP ĐOÀN ĐUA FAT,"ĐUA FAT GROUP., JSC",Công ty cổ phần,Xây dựng,8E+11,duafat.com.vn,2435642741,2435642731,"Số 15, Liền kề 10, Khu đô thị Xa La phường Hà Đông, TP Hà Nội",Lê Duy Hưng,,,
187,DGT - CTCP CÔNG TRÌNH GIAO THÔNG ĐỒNG NAI,DOTRANCO,Công ty cổ phần,Xây dựng,7.9E+11,dgtc.vn,2513899916,2513899750,"SỐ 200, ĐƯỜNG NGUYỄN ÁI QUỐC, PHƯỜNG TRẢNG DÀI, TỈNH ĐỒNG NAI",Trần Ngọc Minh,,,
188,DHAC - Công ty TNHH Một thành viên Đầu tư DHA,DHA Limited Company,Công ty trách nhiệm hữu hạn,Lĩnh vực khác,1E+12,dhacorp.vn,2836222279,2836222279,"Số nhà 253 Hoàng Văn Thụ, phường 2, Quận Tân Bình, TP. Hồ Chí Minh",ĐẶNG HỒNG ANH,,,
189,DHCC - CÔNG TY CỔ PHẦN THỦY ĐIỆN ĐAKĐRINH,DAKDRINH HYDROPOWER JOINT STOCK COMPANY,Công ty cổ phần,Sản xuất,1.16001E+12,Dakdrinh.com.vn,2556293777,2553868670,"THÔN RA NHUA, XÁ SƠN TÂN, HUYỆN SƠN TÂY, TỈNH QUẢNG NGÃI",Đỗ Xuân Bình,,,
190,DICC - Công ty TNHH Dynamic Innovation,Dynamic Innovation,Công ty trách nhiệm hữu hạn,Lĩnh vực khác,3.667E+12,0,2862560625,2862560616,"Quận 1, TP Hồ Chí Minh, Việt Nam",TRẦN ANH QUÂN,,,
191,DIG - Tổng công ty cổ phần đầu tư phát triển xây dựng,"DIC CORP.,",Công ty cổ phần,Bất động sản,7.96431E+12,www.dic.vn,2543859248,2543560712,"15 Thi Sách, Phường Vũng Tàu, Thành phố Hồ Chí Minh",Nguyễn Hùng Cường,,,
192,DJCC - CTCP THỦY ĐIỆN ĐAKRÔNG (ĐAKRÔNG),DJC,Công ty cổ phần,Năng lượng,2.95E+11,http://www.dakrongenergy.com,2363723713,2363723713,"THÔN XA LĂNG, XÃ ĐA KRÔNG, HUYỆN ĐA KRÔNG, TỈNH QUẢNG TRỊ",Võ Duy Tấn Huy,,,
193,DKDC - Công ty TNHH Giải pháp công nghệ tài chính và doanh nghiệp ( Tên cũ: Công ty TNHH Du lịch Khách sạn Đông Á),Công ty TNHH Du lịch Khách sạn Đông Á,Công ty trách nhiệm hữu hạn,"Thương mại, dịch vụ",60000000000,không có,886812999,0,"Phòng C301, tầng 3, tòa nhà Trung tâm Thương mại Đông Á, số 668, đường Phan Đình Phùng, tổ 7, phường Đồng Quang, thành phố Thái Nguyên, tỉnh Thái Nguyên, Việt Nam.",Trần Nữ Ngọc Anh; Trần Nữ Ngọc Anh; Trần Nữ Ngọc Anh; Đàm Mạnh Quân,,,
194,DKHC - CÔNG TY CP ĐẦU TƯ DANH KHÔI HOLDINGS,DANH KHOI HOLDINGS,Công ty cổ phần,Bất động sản,1.2E+12,danhkhoi.com.vn,1900599933,1900599933,"Số 03 Trần Nhật Duật, Phường Tân Định, Quận 1, TP Hồ Chí Minh",,,,
195,DKKC - CTCP TẬP ĐOÀN DEKKO,DEKKO,Công ty cổ phần,Lĩnh vực khác,2.86E+11,http://www.dekko.com.vn,024 3752 2640,024 3752 2620,"LÔ 2,4,5 KCN NAM THĂNG LONG, P THỤY PHƯƠNG, Q BẮC TỪ LIÊM, HÀ NỘI",,,,
196,DKSC - CTCP ĐẦU TƯ BĐS DANH KHÔI SÀI GÒN,DANH KHOI SAI GON,Công ty cổ phần,Bất động sản,2.8E+11,www.danhkhoi.com.vn,028 38484666,028 38484777,"3 Trần Nhật Duật, Phường Tân Định, Quận 1, Thành Phố Hồ Chí Minh, Việt Nam.",,,,
197,DL1 - CÔNG TY CP TẬP ĐOÀN ALPHA SEVEN,ALPHA 7 GROUP,Công ty cổ phần,Lĩnh vực khác,1.01177E+12,http://www.a7group.vn,2693829201,2693829201,"120 Trần Phú, Phường Diên Hồng, TP Pleiku, Gia Lai",Nguyễn Đình Trạc,,,
198,DLAC - CTCP ĐẦU TƯ & XÂY DỰNG KIÊN TRUNG,CTCP ĐẦU TƯ & XÂY DỰNG KIÊN TRUNG,Công ty cổ phần,Bất động sản,6E+11,Không có,2633579858,2633579856,"Số 20 đường Pasteur, phường 4, tỉnh Lâm Đồng, Việt Nam",Cao Tất Thành,,,
199,DLCC - CÔNG TY TNHH ĐẦU TƯ VÀ PHÁT TRIỂN ĐÔ THỊ ĐẮK LẮK,"DAK LAK URBAN CO., LTD",Công ty trách nhiệm hữu hạn,Bất động sản,4E+11,https://www.chgroup.vn/product-category/ecocity/ecocity-premia-2/,2622212121,2622212121,"Tòa nhà điều hành Dự án Ecocity Premia, Km7, đường Nguyễn Chí Thanh, Phường Tân An, TP. Buôn Ma Thuột, Tỉnh Đắk Lắk",,,,
200,DLG - Công ty Cổ phần Tập đoàn Đức Long Gia Lai,Duc Long Gia Lai Group,Công ty cổ phần,"Thương mại, dịch vụ",2.9931E+12,http://duclonggroup.com/,2693747366,2693747366,"90 Lê Duẩn, Phường Phù Đổng, Thành phố Pleiku, Gia Lai",Nguyễn Tường Cọt,,,
201,DLJC - CÔNG TY CỔ PHẦN THƯƠNG MẠI SẢN XUẤT ĐỘC LẬP,"DOCLAP.,JSC",Công ty cổ phần,"Thương mại, dịch vụ",5E+11,không,909367567,2839903345,"134, Đường Bạch Đằng, Phường 2, Quận Tân Bình, Thành phố Hồ Chí Minh, Việt Nam",Phạm Anh Tuấn,,,
202,DLTC - CTCP DU LỊCH LÂM ĐỒNG,DALATTOURIST (HNX),Công ty cổ phần,"Thương mại, dịch vụ",3.96E+11,WWW.DALATTOURIST.COM.VN,902663939,2633810363,"SỐ 01 ĐƯỜNG LÊ ĐẠI HÀNH, PHƯỜNG 1, TP ĐÀ LẠT, LÂM ĐỒNG",,,,
203,DLVC - CÔNG TY TNHH BẤT ĐỘNG SẢN ĐÀ LẠT VALLEY,"DA LAT VALLEY REAL ESTATE CO.,LTD",Công ty trách nhiệm hữu hạn,Bất động sản,2.754E+12,Không có,938485358,938485358,"Khu đô thị Aqua Waterfront City, ấp An Xuân, Phường Long Hưng, Tỉnh Đồng Nai, Việt Nam",,,,
204,DMDC - Công ty cổ phần Quản lý Tài sản Pyxis (tên cũ:Công ty Cổ phần Thời trang & May mặc Demoda),DMDC,Công ty cổ phần,Lĩnh vực khác,1.05E+11,demoda.vn,926996996,926996996,"Tòa nhà Sabay Tower, số 11A Hồng Hà, Phường 2, Quận Tân Bình, Thành phố Hồ Chí Minh, Việt Nam",Nguyễn Thùy Linh,,,
205,DMIC - CT TNHH ĐẦU TƯ XUẤT NHẬP KHẨU TỔNG HỢP ĐỨC MAI,"DCMA CO., LTD",Công ty trách nhiệm hữu hạn,Bất động sản,2.5E+12,.,867446244,974558313,"PHÒNG 716, TẦNG 7, TÒA NHÀ VĂN PHÒNG 362 PHỐ HUẾ, P. PHỐ HUẾ, Q. HAI BÀ TRƯNG, HÀ NỘI",Nguyễn Thành Long,,,
206,DMTC - CTCP Nhựa Đồng Nai ( tên cũ: CTCP Nhựa đồng nai miền trung),Donaplast Jsco,Công ty cổ phần,Sản xuất,45000000000,không có,0235 2214014,0235 3943435,Lô 6 Khu CN Điện Nam- Điện Ngọc- P Điện Ngọc- TX.Điện Bàn - T.Quảng Nam,Huỳnh Lam Phi,,,
207,DNCC - Công ty Cổ phần Đại Nam,DNCC,Công ty cổ phần,Bất động sản,2.07E+11,KHÔNG CÓ,2743845845,2743845845,"1765A, Đại Lộ Bình Dương , Khu Phố 1 , Phường Hiệp An , Thành Phố Thủ Dầu Một , Tỉnh Bình Dương, Việt Nam",Huỳnh Uy Dũng,,,
208,DNP - Công ty Cổ phần DNP Holding,DNP Holding,Công ty cổ phần,Lĩnh vực khác,1.40975E+12,dnpcorp.vn,2513836843,2513836843,"Đường số 9, KCN Biên Hòa 1, phường Trấn Biên, Đồng Nai",Hoàng Anh Tuấn; Nguyễn Văn Hiếu; Nguyễn Văn Hiếu; Trịnh Kiên,,,
209,DPG - CTCP Tập Đoàn ĐẠT PHƯƠNG,"Dat Phuong., JSC",Công ty cổ phần,Xây dựng,6.29996E+11,https://www.datphuong.com.vn,2437830856,2437830859,"TẦNG 15, TÒA NHÀ HANDICO, KĐT MỚI MỄ TRÌ HẠ, ĐƯỜNG PHẠM HÙNG, P MỄ TRÌ, Q NAM TỪ LIÊM, HÀ NỘI",,,,
210,DPHC - Công ty Cổ phần Đại Phú Hòa,Công ty Cổ phần Đại Phú Hòa,Công ty cổ phần,Bất động sản,3.7E+11,congtydaiphuhoa.com,906480512,906480512,"Tầng 7, 19-19/2A Hồ Văn Huê, Phường 09, Quận Phú Nhuận, Thành phố Hồ Chí Minh, Việt Nam",Trương Kiến Anh; Trương Kiến Anh,,,
211,DPJC - Công ty Cổ phần Đầu tư Xây dựng Đại Thịnh Phát,DAI THINH PHAT INVEST CORP,Công ty cổ phần,Bất động sản,6E+11,Không có,2873099977,2873099978,"Tầng 2, Tòa nhà 194 Golden Building, số 473 Điện Biên Phủ, Phường 25, Quận Bình Thạnh, TP Hồ Chí Minh",Võ Hồ Thi Hoàng,,,
212,DPLC - Công ty TNHH Điền Phát Land,DIEN PHAT LAND,Công ty trách nhiệm hữu hạn,Bất động sản,1E+11,ctydienphatland@gmail.com,913391679,913391679,"SỐ 391 PHÚ LỢI, PHƯỜNG PHÚ LỢI, TP THỦ DẦU MỘT, TỈNH BÌNH DƯƠNG, VIỆT NAM",Bùi Quốc Hùng,,,
213,DPQC - Công ty Cổ phần Đầu tư và Phát triển du lịch Phú Quốc,PHU QUOC TOURISM DEVELOPMENT AND INVESTMENT JOINT STOCK COMPANY,Công ty cổ phần,"Thương mại, dịch vụ",7.5E+12,http://pqtdic.vn,2973612666,2973612666,"Khu Bãi Dài, Xã Gành Dầu, Huyện Phú Quốc, Kiên Giang, Vietnam",Lưu Chí Hiếu; Trần Quốc Nguyên,Công ty cổ phần FiinRatings (FiinRatings),BB-,20/06/2025
214,DPWC - Công ty cổ phần Đầu tư Ngành nước DNP,DNP Water,Công ty cổ phần,Lĩnh vực khác,2.54236E+12,dnpwater.vn,0204 659 9995,0204 659 9995,"Thôn Càn, Xã Hương Sơn, huyện Lạng Giang, tỉnh Bắc Giang",Hoàng Minh Hùng; Ngô Đức Vũ,,,
215,DQMC - CÔNG TY CỔ PHẦN ĐẦU TƯ ĐỊA ỐC ĐẠI QUANG MINH,ĐẠI QUANG MINH,Công ty cổ phần,Bất động sản,3.2E+13,https://www.dqmcorp.vn/,2837425566,2837425578,"Số 10, Đường Mai Chí Thọ, Phường An Khánh, Thành phố Hồ Chí Minh, Việt Nam",Nguyễn Hoàng Tuệ,Công ty cổ phần Sài Gòn Phát Thịnh Ratings (Saigon Ratings),vnA,17/12/2025
216,DRGC - CTCP Đầu tư và Du lịch Vạn Hương,VAN HUONG INVESTOCO,Công ty cổ phần,Bất động sản,3E+12,dragondoson.vn,2432069188,2253865859,"ND-LK79 và ND-LK80, Khu du lịch quốc tế Đồi Rồng, Phường Đồ Sơn, Thành phố Hải Phòng, Việt Nam",Phạm Minh HIếu; Phạm Ngọc Tuân,Công ty cổ phần FiinRatings (FiinRatings),B,10/4/2025
217,DRH - Công ty Cổ phần DRH Holdings,DRH HOLDING,Công ty cổ phần,Bất động sản,1.24354E+12,www.drh.vn,2838223771,2838223727,"67 Hàm Nghi, P. Sài Gòn, Tp. Hồ Chí Minh",,,,
218,DTAC - Công ty TNHH Quản lý Đầu tư Thiên An,DTA,Công ty trách nhiệm hữu hạn,Bất động sản,6.01E+11,Không có,862690690,862688188,"Phòng 708 tầng 7, tòa nhà 362 Phố Huế, Phường Phố Huế, Quận Hai Bà Trưng, Thành phố Hà Nội, Việt Nam",Nguyễn Hoàng Linh,,,
219,DTCC - CÔNG TY CỔ PHẦN KINH DOANH ĐÁ QUÝ VÀ TRANG SỨC ĐỨC TIẾN,DUC TIEN JOINT STOCK COMPANY,Công ty cổ phần,Lĩnh vực khác,2E+11,https://trangsucductien.com/,838243275,838243275,"66 Nguyễn Huệ, Phường Bến Nghé, Quận 1, Thành phố Hồ Chí Minh, Việt Nam",,,,
220,DTI - CTCP Đầu tư Đức Trung,DTI,Công ty cổ phần,Bất động sản,1.20978E+11,www.ductrung.vn,028 3811 6175,028 3811 6176,"213 Nam Kỳ Khởi Nghĩa, Phường Võ Thị Sáu, Quận 3, TP. HCM",Trần Đăng Quân; Trần Đăng Quân,,,
221,DTJC - Công ty Cổ phần Địa ốc Downtown,Downtown,Công ty cổ phần,Bất động sản,1.86E+11,downtown.com.vn,2838233225,2838233225,"Số 10 Nguyễn Huệ, Quận 1, Tp Hồ Chí Minh",Đỗ Thành Nhơn,,,
222,DTK - Tổng công ty Điện lực TKV - CTCP,DTK,Công ty cổ phần,Sản xuất,6.82767E+12,https://www.dienluctkv.vn,2435161605,2435161610,"Tầng 16, Tòa nhà Vinacomin, số 3 Dương Đình Nghệ, Phường Yên Hòa, Hà Nội",Bùi Minh Tân,,,
223,DTPC - Công Ty Cổ Phần Phát Triển Khu Công Nghệ Thông Tin Đà Nẵng,DITP,Công ty cổ phần,Bất động sản,7.77E+11,http://danangitpark.com.vn,2366537373,0,"Khu Công nghệ thông tin tập trung Đà Nẵng, Thôn Hiền Phước, Phường Liên Chiểu, Thành Phố Đà Nẵng, Việt Nam",HUỲNH NHẬT PHONG,Công ty cổ phần Sài Gòn Phát Thịnh Ratings (Saigon Ratings),vnB,29/06/2026
224,DTRC - Công ty cổ phần Đầu tư Phát triển Bất động sản Đô Thành,DO THANH REDI JSC,Công ty cổ phần,Bất động sản,8.5E+11,dothanh-itower.com.vn,2466863266,2466863266,"Thửa đất số 16+17+18+19, Khu QHDC đường Nguyễn Tư, Phường Lý Thường Kiệt, Thành phố Quy Nhơn, Tỉnh Bình Định, Việt Nam",,,,
225,DVCC - CÔNG TY CP THƯƠNG MẠI VÀ DỊCH VỤ DANH VIỆT,Danh Viet Com JSC,Công ty cổ phần,Bất động sản,1.053E+12,Không có,0,0,"Thôn Hà Lãng, xã Thắng Hải, huyện Hàm Tân, tỉnh Bình Thuận, Việt Nam",Nguyễn Quốc Hiển,,,
226,DVLC - CÔNG TY CỔ PHẦN BẤT ĐỘNG SẢN DRAGON VILLAGE,"DRAGON VILLAGE .,JSC",Công ty cổ phần,Bất động sản,1.2E+12,https://dragonvillage.com.vn/,903865202,903865202,"Tầng trệt, tòa nhà PVGas, số 673 Nguyễn Hữu Thọ, xã Phước Kiển, huyện Nhà Bè, TP.HCM",Nguyễn Khánh Trung; Nguyễn Đặng Duy Hải,,,
227,DVPC - Công ty cổ phần Tập đoàn Vàng bạc Đá quý DOJI,"DOJI.,JSC",Công ty cổ phần,"Thương mại, dịch vụ",4.5E+12,www.doji.vn,2433662288,2422206686,"Tòa nhà DOJI Tower, số 5 Lê Duẩn, Phường Điện Biên, Quận Ba Đình, Hà Nội",ĐỖ VŨ PHƯƠNG ANH,,,
228,DVRC - Công ty TNHH Đầu tư và Bất động sản Diên Vĩ,DVRC,Công ty trách nhiệm hữu hạn,Bất động sản,1.48E+12,không có,938485358,938485358,"65 Nguyễn Du, Phường Sài Gòn, Thành phố Hồ Chí Minh, Việt Nam",Lê Thanh Liêm,,,
229,DVTC - Công ty TNHH Đức Việt,DUCVIET,Công ty trách nhiệm hữu hạn,Bất động sản,4E+11,none,2973992431,0,"Tổ 2, ấp Đường Bào, xã Dương Tơ, thành phố Phú Quốc, tỉnh Kiên Giang, Việt Nam",Vũ Kim Toán,,,
230,DXG - CTCP tập đoàn Đất Xanh,DAT XANH GROUP,Công ty cổ phần,Bất động sản,1.11413E+13,datxanh.vn,2862525252,2862853896,"2w Ung Văn Khiêm, p.25, quận Bình Thạnh, TP. Hồ Chí Minh",Bùi Ngọc Đức,,,
231,DXMC - CÔNG TY CỔ PHẦN DỊCH VỤ VÀ ĐỊA ỐC ĐẤT XANH MIỀN BẮC,DXMB,Công ty cổ phần,Bất động sản,1.2072E+12,datxanhmienbac.com.vn,2473038181,(04) 62688811,"Tầng 18, Center Building, Số 1 đường Nguyễn Huy Tưởng, Phường Thanh Xuân Trung, Quận Thanh Xuân, Thành phố Hà Nội",Vũ Cương Quyết,,,
232,DXTC - CÔNG TY CỔ PHẦN ĐẤT XANH MIỀN TRUNG,DAT XANH MIEN TRUNG JSC,Công ty cổ phần,Bất động sản,1.4E+12,www.datxanhmientrung.com,2366266266,2366266266,"SỐ 52-54 ĐƯỜNG VÕ VĂN KIỆT, PHƯỜNG AN HẢI ĐÔNG, QUẬN SƠN TRÀ, THÀNH PHỐ ĐÀ NẴNG",Trần Ngọc Thành,,,
233,EBCC - CÔNG TY CỔ PHẦN BCG ENERGY,BCG ENERGY,Công ty cổ phần,Sản xuất,4.5E+12,https://bamboocap.com.vn/,862680680,862991188,"27C Quốc Hương,Phường Thảo Điền,Thành phố Thủ Đức,Thành phố Hồ Chí Minh, Việt Nam",PHẠM MINH TUẤN,,,
234,ECFC - CÔNG TY CỔ PHẦN CÔNG NGHỆ TÀI CHÍNH ENCAPITAL,"ENCAPITAL.,JSC",Công ty cổ phần,Sản xuất,1.92377E+12,https://encapital.io/,247105998,247105998,"Số 46 phố Ngô Quyền, phường Hàng Bài, quận Hoàn Kiếm, thành phố Hà Nội, Việt Nam",Nguyễn Hoàng Giang,Công ty Cổ phần xếp hạng tín nhiệm S&I,BBB,28/11/2025
235,ECHC - Công ty Cổ phần Encapital Holdings,ECHC,Công ty cổ phần,Sản xuất,6.13523E+11,https://encapitalholdings.com,2471059988,2471059988,"Số 46 Phố Ngô Quyền, Phường Cửa Nam, Thành phố Hà Nội, Việt Nam",,,,
236,ECOC - CTCP ĐẦU TƯ NƯỚC SẠCH VÀ MÔI TRƯỜNG ECO&MORE,"ECO&MORE INVESTMENT.,JSC",Công ty cổ phần,Lĩnh vực khác,2E+11,.,988757806,0,"Tầng 9, Toà nhà Indochina Plaza Hà Nội, số 241 Xuân Thuỷ, Phường Dịch Vọng Hậu, Quận Cầu Giấy, Thành Phố Hà Nội",Nguyễn Văn Hạnh,,,
237,ECPC - CTCP Tập đoàn Ecopark,ECOPARK,Công ty cổ phần,Bất động sản,1.42662E+12,https://ecopark.com.vn/,2462627468,2438746316,"KHU ĐÔ THỊ THƯƠNG MẠI VÀ DU LỊCH VĂN GIANG, XÃ XUÂN QUAN, HUYỆN VĂN GIANG, HƯNG YÊN",Trần Quốc Việt,,,
238,EDIC - Công ty cổ phần Đầu tư và Phát triển Năng lượng Trung Nam,TNEG,Công ty cổ phần,Năng lượng,4.73194E+12,trungnamgroup.com.vn,028 62645178,028 62645180,"7A/68 Thành Thái, Khu phố 14, Phường Diên Hồng, TP. Hồ Chí Minh",Nguyễn Tâm Tiến,,,
239,EDOC - CÔNG TY TNHH ENDO VIỆT NAM,"ENDOVINA CO.,LTD",Công ty trách nhiệm hữu hạn,Bất động sản,3.535E+11,Chưa có,903931866,903931866,"146 NGUYỄN ĐÌNH CHIỂU, PHƯỜNG 6, QUẬN 3, TP HỒ CHÍ MINH",Nguyễn Thị Thanh Dung; Nguyễn Thị Thanh Dung; VŨ THỊ KIM THANH; VŨ THỊ KIM THANH,,,
240,EGSC - Công ty Cổ phần Đầu tư và Phát triển Eagle Side,Eagle Side,Công ty cổ phần,Bất động sản,3E+11,congtyeagleside.com,+84 28 2210 3842,+84 28 2210 3842,"8 Nguyễn Huệ, Phường Bến Nghé, Quận 1, Thành phố Hồ Chí Minh, Việt Nam",Ngô Thái Mỹ,,,
241,EHTC - Công ty TNHH Đầu tư Bất động sản Du lịch Hoàng Trường,HOANG TRUONG TOURIST REAL ESTATE INVESTMENT COMPANY LIMITED,Công ty trách nhiệm hữu hạn,Bất động sản,2E+12,....,328188266,941316996,"Phòng 715, Tầng 7, Tòa nhà văn phòng 362 Phố Huế, phường Phố Huế, quận Hai Bà Trưng, TP Hà Nội",Nguyễn Thị Trâm Anh,,,
242,EIB - Ngân hàng Thương mại cổ phần Xuất nhập khẩu Việt Nam,Eximbank,Công ty cổ phần,Tổ chức tín dụng,1.86881E+13,https://eximbank.com.vn,(024) 73036868,(028) 38216913,"27-29 Lý Thái Tổ, phường Hoàn Kiếm, thành phố Hà Nội, Việt Nam",PHẠM THỊ HUYỀN TRANG; QUOCANH NGUYENLE,,,
243,EIGC - CÔNG TY CỔ PHẦN TẬP ĐOÀN HẠ TẦNG GIÁO DỤC,EDU INFRA GROUP,Công ty cổ phần,Lĩnh vực khác,4.978E+11,http://trinity.vn/vn/,2462629588,2462629588,"Số 12 ngách 1 ngõ 111 Nguyễn Xiển, Phường Hạ Đình, Quận Thanh Xuân, Thành phố Hà Nội",Nguyễn Ngọc Khánh,,,
244,EIPC - Công ty TNHH Đầu tư Phát triển Khu Công nghiệp EIP,EIP,Công ty trách nhiệm hữu hạn,Bất động sản,1E+12,0,947267868,0,"Thôn Guột, xã Việt Hùng, huyện Quế Võ, tỉnh Bắc Ninh",Nguyễn Trọng Tuấn; Nguyễn Đức Phương; Vũ Tiến Định,,,
245,ENCC - CÔNG TY CỔ PHẦN DK ENC VIỆT NAM,DK ENC VIETNAM JSC,Công ty cổ phần,Lĩnh vực khác,4.35275E+11,skylakegolfclub.vn,243771021,2433711231,"Khu vực hồ Văn Sơn, Xã Hoàng Văn Thụ, Huyện Chương Mỹ, Thành phố Hà Nội, Việt Nam",Jang Chin Hyuk,,,
246,ENOC - CÔNG TY CỔ PHẦN NĂNG LƯỢNG ĐẠI DƯƠNG,"ENOC.,JSC",Công ty cổ phần,Xây dựng,60000000000,0,0888 192 499,0,"Số 7, Ngách 49, Ngõ 178, Phố Thái Hà, Phường Trung Liệt, Quận Đống Đa, Thành phố Hà Nội",,,,
247,ENTC - CTCP Đầu tư Du lịch Eurowindow Nha Trang,"Eurowindow NhaTrang., SJC",Công ty cổ phần,Bất động sản,2.15E+12,www.eurowindow-holding.com,058 6250037,586250023,"146 Lê Hồng Phong, Phường Phước Hải, Thành phố Nha Trang, Tỉnh Khánh Hòa, Việt Nam",Trịnh Thị Minh Huệ,,,
248,ES1C - CTCP EA SÚP 1,EASUP 1,Công ty cổ phần,Sản xuất,7.36E+11,www.xuanthienvietnam.com,02293 886 886,2293886986,"Nhà máy Điện mặt trời Xuân Thiện Ea Súp, thôn Đoàn, xã Ia Lốp, tỉnh Đắk Lắk, Việt Nam",Mai Xuân Hương,Công ty cổ phần Sài Gòn Phát Thịnh Ratings (Saigon Ratings),vnBBB,12/6/2026
249,ES2C - Công ty cổ phần EA Súp 2,EASUP 2,Công ty cổ phần,Sản xuất,7.06E+11,www.xuanthienvietnam.vn,2293886886,2293886986,"số 109, Hoàng Hoa Thám, Phường Tân Tiến, TP Buôn Mê Thuột, Tỉnh Đắk Lắk",Mai Xuân Hương,,,
250,ES3C - CTCP EA SÚP 3,EASUP 3,Công ty cổ phần,Sản xuất,5.53172E+12,www.xuanthienvietnam.vn,2293886886,2293886986,"Nhà máy Điện mặt trời Xuân Thiện Ea Súp 3, thôn Đoàn, xã Ia Lốp, tỉnh Đắk Lắk, Việt Nam",Nguyễn Huy Hoàng,,,
251,ES5C - CTCP EA SÚP 5,EASUP 5,Công ty cổ phần,Sản xuất,1.228E+12,www.xuanthienvietnam.vn,2293886886,2293886986,"Nhà máy Điện mặt trời Xuân Thiện Ea Súp, thôn Đoàn, xã Ia Lốp, tỉnh Đắk Lắk, Việt Nam",Nguyễn Huy Hoàng,,,
252,ETCC - CÔNG TY CỔ PHẦN VETC,"VETC.,JSC",Công ty cổ phần,"Thương mại, dịch vụ",7.474E+11,Không có,437476666,0,"Tầng 11, Tòa nhà Tasco, Lô HH2-2, đường Phạm Hùng, Phường Từ Liêm, Thành phố Hà Nội, Việt Nam",NGUYỄN LÊ THẮNG,,,
253,ETXC - CÔNG TY CỔ PHẦN CHỨNG KHOÁN DNSE,DNSE Jsc,Công ty cổ phần,Kinh doanh chứng khoán,3.3E+12,https://www.dnse.com.vn/,2471089234,2471089234,"Tầng 6, tòa nhà Pax Sky, 63 – 65 Ngô Thì Nhậm, phường Phạm Đình Hổ, quận Hai Bà Trưng, thành phố Hà Nội",Phạm Thị Thanh Hoa,,,
254,EUEC - CTCP XỬ LÝ RÁC THẢI VÀ NĂNG LƯỢNG EU,"EU ENER.,JSC",Công ty cổ phần,Lĩnh vực khác,1.5E+11,0,982354540,0,"TẦNG 6, TÒA NHÀ 77-79 ĐƯỜNG HOÀNG QUỐC VIẾT, PHƯỜNG NGHĨA ĐÔ, QUẬN CẦU GIẤY, HÀ NỘI",,,,
255,EVE - Công ty Cổ phần Everpia,EVE,Công ty cổ phần,Lĩnh vực khác,4.19798E+11,info@everon.com,024 3827 6490,024 3827 6492,"Cụm dân cư Nội thương, Dương Xá, Gia Lâm, Hà Nội",,,,
256,EVF - Công ty Tài chính Tổng hợp Cổ phần Điện Lực (Tên cũ: Công ty Tài chính cổ phần Điện Lực),EVF,Công ty cổ phần,Tổ chức tín dụng,7.60566E+12,www.evnfc.vn,2422229999,2422221999,"Tầng 6 và 7, tòa nhà Thaisquare Caliria – số 11A Cát Linh, phường Ô Chợ Dừa, thành phố Hà Nội",Nguyễn Hoàng Hải; Nguyễn Hoàng Hải,Moody's Ratings,B2,30/05/2025
257,EVS - Công ty Cổ phần chứng khoán Everest,EVS,Công ty cổ phần,Kinh doanh chứng khoán,1.64801E+12,https://www.eves.com.vn/,2437726699,2437726763,"Tầng 3, 6, 9 số 2A phố Đại Cồ Việt, phường Hai Bà Trưng, thành phố Hà Nội, Việt Nam",,,,
258,EWHC - Công ty CP Eurowindow Holding,"EUROWINDOW HOLDING .,JSC",Công ty cổ phần,Bất động sản,3E+12,https://eurowindow-holding.com/,2437474700,2437474759,"TẦNG 16, SỐ 2 TÔN THẤT TÙNG, P. KIM LIÊN, Q. ĐỐNG ĐA, HÀ NỘI",Nguyễn Cảnh Sơn,,,
259,F88C - Công ty cổ phần kinh doanh F88,F88 Business JSC,Công ty cổ phần,"Thương mại, dịch vụ",1.67319E+12,www.f88.vn,2473066388,8447306388,"Tầng 8, Toà nhà G-Group Tower, số 5 Nguyễn Thị Duệ, Phường Yên Hoà, Thành Phố Hà Nội, Việt Nam",Phùng Anh Tuấn,Công ty cổ phần FiinRatings (FiinRatings),BBB,10/4/2026
260,FCN - CTCP FECON,FECON CORP,Công ty cổ phần,Xây dựng,1.25439E+12,http://fecon.com.vn,2462690481,2462690484,"Tầng 15 tháp CEO, Lô HH2-1, Khu đô thị Mễ Trì Hạ, đường Phạm Hùng, Nam Từ Liêm, phường Mễ Trì, Q.Nam Từ Liêm, HN",PHẠM VIỆT KHOA,Công ty cổ phần Xếp hạng Tín nhiệm Đầu tư Việt Nam (VIS Ratings),BBB-,15/05/2026
261,FDLC - CÔNG TY CỔ PHẦN NGOẠI THƯƠNG VÀ PHÁT TRIỂN ĐẦU TƯ ĐỊA ỐC CHÂU LỤC,FIDECOLAND SJC,Công ty cổ phần,Bất động sản,1.7E+11,Không có,(028) 39149112,(028) 39149113,"81-83-83B-85 Hàm Nghi, Phường Nguyễn Thái Bình, Quận 1, Thành phố Hồ Chí Minh",Vũ Thị Anh Tú,,,
262,FHDC - Công ty Cổ phần Flamingo Holding Group,Flamingo Holding,Công ty cổ phần,Bất động sản,1636000000,https://flamingoholdinggroup.vn/,9285628,9285628,"số 24, Tràng Tiền, phường Tràng Tiền, quận Hoàn Kiếm, Hà Nội",Nguyễn Thị Hạnh,,,
263,FHTC - CÔNG TY TNHH FLAMINGO HẢI TIẾN,FLAMINGO HAI TIEN,Công ty trách nhiệm hữu hạn,Bất động sản,6.8E+11,https://flamingoibizahaitien.vn/,2378862888,2378862888,"Khu du lịch sinh thái biển và nghỉ dưỡng Flamingo Linh Trường, thôn Giang Sơn, xã Hoằng Trường, huyện Hoằng Hóa, tỉnh Thanh Hóa, Việt Nam",Lê Thị Vân Anh,,,
264,FLC - Công ty cổ phần tập đoàn FLC,"FLC Group JSC,",Công ty cổ phần,Bất động sản,7.09998E+12,www.flc.vn,2437711111,2437245888,"Tầng 5, Tòa nhà FLC Landmark Tower, đường Lê Đức Thọ, Phường Mỹ Đình 2, Quận Nam Từ Liêm, Thành phố Hà Nội, Việt Nam",Bùi Hải Huyền; LÊ TIẾN DŨNG; Vũ Anh Tuân,,,
265,FNFC - Công ty Cổ phần Fuji Nutri Food,FNF,Công ty cổ phần,Bất động sản,5E+11,không có,938479759,938479759,"65 Nguyễn Du, phường Sài Gòn, TP. Hồ Chí Minh",LÝ TRƯỜNG AN,,,
266,FPTC - Công ty cổ phần Đô thị FPT Đà Nẵng,FCity,Công ty cổ phần,Bất động sản,3.5E+11,https://fptcity.vn/,236913913,236913913,"TẦNG 1, TÒA NHÀ FPT, KCN ĐÀ NẴNG , PHƯỜNG AN BẮC HẢI, Q SƠN TRÀ, TP ĐÀ NẴNG",Nguyễn Văn Lộc,,,
267,FSPC - CÔNG TY TNHH DỊCH VỤ DU LỊCH CÁP TREO FANSIPAN SAPA,"FANSIPAN SA PA CO ., LTD",Công ty trách nhiệm hữu hạn,"Thương mại, dịch vụ",3.62602E+12,https://fansipanlegend.sunworld.vn/,2143865669,0,"Số 89B, Đường Nguyễn Chí Thanh, Phường Phan Si Păng, Thị xã Sa Pa. Tỉnh Lào Cai",PHAN TẤT THẮNG,,,
268,GAIC - Công ty TNHH Tư Vấn Đầu Tư Gia An,GA,Công ty trách nhiệm hữu hạn,Bất động sản,50000000000,dautugiaan@gmail.com,2838221745,2838221729,"Số 29A Nguyễn Đình Chiểu, Phường Đa Kao , Quận 1, TP. Hồ Chí Minh , Việt Nam",Nguyễn Bình,,,
269,GANC - Công ty cổ phần tư vấn Gia Ân,Gia Ân,Công ty cổ phần,Bất động sản,2.6E+11,//,2839303366,2839309595,"205/82 Trần Văn Đang, phường 11, quận 3, thành phố Hồ Chí Minh",Nguyễn Quỳnh Giang,,,
270,GCIC - Công ty TNHH Đầu tư Gia Cường,Công ty TNHH Đầu tư Gia Cường,Công ty trách nhiệm hữu hạn,Bất động sản,5.25E+11,none,974846499,0,"Phòng 703, tầng 7, tòa nhà 362 Phố Huế, phường Phố Huế, quận Hai Bà Trưng, thành phố Hà Nội, Việt Nam",Vũ Đình Chiến,,,
271,GCRC - CÔNG TY TNHH MỘT THÀNH VIÊN ĐẦU TƯ PHÁT TRIỂN GIA CƯ,GIA CU INVESTMENT DEVELOPMENT COMPANY LIMITED,Công ty trách nhiệm hữu hạn,Bất động sản,5.5E+11,0,(028) 36204800,0,"Số 9A Thạnh Xuân 13, Khu phố 1, Phường Thạnh Xuân, Quận 12, Tp. HCM",,,,
272,GDGC - Công ty Cổ phần Thương mại Dịch vụ Cổng Vàng,GDGC,Công ty cổ phần,Lĩnh vực khác,77081300000,https://ggg.com.vn/,024 3722 6354,024 3722 6352,"Số 60, phố Giang Văn Minh, Phường Đội Cấn, Quận Ba Đình, Thành phố Hà Nội",ĐÀO THẾ VINH,,,
273,GDSC - CTCP ĐẦU TƯ NGÔI SAO GIA ĐỊNH,GIADINH STAR JSC,Công ty cổ phần,Bất động sản,1.9E+11,http://ngoisaogiadinh.com/,2837222068,2837220688,"102 Đặng Văn Bi, Phường Bình Thọ, Thành phố Thủ Đức, TP Hồ Chí Minh, Việt Nam",TRẦN QUỐC DŨNG,,,
274,GDUC - Công ty TNHH Bất động sản Gia Đức,"Gia Duc Real Estate Co., Ltd",Công ty trách nhiệm hữu hạn,Bất động sản,2.21E+12,khong co,913132213,0932 239 682,"Dự án khu đô thị dịch vụ thương mại cao cấp Cù Lao Phước Hưng - Phân khu 3, khu phố Long Khánh 2, phường Tam Phước, tỉnh Đồng Nai",BÙI ĐẠT CHƯƠNG,,,
275,GEG - Công ty cổ phần Điện Gia Lai,GEC,Công ty cổ phần,Năng lượng,4.32717E+12,geccom.vn,2693823604,2693826365,"114 Trường Chinh, Phường Pleiku, Tỉnh Gia Lai, Việt Nam",,,,
276,GEX - Công ty cổ phần Tập đoàn Gelex,TẬP ĐOÀN GELEX,Công ty cổ phần,Sản xuất,8.5943E+12,http://gelex.vn/,2439726245,2439726282,"52 Lê Đại Hành, q. Hai Bà Trưng, Hà Nội",Nguyễn Văn Tuấn,,,
277,GEXC - CT TNHH MTV ĐẦU TƯ GEX,GEX (HNX),Công ty trách nhiệm hữu hạn,Lĩnh vực khác,8E+11,Không có,2083822338,2083822338,"Tổ 4, phường Chùa Hang, TP. Thái Nguyên, tỉnh Thái Nguyên",Nguyễn Việt Anh; Nguyễn Việt Anh,,,
278,GFVC - Công ty cổ phần GreenFeed Việt Nam,GreenFeed VN,Công ty cổ phần,Sản xuất,5.1255E+12,www.greenfeed.com.vn,2723632881,2723633374,"Đường tỉnh 832, Ấp 5 Nhựt Chánh, Xã Bình Đức, Tỉnh Tây Ninh, Việt Nam",,,,
279,GHIC - Công ty Cổ phần Đầu tư Golden Hill,Golden Hill Invest,Công ty cổ phần,Bất động sản,2.798E+12,congtydautugoldenhill.com,028 39209520,028 39209520,"08 Nguyễn Huệ, Phường Bến Nghé, Quận 1, Thành phố Hồ Chí Minh, Việt Nam",Trần Thị Bích Phương,,,
280,GHVC - Công ty Cổ phần GreenHill Village,GREENHILL,Công ty cổ phần,Bất động sản,1.10157E+12,http://Www.greenhillvillage.com.vn,903714588,0243 8812556,"Nhà khách VPCP số 10 Chu Văn An, Quận Ba Đình, Hà Nội",Tạ Hùng Quốc Việt,,,
281,GICC - Công ty Cổ phần Hạ tầng Gelex,Gelex Infrastructure,Công ty cổ phần,Lĩnh vực khác,7.9E+12,gelex.vn,2473063628,2473063628,"Tòa nhà Gelex, Số 52 Lê Đại Hành, Phường Lê Đại Hành, Quận Hai Bà Trưng, Thành phố Hà Nội",Lương Thanh Tùng; Lương Thanh Tùng; Nguyễn Hoàng Long,,,
282,GINC - Công ty CP Đầu tư hội nhập Toàn Cầu,GIN,Công ty cổ phần,Xây dựng,50000000000,Không có website,915611119,123456,"Lô đất NO7, khu tái định cư, Phường Giang Biên, Quận Long Biên, Hà Nội",Lương Bích Hường; NGUYỄN THỊ THỦY,,,
283,GKCC - CTCP Đầu tư thương mại dịch vụ Gia Khang,GiaKhang.JSC,Công ty cổ phần,Bất động sản,1.7E+12,https://kingcrowninfinity.com/,837221606,837221606,"218 Võ Văn Ngân, Phường Thủ Đức, Thành phố Hồ Chí Minh, Việt Nam",Bùi Thiện Phương Đông; Lê Thị Mai Loan; PHẠM THỊ THẢO; PHẠM ĐẠI NGHĨA,,,
284,GKHC - Công ty Cổ phần quản lý và phát triển Gia Khánh,GIA KHANH,Công ty cổ phần,Lĩnh vực khác,3.5E+11,//,028 39303366,0,"30 Nguyễn Thị Diệu, Phường Võ Thị Sáu, Quận 3, Thành phố Hồ Chí Minh",NGUYỄN HƯƠNG GIANG,,,
285,GKM - Công ty Cổ phần Khang Minh Group,GKM,Công ty cổ phần,Sản xuất,3.14342E+11,khangminhgroup.com,988951976,2432002988,"Khu công nghiệp Châu Sơn, phường Phù Vân, tỉnh Ninh Bình",Nguyễn Anh Tuấn,,,
286,GLJC - CTCP GALACTIC GROUP,GLJC,Công ty cổ phần,Bất động sản,2.9E+11,gljc.galactic@gmail.com,938485538,938485538,"Số 3.01, Lầu 3, Khối tháp V5-V6, Khu chung cư kết hợp thương mại, văn phòng lô V(Sunrise City, Khu South Towers), số 23, Nguyễn Hữu Thọ, Phường Tân Hưng, Quận 7, TP.HCM",Lý Trường An,,,
287,GLTC - CTCP ĐẦU TƯ VÀ KINH DOANH GOLF LONG THÀNH,LOTAGOLF,Công ty cổ phần,"Thương mại, dịch vụ",6.37973E+12,longthanhgolfresort.com,2516268989,2516268899,"Số 99A, đường Phước Tân - Long Hưng, Phường Phước Tân, Tỉnh Đồng Nai, Việt Nam",,,,
288,GLXC - Tập đoàn Geleximco - Công ty CP,Tập đoàn Geleximco,Công ty cổ phần,Bất động sản,1.09E+13,www.geleximco.vn,02435 141199,02435 143939,"Số 36, Phố Hoàng Cầu, P. Ô Chợ Dừa, TP. Hà Nội",,,,
289,"GMEC - Công ty cổ phần Galaxy Entertainment Holding (Tên cũ: Công ty cổ phần Giải trí và Giáo dục Galaxy, Công ty cổ phần Truyền thông và Giải trí Galaxy)",Galaxy M&E JSC.,Công ty cổ phần,"Thương mại, dịch vụ",3.041E+11,www.galaxy.com.vn,982293689,2439746121,"3/9 Võ Văn Tần, Phường Xuân Hòa, Thành phố Hồ Chí Minh( Nơi nhận thư: Tầng 5 Tòa nhà mặt trời sông hồng, số 23 Phan Chu Trinh, Hoàn Kiếm, HN)",ĐINH THỊ THANH HƯƠNG,,,
290,GPHC - CÔNG TY TNHH GREENLAND PHỐ HOA,"GREENLAND PHO HOA CO., LTD",Công ty trách nhiệm hữu hạn,Bất động sản,1.2E+11,none,983666665,983666665,"Thôn Tam Hợp, Xã Xuân Cẩm, Tỉnh Bắc Ninh, Việt Nam",Lê Thị Kim Oanh,Công ty cổ phần Xếp hạng Tín nhiệm Đầu tư Việt Nam (VIS Ratings),BB-,16/06/2026
291,GPRC - Công ty TNHH Bất động sản Gia Phú,GPRC,Công ty trách nhiệm hữu hạn,Bất động sản,2.45E+11,không,932239682,0,"Số 315 Nam Kỳ Khởi Nghĩa, Phường Xuân Hòa, Thành phố Hồ Chí Minh, Việt Nam",Điền Hòa Anh Kiệt,,,
292,GREC - Công ty Cổ phần Bất động sản Greenwich,GREENWICH REAL ESTATE JSC,Công ty cổ phần,Bất động sản,400000000,greenwichbonds@gmail.com,898323356,(08) 377 52 999,"Số 2.50, Tầng 2, Khu Thương mại – Dịch vụ, kỹ thuật, Trung tâm Thương mại, văn phòng, officetel và căn hộ (RiverGate Residence) tại số 151 – 155 Bến Vân Đồn, Phường 06, Quận 4, Thành phố Hồ Chí Minh, Việt Nam.",Lê Thị Hồng Xuân,,,
293,GRLC - Công ty TNHH Đầu tư và Phát triển Bất động sản Green Land,"Green Land Real Estate Development and Investment CO.,LTD",Công ty trách nhiệm hữu hạn,Bất động sản,2.86E+12,landhcm79@gmail.com,0938 48 53 58,0938 48 53 58,"65 Nguyễn Du, Phường Sài Gòn, TP Hồ Chí Minh, Việt Nam",Bùi Đạt Chương,,,
294,GSPC - CTCP In và Bao bì Goldsun,GSP,Công ty cổ phần,Sản xuất,2.466E+11,www.goldsunpackaging.vn,024 38371191,024 37641019,Khu CN Phú Minh -Phường Đông Ngạc- Hà Nội,,Công ty cổ phần Sài Gòn Phát Thịnh Ratings (Saigon Ratings),vnBBB-,30/10/2025
295,GTLC - Công ty cổ phần GOTEC LAND,"GOTEC LAND JOINT.,JSC",Công ty cổ phần,Bất động sản,4E+11,www.gotecland.vn,2513680999,2513680999,"296, Võ Thị Sáu, KP 7, Phường Thống Nhất, Thành phố Biên Hòa, tỉnh Đồng Nai",,,,
296,GTPC - Công ty CP Tập đoàn Tiến Phước,Tien Phuoc Group,Công ty cổ phần,Lĩnh vực khác,5.4738E+11,Chưa có,2838380303,028 3924 6129,"542 Trần Hưng Đạo, Phường 2, Quận 5, TP.HCM",,,,
297,GVIC - Công ty cổ phần GVI,GVI SJC,Công ty cổ phần,Lĩnh vực khác,1.8E+11,https://gvigroup.com.vn/,2432020201,-,"Tầng 18, số 52 phố Lê Đại Hành, phường Lê Đại Hành, quận Hai Bà Trưng, Hà Nội",,,,
298,GWBC - Công ty TNHH GATEWAY BERKELEY,"GATEWAY BERKELEY CO.,LTD",Công ty trách nhiệm hữu hạn,Bất động sản,1.2E+12,gatewayberkeley.com.vn,2838231564,2838231565,"177 Xa lộ Hà Nội, Phường Thảo Điền, Thành phố Thủ Đức, Thành phố Hồ Chí Minh, Việt Nam",Bùi Thị Phương Hiền,,,
299,GWGC - CTCP GOODWILL GROUP,GOODWILL GROUP JSC,Công ty cổ phần,Bất động sản,2.5E+11,không có,938485358,938485358,"Số 2.01 tầng 2, Khu Thương mại - Dịch vụ, Dự án Khu thương mại dịch vụ văn phòng, officetel và căn hộ tại số 08 đường Hoàng Minh Giám, phường 09, quận Phú Nhuận, TP Hồ Chí Minh",Bùi Trọng Nghĩa,,,
300,H39C - Công ty Cổ phần Hưng Thịnh Investment,H39C,Công ty cổ phần,Bất động sản,2.779E+12,http://....,2873075888,0,"53 Trần Quốc Thảo, Phường Xuân Hòa, TP. Hồ Chí Minh",ĐẶNG NGỌC MINH HUY,,,
301,H79C - CTCP Hưng Thịnh Land,HUNG THINH LAND,Công ty cổ phần,Bất động sản,9.8528E+12,www.hungthinhland.com,2873075888,2838249545,"53 Trần Quốc Thảo, Phường Xuân Hòa, TP Hồ Chí Minh",Nguyễn Văn Cường,,,
302,HAAC - Công ty cổ phần BLUEMARQ Development (Tên cũ:Công ty Cổ phần Đầu tư Kinh doanh Bất động sản Hà An),CONG TY CP DT KD BAT DONG SAN HA AN,Công ty cổ phần,Bất động sản,1.14775E+13,datxanh.vn,2862525252,2862853978,"Số 18 đường Kha Vạn Cân, p. An Bình, Tp. Dĩ An, tỉnh Bình Dương",Lê Văn Hưng; NGUYỄN TUẤN ANH; Ngô Quang Ninh,,,
303,HAG - Công ty cổ phần Hoàng Anh Gia Lai,Công ty cổ phần Hoàng Anh Gia Lai,Công ty cổ phần,Lĩnh vực khác,1.26747E+13,www.hagl.com.vn,2692225888,2692222335,"15, Trường Chinh, phường Phù Đổng, Tp.Pleiku, tỉnh Gia Lai",Nguyễn Xuân Thắng,,,
304,HAH - CÔNG TY CỔ PHẦN VẬN TẢI VÀ XẾP DỠ HẢI AN,"HAIANTS.,JSC",Công ty cổ phần,Lĩnh vực khác,1.68861E+12,www.haiants.vn,2439877515,2439444022,"Tầng 7, số 45, phố Triệu Việt Vương, phường Hai Bà Trưng, Thành phố Hà Nội, Việt Nam",,,,
305,HAHC - Công ty TNHH Hải An Huy,HAI AN HUY,Công ty trách nhiệm hữu hạn,Bất động sản,6.551E+11,none,2976592525,0,"Tổ 5, ấp 4 Vũng Bầu, Xã Cửa Cạn, Thành phố Phú Quốc, Tỉnh Kiên Giang, Việt Nam",Đặng Nam Phong,,,
306,HAIC - CTCP ĐẦU TƯ CÔNG NGHỆ VÀ GIÁO DỤC HẢI AN,"HAI AN ITE.,JSC (HNX)",Công ty cổ phần,Lĩnh vực khác,1E+11,.,915858504,0,"Tầng 4-K3 CT2, 536A Minh Khai, Phường Vĩnh Tuy, Quận Hai Bà Trưng, Hà Nội",,,,
307,HAJC - Công ty cổ phần Hội An Invest,HAJ,Công ty cổ phần,Bất động sản,3.5125E+12,Chưa có,2862525252,2862525252,"Số 8 Đỗ Thế Chấp, Phường An Sơn, Thành phố Tam Kỳ, Tỉnh Quảng Nam",Lưu Đức Khang; Ngô Thế Mẫn,,,
308,HAR - Công ty cổ phần đầu tư thương mại bất động sản An Dương Thảo Điền,Công ty CP An Dương Thảo Điền,Công ty cổ phần,Bất động sản,1.0135E+12,www.adtdgroup.com,2862754816,2862754816,"SỐ 2 NGÔ ĐỨC KẾ, PHƯỜNG BẾN NGHÉ, QUẬN 1, THÀNH PHỐ HỒ CHÍ MINH, VIỆT NAM",,,,
309,HAX - CÔNG TY CỔ PHẦN DỊCH VỤ Ô TÔ HÀNG XANH,HAXACO,Công ty cổ phần,"Thương mại, dịch vụ",1.0744E+12,http://www.haxaco.com.vn/,2838983416,2835120025,Số 333 Điện Biên Phủ - P. 15 - Q. Bình Thạnh - Tp. Hồ Chí Minh,Đỗ Tiến Dũng,,,
310,HBC - Công ty Cổ Phần Tập Đoàn Xây Dựng Hòa Bình,HBC,Công ty cổ phần,Xây dựng,3.47213E+12,www.hbcg.vn,(028) 39325030,(028) 39302097,"235 Võ Thị Sáu, Phường Xuân Hòa, TP.Hồ Chí Minh (Địa chỉ gửi thư: 123 nguyễn đình chiểu, Phường Xuân Hòa, TP.HCM)",LÊ VIẾT HẢI,,,
311,HBDC - Công ty TNHH Đầu tư Gia sản IWEALTH (tên cũ: Công ty TNHH mua bán nợ Hòa Bình),"IWEALTH CO., LTD",Công ty trách nhiệm hữu hạn,Lĩnh vực khác,1E+11,https://hbdc.com.vn/,9830114018,9830114018,"103A, Hùng Vương, Phường 2, thành phố Tân An, tỉnh Long An",Phan Thị Thu Thảo,,,
312,HBXC - Công ty TNHH Nước sạch Hòa Bình - Xuân Mai,"HB-XM CO.,LTD",Công ty trách nhiệm hữu hạn,Lĩnh vực khác,4.376E+11,Không có,972196398,0,"Xóm Dụ Phượng, Phường Kỳ Sơn, Tỉnh Phú Thọ, Việt Nam",PHẠM MẠNH HÙNG,,,
313,HC3C - CTCP XÂY DỰNG SỐ 3 HÀ NỘI,HANCO3,Công ty cổ phần,Xây dựng,5E+11,Chưa có,2437720964,2437720968,"14 Láng Hạ, phường Thành Công, quận Ba Đình, Hà Nội",ĐẶNG THỊ HÀ NGUYÊN,,,
314,HCGC - Công ty Cổ phần Tập đoàn Địa ốc Hoàng Cát,HCGC,Công ty cổ phần,Bất động sản,5.5E+11,hoangcatgroup.com,886666999,0,"Quốc lộ 14, Khu Phố Hiếu Cảm, Phường Hưng Long, thị xã Chơn Thành, tỉnh Bình Phước",NGUYỄN PHƯỚC THÀNH NHÂN,,,
315,HCMC - CÔNG TY TNHH HOÀNG TRÚC MY,"HOANG TRUC MY CO., LTD",Công ty trách nhiệm hữu hạn,Bất động sản,4E+11,https://hoangtrucmy.com,868699999,2746269689,"Số 324/24, đường Lê Hồng Phong, Tổ 3, Khu phố 4, Phường Phú Hòa, Thành phố Thủ Dầu Một, Tỉnh Bình Dương, Việt Nam",Đỗ Văn Bình,Công ty cổ phần FiinRatings (FiinRatings),B,17/05/2024
316,HCSC - Công ty cổ phần Hoàn Cầu Solar LA,Công ty cổ phần Hoàn Cầu Solar LA,Công ty cổ phần,Xây dựng,2.5E+11,khongco,904477038,904477038,"Ấp 03, xã Bình Hòa Nam, huyện Đức Huệ, tỉnh Long An",Trương Cao Hải,,,
317,HCVC - CÔNG TY TÀI CHÍNH TRÁCH NHIỆM HỮU HẠN MỘT THÀNH VIÊN HOME CREDIT VIỆT NAM,HOME CREDIT VIỆT NAM,Công ty trách nhiệm hữu hạn,Tổ chức tín dụng,2.05E+12,https://www.homecredit.vn/,2835136868,0,"Tầng G, 8 và 10 Tòa nhà Phụ Nữ, số 20 Nguyễn Đăng Giai, P. An Khánh, Tp. Hồ Chí Minh",Annica Maria Witschard; Jakub Kudrna; PHAM NGOC KHANG,Công ty cổ phần FiinRatings (FiinRatings),A,25/04/2026
318,HD2C - Công ty TNHH Điện gió Hòa Đông 2,HD2C,Công ty trách nhiệm hữu hạn,Sản xuất,3.9E+11,0,2993992666,0,"Thửa đất số 328, tờ bản đồ số 8, ấp Lẫm Thiết, Phường Khánh Hòa, TP Cần Thơ",,,,
319,HDAC - CÔNG TY CỔ PHẦN TẬP ĐOÀN XUÂN THIỆN,CÔNG TY CỔ PHẦN TẬP ĐOÀN XUÂN THIỆN,Công ty cổ phần,Sản xuất,5.77E+12,www.xuanthienvietnam.vn,2293886886,2293886986,"tòa nhà Xuân Thiện, KĐT Xuân Thành, phường Hoa Lư, tỉnh Ninh Bình",Nguyễn Huy Hoàng,,,
320,HDB - NH TMCP Phát triển thành phố Hồ Chí Minh ( HDBANK),HDBANK,Công ty cổ phần,Tổ chức tín dụng,5.00528E+13,https://www.hdbank.com.vn/vi/,028 62 915 916,028 62 915 893,"Số 25Bis, Nguyễn Thị Minh Khai, Phường Bến Nghé, Quận 1, Thành phố Hồ Chí Minh, Việt Nam",NGUYỄN HỮU ĐẶNG; PHẠM QUỐC THANH,Công ty cổ phần FiinRatings (FiinRatings),A,29/03/2026
321,HDC - CÔNG TY CP PHÁT TRIỂN NHÀ BÀ RỊA- VŨNG TÀU,HODECO,Công ty cổ phần,Bất động sản,1.78355E+12,hodeco.vn,2543856274,2543856205,"TẦNG 3- TÒA NHÀ HODECO PLAZA, SỐ 36 NGUYỄN THÁI HỌC, PHƯỜNG TAM THẮNG, TP. HỒ CHÍ MINH",Đoàn Hữu Thuận,,,
322,HDEC - Công ty cổ phần phân phối HDE,HDEC,Công ty cổ phần,"Thương mại, dịch vụ",2.5E+11,http://hyundaielectronics.com.vn/,936712222,04 35 77 77 99,"Tầng 8, 107 Nguyễn Phong Sắc, phường Dịch Vọng Hậu, quận Cầu Giấy, Hà Nội, Viêt·",Bùi Thanh Sơn,,,
323,HDG - Công ty Cổ phần Tập đoàn Hà Đô,HaDo Group,Công ty cổ phần,Bất động sản,1.54275E+12,https://hado.com.vn/,0243831 0347,0243835 5526,Số 8- Láng Hạ- Ba Đình- Hà Nội,,,,
324,HDGC - Công ty TNHH Hải Dương Giang Biên,"HAI DUONG GIANG BIEN CO., LTD",Công ty trách nhiệm hữu hạn,Xây dựng,7E+11,none,2462935582,2462935582,"LÔ CT19B KHU ĐÔ THỊ VIỆT HƯNG, PHƯỜNG GIANG BIÊN, QUẬN LONG BIÊN, HÀ NỘI",Vũ Đình Chiến,,,
325,HDHC - CÔNG TY TNHH HƯỚNG DƯƠNG HOLDING,HUONG DUONG HOLDING,Công ty trách nhiệm hữu hạn,Bất động sản,1E+11,www.huongduongholdings.com,905379853,913391678,"90 Cao Thắng , Phường 4, Quận 3, TP.Hồ Chí Minh",NGUYỄN MINH TRÍ,,,
326,HDMC - Công ty Cổ phần Tổng công ty Đầu tư và Quản lý Tài sản HD,HD AMC,Công ty cổ phần,Lĩnh vực khác,2.5E+12,https://hdbankamc.com.vn/,837421280,837421280,"19 Nguyễn Đình Chiểu, Phường Sài Gòn, TP. Hồ Chí Minh",NGUYỄN THẾ QUANG,Công ty cổ phần Sài Gòn Phát Thịnh Ratings (Saigon Ratings),vnBBB,14/01/2026
327,HDRC - Công ty TNHH Đầu tư và Phát triển BĐS Hải Đăng,HDRC,Công ty trách nhiệm hữu hạn,Bất động sản,5.45959E+12,,326730689,326730689,"Dự án Khu đô thị sinh thái Dream City, Xã Nghĩa Trụ, Tỉnh Hưng Yên, Việt Nam",Ngô Văn Kiên; Đinh Hào Hiệp,Công ty cổ phần Sài Gòn Phát Thịnh Ratings (Saigon Ratings),vnBB+,22/07/2025
328,HDSC - CTCP Chứng khoán HD,HDBS,Công ty cổ phần,Kinh doanh chứng khoán,1.023E+12,https://www.hdbs.vn/,028 6283 6888,028 6283 8666,"23A và Lầu 9, Số 58 Nguyễn Đình Chiểu, Phường Đa Kao, Quận 1, TP.HCM",Dương Thế Quang; Nguyễn Thành Trung,,,
329,HDTC - CÔNG TY XÂY DỰNG VÀ KINH DOANH CƠ SỞ HẠ TẦNG KHU CÔNG NGHIỆP HÀ NỘI - ĐÀI TƯ,HDTC,Công ty trách nhiệm hữu hạn,Bất động sản,1.36824E+11,không có,984414901,0,"Khu Công nghiệp Hà Nội - Đài Tư, Số 386 đường Nguyễn Văn Linh, phường Phúc Lợi, quận Long Biên, TP. Hà Nội",La Hứa Vinh,,,
330,HEM - CTCP CHẾ TẠO ĐIỆN CƠ HÀ NỘI,"HEM.,JSC",Công ty cổ phần,Sản xuất,3.87047E+11,http://hem.vn,2437655510,2437655509,"KM 12 ĐƯỜNG CẦU DIỄN, P PHÚC DIỄN, Q BẮC TỪ LIÊM, HÀ NỘI",BÙI QUANG VINH,,,
331,HGAC - CÔNG TY CỔ PHẦN SẢN XUẤT VÀ ĐẦU TƯ HOÀNG GIA,ROYAL INVEST JSC,Công ty cổ phần,Sản xuất,3.6E+11,https://www.royalceramic.vn/,2513569918,0,"Đường số 8, Khu công nghiệp Nhơn Trạch II - Nhơn Phú, Thị trấn Hiệp Phước, Huyện Nhơn Trạch, Tỉnh Đồng Nai, Việt Nam",,,,
332,HGDC - CTCP HOÀNG GIA ĐL,HOÀNG GIA ĐL,Công ty cổ phần,"Thương mại, dịch vụ",8.48034E+11,www.royaldl.com,2633825444,2633825666,"02 Trần Phú, phường 3, TP Đà Lạt, tỉnh Lâm Đồng",,,,
333,HGLC - Công ty cổ phần Đầu tư Quốc tế Hoàng Anh Gia Lai (Tên cũ: Công ty TNHH Hưng Thắng Lợi Gia Lai),Công ty TNHH Hưng Thắng Lợi Gia Lai,Công ty cổ phần,Lĩnh vực khác,1.685E+12,không,904934428,0,"Số 15 Trường Chinh, phường Pleiku, tỉnh Gia Lai",HOÀNG TRỌNG VĂN; VÕ THỊ MỸ HẠNH,,,
334,HGMC - Công ty TNHH Quản lý Bất động sản Highgate,HGPM,Công ty trách nhiệm hữu hạn,Bất động sản,58120000000,www.sonkimland.vn,2838989547,2838231574,"177 Xa lộ Hà Nội, Phường Thảo Điền, Thành phố Thủ Đức, Thành phố Hồ Chí Minh, Việt Nam",,,,
335,HHEC - Công ty TNHH Thiết bị và Xây lắp Huy Hoàng,"HUY HOANG E AND IC CO,. LTD",Công ty trách nhiệm hữu hạn,Lĩnh vực khác,9.52E+11,.,915858504,0,"Tầng 2, số 418, đường Lưu Nhân Chú, Tổ 4, phường Hương Sơn, TP Thái Nguyên, tỉnh Thái Nguyên",Đào Thị Lơ,,,
336,HHTC - CTCP ĐẦU TƯ THƯƠNG MẠI HỒNG HOÀNG,CTCP TM HỒNG HOÀNG,Công ty cổ phần,"Thương mại, dịch vụ",5000020000,Không có,+84 (028) 3830 2055,+84 (028) 3830 2055,"TẦNG 3, TÒA NHÀ AN PHÚ PLAZA, 117 - 119 LÝ CHÍNH THẮNG, PHƯỜNG VÕ THỊ SÁU, QUẬN 3, TP. HỒ CHÍ MINH",Lê An,,,
337,HIDC - Công ty TNHH Đầu tư và Phát triển Đô thị Hưng Yên,"Hung yen urban development Co., LTD",Công ty trách nhiệm hữu hạn,Bất động sản,9.92924E+11,Không có,866072388,028 39 159 159,"Tầng 8, Tòa nhà Viettel Hưng Yên, số 537 Nguyễn Văn Linh, Phường Hiến Nam, Thành phố Hưng Yên, tỉnh Hưng Yên, Việt Nam",NGÔ VĂN KIÊN,,,
338,HII - CTCP AN TIẾN INDUSTRIES,"AN Tien Industries.,JSC",Công ty cổ phần,Sản xuất,3.20275E+11,www.antienindustries.com,2163856555,2163851123,"KHU CÔNG NGHIỆP PHÍA NAM, XÃ VĂN PHÚ, THÀNH PHỐ YÊN BÁI, TỈNH YÊN BÁI",,,,
339,HISC - CTCP đầu tư và dịch vụ HELIOS,HELIOS,Công ty cổ phần,Lĩnh vực khác,2E+12,https://www.bcgland.com.vn/,028 38 330314,2838330315,"89 Cách Mạng Tháng Tám , Phường Bến Thành, Quận 1, Thành phố Hồ Chí Minh, Việt Nam",Nguyễn Hoàng Tiến; PHẠM THỊ NGỌC THANH,,,
340,HKAC - Công ty TNHH Hoa Kim Anh,HKA,Công ty trách nhiệm hữu hạn,Bất động sản,1E+11,Hoakimanhsg@gmail.com,907389699,907389699,"90 Cao Thắng, phường 4, quận 3, TP. Hồ Chí Minh",Nguyễn Thị Kim Phượng,,,
341,HKBC - Công ty cổ phần HAKUBA,"HAKUBA CO.,LTD",Công ty cổ phần,Lĩnh vực khác,8.1E+11,hakuba.com.vn,349290110,123456789,"Tầng 12, tòa nhà số 45 đường Nguyễn Sơn, phường Ngọc Lâm, quận Long Biên, TP Hà Nội, Việt Nam",Nguyễn Hương Giang,,,
342,HL3C - CÔNG TY TNHH ĐIỆN MẶT TRỜI TRƯỜNG LÔC- BÌNH THUẬN,Công ty Trường Lộc- Bình Thuận,Công ty cổ phần,Sản xuất,4.7E+11,truonglocbinhthuan@gmail.com,983771368,983771368,"Số 325 Đường 19/4, phường Hàm Thắng, tỉnh Lâm Đồng",,,,
343,HLCC - Công ty TNHH Xây dựng và Phát triển Hoàng Long,Hoàng Long,Công ty trách nhiệm hữu hạn,Bất động sản,3E+11,Không có,962459699,962459699,"Tầng 1 Tòa CT3, Dự án Riverside, Khu đô thị Nam Thăng Long, Phường Phú Thượng, Quận Tây Hồ, TP. Hà Nội",Đỗ Văn Trung,,,
344,HLHC - CTCP KHÁCH SẠN VỊNH HẠ LONG,HA LONG BAY HOTEL JSC,Công ty cổ phần,Bất động sản,1.20749E+11,0,2033845209,2033845209,"ĐƯỜNG HẠ LONG, KHU V, PHƯỜNG BÃI CHÁY, TỈNH QUẢNG NINH",Nguyễn Bá Tiến,,,
345,HLIC - Công ty Cổ phần Hong Lim Land,HLL,Công ty cổ phần,Bất động sản,50000000000,honglimland@gmail.com,2839352225,838221729,"Số 2 Đường Thi Sách, Phường Bến Nghé , Quận 1, TP. Hồ Chí Minh , Việt Nam",Mai Anh Đào,,,
346,HLLC - CTCP KINH DOANH ĐỊA ỐC HIM LAM,HIMLAM LAND CORP,Công ty cổ phần,Bất động sản,1.7E+12,www.truongsonland.com,028 39118118,028 39110866,"152/1A đường Nguyễn Văn Thương, Phường 25, Quận Bình Thạnh, TP. Hồ Chí Minh",Nguyễn Thị Thùy Dương,,,
347,HLNC - CÔNG TY CỔ PHẦN ĐẦU TƯ XÂY DỰNG VÀ KINH DOANH BẤT ĐỘNG SẢN HTL VIỆT NAM,HLNC,Công ty cổ phần,Bất động sản,6E+11,gelexiariverside.com.vn,904787890,2433829666,"Số 924 đường Bạch Đằng, phường Thanh Lương, quận Hai Bà Trưng, thành phố Hà Nội",,,,
348,HLPC - CTCP ĐẦU TƯ BẤT ĐỘNG SẢN HƯNG LỘC PHÁT,HUNG LOC PHAT REAL ESTATE INVESTMENT CORP,Công ty cổ phần,Bất động sản,1.9E+12,hunglocphat.com.vn,08 6269 3636,08 5431 8563,"SỐ 9A ĐƯỜNG HÙNG VƯƠNG, P CHỢ QUÁN , TP HỒ CHÍ MINH",,,,
349,HLSC - CÔNG TY TNHH MẶT TRỜI HẠ LONG,"HA LONG SUN LTD.,CO",Công ty trách nhiệm hữu hạn,Lĩnh vực khác,2.635E+13,https://halongcomplex.sunworld.vn/,2033845267,2033845264,"Số 9, Đường Hạ Long, Phường Bãi Cháy, Tỉnh Quảng Ninh, Việt Nam",,Công ty cổ phần Sài Gòn Phát Thịnh Ratings (Saigon Ratings),vnBBB+,3/7/2025
350,HMCC - Công ty cổ phần y khoa Hoàn Mỹ,HMC,Công ty cổ phần,"Thương mại, dịch vụ",1.39287E+12,https://www.hoanmy.com/vi/,2838206001,028 3820 7031,"Phòng 1101, Lầu 11, Tòa nhà Friendship, 31 Lê Duẩn, Phường Bến Nghé, Quận 1, TPHCM",,,,
351,HNA - CTCP Thủy điện Hủa Na,HHC,Công ty cổ phần,Sản xuất,2.35232E+12,huana.com.vn,2383588766,238588767,"Tầng 9 - Tòa nhà Dầu khí Nghệ An, số 7 Quang Trung, Tp. Vinh, tỉnh Nghệ An",Bùi Huy Thành,,,
352,HNF - CTCP thực phẩm Hữu Nghị,HUU NGHI (HNX),Công ty cổ phần,Sản xuất,3E+11,HUUNGHI.COM.VN,912755740,912755740,"122 ĐỊNH CÔNG, Q HOÀNG MAI, HÀ NỘI",Trịnh Trung Hiếu,,,
353,HNG - CTCP NÔNG NGHIỆP QUỐC TẾ HOÀNG ANH GIA LAI,HAGL AGRICO,Công ty cổ phần,Lĩnh vực khác,1.10855E+13,www.haagrico.com.vn,2692222285,269222218,"15 TRƯỜNG CHINH, PHƯỜNG PHÙ ĐỔNG, TP PLEIKU, TỈNH GIA LAI, VIỆT NAM",,,,
354,HNHC - CTCP Đầu tư và Xây dựng xa lộ Hà Nội,xa lộ,Công ty cổ phần,Xây dựng,1.85E+12,,2836221025,2836367100,"Tầng 11, 152 Điện Biên Phủ, Phường Thạnh Mỹ Tây, TP. Hồ Chí Minh",Nguyễn Duy Minh,,,
355,HNTC - CTCP Thương mai Đầu tư Sản xuất Hà Nội,"HN TRADING.,JSC",Công ty cổ phần,Sản xuất,2.85E+11,Không có website,833090609,0,"Số 15, Ngõ 1/46 Bùi Xương Trạch,P.Khương Đình,Q.Thanh Xuân, Hà Nội",,,,
356,HNVC - CTCP Bất động sản Hano-vid,"Hano-vid, JSC",Công ty cổ phần,Bất động sản,3.5441E+12,bondhanovid@hanovid.com.vn,0243 2484 282,0243 2484 282,"430 Cầu Am, phường Vạn Phúc, quận Hà Đông, TP. Hà Nội",Nguyễn Thế Đạt,,,
357,HNX - Sở Giao dịch Chứng khoán Hà Nội,HNX,Công ty trách nhiệm hữu hạn,Lĩnh vực khác,1E+12,,2439412626,2439347818,"Số 02 Phan Chu Trinh, Hoàn Kiếm, Hà Nội",,,,
358,HOAC - Công ty TNHH Hoa Thanh Long,HOA THANH LONG,Công ty trách nhiệm hữu hạn,Bất động sản,1.6E+11,ctyhoathanhlong@gmail.com,913391678,908174564,"U31, đường số 6, KĐT Hưng Phú, Phường Hưng Thạnh, Quận Cái Răng, TP Cần Thơ",Lý Vinh Hoàng,,,
359,HOSC - CÔNG TY TNHH HÓA CHẤT HYOSUNG VINA,HYOSUNG VINA CHEMICALS,Công ty trách nhiệm hữu hạn,Sản xuất,3.08825E+13,https://hyosungvinachemicals.com/,2543937949,2543937849,"Lô 01CN-08CN Khu công nghiệp Cái Mép, Phường Tân Phước, TP Phú Mỹ, Tỉnh Bà Rịa - Vũng Tàu, Việt Nam",KIM JONG KI,Công ty cổ phần Sài Gòn Phát Thịnh Ratings (Saigon Ratings),vnB,20/04/2026
360,HP1C - CTCP NĂNG LƯỢNG HỒNG PHONG 1,HONG PHONG 1 ENERGY JOINT STOCK COMPANY,Công ty cổ phần,Sản xuất,9.5E+11,chưa có,961192199,2436321312,"THÔN HỒNG PHONG, XÃ HÒA THẮNG, TỈNH LÂM ĐỒNG",Bùi Văn Hiếu,,,
361,HP2C - CTCP NĂNG LƯỢNG HỒNG PHONG 2,"HONG PHONG 2.,JSC",Công ty cổ phần,Sản xuất,9E+11,0,902004489,0,"THÔN HỒNG TRUNG, XÃ HỒNG PHONG, HUYỆN BẮC BÌNH, TỈNH BÌNH THUẬN",,,,
362,HPCC - Công ty TNHH Xây dựng Hưng Phát,HPC,Công ty trách nhiệm hữu hạn,Xây dựng,2.5E+11,Không có,2862710196,0,"105 ĐƯỜNG THANH NIÊN, P. QUANG TRUNG, TP. QUY NHƠN, TỈNH BÌNH ĐỊNH",Nguyễn Duy Dinh,,,
363,HPJC - CÔNG TY CỔ PHẦN ĐẦU TƯ HOÀNG PHÚC QUỐC TẾ,HPII,Công ty cổ phần,"Thương mại, dịch vụ",90000000000,www.hoang-phuc.com,8.42839E+11,8.42839E+11,"137 Nguyễn Trãi, Phường Bến Thành, Quận 1, TP. Hồ Chí Minh, Việt Nam",BÙI VĂN PHÚC,,,
364,HPLC - Công ty cổ phần Đầu tư và kinh doanh bất động sản Hải Phát,Hai Phat Land,Công ty cổ phần,Bất động sản,1.01E+12,haiphatland.com.vn,2432080599,2432080599,"Tầng 3 TTTM HPC Landmark 105, đường Tố Hữu, phường Hà Đông, Thành phố Hà Nội, Việt Nam",,,,
365,HPNC - CTCP ĐẦU TƯ HẢI PHÁT THỦ ĐÔ,HAI PHAT THU DO INVESTMENT JOINT STOCK COMPANY,Công ty cổ phần,Bất động sản,9E+11,www.haiphatthudo.vn,2432080668,2432080555,"Tầng 4 HPC Landmark 105, Khu ĐTm Văn Khê, Phường La Khê, Quận Hà Đông, TP Hà Nội",,,,
366,HPSC - CÔNG TY CP VĂN PHÒNG PHẨM HẢI PHÒNG,HPSP,Công ty cổ phần,Sản xuất,1.44E+11,https://hps.vn/,0225 3634 001,0225 3634 008,"Tổ 1 KDC Phương Lung, Hưng Đạo, Dương Kinh, Hải Phòng",ĐÀO THỊ HỒNG YẾN,,,
367,HPTC - Công ty Cổ phần Hoa Phú Thịnh,HOA PHU THINH,Công ty cổ phần,Xây dựng,2.8E+11,http://congtyhoaphuthinh.com,932014141,932014141,"Lầu 5, Tòa nhà Viet Solutions, 125/11 Nguyễn Cửu Vân, Phường 17, Quận Bình Thạnh, Thành phố Hồ Chí Minh, Việt Nam",Lợi Khai Nguyên,,,
368,HPVC - Công ty Cổ phần Hoàng Phú Vương,HPVC,Công ty cổ phần,Bất động sản,8E+11,http://congtyhoangphuvuong.com,2866502262,2866502262,"15A Sông Đà, Phường 2, Quận Tân Bình, Thành phố Hồ Chí Minh, Việt Nam",Tô Thị Như Thủy,,,
369,HPX - CÔNG TY CỔ PHẦN ĐẦU TƯ HẢI PHÁT,HAI PHAT,Công ty cổ phần,Bất động sản,2.64465E+12,haiphat.com.vn,2432080666,2432080566,"TẦNG 5, TÒA CT3, THE PRIDE, KHU ĐTM AN HƯNG, LA KHÊ, HÀ ĐÔNG, HÀ NỘI",Đỗ Quý Hải,,,
370,HPZC - CTCP ĐẦU TƯ ĐỊA ỐC HƯNG PHÚ,HUNG PHU REI CORP,Công ty cổ phần,Bất động sản,1100000000,www.hungphu.com,2835174499,2835174488,"6 HOA MAI, PHƯỜNG 02, QUẬN PHÚ NHUẬN, TP HỒ CHÍ MINH",Nguyễn Anh Khiêm,,,
371,HQBC - Công ty Cổ phần TV - TM - DV Địa ốc Hoàng Quân Bình Thuận,Công ty CP Hoàng Quân - Bình Thuận,Công ty cổ phần,Bất động sản,4E+11,http://hoangquanbinhthuan.com.vn/,2523722250,2523722251,"Số 198 Nguyễn Hội, Phường Phan Thiết, Tỉnh Lâm Đồng, Việt Nam",Nguyễn Anh Trang,,,
372,HQC - CTCP TƯ VẤN - THƯƠNG MẠI - DỊCH VỤ - ĐỊA ỐC HOÀNG QUÂN,Công ty Hoàng Quân,Công ty cổ phần,Bất động sản,4.766E+12,hoangquan.com.vn,2862928617,2839919064,"286-288 HUỲNH VĂN BÁNH , P11, Q PHÚ NHUẬN, TP HỒ CHÍ MINH",,,,
373,HQMC - CÔNG TY CỔ PHẦN TV - TM - DV ĐỊA ỐC HOÀNG QUÂN MÊKÔNG,Công ty CP Hoàng Quân Mê Kông,Công ty cổ phần,Bất động sản,3.2E+11,https://www.hoangquanmekong.com.vn/,2703852020,2703852012,"Lô B5 KDC Bình Minh, ấp Mỹ Lợi, Phường Cái Vồn, Tỉnh Vĩnh Long, Việt Nam",Hoàng Minh Đức,,,
374,HQNC - CTCP Dịch vụ Giải trí Hưng Thịnh Quy Nhơn,HUNG THINH QUY NHON JSC,Công ty cổ phần,Lĩnh vực khác,6.123E+12,http://hungthinhgiaitriquynhon.com.vn/,0256 3535279,0256 3535279,"Lô K20, Khu dân cư Hưng Thịnh, Đường Chế Lan Viên, Khu vực 3, Phường Ghềnh Ráng, Thành phố Quy Nhơn, Tỉnh Bình Định",,,,
375,HRTC - Công ty Cổ phần Dịch vụ Du lịch đường sắt Hà Nội,HRTC,Công ty cổ phần,"Thương mại, dịch vụ",2.5E+11,www.haratour.com,2438510065,2435182933,"Số 142 Đường Lê Duẩn, Phường Khâm Thiên, Quận Đống Đa, Hà Nội",TRẦN THỊ THU THỦY,,,
376,HRZC - CTCP DỊCH VỤ THƯƠNG MẠI VÀ ĐẦU TƯ HORIZON,HORIZON TRADING SERVICE AND INVESTMENT JSC,Công ty cổ phần,Bất động sản,1.3701E+12,không có,89665121,89665121,"P.903, Tầng 9, Tòa nhà Diamond Plaza, 34 Lê Duẩn, Phường Bến Nghé, Quận 1, TP Hồ Chí Minh",Nguyễn Quốc Hiển,,,
377,HS2C - CTCP ĐẦU TƯ NĂNG LƯỢNG HOÀNG SƠN 2,NANG LUONG HOANG SON 2,Công ty cổ phần,Lĩnh vực khác,2.2775E+11,hoangson2jsc2020@gmail.com,2437946868,2437946969,"A203, THÁP THE MANOR, ĐƯỜNG MỄ TRÌ, PHƯỜNG MỸ ĐÌNH 1, QUẬN NAM TỪ LIÊM, HÀ NỘI",Vũ Quang Bảo,,,
378,HSBC - NGÂN HÀNG TNHH MTV HSBC (VIỆT NAM),HSBC (Việt Nam),Công ty trách nhiệm hữu hạn,Tổ chức tín dụng,7.528E+12,hsbc.com.vn,2838292288,2862653634,"TẦNG 1,2,6 TOÀ NHÀ METROPOLITAN, 235 ĐỒNG KHỞI, PHƯỜNG BẾN NGHÉ, QUẬN 1, TP HỒ CHÍ MINH",,,,
379,HSCC - CTCP ĐẦU TƯ NĂNG LƯỢNG HOÀNG SƠN,NANG LUONG HOANG SON,Công ty cổ phần,Lĩnh vực khác,2.88E+11,hoangsonjsc2020@gmail.com,985333826,985333826,"A203, THÁP THE MANOR, ĐƯỜNG MỄ TRÌ, PHƯỜNG MỸ ĐÌNH 1, QUẬN NAM TỪ LIÊM, HÀ NỘI",Vũ Quang Bảo,,,
380,HSH - CTCP Đầu tư Thương mại Hoa sen Việt Nam,Viet Nam Lotus Investment Trading JSC,Công ty cổ phần,"Thương mại, dịch vụ",2.6E+11,Chưa có,983673546,983673546,"Số 38, ngõ 279 Giảng Võ, phường Cát Linh, quận Đống Đa, TP Hà Nội",,,,
381,HSIC - Công ty Cổ phần Đầu tư Dịch vụ vui chơi giải trí thể thao Hà Nội,"HSI., JSC",Công ty cổ phần,Bất động sản,1E+12,Chưa có,2435955547,2435955547,"Thôn Cộng Hòa, xã Phù Linh, huyện Sóc Sơn, TP. Hà Nội",Cao Văn Loan; Cao Văn Loan; LÊ QUẢNG BA,,,
382,HTCC - Công ty cổ phần tập đoàn Hateco,"Hateco.,JSC",Công ty cổ phần,Bất động sản,6.9E+12,www.hateco.com.vn,941319393,941319393,"Số 1 đường Huỳnh Tấn Phát, KCN Sài Đồng B, phường Thạch Bàn, quận Long Biên, Thành phố Hà Nội",,,,
383,HTEC - CTCP Năng lượng Hòa Thắng,"HOA THANG., JSC",Công ty cổ phần,Sản xuất,1.034E+12,HOATHANG,975009184,975009184,"THÔN HỒNG CHÍNH, XÃ HÒA THẮNG, TỈNH LÂM ĐỒNG",Dương Văn Liêm,,,
384,HTLC - CTCP HATECO THĂNG LONG,"HATECO TL., JSC",Công ty cổ phần,Bất động sản,3.2E+11,https://hatecogroup.vn/,2432595272,2432595272,"KCN SÀI ĐỒNG B, ĐƯỜNG HUỲNH TẤN PHÁT, PHƯỜNG THẠCH BÀN , QUẬN LONG BIÊN, HÀ NỘI",,,,
385,HTMC - Công ty cổ phần Thương mại sản xuất và Đầu tư Hà Thành,Ha Thanh Trade Invest,Công ty cổ phần,Lĩnh vực khác,50000000000,https://www.dthathanh.com/,326904516,02422 186 802,"Tầng 4, tháp 2 Toà nhà Times Tower, 35 Lê Văn Lương, Phường Nhân Chính, quận Thanh Xuân, Thành Phố Hà Nội",,,,
386,HTN - CTCP HƯNG THỊNH INCONS,HUNG THINH INCONS,Công ty cổ phần,Xây dựng,8.91164E+11,http://www.hungthinhincons.com.vn,2873075888,2838249545,"53 TRẦN QUỐC THẢO, PHƯỜNG VÕ THỊ SÁU, QUẬN 3, TP HỒ CHÍ MINH",,,,
387,HTNC - CTCP Hòn Tằm Biển Nha Trang,HonTam,Công ty cổ phần,"Thương mại, dịch vụ",9.03098E+11,www.merperle.vn,2583526636,2583526636,"88A Trần Phú, Phường Lộc Thọ, Thành phố Nha Trang, Tỉnh Khánh Hòa, Việt Nam",Đoàn Quốc Sơn,,,
388,HTPC - Công ty cổ phần Phát triển tổng hợp Hưng thịnh Phát,Hung Thinh Phat General Development JSC,Công ty cổ phần,Bất động sản,1.2E+12,0,028 3622 1399,0,"Số 70, đường 64 TML, Phường Thạnh Mỹ Lợi, Thành phố Thủ Đức, TP.Hồ Chí Minh",Nguyễn Đình Ngọc,,,
389,HUDC - Tổng Công ty Đầu tư Phát triển nhà và đô thị - Công ty TNHH,HUD,Công ty trách nhiệm hữu hạn,Bất động sản,3.981E+12,hud.com.vn,2437738600,2437738640,"Tầng 28-29-30-31-32, Toà nhà VPTM HUDTOWER, Số 37, Lê Văn Lương, Nhân Chính, Thanh Xuân, Hà Nội, Việt Nam",Đỗ Hoài Đông,,,
390,HULC - Công ty cổ phần phát triển Bất động sản Hưng Long,HUNG LONG REAL ESTATE DEVELOPMENT JSC,Công ty cổ phần,Bất động sản,6.52E+12,,911102075,0,"Tầng 2, Số nhà MG5-23, Khu đô thị Vinhomes Dragon Bay, Đường Trần Quốc Nghiễn, Phường Hồng Gai, Tỉnh Quảng Ninh",Lê Hồng Quân,Công ty cổ phần Sài Gòn Phát Thịnh Ratings (Saigon Ratings),vnBB,25/06/2026
391,HUT - CTCP Tasco,HUD - TASCO,Công ty cổ phần,"Thương mại, dịch vụ",1.06829E+13,tasco.com.vn,2466686863,0,"Tầng 1 và Tầng 20 tòa nhà Tasco, Lô HH2-2, đường Phạm Hùng, Phường Từ Liêm, TP Hà Nội",,,,
392,HVDC - Công ty cổ phần Hưng Vượng Developer,Hưng Vượng Developer JSC,Công ty cổ phần,Bất động sản,1.208E+12,www.hvd.vn,086 830 6407,0,"81/11 Đường số 12, khu phố 3, phường An Khánh, Quận 2, thành phố Thủ Đức, Tp.HCM",,,,
393,HVIC - CTCP Tư vấn Đầu tư Hướng Việt,CTCP Tư vấn Đầu tư Hướng Việt,Công ty cổ phần,Lĩnh vực khác,1E+12,HVH,083 997 3329,083 997 3329,"Tầng 2, Tòa nhà Savimex, số 194 Nguyễn Công Trứ, phường Nguyễn Thái Bình, quận 1, TP. Hồ Chí Minh",VÕ QUANG LONG,,,
394,HVRC - Công ty Cổ phần Bất động sản Hướng Việt,HVR,Công ty cổ phần,Bất động sản,1E+12,HVR,909217441,2839152931,Tầng 1 - Tòa nhà Packsimex - 52 Đông Du - Phường Bến Nghé - Quận 1 - TPHCM,TRẦN THỊ THÚY AN; TRẦN VĂN BÌNH,,,
395,HVUC - Công ty Cổ phần Thương mại Dịch vụ tổng hợp Hoàn Vũ,Universe General Trading Services JSC,Công ty cổ phần,"Thương mại, dịch vụ",1.8E+11,https://beautybox.com.vn,028 3820 8011,(+84-28) 3820 9873,"Tòa nhà HD TOWER, 25 Bis Nguyễn Thị Minh Khai, P. Bến Nghé, Quận 1, TP. Hồ Chí Minh",Nguyễn Quốc Bình,,,
396,IBC - CTCP ĐẦU TƯ APAX HOLDINGS,"APAX HOLDINGS.,JSC",Công ty cổ phần,"Thương mại, dịch vụ",8.31507E+11,apaxholdings.com.vn,2462629588,2462629588,88 Lang Ha,Nguyễn Ngọc Thủy,,,
397,IDC - TỔNG CÔNG TY IDICO - CTCP,IDICO,Công ty cổ phần,Lĩnh vực khác,3.79499E+12,https://www.idico.com.vn/,028 3931 2660,(+84) 28 39312705,"151A Nguyễn Đình Chiểu, Phường Xuân Hòa, TP. Hồ Chí Minh",,,,
398,IDHC - CÔNG TY CỔ PHẦN ĐẦU TƯ VÀ PHÁT TRIỂN THỦY ĐIỆN ĐĂKPSI,DIHC,Công ty cổ phần,Xây dựng,4.18436E+11,không có,592223322,592223322,"Nhà điều hành thủy điện Đắk Mi1, xã Đắk Choong, huyện Đắk Glei, tỉnh Kon Tum, Việt Nam",Vũ Quang Bảo,,,
399,IDI - CÔNG TY CỔ PHẦN ĐẦU TƯ VÀ PHÁT TRIỂN ĐA QUỐC GIA I.D.I,Công ty Cổ phần I.D.I,Công ty cổ phần,Sản xuất,2.73173E+12,idiseafood.com,02773680383 - 1005,2773680382,"Quốc lộ 80, Cụm công nghiệp Vàm Cống, ấp An Thạnh, xã Lấp Vò, tỉnh Đồng Tháp, Việt Nam",LÊ VĂN CẢNH,,,
400,IDJ - Công ty cổ phần đầu tư IDJ Việt Nam,IDJ,Công ty cổ phần,Bất động sản,1.7349E+12,www.idjf.vn,243555899,243558990,"Tầng 3, tòa nhà TTTM Grand Plaza, số 177 Trần Duy Hưng, p. Yên Hòa, Hà Nội",Nguyễn Mạnh Cường; Phạm Duy Hưng; Phạm Duy Hưng; Phạm Duy Hưng,,,
401,IDTC - Công ty cổ phần Phát triển Khu Công nghiệp và Đô thị Thủ Thừa (tên cũ: Công ty cổ phần IDTT),IUH,Công ty cổ phần,Xây dựng,4.0188E+11,idtt.com.vn,2723581538,2723581539,"Số 46 - 48 Đường số 1, KP Bình Cư 3, phường 6, thành phố Tân An, tỉnh Long An",Lê Thanh Tùng,Công ty cổ phần Sài Gòn Phát Thịnh Ratings (Saigon Ratings),vnBBB,26/09/2025
402,IFNC - CÔNG TY CỔ PHẦN INFINITY LAND,CÔNG TY CỔ PHẦN INFINITY LAND,Công ty cổ phần,Bất động sản,3E+11,Không có website,705101010,0,"Tầng 5, số 71 Nguyễn Chí Thanh, phường Láng Hạ, quận Đống Đa, Hà Nội",Nguyễn Hoài Nam,,,
403,IGCC - Công ty Cổ phần Giáo dục Thành Thành Công,IGC,Công ty cổ phần,Lĩnh vực khác,4.4375E+11,https://head.igc.edu.vn/,028 3948 4865,028 3948 4865,"Số 8 Phan Đình Giót, phường 2, quận Tân Bình, Hồ Chí Minh",,,,
404,IGEC - Công ty cổ phần Phát triển Giáo dục Igarten,"Igarten .,JSC",Công ty cổ phần,"Thương mại, dịch vụ",2E+11,steame.vn,2439991800,2439991800,"Tầng 10, số 14 Láng Hạ, Phường Thành Công, Quận Ba Đình, TP. Hà Nội",Nguyễn Mạnh Phú,,,
405,IHPC - CÔNG TY TNHH HƯNG PHÁT INVEST HÀ NỘI,"HUNG PHAT INVEST HA NOI CO., LTD",Công ty trách nhiệm hữu hạn,Bất động sản,7.09275E+12,,903934019,0,"L17-11, Tầng 17, Tòa nhà Vincom Center, 72 Lê Thánh Tôn, Phường Sài Gòn, Thành phố Hồ Chí Minh, Việt Nam",,Công ty cổ phần Sài Gòn Phát Thịnh Ratings (Saigon Ratings),vnBB+,17/03/2026
406,IJC - CTCP PHÁT TRIỂN HẠ TẦNG KỸ THUẬT,BECAMEX IJC,Công ty cổ phần,Bất động sản,3.77748E+12,becamexijc.com,0274 3848789,2743848678,"SỐ 230 ĐẠI LỘ BÌNH DƯƠNG, PHƯỜNG PHÚ HÒA, TP THỦ DẦU MỘT, TỈNH BÌNH DƯƠNG",Trịnh Thanh Hùng,,,
407,IMGC - CÔNG TY CỔ PHẦN ĐẦU TƯ IMG HUẾ,"IMG HUE.,JSC",Công ty cổ phần,Bất động sản,2.47567E+11,www.ancuucity.com.vn,2343897989,2343897969,"LÔ K26, ĐƯỜNG SỐ 1, KĐT MỚI AN CỰU, PHƯỜNG AN CỰU, THÀNH PHỐ HUẾ,VIỆT NAM",Nguyễn Hồng Phúc,,,
408,INFC - CÔNG TY CỔ PHẦN GIẢI PHÁP SỐ HÓA INFINITY,CÔNG TY CỔ PHẦN GIẢI PHÁP SỐ HÓA INFINITY,Công ty cổ phần,Bất động sản,50000000000,Không có,395263884,395263884,"Số 24 ngõ 26 phố Tư Đình, Phường Long Biên, Quận Long Biên, Thành phố Hà Nội",Hoàng Minh Nguyệt,,,
409,IP1C - CÔNG TY CỔ PHẦN PHONG ĐIỆN IA PẾT ĐAK ĐOA SỐ MỘT,IP1,Công ty cổ phần,Sản xuất,7.89E+11,iapet1.com,932399196,932399196,"343B Lê Duẩn, Phường Thắng Lợi, Thành phố Pleiku, Tỉnh Gia Lai, Việt Nam",Bùi Đình Xuân,,,
410,IP2C - CÔNG TY CỔ PHẦN PHONG ĐIỆN IA PẾT ĐAK ĐOA SỐ HAI,IP2,Công ty cổ phần,Sản xuất,7.38E+11,iapet2.com,902129196,902129196,"343B Lê Duẩn, Phường Thắng Lợi, Thành phố Pleiku, Tỉnh Gia Lai",Dương Quang Can,,,
411,IPA - CTCP Tập đoàn Đầu tư I.P.A,I.P.A GROUP JSC,Công ty cổ phần,Lĩnh vực khác,2.13836E+12,www.ipa.com.vn,2439365868,2837738406,"Số 01 Nguyễn Thượng Hiền, phường Hai Bà Trưng, Hà Nội",Vũ Hiền,Công ty cổ phần Sài Gòn Phát Thịnh Ratings (Saigon Ratings),vnA-,14/11/2025
412,IPDC - CÔNG TY CỔ PHẦN IMG PHƯỚC ĐÔNG,IMG PHUOC DONG,Công ty cổ phần,Bất động sản,4.756E+11,https://imgphuocdong.vn/,2723714123,273714124,"Ấp 5, đường tỉnh 826B, xã Phước Đông, huyện Cần Đước, tỉnh Long An, VN",Hồ Văn Trí,,,
413,IPPC - Công ty TNHH Xuất nhập khẩu Liên Thái Bình Dương,IMEX PAN - PACIFIC CO.LTD,Công ty trách nhiệm hữu hạn,"Thương mại, dịch vụ",3E+12,https://ippgroup.vn/,(028) 3824 8117,(028) 3824 8118,"Tầng 3 tòa nhà Opera View 161 Đồng Khởi, Phường Bến Nghé, Quận 1, Thành phố Hồ Chí Minh, Việt Nam",Lê Hồng Thủy Tiên,,,
414,IREC - Công ty TNHH Bất động sản Industry,"Industry Real Estate Co ,.Ltd",Công ty trách nhiệm hữu hạn,Bất động sản,6E+11,00000.vn,+84 898323314,0,"81 Cách Mạng Tháng Tám, Phường Bến Thành, Quận 1, Thành phố Hồ Chí Minh, Việt Nam",,,,
415,ITCC - CTCP ĐẦU TƯ XÂY DỰNG HẠ TẦNG VÀ GIAO THÔNG,INTRACOM,Công ty cổ phần,Xây dựng,1E+12,www.intracom.com.vn,2437914111,2437914112,"LÔ C2F CỤM CÔNG NGHIỆP CẦU GIẤY, P DỊCH VỌNG HẬU, Q CẦU GIẤY, HÀ NỘI",Nguyễn Thanh Việt,,,
416,ITLC - Công ty Cổ phần Giao Nhận và Vận Chuyển In do Trần,ITL,Công ty cổ phần,Lĩnh vực khác,7.94059E+11,https://itlvn.com/,2839486888,2839486892,"52-54-56 Trường Sơn, Phường 2, Quận Tân Bình, TP.HCM",Trần Tuấn Anh,,,
417,ITPC - CT TNHH ĐẦU TƯ PHÚ THỊNH PHÁT,PHU THINH PHAT INVESTMENT COMPANY LIMITED,Công ty trách nhiệm hữu hạn,Bất động sản,7.8E+11,none,904689318,0,"PHÒNG 2 TẦNG 6, 25 LÝ THƯỜNG KIỆT, P. PHAN CHU TRINH, Q. HOÀN KIẾM, HÀ NỘI",Hoàng Hồng Hòa,,,
418,IVNC - CÔNG TY CỔ PHẦN INTIMEX VIỆT NAM,INTIMEX,Công ty cổ phần,Lĩnh vực khác,5.5E+11,www.intimexco.com,2439424247,2439424250,"96 TRẦN HƯNG ĐẠO, PHƯỜNG CỬA NAM, QUẬN HOÀN KIẾM, TP HÀ NỘI",Trần Thị Nguyệt,,,
419,JHIC - Công ty CP Doanh nghiệp Xã Hội Ivy Care,Ivy Care,Công ty cổ phần,Lĩnh vực khác,1.63377E+11,www.jobhopin.com,907634626,907634626,"Lầu 1 Cao ốc H3, 384 Hoàng Diệu, Phường 6 Quận 4, TP.HCM, Việt Nam",Nguyễn Hải Tùng,,,
420,KBC - TỔNG CÔNG TY PHÁT TRIỂN ĐÔ THỊ KINH BẮC - CTCP,KBC,Công ty cổ phần,Bất động sản,9.41755E+12,http://www.kinhbaccity.vn,2223634034,2223634035,"Lô B7, Khu Công nghiệp Quế Võ, Phường Phương Liễu, Tỉnh Bắc Ninh, Việt Nam",Đặng Thành Tâm,,,
421,KDC - Công ty Cổ phần Tập đoàn KIDO,KIDO (HNX),Công ty cổ phần,Sản xuất,2.89806E+12,www.kdc.vn,028 38 270 468,028 38 270 469,"Lầu 3, tháp V5, Sunrise City South, số 23 Nguyễn Hữu Thọ, Phường Tân Hưng, Quận 7, TPHCM",,,,
422,KDCC - CT TNHH ĐẦU TƯ VÀ KINH DOANH BẤT ĐỘNG SẢN KHU ĐÔNG,KHU DONG,Công ty trách nhiệm hữu hạn,Bất động sản,2.95E+12,www.khudong.com.vn,2862631212,2862631212,"Tầng 3, Tòa nhà An Phú Plaza, 117-119 Lý Chính Thắng, Phường Võ Thị Sáu, Quận 3, Thành phố Hồ Chí Minh",Đặng Nam Phong,,,
423,KDH - Công ty Cổ phần Đầu tư và Kinh doanh nhà Khang Điền,KHADIHOUSE JSC,Công ty cổ phần,Bất động sản,1.12221E+13,www.khangdien.com.vn,2838208858,2838208859,"Phòng 1 & 2, Lầu 11 Saigon Centre, 67 Lê Lợi, Phường Sài Gòn, Thành phố Hồ Chí Minh, Việt Nam",Vương Văn Minh,,,
424,KDPC - CT TNHH KHU ĐÔNG - PHÚ QUỐC,KHU DONG PHU QUOC,Công ty trách nhiệm hữu hạn,Bất động sản,4.659E+12,khudong.com.vn,352150109,352150109,"Nhà điều hành, Lô D, Khu nhà ở Villa Park, số 109 đường Bưng Ông Thoàn, Khu phố 2, Phường Phú Hữu, thành phố Thủ Đức, TP Hồ Chí Minh, Việt Nam",Vũ Kim Toán,,,
425,KGRC - Công ty Cổ phần Liên doanh Kangaroo Quốc tế,Kangaroo Group,Công ty cổ phần,Sản xuất,7.5E+11,http://kangaroo.vn,2436281699,0,"Khu công nghiệp Tân Quang, Xã Tân Quang, Huyện Văn Lâm, Tỉnh Hưng Yên, Việt Nam",Lê Xuân Hoàn,,,
426,KHG - CTCP Tập Đoàn KHẢI HOÀN LAND,KHG,Công ty cổ phần,Bất động sản,4.49435E+12,www.khaihoanland.vn,028 5411 0088,028 5411 0099,"5-7-9-11 ĐƯỜNG NỘI KHU HƯNG GIA 4 KHU ĐÔ THỊ PHÚ MỸ HƯNG, P TÂN PHONG, Q 7, TP HỒ CHÍ MINH, VIỆT NAM",,Công ty cổ phần Sài Gòn Phát Thịnh Ratings (Saigon Ratings),vnBBB-,9/7/2025
427,KHLC - Công ty TNHH Kreves Halla Land,"KHL, CO. ,LTD",Công ty trách nhiệm hữu hạn,Bất động sản,2.22164E+11,Thuykreves@gmail.com,983194449,2363867779,"Khu vực Đông Nam Đài tưởng niệm Phường Hòa Cường Bắc, Quận Hải Châu, TP Đà Nẵng",,,,
428,KHTC - Công ty Cổ phần Xây dựng Kiến Hưng Thịnh,KHTC,Công ty cổ phần,Xây dựng,3.3E+11,congtykienhungthinh.com,+84 28 6653 7301,0,"154 Đồng Văn Cống, Phường Thạnh Mỹ Lợi, Thành Phố Thủ Đức, Thành Phố Hồ Chí Minh",Lê Thị Mao,,,
429,KISC - CTCP CHỨNG KHOÁN KIS VIỆT NAM,KIS,Công ty cổ phần,Kinh doanh chứng khoán,4.54969E+12,www.kisvn.vn,8.42439E+11,8.42438E+11,"TẦNG 3 VÀ TẦNG 11, TÒA NHÀ ROX, SỐ 180-192 NGUYỄN CÔNG TRỨ, PHƯỜNG BẾN THÀNH, TP HỒ CHÍ MINH",Park Won Sang,,,
430,KMLC - Công ty Cổ phần Du lịch Sinh thái Kim Lan,KIMLAN,Công ty cổ phần,Lĩnh vực khác,50000000000,kimlan.vn,913223635,913223635,"Số nhà 11, ngách 20, ngõ Trại Cá, phố Trương Định, phường Trương Định, quận Hai Bà Trưng, TP Hà Nội",Nguyễn Đức Tâm,,,
431,KNCC - CÔNG TY TNHH KN CAM RANH,"KN CAM RANH CO.,LTD",Công ty trách nhiệm hữu hạn,Bất động sản,9E+12,www.knparadise.com,582465588,582465656,"Bãi Dài, Phường Cam Nghĩa, Thành phố Cam Ranh, Tỉnh Khánh Hòa, Việt Nam",Lê Văn Kiểm,,,
432,KNVC - Công ty TNHH Đầu tư và Phát triển điện mặt trời KN Vạn Ninh,"KN VAN NINH CO.,",Công ty trách nhiệm hữu hạn,Lĩnh vực khác,7.82E+11,knvanninh.com,0258 246 5588,0258 246 5656,"BÃI DÀI, PHƯỜNG CAM NGHĨA, THÀNH PHỐ CAM RANH, TỈNH KHÁNH HÒA, VIỆT NAM",,,,
433,KRFC - CÔNG TY CỔ PHẦN TECOMEN HOLDING,"TECOMEN HOLDING.,JSC",Công ty cổ phần,"Thương mại, dịch vụ",5.3255E+11,http://karofi.com/,2473028777,2436288697,"Số 12, Lô TT1A, Khu đô thị mới Tây Nam Hồ Linh Đàm, Phường Hoàng Liệt, Thành phố Hà Nội, Việt Nam",Nguyễn Thy Phương,,,
434,KSB - CTCP KHOÁNG SẢN VÀ XÂY DỰNG BÌNH DƯƠNG,BIMICO,Công ty cổ phần,Lĩnh vực khác,1.14779E+12,www.ksb.vn,2743822602,2743823922,"Số 8 Nguyễn Thị Minh Khai, tổ 9, khu phố Hòa Lân 1, phường Thuận Giao, Thành phố Hồ Chí Minh",Phan Tấn Đạt,,,
435,KTIC - CÔNG TY CỔ PHẦN KITA INVEST,KITA INVEST JSC,Công ty cổ phần,Bất động sản,1.15E+12,https://kita-groupvn.com/,028 3930 2855,028 3930 2856,"27 Lê Quý Đôn, Phường 07, Quận 3, TPHCM",ĐỖ XUÂN CẢNH; ĐỖ XUÂN CẢNH,,,
436,KTMC - Công ty CP Kim Tín MDF,KIMTINMDF,Công ty cổ phần,Sản xuất,6.7999E+11,Chưa có,0271 383 3143,0271 383 3130,"Đường Tôn Đức Thắng, Khu phố Tân An, Thị trấn Tân Phú, Huyện Đồng Phú, Tỉnh Bình Phước, Việt Nam",Phạm Tiến Thuật,,,
437,KVIC - Công ty Cổ phần Đầu tư Kiến Vàng,KIẾN VÀNG INVEST,Công ty cổ phần,Bất động sản,7.95E+11,kienvanginvest.vn,028 62912842,028 62912843,"114 Nguyễn Văn Hưởng, Phường An Khánh, Thành phố Hồ Chí Minh",HUỲNH NGỌC CÔNG ĐỨC,,,
438,LACC - Công ty Cổ phần Thương mại Dịch Vụ Hoa Lâm An,LACC,Công ty cổ phần,Bất động sản,1.2E+11,hoalaman.com.vn,949025683,0,"Tầng 3, tòa nhà số 12-16 phố Đốc Ngữ, Phường Vĩnh Phúc, Quận Ba Đình, Thành phố Hà Nội, Việt Nam",Trần Thị Thu,,,
439,LAGC - Công ty Cổ phần Louis Holdings,Louis Holdings JSC,Công ty cổ phần,Lĩnh vực khác,6.5026E+11,www.louisrice.vn,2877779999,2877779999,"14 Nguyễn Văn Vĩnh, Phường 4, Quận Tân Bình, Thành phố Hồ Chí Minh",Hồ Đăng Dân,,,
440,LCLC - CÔNG TY TNHH KINH DOANH BẤT ĐỘNG SẢN LC,"REAL ESTATE LC BUSINESS COMPANY LIMITED REAL ESTATE LC CO., LTD",Công ty trách nhiệm hữu hạn,Bất động sản,4.5E+11,,903438784,028 39118303,"L11-03-06A, Tầng 11, Tòa nhà Vincom Center, Số 72 Lê Thánh Tôn, Phường Bến Nghé, Quận 1, Thành phố Hồ Chí Minh, Việt Nam",Nguyễn Hoàng Linh,,,
441,LDG - Công ty CP Đầu tư LDG,LDG,Công ty cổ phần,Bất động sản,2.56973E+12,www.ldginvestment.vn,(+84) 28 3898 6666,(+84) 28 3840 8888,"Lô E9, Đường D2, Khu dân cư -Dich vụ Giang Điền (Khu A), Xã Trảng Bom, Tỉnh Đông Nai, Việt Nam",Nguyễn Khánh Hưng,,,
442,LDP - Công ty cổ phần Dược Lâm Đồng (LADOPHAR),LADOPHAR,Công ty cổ phần,Sản xuất,1.27032E+11,ladophar.com,2633824167,2633822369,"18 Ngô Quyền, phường 6, thành phố Đà Lạt, Lâm Đồng",Lê Thị Minh Thùy; Nguyễn Mai Long,,,
443,LDTC - Công ty cổ phần Lâu Đài Trắng,Casablanca JSC,Công ty cổ phần,Bất động sản,1E+11,lemancapresidence.vn,0254 3856349,0254 3856355,"24 Hạ Long, phường 2, thành phố Vũng Tàu, tỉnh Bà Rịa - Vũng Tàu",Đỗ Thị Thu Mai,,,
444,LECC - Công ty cổ phần Lec Group,LECGROUP,Công ty cổ phần,"Thương mại, dịch vụ",8E+11,https://lecvietnam.com/,2543897789,2540897859,"Đường số 4, Khu Công nghiệp Phú Mỹ 1, Phường Phú Mỹ, Thị xã Phú Mỹ, Tỉnh Bà rịa - Vũng Tàu",Nguyễn Khánh,,,
445,LHLC - CTCP TẬP ĐOÀN BẤT ĐỘNG SẢN LAN HƯNG,BDS LAN HUNG,Công ty cổ phần,Bất động sản,8E+11,lanhunggroup.vn,0965 255 966,2222220313,"KHU NHÀ Ở XÃ HỘI LAN HƯNG, ĐƯỜNG KINH DƯƠNG VƯƠNG, THỊ TRẤN HỒ, HUYỆN THUẬN THÀNH, TỈNH BẮC NINH, VIỆT NAM",Vương Quốc Toàn,,,
446,LHRC - Công ty TNHH Đầu tư Bất động sản Long Hưng Phát,"LONG HUNG PHAT REAL ESTATE INVESTMENTS CO.,LTD",Công ty trách nhiệm hữu hạn,Bất động sản,1.921E+12,,89665121,028 3821 9931,"Dự án Aqua Riverside City, Ấp An Xuân, Phường Long Hưng, Tỉnh Đồng Nai, Việt Nam",Bùi Đạt Chương; Bùi Đạt Chương,,,
447,LHTC - Công ty cổ phần Thương mại Du lịch Lạc Hồng,LHTC,Công ty cổ phần,"Thương mại, dịch vụ",6.71409E+11,https://serena.com.vn/,913575178,913575178,"Xóm Khai Đồi, xã Sào Báy, Huyện Kim Bôi, tỉnh Hòa Bình",Trần Anh Kiên,,,
448,LIG - Công ty Cổ phần LICOGI 13,Licogi 13,Công ty cổ phần,Xây dựng,9.50846E+11,licogi13.com.vn,2438544623,2438544107,"Tòa nhà LICOGI 13, đường Khuất Duy Tiến, phường Nhân Chính, quận Thanh Xuân, thành phố Hà Nội, Việt Nam",Phạm Văn Thăng,,,
449,LKHC - CÔNG TY CỐ PHẦN DỊCH VỤ ĐẦU TƯ LUCKY HOUSE,LUCKY HOUSE INVESTMENT SERVICE JSC.,Công ty cổ phần,Bất động sản,3E+11,không có,938485358,938485358,"65 NGUYỄN DU, PHƯỜNG SÀI GÒN, TP. HỒ CHÍ MINH, VN",,,,
450,LLFC - Công ty TNHH Kinh doanh nội thất Luxury Living,"Luxury Living Furniture CO.,LTD",Công ty trách nhiệm hữu hạn,Bất động sản,9.1E+11,khong co,902683499,0,"Số 1B, Đường 30, Khu Phố 2, Phường An Khánh, Thành Phố Thủ Đức, Thành Phố Hồ Chí Minh",Phạm Thanh Quyết,,,
451,LLPC - Công ty TNHH Đầu tư kinh doanh bất động sản Liên Lập,Bất động sản Liên Lập,Công ty trách nhiệm hữu hạn,Bất động sản,2.354E+12,none,873022888,838208858,"Tầng 3, Tòa nhà An Phú Plaza, 117-119 Lý Chính Thắng, Phường Xuân Hòa, Thành phố Hồ Chí Minh",Hoàng Thị Kim Thanh,,,
452,LMBC - CÔNG TY TNHH ĐẦU TƯ LEMANH BROTHERS,"LEMANH BROTHERS INVESTMENT CO., LTD",Công ty trách nhiệm hữu hạn,Xây dựng,1E+11,https://lemanh.com,582779556,582779556,"Xóm 4, xã Yên Mỹ, huyện Thanh Trì, thành phố Hà Nội",Nguyễn Duy Hiển,,,
453,LOCC - Công ty Cổ phần Thương mại Xuất nhập khẩu Tam Tài Lộc,TTL Import Export Trading,Công ty cổ phần,Lĩnh vực khác,2.58022E+12,,964015188,8888,"Tầng 11, tòa nhà Việt Á, số 9 Duy Tân, Phường Cầu Giấy, Thành phố Hà Nội, Việt Nam",Đỗ Văn Kiền,Công ty cổ phần Sài Gòn Phát Thịnh Ratings (Saigon Ratings),vnBB-,25/02/2026
454,LPB - Ngân hàng Thương mại Cổ phần Lộc Phát Việt Nam (tên cũ: Ngân hàng Thương mại cổ phần Bưu Điện Liên Việt),LPB,Công ty cổ phần,Tổ chức tín dụng,2.98728E+13,www.lpbank.com.vn,2462668668,2462669669,"LPB Tower, số 210 đường Trần Quang Khải, Phường Hoàn Kiếm, Thành phố Hà Nội",,Công ty cổ phần Xếp hạng Tín nhiệm Đầu tư Việt Nam (VIS Ratings),A+,8/5/2026
455,LPCC - CTCP Xây dựng Đầu tư và Phát triển Lĩnh Phong - C.O.N.I.C,CONIC CORP,Công ty cổ phần,Bất động sản,1E+12,conic.com.vn,028 5430 4149,028 5430 4150,"LÔ 13B-KDC CONIC, NGUYỄN VĂN LINH, XÃ PHONG PHÚ, HUYỆN BÌNH CHÁNH, TP HỒ CHÍ MINH",,,,
456,LSCC - Công ty Cổ phần Xây dựng và Thương mại Lam Sơn,LAM SON JSC,Công ty cổ phần,Sản xuất,1E+12,www.lamsonvn.com,2123856160,2123856160,"SỐ 234, NGÕ 8, ĐƯỜNG CHU VĂN THỊNH, TỔ 11, PHƯỜNG TÔ HIỆU, TỈNH SƠN LA",Trương Đình An,,,
457,LSGC - Công ty cổ phần Bất động sản Sài Gòn Vi Na,Land Sai Gon,Công ty cổ phần,Bất động sản,9E+11,www.landsaigon.vn,(04-028) 2241 8282,(04-028) 3838 1626,"628-630 Võ Văn Kiệt, Phường 1, Quận 5, Tp. Hồ Chí Minh",,,,
458,LTCC - Công ty Cổ phần xi măng Long Thành,LTCC,Công ty cổ phần,Sản xuất,1E+12,........,983848554,2293612168,"Thôn Hồng Sơn, Phường Lý Thường Kiệt, tỉnh Ninh Bình, Việt Nam",,,,
459,LTLC - Công ty TNHH Đầu tư - Kinh doanh Bất động sản Long Thượng Lộc,LTLC,Công ty trách nhiệm hữu hạn,Bất động sản,1E+11,Không có,988859779,988859779,"46 đường 18 Khu dân cư Him Lam 6A, ấp 4B, xã Bình Hưng, huyện Bình Chánh, Tp.HCM, Việt Nam",TRẦN NGỌC THOẠI,,,
460,LTRC - Công ty Cổ phần Long Thành Riverside,LTRC,Công ty cổ phần,Bất động sản,4.2E+11,http://longthanhriverside.vn,1900633898,1900633898,"Tổ 18, Khu Cầu Xéo, Thị Trấn Long Thành, Huyện Long Thành, Tỉnh Đồng Nai",Nguyễn Thu Thủy,,,
461,LV2C - CTCP Xuất nhập khẩu Thủy sản Liên Việt II,LV2,Công ty cổ phần,"Thương mại, dịch vụ",45000000000,tuantgd@lienvietxanh.com,904222117,904222117,"Tổ 31, ấp Minh Phong, xã Bình An, huyện Châu Thành, tỉnh Kiên Giang, Việt Nam",Phạm Hồng Tuấn,,,
462,LVCC - Công ty TNHH Lạc Việt Quy Nhơn,"LACVIET QUY NHON LTD.,",Công ty trách nhiệm hữu hạn,Bất động sản,4.5E+11,https://lacvietcorp.com.vn/,911326486,0,"Đường Hoàng Sa, khu phố Phú Hậu, xã Cát Tiến, Tỉnh Gia Lai, Việt Nam",Tống Đức Hiếu,Công ty cổ phần Sài Gòn Phát Thịnh Ratings (Saigon Ratings),vnBBB-,11/5/2026
463,LVDC - CTCP LAVIDA INVEST,LAVIDA INVEST JSC,Công ty cổ phần,Lĩnh vực khác,1E+11,lavidainvest.vn,2862720264,2422208696,"L18-11-13, Tầng 18 Tòa nhà Vincom Center Đồng Khởi, số 72 Lê Thánh Tôn, phường Bến Nghé, quận 1, thành phố Hồ Chí Minh, Việt Nam",Nguyễn Duy Tưởng,,,
464,LVPC - Công ty cổ phần Cảng Quốc tế Lào - Việt,VLP,Công ty cổ phần,"Thương mại, dịch vụ",2.35E+14,http://www.vungangport.com/,2393868709,2393868703,"Khu Kinh tế Vũng Áng, Phường Vũng Áng, Tỉnh Hà Tĩnh, Việt Nam",Nguyễn Anh Tuấn,,,
465,LVRC - CT TNHH BẤT ĐỘNG SẢN LAN VIỆT,LAN VIET,Công ty trách nhiệm hữu hạn,Bất động sản,1.908E+12,Không có,838750890,838750890,"số 53E, ngõ 55, ngách 55/24, đường Hoàng Hoa Thám, phường Ngọc Hà, quận Ba Đình, Thành phố Hà Nội, Việt Nam",Đỗ Thị Hiền Lương,,,
466,MACC - Công ty TNHH Marcus,"MARCUS CO., LTD",Công ty trách nhiệm hữu hạn,Lĩnh vực khác,3E+11,Không có,904644971,904644971,"Tầng 8, số 152 Phó Đức Chính, Phường Trúc Bạch, Quận Ba Đình, Thành phố Hà Nội, Việt Nam",Hoàng Minh Ngọc,,,
467,MADC - CÔNG TY CỔ PHẦN ĐẦU TƯ VÀ PHÁT TRIỂN BẤT ĐỘNG SẢN MINH AN,"BĐS MINH AN.,JSC",Công ty cổ phần,Bất động sản,4.5E+12,không có,911072295,911072295,"Tầng 11, Tòa nhà Thăng Long, số 98 Ngụy Như Kon Tum, Phường Nhân Chính, Quận Thanh Xuân, Thành Phố Hà Nội, Việt Nam",Phùng Khánh Linh,Công ty cổ phần Sài Gòn Phát Thịnh Ratings (Saigon Ratings),vnBB+,25/02/2026
468,MAFC - Công ty cổ phần Mavin Austfeed,Mavin Austfeed,Công ty cổ phần,Sản xuất,1.2E+12,www.mavin-group.com,2213921921,2213712712,"Thị tứ Bô Thời, xã Việt Tiến, tỉnh Hưng Yên",Trần Việt Thắng; Đào Mạnh Hòa,,,
469,MANC - CÔNG TY CỔ PHẦN PHÁT TRIỂN VÀ ĐẦU TƯ KINH DOANH MINH AN,MANC,Công ty cổ phần,Bất động sản,7.8E+12,minhancorp.info@gmail.com,886068499,886068499,"Ô số G35 - Lô Biệt thự BT7, Khu đô thị Việt Hưng, phường Việt Hưng, Thành phố Hà Nội",Hoàng Quốc Thủy,,,
470,MARC - Công ty TNHH Đầu tư Marina Center,MARINA CENTER,Công ty trách nhiệm hữu hạn,Bất động sản,1.11151E+13,,916670059,0,"Phòng A102, số 06 Thi Sách, Phường Sài Gòn, Thành phố Hồ Chí Minh, Việt Nam",Nguyễn Chương; Nguyễn Lê Quỳnh Như,Công ty cổ phần Sài Gòn Phát Thịnh Ratings (Saigon Ratings),vnBBB+,15/09/2025
471,MAVC - Công ty cổ phần chứng khoán Mirae Asset (Việt Nam),MAS,Công ty cổ phần,Kinh doanh chứng khoán,6.5905E+12,masvn.com,8.42839E+11,8.42839E+11,"Tầng 7 tòa nhà Le Meridien, 3C Tôn Đức Thắng, phường Bến Nghé, Quận 1, TP. Hồ Chí Minh",Kang Moon Kyung,,,
472,MBB - NGÂN HÀNG TMCP QUÂN ĐỘI,MB,Công ty cổ phần,Tổ chức tín dụng,8.055E+13,mbbank.com.vn,462661088,462661080,"Số 18 Lê Văn Lương, Phường Yên Hòa, Hà Nội",,,,
473,MBDC - Công ty TNHH Đầu tư và Tư vấn Quản lý Biển Đông,"EAST SEA INVEST CO.,LTD",Công ty trách nhiệm hữu hạn,Lĩnh vực khác,8.8E+11,none,763271516,0,"PHÒNG 706 TẦNG 7, TÒA NHÀ 362 PHỐ HUẾ, PHƯỜNG PHỐ HUẾ, QUẬN HAI BÀ TRƯNG, HÀ NỘI",Hoàng Thị Kim Thanh,,,
474,MBLC - CTCP MBLAND TONKIN,"MBLAND TONKIN.,JSC",Công ty cổ phần,Bất động sản,6E+11,lemeridiencedanang.com,2439334433,2439334433,"Km 0 đường Thanh Niên ven biển, KP Viêm Đông, Phường Điện Ngọc, Thị xã Điện Bàn, Tỉnh Quảng Nam, Việt Nam",Nguyễn Xuân Quang,,,
475,MBS - Công ty Cổ phần Chứng khoán MB,MBS,Công ty cổ phần,Kinh doanh chứng khoán,1.00096E+13,WWW.MBS.COM.VN,2473045688,2437262601,"Khu vực 1-Tầng 7-8, Tòa MB, số 21 Cát Linh, Phường Ô Chợ Dừa, TP. Hà Nội",Phan Phương Anh,Công ty cổ phần Xếp hạng Tín nhiệm Đầu tư Việt Nam (VIS Ratings),A+,15/05/2025
476,MBTC - Công ty cổ phần Bất động sản cho thuê Minh Bảo Tín,Công ty cổ phần Bất động sản cho thuê Minh Bảo Tín,Công ty cổ phần,Bất động sản,38000000000,minhbaotin.com,0931 818 999,0931 818 999,"Số 28 đường số 5, Khu phố 3, Phường Phú Lợi, TP. Thủ Dầu Một, Tỉnh Bình Dương",Phan Thị Kiều Oanh; Đặng Trọng Khang,,,
477,MCCC - CÔNG TY TNHH CUNG ỨNG VÀ THƯƠNG MẠI MÙA XUÂN,CUNG ỨNG VÀ THƯƠNG MẠI MÙA XUÂN,Công ty trách nhiệm hữu hạn,"Thương mại, dịch vụ",50000000000,https://muaxuan.com,395304636,982204928,"Xóm 4, xã Yên Mỹ , Huyện Thanh Trì, Thành Phố Hà Nội, Việt Nam",Đào Thị Lan,,,
478,MCHC - Công ty TNHH MASANCONSUMERHOLDINGS,MCHC,Công ty trách nhiệm hữu hạn,"Thương mại, dịch vụ",6.027E+11,Không có,2862563862,2838274115,"Số 23 Lê Duẩn, Phường Bến Nghé, Quận 1, Thành phố Hồ Chí Minh",MICHAEL HUNG NGUYEN,,,
479,MFFC - CÔNG TY TÀI CHÍNH TNHH MỘT THÀNH VIÊN MIRAE ASSET (VIỆT NAM),CÔNG TY TÀI CHÍNH MIRAE ASSET,Công ty trách nhiệm hữu hạn,Tổ chức tín dụng,2E+12,http://mafc.com.vn/,2873032777,2862990894,"91 Pasteur, Phường Sài Gòn, TP Hồ Chí Minh",Jin Sehwan; LEE YUN HYOUNG; Lee JaYong,,,
480,MIPC - CTCP Năng lượng Thiên niên Kỷ,"MILLPOWER.,JSC",Công ty cổ phần,Năng lượng,2.7E+11,Chưa có,024 3794 6868,024 3794 6868,"Thôn Hồng Trung, xã Hồng Phong, huyện Bắc Bình, tỉnh Bình Thuận",Vũ Quang Bảo; Vũ Quang Nam,,,
481,MIVC - CTCP Đầu tư MHC,MHC (HNX),Công ty cổ phần,Lĩnh vực khác,1.98E+11,Không có,2435770810,2435770814,"Tầng 18, số 52 phố Lê Đại Hành, phường Lê Đại Hành, quận Hai Bà Trung, TP. Hà Nội",,,,
482,MKDC - CÔNG TY TNHH MINH KHANG ĐIỀN,MKD,Công ty trách nhiệm hữu hạn,Bất động sản,1.5E+11,ctyminhkhangdien@gmail.com,903966495,903966495,"29A Nguyễn Đình Chiểu, Phường Đa Kao, Quận 1, TP.Hồ Chí Minh.",Lê Đình Giáo,,,
483,MKHC - Công ty TNHH Đầu tư Phát triển Mỹ Khánh,My Khanh company,Công ty trách nhiệm hữu hạn,Bất động sản,4E+11,0,2838380303,0,"108, Trần Đình Xu, Phường Nguyễn Cư Trinh, Quận 1, TP.Hồ Chí Minh",Trần Kiên,,,
484,MKIC - CTCP Tư vấn Đầu tư và Kỹ thuật Mê Kông,MITCO CO.LTD,Công ty cổ phần,Lĩnh vực khác,3.4E+11,,2838380304,2839246130,"LẦU 6, TÒA NHÀ LE MERIDIEN, SỐ 3C TÔN ĐỨC THẮNG, PHƯỜNG BẾN NGHÉ, QUẬN 1, TP HỒ CHÍ MINH",,,,
485,MLOC - CÔNG TY CỔ PHẦN DỊCH VỤ CAO ỐC MASTERISE LUMIERE OFFICE,MASTERISE LUMIERE OFFICE JSC.,Công ty cổ phần,Bất động sản,4.25466E+12,,325830188,0,"Lô TMDV-02 Khu đô thị mới Bắc Sông Cấm, Phường Thủy Nguyên, Thành phố Hải Phòng, Việt Nam",,Công ty cổ phần Sài Gòn Phát Thịnh Ratings (Saigon Ratings),vnBB+,28/07/2026
486,MMJC - Công ty Cổ phần Marina Mekong,MMJC,Công ty cổ phần,Bất động sản,1.5E+11,mmjh.marina@gmail.com,938485538,938485538,"65 Nguyễn Du, Phường Bến Nghé, Quận 1, TP.HCM",Lê Thanh Liêm,,,
487,MML - CTCP Masan MeatLife,Masan MEATLife,Công ty cổ phần,Lĩnh vực khác,3.26715E+12,http://masanmeatlife.com.vn,2862563862,2838274115,"Lầu 10, Tòa nhà Central Plaza, số 17 Lê Duẩn, P. Bến Nghé, Q. 1, Tp. HCM",Danny Le,,,
488,MNAC - CÔNG TY TNHH MAVIN AUSTFEED NGHỆ AN,MAVIN AUSTFEED NGHE AN,Công ty trách nhiệm hữu hạn,Sản xuất,2E+11,www.mavin-group.com,0,0,"Khu B - KCN Nam Cấm, KKT Đông Nam, xã Trung Lộc, tỉnh Nghệ An",Lưu Quốc Hưng; Trần Việt Thắng; Đào Mạnh Hòa,,,
489,MNRC - CÔNG TY CỔ PHẦN ĐẦU TƯ VÀ DỊCH VỤ ĐẤT XANH MIỀN NAM,ĐXMN,Công ty cổ phần,Bất động sản,2.724E+11,https://datxanhmiennam.com.vn,1900232427,2838996353,"27 Đinh Bộ Lĩnh, Phường 24, Quận Bình Thạnh, Tp. Hồ Chí Minh",Đỗ Văn Mạnh,,,
490,MNVC - CÔNG TY TNHH THƯƠNG MẠI VÀ DỊCH VỤ MIVI VIỆT NAM,"MIVI VINA CO.,LTD",Công ty trách nhiệm hữu hạn,Bất động sản,2.1E+11,tc.maihongnhung@gmail.com,2435772308,2435772308,"số 24 Quang Trung, Phường Trần Hưng Đạo, Quận Hoàn Kiếm, Hà Nội",Đặng Hữu Huy,,,
491,MNXC - CTCP XUẤT NHẬP KHẨU KHOÁNG SẢN,"MINEXPORT.,JSC",Công ty cổ phần,Lĩnh vực khác,8E+11,www.minex.vn,2437173026,2437173026,"Số 28, phố Bà Triệu, Phường Hàng Bài, Quận Hoàn Kiếm, Thành phố Hà Nội, Việt Nam",ĐẶNG THU TRANG,,,
492,MPLC - CÔNG TY CỔ PHẦN ĐẦU TƯ TỔ HỢP THƯƠNG MẠI MELINH PLAZA THANH HÓA,"MELINH PLAZA THANH HOA.,JSC",Công ty cổ phần,"Thương mại, dịch vụ",1.06E+12,,968578972,0,"Tầng 5, Shophouse B Tòa nhà Eurowindow Tower, Khu đô thị Eurowindow Garden City, Phường Hạc Thành, Tỉnh Thanh Hóa, Việt Nam",,,,
493,MRBC - Công ty Cổ phần Maroon Bells,MBJSC,Công ty cổ phần,Lĩnh vực khác,1.04138E+12,https://www.pharmacity.vn/,2873076888,2873076888,"248A Nơ Trang Long, Phường 12, Quận Bình Thạnh, Tp. Hồ Chí Minh",,,,
494,MREC - CTCP bất động sản Mỹ,AME PROPERTY,Công ty cổ phần,Bất động sản,1.621E+12,bondame@bdsmy.com.vn,948228293,2438584517,"Tòa nhà 54A Nguyễn Chí Thanh, Láng Thượng, Hà Nội",Vũ Thùy Duyên,,,
495,MRVC - Công ty TNHH Kinh doanh Bất động sản Dream City Villas (TÊN CŨ:CT TNHH KINH DOANH BẤT ĐỘNG SẢN TÂN LIÊN PHÁT SÀI GÒN),DREAM CITY VILLAS LLCC,Công ty trách nhiệm hữu hạn,Bất động sản,1.9587E+12,Không có,2835475555,2835475555,"Tòa nhà Sabay Tower, số 11A Hồng Hà, Phường 2, Quận Tân Bình, Thành phố Hồ Chí Minh, Việt Nam",Nguyễn Thị Thu Hương; Phan Thị Hải Lý,,,
496,MSB - Ngân hàng TMCP Hàng Hải Việt Nam,MSB,Công ty cổ phần,Tổ chức tín dụng,3.12E+13,msb.com.vn,024 3771 8899,024 3771 8899,"54A Nguyễn Chí Thanh, Phường Láng, TP Hà Nội",,Moody's Ratings,Ba3,26/11/2025
497,MSFC - Công ty Tài chính tín dụng tiêu dùng TNHH MB Shinsei (Tên cũ: Công ty Tài chính TNHH MB Shinsei),MSFC,Công ty trách nhiệm hữu hạn,Tổ chức tín dụng,1.6E+12,https://mcredit.com.vn/,024 371086888,024 371086888,"Tầng 9,10,11,12 Tòa nhà MB Bank, Số 21 Cát Linh, phường Ô Chợ Dừa, Hà Nội",Lê Quốc Ninh; Vũ Thị Hải Phượng,Công ty cổ phần Xếp hạng Tín nhiệm Đầu tư Việt Nam (VIS Ratings),A-,12/6/2025
498,MSGC - CTCP MAY- DIÊM SÀI GÒN,SAIGON GARMENT - MATCH JOINT STOCK COMPANY,Công ty cổ phần,Bất động sản,5.049E+12,không có,983183943,9401697,"346 Bến Vân Đồn , P.1, Q.4, TP.HCM",Nguyễn Chi Mai,Công ty cổ phần Sài Gòn Phát Thịnh Ratings (Saigon Ratings),vnBBB-,19/08/2025
499,MSHC - CÔNG TY CỔ PHẦN ĐIỆN MẶT TRỜI MỸ SƠN 2,DIEN MY SON 2,Công ty cổ phần,Sản xuất,3.5E+11,myson22020@gmail.com,2437946868,2437946969,"THÔN PHÚ THUẬN, XÃ MỸ SƠN, HUYỆN NINH SƠN, TỈNH BÌNH THUẬN, VIỆT NAM",Đặng Thanh Bình,,,
500,MSMC - CÔNG TY CỔ PHẦN ĐIỆN MẶT TRỜI MỸ SƠN 1,DIEN MY SON 1,Công ty cổ phần,Sản xuất,4.1E+11,myson112082020@gmail.com,2437946868,2437946969,"THÔN PHÚ THUẬN, XÃ MỸ SƠN, HUYỆN NINH SƠN, TỈNH BÌNH THUẬN, VIỆT NAM",Đặng Thanh Bình,,,
501,MSN - Công ty Cổ phần Tập đoàn Masan,Masan Group,Công ty cổ phần,Lĩnh vực khác,1.52049E+13,https://masangroup.com/,2862563862,2838274115,"Số 23 Lê Duẩn, Phường Sài Gòn, Thành phố Hồ Chí Minh, Việt Nam",,,,
502,MSR - CTCP Masan High-tech Materials,MASAN HIGH-TECH MATERIALS CORPORATION,Công ty cổ phần,Lĩnh vực khác,1.09916E+13,MASANGROUP.COM/MASANRESOURCES,2862563862,2838274115,"Số 23 Lê Duẩn, Phường Sài Gòn, TP HCM",,,,
503,MST - Công ty Cổ phần Đầu tư MST,MST,Công ty cổ phần,Lĩnh vực khác,7.60043E+11,www.mmst.com.vn,2466744305,2435553592,"Số 2, Ngõ 159 phố Tây Sơn, Thị trấn Phùng, Huyện Đan Phượng, Thành phố Hà Nội, Việt Nam",,,,
504,MTDC - Công ty cổ phần đầu tư đường Mặt Trời,"SUNWAY INVESTMENT., JSC",Công ty cổ phần,"Thương mại, dịch vụ",1.5E+11,www.ssireit.com.vn,024 39366733,024 39366732,"1C Ngô Quyền, Phường Hoàn Kiếm, Thành Phố Hà Nội",Hà Việt Thắng,,,
505,MTJC - CTCP Đá Mỹ thuật,CTCP Đá Mỹ thuật,Công ty cổ phần,Sản xuất,3E+11,tramnth@nhattien.com.vn,(028) 22211777,2822211777,"Số 10 Nguyễn Huệ, Phường Bến Nghé, Quận 1, TP.HCM, Việt Nam",Phạm Thanh Tùng,,,
506,MTPC - Công ty Cổ phần Xây dựng Minh Trường Phú,Minh Truong Phu,Công ty cổ phần,Xây dựng,4.6E+11,congtyminhtruongphu.com,028 2216 3542,028 2216 3542,"64 Nguyễn Đình Chiểu, Phường Đa Kao, Quận 1, Thành phố Hồ Chí Minh, Việt Nam",Đậu Thị Nguyệt,,,
507,MTSC - Công ty Cổ phần Đầu tư Metro Star,METRO STAR INVESTMENT,Công ty cổ phần,Bất động sản,1.188E+12,https://metrostar.vn/,907896565,907896565,"360 Võ Nguyên Giáp, Phường Phước Long A, Thành phố Thủ Đức, Thành phố Hồ Chí Minh, Việt Nam",,,,
508,MTUC - Công ty TNHH Đầu tư và Phát triển Đô thị Minh Tân,Minh Tan Urban LLC,Công ty trách nhiệm hữu hạn,Bất động sản,1.46625E+12,dothiminhtan.com,84 28 3848 6539,84 28 3848 6539,"VP 05.17 Lầu 5, số 277 Võ Nguyên Giáp, Khu phố 4, Phường An Khánh, Thành phố Hồ Chí Minh, Việt Nam",Phạm Kiều My,,,
509,MVJC - CÔNG TY CỔ PHẦN ĐẦU TƯ ĐỊA ỐC MAI VIÊN,MVJ,Công ty cổ phần,Bất động sản,3.6E+11,http://mvj.vn/,2838212184,2838212184,"Tầng hầm B1 đến tầng 7, khu phức hợp Cantavil Premier, số 1 đường Song Hành, phường An Phú, thành phố Thủ Đức, thành phố Hồ Chí Minh",Nguyễn Thảo Phương,,,
510,MVTC - Công ty TNHH Mặt trời Vũng Tàu,"SUN VUNG TAU CO.,LTD",Công ty trách nhiệm hữu hạn,Bất động sản,2.257E+13,,945687799,949359119,"Khu đô thị đường 3 tháng 2, phường Phước Thắng, Thành phố Hồ Chí Minh, Việt Nam",TRẦN LAN ANH,,,
511,MWG - Công ty cổ phần Đầu tư Thế Giới Di Động,MWG,Công ty cổ phần,Lĩnh vực khác,475431197,mwg.vn,2838125960,2838125961,"Số 222 Yersin, Phường Phú Cường, Thành phố Thủ Dầu Một, Tỉnh Bình Dương, Việt Nam",,,,
512,MYPC - Công ty TNHH Đầu tư và Kinh doanh Địa ốc Mỹ Phú,Công ty TNHH Đầu tư và Kinh doanh Địa ốc Mỹ Phú,Công ty trách nhiệm hữu hạn,Bất động sản,6.65E+11,none,865851300,835174488,"Tầng L11, Tòa nhà Vincom Center Đồng Khởi, 72 Lê Thánh Tôn, Phường Bến Nghé, Quận 1, TP Hồ Chí Minh, Việt Nam",Nguyễn Văn Phúc,,,
513,MZNC - Công ty TNHH Miza Nghi Sơn,Miza Nghi Sơn,Công ty trách nhiệm hữu hạn,Sản xuất,1.0216E+12,https://www.miza.vn/vi,2377778668,2377778668,"Khu công nghiệp số 05 thuộc Khu kinh tế Nghi Sơn, Xã Trường Lâm, Tỉnh Thanh Hóa",,,,
514,NAB - Ngân hàng Thương mại Cổ phần Nam Á,NAM A BANK,Công ty cổ phần,Tổ chức tín dụng,2.05882E+13,www.namabank.com.vn,839296699,839296688,"201-203 Cách Mạng Tháng Tám, Phường Bàn Cờ, TP Hồ Chí Minh",,Moody's Ratings,B2,12/2/2026
515,NAKC - CÔNG TY CP CÔNG NGHỆ KHẢI AN,CTY CP CÔNG NGHỆ KHẢI AN,Công ty cổ phần,Lĩnh vực khác,1.06E+11,http://congtynamkhang.com.vn,933878932,2838944990,"Phòng 702A tầng 7, tòa nhà Centre Point, 106 Nguyễn Văn Trỗi, P.8, Q. Phú Nhuận, TPHCM, Việt Nam",LÊ NGUYỄN NGỌC TRƯỜNG ÂN,,,
516,NALC - Công ty TNHH Nam Land,NALC,Công ty trách nhiệm hữu hạn,Bất động sản,3.35E+11,GOTECLAND.VN,838330888,838330888,"Tầng 3, Tòa nhà An Phú Plaza, 117-119 Lý Chính Thắng, Phường 07, Quận 03, Thành phố Hồ Chí Minh",,,,
517,NANC - Công ty cổ phần Đầu tư và Kinh Doanh Nam An,NANC,Công ty cổ phần,"Thương mại, dịch vụ",6.8E+12,không có,886068499,2432002677,"CL9-06-Khu đô thị Vinhomes Ocean Park 2 - The Empire, Xã Nghĩa Trụ, Huyện Văn Giang, Tỉnh Hưng Yên",Hoàng Quốc Thủy,,,
518,NBB - Công ty cổ phần Đầu tư Năm Bảy Bảy,Công ty NBB,Công ty cổ phần,Bất động sản,1.00476E+12,www.nbb.com.vn,862577577,862577755,"Tòa nhà CII TOWER, 152 Điện Biên Phủ, Phường 25, Quận Bình Thạnh, TP. Hồ Chí Minh",Lưu Hải Ca; Lưu Hải Ca; Nguyễn Bá Lân; Nguyễn Bá Lân,,,
519,NBCC - Công ty TNHH Tư vấn Đầu tư Nguyên Bình,Nguyên Bình,Công ty trách nhiệm hữu hạn,Bất động sản,3E+11,Không có,349588303,349588303,"Tầng 11, Toà nhà Sunshine Center, 16 Phạm Hùng, Phường Mỹ Đình 2, Quận Nam Từ Liêm, Tp. Hà Nội",NGUYỄN VĂN CƯỜNG,,,
520,NCGC - CÔNG TY CỔ PHẦN TẬP ĐOÀN NAM CƯỜNG HÀ NỘI,NAM CUONG HA NOI GROUP,Công ty cổ phần,Lĩnh vực khác,4.5E+12,namcuong.com.vn,2463251888,2463251888,"LÔ 24 ĐƯỜNG ĐÔNG A, KHU ĐÔ THỊ MỚI HÒA VƯỢNG, XÃ LỘC HÒA, TP NAM ĐỊNH, TỈNH NAM ĐỊNH",Lê Văn Cương,,,
521,NCLC - Công ty TNHH Đâu tư và Phát triển Bất động sản Nice Star,NCLC,Công ty trách nhiệm hữu hạn,Bất động sản,100000000,nicestar.cbonds@gmail.com,399991745,399991745,"Số 2.01, Tầng 2, Khu thương mại – dịch vụ, Dự án khu thương mại, dịch vụ, văn phòng, officetel và căn hộ tại số 08 đường Hoàng Minh Giám, Phường Phú Nhuận, TP.HCM, Việt Nam",Lý Trường An,,,
522,NCRC - Công ty Cổ phần Câu lạc bộ Du thuyền và nghỉ dưỡng Cam Ranh,NCRC,Công ty cổ phần,Bất động sản,1.7E+11,https://vinhnhatrang.com.vn/,2583522032,2583522032,"Số 2 Nguyễn Thị Minh Khai, phường Lộc Thọ, thành phố Nha Trang, tỉnh Khánh Hòa",Lê Anh Đức,,,
523,NDTC - Công ty TNHH Nam Đại Thành Phú Quốc,NDT,Công ty trách nhiệm hữu hạn,Bất động sản,7E+11,https://tanadaithanh.vn/,903910565,2839714338,"Xóm 2 Ấp 7 Phường An Thới, Thành phố Phú Quốc, tỉnh Kiên Giang",Nguyễn Thị Mai Phương,,,
524,NELC - Công ty cổ phần Công nghệ Thương mại GIGA1,GIGA1,Công ty cổ phần,"Thương mại, dịch vụ",3.6E+11,netlink.vn,2462698999,2462691999,"Tầng 4, Tòa nhà Star Tower, lô D32 Khu đô thị mới Cầu Giấy, phường Yên Hòa, Quận Cầu Giấy, Tp.HCM",LÊ PHƯƠNG THẢO,,,
525,NEOC - Công ty CP Neo Floor (tên cũ là: CÔNG TY CỔ PHẦN SẢN XUẤT VÀ CÔNG NGHỆ VẬT LIỆU HOÀNG GIA PHA LÊ),NEO FLOOR,Công ty cổ phần,Sản xuất,6E+11,neofloor.com.vn,2258830102,2258830102,"Lô CN4.1 Khu Công nghiệp Minh Phương Đình Vũ, Khu Kinh tế Đình Vũ – Cát Hải, Phường Đông Hải 2, Quận Hải An, Thành phố Hải Phòng, Việt Nam",,,,
526,NEWC - Công ty cổ phần đầu tư và phát triển NEWCO,NEWCO JSC,Công ty cổ phần,Bất động sản,1.15E+12,,2877727789,0,"Phòng 1, lầu 2, 02 Song Hành, Phường An Phú, TP. Thủ Đức, TP. Hồ Chí Minh",Nguyễn Hữu Điển,Công ty cổ phần Sài Gòn Phát Thịnh Ratings (Saigon Ratings),vnBB-,25/11/2024
527,NFSC - CTCP NOVA FINAL SOLUTION,NOVA FINAL SOLUTION JSC,Công ty cổ phần,Bất động sản,3.586E+12,không có,89665121,0,"Số 5.07 Khu chung cư kết hợp thương mại, văn phòng lô X (Sunrise City North), số 27 Nguyễn Hữu Thọ, Phường Tân Hưng, Thành phố Hồ Chí Minh, Việt Nam.",Bùi Đạt Chương,,,
528,NGMC - CT TNHH ĐẦU TƯ VÀ BẤT ĐỘNG SẢN NGỌC MINH,NGOC MINH (HNX),Công ty trách nhiệm hữu hạn,Bất động sản,3.5E+11,không có,938485358,938485358,"Căn Thương mại số 1.01, Tầng 1, Khu Thương mại – Dịch vụ thuộc Khu II, Cao ốc Văn phòng – Thương mại dịch vụ, Căn hộ The Prince Residence, số 17-19-21 Nguyễn Văn Trỗi, Phường Phú Nhuận, TP Hồ Chí Minh",Võ Thị Kim Khoa,,,
529,NHHC - Công ty CP Đầu tư & Xây dựng Thủy điện Nậm Hồng,CTCP TĐ Nậm Hồng,Công ty cổ phần,Sản xuất,2.44534E+11,Không có,2123856160,0,"Số 234, Ngõ 8, Đường Chu Văn Thịnh, Tổ 11, Phường Tô Hiệu, tỉnh Sơn La",,,,
530,NHPC - Công ty cổ phần Bất động sản Ngôi nhà Hạnh phúc,Công ty cổ phần Bất động sản Ngôi nhà Hạnh phúc,Công ty cổ phần,Bất động sản,50000000000,0,2839333789,0,"96 Lũy Bán Bích, Phường Tân Thới Hòa, Quận Tân Phú, TP. Hồ Chí Minh",,,,
531,NHRC - Công ty Cổ phần Nova Hotels & Resorts,NHRC,Công ty cổ phần,Bất động sản,1.018E+12,Không áp dụng,932688711,932688711,"Số 2.01, Tầng 2, Khu Thương mại – Dịch vụ, Dự án Khu thương mại, dịch vụ, văn phòng, officetel và căn hộ tại số 08 đường Hoàng Minh Giám, Phường 09, Quận Phú Nhuận, Thành phố Hồ Chí Minh, Việt Nam",Lê Thị Việt Thu,,,
532,NHSC - Công ty CP Xuất nhập khẩu AgriS Ninh Hòa,BHS-NH,Công ty cổ phần,Sản xuất,6.075E+11,nhs.com.vn,2583620416,0258 3620143,"THÔN PHƯỚC LÂM, XÃ NINH XUÂN, THỊ XÃ NINH HÒA, TỈNH KHÁNH HÒA, VIỆT NAM",NGUYỄN QUỐC VIỆT,,,
533,NICC - Công ty cổ phần Đầu tư Nhơn Trạch,NIC,Công ty cổ phần,Bất động sản,6.6E+11,dongsaigon.vn,(84-251) 3561462 - 3561463,(84-251) 3561461,"Đường số 7 khu đô thị Đông Sài Gòn, xã Long Tân, huyện Nhơn Trạch, tỉnh Đồng Nai",Quách Văn Đức,,,
534,NKDC - Công ty Cổ phần Thương mại Dịch vụ Nhựa bao bì Kiến Đức,Công ty Cổ phần Thương mại Dịch vụ Nhựa bao bì Kiến Đức,Công ty cổ phần,Sản xuất,1E+11,innoplas.com.vn,837657130,837657133,"Lầu 1, Tòa nhà Tani – Office số 475 D Lê Trọng Tấn, Phường Sơn Kỳ, Quận Tân Phú, TP. Hồ Chí Minh",Đinh Thị Phương Thảo,,,
535,NLAC - CÔNG TY CỔ PHẦN THỦY ĐIỆN NẬM LA,"NAMLA.,JSC",Công ty cổ phần,Sản xuất,3.15E+11,https://thuydiennamla.com.vn/,2123854600,2123854112,"Số 144, Đường Trường Chinh, Tổ 4, Phường Quyết Thắng, Thành phố Sơn La, Tỉnh Sơn La, Việt Nam",Vũ Ngọc Tú,,,
536,NLG - Công ty Cổ phần Đầu tư Nam Long,NLG CORP,Công ty cổ phần,Bất động sản,3.85075E+12,www.namlongvn.com,2854161718,2854161719,"6 NGUYỄN KHẮC VIỆN, P. TÂN PHÚ, Q. 7, TP. HỒ CHÍ MINH",Dương Tấn Vinh,,,
537,NLPC - CT TNHH NOVA LUCKY PALACE,NOVA LUCKY PALACE,Công ty trách nhiệm hữu hạn,Bất động sản,1E+11,Không có,932239682,932239682,"Phòng 702A Tầng 7, Tòa nhà CentrePoint, 106 Nguyễn Văn Trỗi, Phường 8, Quận Phú Nhuận, Thành phố Hồ Chí Minh, Việt Nam",Nguyễn Ngọc Bảo Ân,,,
538,NLSC - Công ty Cổ phần Phát triển Tầm nhìn Năng Lượng Sạch,NLS,Công ty cổ phần,Sản xuất,1265000000,https://www.bamboocap.com.vn/,983348998,84862991188,"Tỉnh lộ 639, thôn 8 Đông, xã Mỹ Thắng, huyện Phù Mỹ, tỉnh Bình Định",Phạm Minh Tuấn,,,
539,NPEC - CÔNG TY CỔ PHẦN ĐẦU TƯ NĂNG LƯỢNG NAM PHƯƠNG,CÔNG TY CỔ PHẦN ĐẦU TƯ NĂNG LƯỢNG NAM PHƯƠNG,Công ty cổ phần,Lĩnh vực khác,8E+11,Không có,2839292936,84 28 3929 2982,"F-02 Tầng 1, Khu phức hợp The Manor – Giai đoạn 2, số 89 Nguyễn Hữu Cảnh, Phường 22, Quận Bình Thạnh, Thành phố Hồ Chí Minh, Việt Nam.",Nguyễn Quang Thịnh,,,
540,NPHC - Công ty CP Quốc tế Ngàn Phố,NPI CORP,Công ty cổ phần,Lĩnh vực khác,1E+11,nganphocorp.com,918885151,2438385151,"Tầng 21, Tháp A, Tòa nhà Sông Đà, Quận Nam Từ Liêm, Hà Nội",Nguyễn Tuấn Anh,,,
541,NPIC - CTCP THỦY ĐIỆN NẬM PUNG - INTRACOM,CÔNG TY CỔ PHẦN THỦY ĐIỆN NẬM PUNG - INTRACOM,Công ty cổ phần,Sản xuất,1.2E+11,intracom.com.vn,2143820523,2143822668,"SỐ NHÀ 002 ĐƯỜNG PHAN HUY CHÚ, PHƯỜNG CỐC LẾU, TP LÀO CAI, TỈNH LÀO CAI",Đặng Ánh Hoàng,,,
542,NPMC - CT TNHH KHAI THÁC CHẾ BIẾN KHOÁNG SẢN NÚI PHÁO,NUIPHAO MINING,Công ty trách nhiệm hữu hạn,Sản xuất,1.07929E+13,https://masanhightechmaterials.com/vi/subsidiary/nui-phao-mining-company/,02803 824 063,02803 824 063,"Xóm Suối Cát, Xã An Khánh, Tỉnh Thái Nguyên, Việt Nam",,,,
543,NPPC - CTCP THỦY ĐIỆN NẬM PIA,SNP,Công ty cổ phần,Sản xuất,2.15E+11,thuydiennampia.com,2123856160,2123856160,"XÃ CHIỀNG HOA, TỈNH SƠN LA",Trương Đình An,,,
544,NQBC - Công ty Cổ phần Phát triển Bất động sản Nhật Quang,Nhat Quang PD Corp.,Công ty cổ phần,Bất động sản,1.95E+12,www.congtynhatquang.com,964349033,0286681 4618,Lầu 3 ACM Building 96 Cao Thắng Phường Bàn Cờ Thành phố Hồ Chí Minh Việt Nam,BÙI THỊ THU HẰNG; HỨA KIẾN QUỐC,,,
545,NRC - Công ty cổ phần tập đoàn Danh Khôi,TẬP ĐOÀN DANH KHÔI,Công ty cổ phần,Bất động sản,9.25978E+11,www.danhkhoi.com.vn,028 3622 1399,0,"Số 3 Trần Nhật Duật, Phường Tân Định, Quận 1, Thành Phố Hồ Chí Minh, Việt Nam",Lê Thống Nhất,,,
546,NRCC - CÔNG TY TNHH NAM RẠCH CHIẾC,SOUTH RACH CHIEC,Công ty trách nhiệm hữu hạn,Bất động sản,8.27E+11,palm-city.com.vn,2838218000,2828213541,"Tầng 18, tháp A, Khu Thương mại Dịch vụ kết hợp Nhà ở Cao tầng tại lô đất 1-13 thuộc Khu chức năng số 1 - Số 15, đường Trần Bạch Đằng, Phường Thủ Thiêm, TP Thủ Đức, TPHCM, Việt Nam",Đào Duy Hải,,,
547,NS3 - CTCP Sản xuất Kinh doanh Nước sạch số 3 Hà Nội,HAWACOM3.JSC,Công ty cổ phần,"Thương mại, dịch vụ",79199990000,http://nuocsachso3hn.vn,439333992,439332892,"Số 8C Đinh Công Tráng, Phường Phan Chu Trinh, Hoàn Kiếm, Hà Nội",Nguyễn Danh Hiếu; Trịnh Ba Duy,,,
548,NSIC - CTCP Chứng khoán Quốc gia,NSI,Công ty cổ phần,Kinh doanh chứng khoán,1E+12,www.nsi.com.vn,(024) 39445474,(024) 39445474,"Tầng 5, tòa nhà SamSora, 105 Chu Văn An, phường Yết Kiêu, quận Hà Đông, Hà Nội",Hồ Anh Dũng,,,
549,NSRC - Công ty TNHH Đầu Tư Địa Ốc Nova Saigon Royal,NOVA SAIGON ROYAL CO LTD,Công ty trách nhiệm hữu hạn,Bất động sản,3.52743E+12,Novasaigonroyal@gmail.com,932239682,932239682,"Số TS1.2.23, Tầng 2, Khối tháp TS1, Khu Thương Mại - Dịch vụ, văn phòng, officetel, Trung tâm Thương Mại Văn Phòng, officetel và căn hộ (Rivergate Residence) tại số 39-39B Bến Vân Đồn, Phường Xóm Chiếu, Thành Phố Hồ Chí Minh",BÙI ĐẠT CHƯƠNG,,,
550,NSTC - Công ty cổ phần North Star Holdings,"NSH.,JSC",Công ty cổ phần,Bất động sản,48000000000,Không có Website,988084134,0,"Tầng 4, Tòa nhà IP3 Imperial Plaza, 360 Giải Phóng, phường Phương Liệt, quận Thanh Xuân, Hà Nội",,,,
551,NSVC - CÔNG TY TNHH ĐẦU TƯ BẤT ĐỘNG SẢN NGÔI SAO VIỆT,NGÔI SAO VIỆT (HNX),Công ty trách nhiệm hữu hạn,Bất động sản,1.6E+12,www.tanhoangminh.com.vn,2435772308,2435772308,"Tầng 2, Tòa nhà D'. Le Pont D'or, Ngõ 30 Phố Mai Anh Tuấn, Phường Ô Chợ Dừa, Quận Đống Đa, Thành phố Hà Nội, Việt Nam",,,,
552,NTCC - Công ty TNHH Ngọc Thiên,"Ngoc Thien Limited Co., LTD",Công ty trách nhiệm hữu hạn,Sản xuất,6.72208E+11,https://kimloaimaungocthien.com,2213983012,2213983012,"Thôn Đông Mai, xã Chi Đạo, huyện Văn Lâm, tỉnh Hưng Yên",,,,
553,NTDC - CÔNG TY TNHH NO VA THẢO ĐIỀN,"NOVA TD CO., LTD",Công ty trách nhiệm hữu hạn,Bất động sản,7.8221E+12,0,932239682,0,"5.07 Khu chung cư kết hợp thương mại, Văn phòng lô X (Sunrise City North), sô 27 Nguyễn Hữu Thọ, Phường Tân Hưng, TP Hồ Chí Minh",Bùi Đạt Chương,,,
554,NTEC - CÔNG TY TNHH ĐẦU TƯ VÀ PHÁT TRIỂN NĂNG LƯỢNG NINH THUẬN,NINH THUAN ENERGY INVESTMENT AND DEVELOPMENT COMPANY LIMITED,Công ty trách nhiệm hữu hạn,Sản xuất,5.814E+11,www.,904621262,904621262,"Đường Đoàn Khuê, Khu đô thị mới Đông Bắc (Khu K1), Phường Phan Rang, tỉnh Khánh Hòa",Lê Mạnh Hà,,,
555,NTGC - Công ty Cổ phần Tập đoàn Ngọc Thiên Global,Ngọc Thiên Global Group,Công ty cổ phần,Lĩnh vực khác,9.9E+11,htttps://ngocthienglobaljsc.com,949091111,2432002200,Thôn Đông Mai - Xã Chỉ Đạo - Huyện Văn Lâm - Tỉnh Hưng Yên,Trịnh Phan Thiên,,,
556,NTJC - Công ty Cổ phần Thời Đại Mới T&T,"New Times., JSC",Công ty cổ phần,Bất động sản,1.09995E+13,,962857134,0,"Tầng 1, The Grand Hanoi, số 22-24 phố Hàng Bài, Phường Cửa Nam, Thành phố Hà Nội, Việt Nam",Phùng Thị Minh,Công ty cổ phần Sài Gòn Phát Thịnh Ratings (Saigon Ratings),vnBB+,18/03/2026
557,NTLC - Công ty cổ phần đầu tư thương mại phát triển Nhất tín,Nhat Tin Logistics,Công ty cổ phần,Lĩnh vực khác,72040070000,www.ntlogistics.vn,2838113311,838117676,"18A, Cộng Hòa, Phường 12, Quận Tân Bình, Tp.Hồ Chí Minh",Nguyễn Văn Tú,,,
558,NTRC - Công ty Cổ phần Nam Thắng Rạch Giá,Không có,Công ty cổ phần,Lĩnh vực khác,68000000000,namthangroup.vn,914983988,2973651666,"Đường số 3, Ấp Sua Đũa, xã Vĩnh Hòa Hiệp, Huyện Châu Thành, tỉnh Kiên Giang",Trần Bá Thắng; Trần Bá Thắng,,,
559,NTSC - Công ty CP Tập đoàn Nam Tiến,Nam Tien Group JSC,Công ty cổ phần,Lĩnh vực khác,4.63161E+11,https://namtiengroupvn.com/,0214 3820 967,0214 3820 967,"Số 157 Đường Nhạc Sơn, Phường Cốc Lếu, TP. Lào Cai, Tỉnh Lào Cai",Bà Cao Thị Thu Hiền,,,
560,NTTC - Công ty Cổ phần Thương mại Đầu tư Nhà Toàn Thắng,NTTC,Công ty cổ phần,Bất động sản,1E+11,không có website,2463289601,0,"Số 62 Định Công, phường Phương Liệt, quận Thanh Xuân, Hà Nội",Nguyễn Tiến Trung,,,
561,NVB - NGÂN HÀNG TMCP QUỐC DÂN,Ngân hàng Quốc Dân,Công ty cổ phần,Tổ chức tín dụng,4.10156E+12,http://www.ncb-bank.vn,2462693355,2462693535,"Số 28 C-D Bà Triệu, phường Hàng Bài, Quận Hoàn Kiếm, Hà Nội",,,,
562,NVHC - Công ty cổ phần Nova Hospitality,NVHC,Công ty cổ phần,Bất động sản,1.18495E+13,novhcm@gmail.com,932239682,932239682,"65 Nguyễn Du, Phường Bến Nghé, Quận 1, TP.HCM",Nguyễn Thị Thùy Dương,,,
563,NVJC - CTCP ĐẦU TƯ ĐỊA ỐC NO VA,NOVALAND JCS,Công ty cổ phần,Bất động sản,1.921E+12,,896642121,896642121,"315 NAM KỲ KHỞI NGHĨA, PHƯỜNG XUÂN HÒA, QUẬN 3, TP HỒ CHÍ MINH",Bùi Đạt Chương,,,
564,NVL - Công ty Cổ phần Tập đoàn Đầu tư Địa ốc No Va,NVL,Công ty cổ phần,Bất động sản,1.9501E+13,www.novaland.com.vn,839153666,839153666,"313B-315 Nam Kỳ Khởi Nghĩa, Phường Võ Thị Sáu, Quận 3, Thành phố Hồ Chí Minh, Việt Nam (Địa chỉ nhận thư: Phòng quan hệ Nhà đầu tư (IR) - 65 Nguyễn Du, Phường Bến Nghé, Quận 1, TP.HCM, Việt Nam)",Dương Văn Bắc; Nguyễn Ngọc Huyên; Nguyễn Ngọc Huyên; Nguyễn Ngọc Huyên,,,
565,NVT - Công ty cổ phần bất động sản du lịch Ninh Vân Bay,"Ninh Van Bay.,JSC",Công ty cổ phần,Bất động sản,9.05E+11,www.ninhvanbay.vn,2439264950,2439264952,"Tầng 4, Tòa nhà Hoàng Gia, số 180 Triệu Việt Vương, phường Cửa Nam, Hà Nội",,,,
566,NWCC - CÔNG TY TNHH NEW WORLD CAPITAL,"NEW WORLD CAPITAL CO.,LTD",Công ty trách nhiệm hữu hạn,Bất động sản,4E+11,https://newworldcapital.vn/,969843461,028 7300 5885,"Tầng 3, Tòa nhà An Phú Plaza, 117 – 119 Lý Chính Thắng, Phường Võ Thị Sáu, Quận 3, Thành phố Hồ Chí Minh, Việt Nam",Lê Trần Minh Thủy,,,
567,NWSC - Công ty CP Nova W Sand,Nova W Sand JSC,Công ty cổ phần,Bất động sản,6E+11,không có,938485358,0,"Số 2.01, Tầng 2, Khu Thương mại – Dịch vụ, Dự án Khu thương mại, dịch vụ, văn phòng, officetel và căn hộ tại số 08 đường Hoàng Minh Giám, Phường 09, Quận Phú Nhuận, TP.HCM",Nguyễn Anh Thư,,,
568,NWTC - CÔNG TY CỔ PHẦN ĐẦU TƯ XÂY DỰNG NEW TECH,NEW TECH INVESTMENT CONSTRUCTION CORP,Công ty cổ phần,Xây dựng,4.72E+11,http://vanphu.vn,028 7303 6886,(84-24) 6258 3636,"49 Phạm Ngọc Thạch, Phường Xuân Hòa, Thành phố Hồ Chí Minh, Việt Nam",,Công ty cổ phần Sài Gòn Phát Thịnh Ratings (Saigon Ratings),vnBB,17/03/2025
569,OCB - Ngân hàng TMCP Phương Đông,OCB,Công ty cổ phần,Tổ chức tín dụng,2.66305E+13,https://www.ocb.com.vn,2838220960,2838220963,"Tòa nhà The Hallmark, số 15 Trần Bạch Đằng, phường An Khánh, thành phố Hồ Chí Minh",Trịnh Văn Tuấn,Công ty cổ phần Xếp hạng Tín nhiệm Đầu tư Việt Nam (VIS Ratings),A+,15/05/2025
570,OLCC - Công ty TNHH Oleco - NQ,"OLECO - NQ .,LTD",Công ty trách nhiệm hữu hạn,Bất động sản,6.87359E+11,không có,984414861,0,"Thông 7, Xã Diễn Kỷ, Huyện Diễn Châu, Tỉnh Nghệ An",Trần Minh Hải,,,
571,OREC - CTCP Năng lượng Tái tạo Đại Dương,NLDD,Công ty cổ phần,Lĩnh vực khác,3.6E+11,không có,02633 520 666,02633 520 666,"Số 28 Đường Lê Văn Tám, Phường 10, Thành phố Đà Lạt, Tỉnh Lâm Đồng",Đỗ Văn Bình,,,
572,ORS - Công ty Cổ phần Chứng khoán Tiên Phong,TPS,Công ty cổ phần,Kinh doanh chứng khoán,3.36E+12,http://www.tpbs.com.vn,2839118014,2839118015,"Tầng 7, Tòa nhà Doji, số 81-83-85 Hàm Nghi, phường Nguyễn Thái Bình, quận 1, Thành phố Hồ Chí Minh",Bùi Thị Thanh Trà; Trần Sơn Hải; Đặng Sĩ Thùy Tâm,Công ty cổ phần Xếp hạng Tín nhiệm Đầu tư Việt Nam (VIS Ratings),BBB+,8/4/2026
573,OSDC - Công ty cổ phần Outstanding Investment,Outstanding Investment Joint Stock Company,Công ty cổ phần,Lĩnh vực khác,3E+11,0,981063326,0,"Nhà số 4, ngõ 26, phố Đặng Thùy Trâm, Phường Cổ Nhuế 1, Quận Bắc Từ Liêm, Thành Phố Hà Nội, Việt Nam",Nguyễn Thị Thơm; Trần Xuân Ninh,,,
574,OSGC - Công ty Cổ phần Osaka Garden,OSGC,Công ty cổ phần,Bất động sản,2.7E+11,http://congtyosakagarden.com,909044886,909044886,"Tầng 7, Tòa nhà CT Office Building, 56 Yên Thế, Phường 2, Quận Tân Bình, Thành phố Hồ Chí Minh, Việt Nam",NGUYỄN VĂN ÚT HIỀN; Nguyễn Hữu Cử,,,
575,OSYC - CÔNG TY CỔ PHẦN ĐẦU TƯ VÀ PHÁT TRIỂN OKY SAIGON,OSID JSC,Công ty cổ phần,Bất động sản,7.70746E+11,0,963520011,0,"Số A36, đường số 2, ấp 2, Xã Tân Thành, Thành Phố Đồng Xoài, Tỉnh Bình Phước, Việt Nam",,,,
576,P0004 - CTCP ABG THỦ ĐÔ,"ABG THU DO.,JSC",Công ty cổ phần,Tổ chức tín dụng,11111111,,,,,,,,
577,P4PC - Công ty Cổ phần Pizza 4PS,PIZZA 4PS CORP,Công ty cổ phần,"Thương mại, dịch vụ",1.00992E+11,https://pizza4ps.com/,2835208652,2835208652,"8/13 – 8/15 – 8/17 Lê Thánh Tôn, phường Bến Nghé, Quận 1, thành phố Hồ Chí Minh, Việt Nam",YOSUKE MASUKO,,,
578,P53C - CÔNG TY TNHH PARKLAND 53,PARKLAND 53,Công ty trách nhiệm hữu hạn,Bất động sản,3.4783E+12,không có,902084509,902084509,"Phòng 5.09, Lẩu 5, Tòa nhà ST Moritz, 1014 Phạm Văn Đồng, Phường Hiệp Bình, Thành phố Hồ Chí Minh, Việt Nam",Vũ Thị Phương Thu,Công ty cổ phần Sài Gòn Phát Thịnh Ratings (Saigon Ratings),vnBB-,25/06/2026
579,PACC - Công ty TNHH PAK Việt Nam,PACC,Công ty trách nhiệm hữu hạn,Sản xuất,600000000,pakvietnam.com,983388333,(020) 99996789,"Cụm công nghiệp Phước Bình, Ấp 4, Xã Phước Bình, Huyện Long Thành, Tỉnh Đồng Nai",Bùi Quang Khải,,,
580,PAFC - Công ty Cổ phần Pan Farm,"Pan Farm., JSC",Công ty cổ phần,Lĩnh vực khác,1.22074E+12,https://thepangroup.vn,2437606190,2462662608,"Tầng 15, Tòa nhà ICON 4, 243A Ðê La Thành, Phường Láng, Thành phố Hà Nội, Việt Nam",Nguyễn Thị Trà My,,,
581,PAIC - Công ty Cổ phần Đầu tư Nông Nghiệp Sạch Phú Son,PAIC,Công ty cổ phần,Bất động sản,3.25E+11,www.phusoninvest.com.vn,917978068,917978068,"Thôn Phú Son, Xã Ba, Huyện Đông Giang, Tỉnh Quảng Nam, Việt Nam",Mai Văn Thảo; Phan Tuấn Đạt,,,
582,PAMC - Công ty TNHH MTV Quản lý Nợ và Khai thác Tài sản Ngân hàng TMCP Đại chúng Việt Nam,PAMC,Công ty trách nhiệm hữu hạn,"Thương mại, dịch vụ",9E+11,http://pamc.vn,2437228256,(024) 3854 1161,"Tầng 9, tòa nhà Hapro, số 11B Cát Linh, phường Quốc Tử Giám, quận Đống Đa, thành phố Hà Nội, Việt Nam",Nguyễn Thanh Hào; ĐẶNG QUỐC LONG,,,
583,PAN - CTCP TẬP ĐOÀN PAN,THE PAN GROUP,Công ty cổ phần,Lĩnh vực khác,2.16359E+12,www.thepangroup.vn,2723630217,2723630217,"LÔ A1-9, ĐƯỜNG VL3, KCN VĨNH LỘC 2, XÃ LONG HIỆP, HUYỆN BẾN LỨC, TỈNH LONG AN",,,,
584,PAPC - Công ty cổ phần Pacific Partners,PAPA,Công ty cổ phần,"Thương mại, dịch vụ",1.1E+11,pacificpartners.com.vn,2436330676,2436330676,"Tầng 2, tòa nhà Generalexim, số 46 phố Ngô Quyền, phường Hàng Bài, quận Hoàn Kiếm, Hà Nội (Số điện thoại liên hệ: Trần Thị Thanh Huyền - 0912256165)",Nguyễn Thanh Hiền,,,
585,PC1 - CÔNG TY CỔ PHẦN TẬP ĐOÀN PC1,PC1 GROUP,Công ty cổ phần,Năng lượng,3.57642E+12,www.pc1group.vn,0243 734 3060,024 3823 1997,"Số 583 đường Nguyễn Trãi, Quận Thanh Xuân, TP. Hà Nội",,,,
586,PCB - NGÂN HÀNG THƯƠNG MẠI CỔ PHẦN ĐẠI CHÚNG VIỆT NAM,PVcomBank,Công ty cổ phần,Tổ chức tín dụng,9E+12,https://pvcombank.com.vn,2439426800,2439426796,"22 Ngô Quyền, Phường Cửa Nam, Thành phố Hà Nội",Nguyễn Đình Lâm,,,
587,PCCC - Công ty Trách Nhiệm Hữu Hạn Xây dựng dân dụng Phú Quốc,Công ty Trách Nhiệm Hữu Hạn Xây dựng dân dụng Phú Quốc,Công ty trách nhiệm hữu hạn,Bất động sản,2.131E+12,Không có,2973797777,2973797777,"Tầng 2, Tòa nhà Sun Home Phú Quốc, khu phố 6 An Thới, Đặc khu Phú Quốc, Tỉnh An Giang, Việt Nam",Đoàn Phúc Hải,Công ty Cổ phần xếp hạng tín nhiệm S&I,BB+,24/03/2026
588,PCIC - CÔNG TY CỔ PHẦN ĐẦU TƯ PEARL CITY,"PEARL CITY .,JSC",Công ty cổ phần,"Thương mại, dịch vụ",1.1E+11,không có,2556556479,2556556479,"BT2.02-01, Đường số 5A, Khu dân cư Sơn Tịnh, phường Trương Quang Trọng, TP. Quảng Ngãi",Nguyễn Thị Bích Biên,,,
589,PCMC - Công ty cổ phần xây dựng và quản lý dự án số 1,"PCM1., JSC",Công ty cổ phần,Xây dựng,1E+12,chưa có,2437474700,2437474771,"Tầng 5, Tòa nhà Thành Công, Số 57 Láng Hạ, P.Thành Công, Q.Ba Đình, TP.Hà Nội",Nguyễn Thị Huyền,,,
590,PDAC - Công ty TNHH Đầu tư và phát triển bất động sản Phát Đạt,BDS PHÁT ĐẠT,Công ty trách nhiệm hữu hạn,Bất động sản,7.9457E+12,Không có,936482986,936482986,"Khu đô thị Đại An, Xã Nghĩa Trụ, Tỉnh Hưng Yên, Việt Nam",Bùi Thị Mai,Công ty cổ phần Sài Gòn Phát Thịnh Ratings (Saigon Ratings),vnBB+,18/12/2025
591,PDCC - Công ty cổ phần Đầu tư Địa ốc Phương Đông (Tên cũ: Công ty Cổ phần Địa ốc Phương Đông),PDCC,Công ty cổ phần,Bất động sản,4E+11,Không có,0906 785 202,0906 785 202,"92/18 Đường Vườn Lài, Khu phố 1, P. An Phú Đông, Q. 12, TP. Hồ Chí Minh",Nguyễn Thanh Anh,,,
592,PDGC - CTCP CAO ỐC PHƯƠNG ĐÔNG,CAO OC PHUONG DONG,Công ty cổ phần,Bất động sản,1.66E+11,,931995686,0,"WT1-2.SH01, Tầng 3, Tháp 1, Số 71/3 Nguyễn Văn Thương, Phường 25, Quận Bình Thạnh, Thành phố Hồ Chí Minh, Việt Nam",Phan Ngọc Bảo Ân,,,
593,PDHC - Công ty cổ phần Phát triển nhà Phúc Đồng,"PDH DEVELOPMENT .,JSC",Công ty cổ phần,Bất động sản,3.8E+11,www.phucdong.vn,2473051123,2473051123,"Lô H2 - TM1 và H2 - TM2 chung cư Hopes Residence, Phường Phúc Đồng, Quận Long Biên, TP. Hà Nội",,,,
594,PDIC - CÔNG TY CỔ PHẦN ĐẦU TƯ BẤT ĐỘNG SẢN PHONG ĐIỀN,PHONG DIEN REAL ESTATE INVESTMENT JSC,Công ty cổ phần,Bất động sản,9.0314E+11,landhcm79@gmail.com,938485358,938485358,"Phòng 702A Tầng 7, Tòa nhà CentrePoint, 106 Nguyễn Văn Trỗi, Phường 08, Quận Phú Nhuận, Thành phố Hồ Chí Minh",Lê Thanh Liêm,,,
595,PDLC - Công ty cổ phần địa ốc Phúc Đạt,"Phuc Dat Land., JSC",Công ty cổ phần,Bất động sản,44144140000,www.sonkim.com.vn,838224241,838224247,"177, Võ Nguyên Giáp, Phường Thảo Điền, Thành phố Thủ Đức, Thành phố Hồ Chí Minh, Việt Nam",Bùi Thị Phương Hiền,,,
596,PDR - CTCP phát triển bất động sản Phát Đạt,CTCP PTBĐS Phát Đạt,Công ty cổ phần,Bất động sản,9.07235E+12,www.phatdat.com.vn,2838986868,2838988686,"39 Phạm Ngọc Thạch, Phường Võ Thị Sáu, Quận 3, TP. Hồ Chí Minh",Nguyễn Văn Đạt,,,
597,PGB - Ngân hàng Thương mại cổ phần Thịnh vượng và Phát triển,PGBank,Công ty cổ phần,Tổ chức tín dụng,5.49996E+12,www.pgbank.com.vn,2462811298,2462811299,"Tầng 16,23,24, Tòa Mipec, 229 Tây Sơn, phường Ngã Tư Sở, Quận Đống Đa, TP Hà Nội",Nguyễn Quang Định; Phạm Mạnh Thắng,,,
598,PGCC - CTCP PHÁT TRIỂN GOLF THIÊN ĐƯỜNG,PARADISE GOLF DEVELOPMENT JOINT STOCK COMPANY,Công ty cổ phần,Bất động sản,5.49E+11,chưa có,903931866,903931866,"THÔN QUANG THỪA, XÃ TƯỢNG LĨNH,HUYỆN KIM BẢNG, TỈNH HÀ NAM",VŨ THỊ HAY; VŨ THỊ PHƯƠNG HOA; VŨ THỊ PHƯƠNG HOA,,,
599,PHDC - CÔNG TY TNHH ĐIỆN GIÓ PHƯỚC HỮU - DUYÊN HẢI 1,CÔNG TY TNHH ĐIỆN GIÓ PHƯỚC HỮU - DUYÊN HẢI 1,Công ty trách nhiệm hữu hạn,Sản xuất,3.1E+11,www,913875458,4500643084,"Thôn Hậu Sanh, xã Phước Hữu, tỉnh Khánh Hòa, Việt Nam",,,,
600,PHIC - Công ty TNHH Đầu tư Phúc Hậu,PHIC,Công ty trách nhiệm hữu hạn,Bất động sản,2.5E+11,phuchauinvest.com.vn,2873022888,909344718,"Tầng 14 toà nhà Hm town , 412 nguyên thị minh khai, phường 5 , Quận 3 , Tphcm. Địa chỉ nhận thư: 348 Nguyễn Thị Minh Khai, Phường 5, Quận 3, TPHCM",,,,
601,PIDC - Công ty cổ phần Đầu tư Phát triển Phú Châu,PID JSC,Công ty cổ phần,Bất động sản,5.785E+11,phuchauinvest@gmail.com,2839158863,2839158863,"66 Phó Đức Chính, phường Thái Bình, Quận 1, TP Hồ Chí Minh",PHẠM NGUYỄN BẢO TRUNG,,,
602,PKAC - CTCP Tập đoàn Phượng Hoàng Xanh A&A,PHENIKAA GROUP,Công ty cổ phần,Sản xuất,3E+12,https://phenikaa.com/,02 433 685 980,024 33687095,"Số 167, Phố Hoàng Ngân, Phường Trung Hòa, Quận Cầu Giấy, Thành phố Hà Nội.",Hồ Xuân Năng,Công ty cổ phần Xếp hạng Tín nhiệm Đầu tư Việt Nam (VIS Ratings),A,16/09/2025
603,PKIC - CT TNHH MTV QUẢN LÝ ĐẦU TƯ PHÚC KHANG,PKIM,Công ty trách nhiệm hữu hạn,Bất động sản,3.745E+11,http://phuckhang.vn/,2839333789,2839333808,"51 NGÔ THỜI NHIỆM, PHƯỜNG VÕ THỊ SÁU, QUẬN 3, TP HỒ CHÍ MINH",Lưu Thị Thanh Mẫu,,,
604,PKSC - Công ty TNHH Phúc Khang Đông Sài Gòn,PKĐSG,Công ty trách nhiệm hữu hạn,Bất động sản,2.5E+11,www.phuckhang.vn,028 39 333 789,028 39 333 808,"51 Ngô Thời Nhiệm, Phường Xuân Hòa, TpHCM",Phạm Hoàng Lương,,,
605,PLCC - CTCP ĐỊA ỐC PHÚ LONG,PHU LONG REAL ESTATES CORPORATION,Công ty cổ phần,Bất động sản,3E+12,https://www.phulong.com/,2854121818,2854121717,"673 NGUYỄN HỮU THỌ, XÃ PHƯỚC KIỂN, HUYỆN NHÀ BÈ, TP HỒ CHÍ MINH",NGUYỄN THANH QUANG,,,
606,PLIC - Công ty TNHH Năng Lượng Phan Lâm,NLPL,Công ty trách nhiệm hữu hạn,Lĩnh vực khác,3.94E+11,nangluongphanlam@gmail.com,903693633,903693633,"Khu Dốc Đá, Xã Phan Lâm, Huyện Bắc Bình, Tỉnh Bình Thuận",,,,
607,PLP - CTCP SẢN XUẤT VÀ CÔNG NGHỆ NHỰA PHA LÊ,"PHA LE PLASTICS MANUFACTURING AND TECHNOLOGY.,JSC",Công ty cổ phần,Sản xuất,4E+11,https://phaleminerals.com.vn,2258830102,2258830102,"LÔ ĐẤT CN4.3 KHU CÔNG NGHIỆP MP ĐÌNH VŨ, KHU KINH TẾ ĐÌNH VŨ - CÁT HẢI, PHƯỜNG ĐÔNG HẢI 2, QUẬN HẢI AN, TP HẢI PHÒNG, VIỆT NAM",,,,
608,PLRC - Công ty TNHH Đầu tư Kinh doanh BĐS Phước Long,PLR,Công ty trách nhiệm hữu hạn,Bất động sản,1.219E+12,Không có,862009010,0,"Tầng L11, Tòa nhà Vincom Center Đồng Khởi, 72 Lê Thánh Tôn, Phường Bến Nghé, Quận 1, thành phố Hồ Chí Minh, Việt Nam",Hoàng Cao Minh Đức,,,
609,PLVC - Công ty cổ phần Phúc Long Vân,PHUC LONG VAN,Công ty cổ phần,Bất động sản,2296775000,phuclongvan.vn,906074028,2839333789,"Số 3 đường số 12, khu dân cư Làng Sen Việt Nam, xã Mỹ Hạnh, tỉnh Tây Ninh",PHẠM HOÀNG LONG,,,
610,PLWC - Công ty cổ phần điện gió Phong Liệu,PL WP,Công ty cổ phần,Lĩnh vực khác,5.05E+11,phonglieuwp.vn,0236 3 723 713,0236 3 723 713,"Thôn Xa Lăng, xã Đa Krông, tỉnh Quảng Trị",Võ Duy Tấn,,,
611,PMCC - Công ty cổ phần Thủy điện Pắc Ma,Pắc Ma,Công ty cổ phần,Lĩnh vực khác,5E+11,http://thuydienpacma.com/,02437196999-929,2133899268,"SỐ 218, ĐƯỜNG TRẦN HƯNG ĐẠO, PHƯỜNG ĐOÀN KẾT, TP LAI CHÂU, TỈNH LAI CHÂU",Trần Quỳnh Phương,,,
612,PMHC - Công ty TNHH Phát triển Phú Mỹ Hưng,PMH,Công ty trách nhiệm hữu hạn,Bất động sản,9.54E+11,phumyhung.vn,2854119999,2854115999,"Lầu 23, Tòa nhà Phú Mỹ Hưng, Số 8 Hoàng Văn Thái, Phường Tân Mỹ, Thành phố Hồ Chí Minh, Việt Nam",,,,
613,PQCC - Công ty Cổ phần In Hospitality,In Hospitality,Công ty cổ phần,"Thương mại, dịch vụ",5.1E+11,www.inholdings.vn,2839117070,2839117555,"194 Hoàng Văn Thụ, Phường 9, Quận Phú Nhuận, TP Hồ Chí Minh",NGUYỄN THANH HÀ NGỌC,,,
614,PQSC - Công ty TNHH Mặt trời Phú Quốc,"SUN PHU QUOC LTD.,CO",Công ty trách nhiệm hữu hạn,Bất động sản,3.08742E+13,mattroiphuquoc.vn,2973991868,2973991868,"Tầng 2, Tòa nhà Sun Home Phú Quốc, Khu phố 6, Phường An Thới, Thành phố Phú Quốc, Tỉnh Kiên Giang",BÙI THÀNH TRUNG,,,
615,PSH - Công ty cổ phần Thương mại Đầu tư Dầu khí Nam Sông Hậu,Công ty cổ phần Thương mại Đầu tư Dầu khí Nam Sông Hậu,Công ty cổ phần,Lĩnh vực khác,1.26197E+12,www.nshpetro.vn,(84-292) 6547979,2923842373,"Ấp Phú Thạnh, Thị trấn Mái Dầm, huyện Châu Thành, tỉnh Hậu Giang",Mai Văn Huy,,,
616,PSI - Công ty Cổ phần Chứng khoán Dầu khí,PSI,Công ty cổ phần,Kinh doanh chứng khoán,5.98413E+11,www.psi.vn,(84-4) 3934 3888,2439343999,"Tầng 2 Toà nhà Hà Nội Tourist, số 18 Lý Thường Kiệt, Phường Cửa Nam, Tp. Hà Nội",,Công ty cổ phần FiinRatings (FiinRatings),BB+,27/05/2025
617,PSIC - Công ty TNHH MTV Sunrise Power Đăk Psi,SUNRISE POWER ĐĂK PSI,Công ty trách nhiệm hữu hạn,Bất động sản,8E+11,BBGROUP.COM.VN,024 37946868,024 37946868,"A203 Tháp The Manor, đường Mễ Trì, phường Mỹ Đình 1, quận Nam Từ Liêm, TP Hà Nội",Vũ Quang Bảo,,,
618,PTBC - CTCP PHÚ TÀI,PTBC,Công ty cổ phần,Sản xuất,6.69384E+11,WWW.PHUTAI.COM.VN,2563847668,2563847556,"SỐ 278 ĐƯỜNG NGUYỄN THỊ ĐỊNH, P NGUYỀN VĂN CỪ, TP QUY NHƠN, TÌNH BÌNH ĐỊNH",LÊ VĂN THẢO,,,
619,"PTCC - CTCP Tập đoàn KSFinance, tên cũ: Công ty Cổ phần Đầu tư Xây dựng Phú Thượng",KSF Group,Công ty cổ phần,Bất động sản,3E+12,https://ksf.vn,2473052999,0,"Tầng 12, tòa nhà Sunshine Center, 16 Phạm Hùng, Phường Mỹ Đình 2, Quận Nam Từ Liêm, Hà Nội",,,,
620,PTJC - Công ty Cổ phần Phú Thọ Land,"PT LAND., JSC",Công ty cổ phần,Bất động sản,7.225E+12,https://ptlandjsc.vn/,2432215678,2103811686,"Phòng 408, tầng 4, số 44 Tràng Tiền, Phường Hoàn Kiếm, Thành phố Hà Nội, Việt Nam.",Võ Phước Thành,,,
621,PVIC - Công ty Cổ phần Đầu tư Phan Vũ,PIVC,Công ty cổ phần,Xây dựng,7.9274E+11,https://www.phanvu.vn,028-22200884,028-22200887,"Phòng 3.15, Tầng 3, khu I, tòa nhà The Prince Residence, số 19-21 Nguyễn Văn Trỗi, Phường Phú Nhuận, Thành phố Hồ Chí Minh, Việt Nam",Phan Khắc Long,,,
622,QALC - CÔNG TY TNHH ĐẦU TƯ BẤT ĐỘNG SẢN QUANG ANH,"QUANG ANH CO.,LTD",Công ty trách nhiệm hữu hạn,Bất động sản,2E+11,Không có,395263884,395263884,"Tầng 8, số 152 Phó Đức Chính, Phường Trúc Bạch, Quận Ba Đình, Thành phố Hà Nội, Việt Nam",Hoàng Thế Anh,,,
623,QTIC - CTCP ĐẦU TƯ QUANG THUẬN,không có,Công ty cổ phần,Bất động sản,3E+12,www.congtyquangthuan.com,2866549822,2866549822,"SỐ 2 NGUYỄN THỊ DIỆU, PHƯỜNG 06, QUẬN 3, TP HỒ CHÍ MÌNH",Huỳnh Ngọc Phát,,,
624,QVCC - CTCP DU LỊCH THUNG LŨNG NỮ HOÀNG,QVC,Công ty cổ phần,Bất động sản,5E+11,Chưa có,2183824449,2183824589,"XÃ LÂM SƠN,H LƯƠNG SƠN, TỈNH HÒA BÌNH",PHẠM TRƯỜNG THĂNG; PHẠM TRƯỜNG THĂNG,,,
625,RECC - Công ty TNHH Năng lượng tái tạo,"RE CO., LTD",Công ty trách nhiệm hữu hạn,Lĩnh vực khác,3E+11,dung.vu@windviet.vn,983469898,983469898,"Tầng 24 Tháp B, số 173 Xuân Thủy, Phường Dịch Vọng Hậu, Quận Cầu Giấy, thành phố Hà Nội",Vũ Quang Dũng,Công ty cổ phần Sài Gòn Phát Thịnh Ratings (Saigon Ratings),vnBB,21/12/2024
626,REDC - CTCP TƯ VẤN QUẢN LÝ VÀ ĐẦU TƯ ĐỎ,RED INVESTMENT JSC,Công ty cổ phần,Lĩnh vực khác,1E+11,Không,866102588,0,"SỐ 812/25 TRƯỜNG SA, PHƯỜNG 14, QUẬN 3, THÀNH PHỐ HỒ CHÍ MINH, VIỆT NAM",Đỗ Quốc Cường,,,
627,REE - Công ty cổ phần Cơ Điện Lạnh,REE CORP.,Công ty cổ phần,Lĩnh vực khác,6.22899E+12,www.reecorp.com,84-28-38100017,84-28-38100337,"364 Cộng Hòa, Phường Tân Bình, Tp.Hồ Chí Minh, Việt Nam",Huỳnh Thanh Hải; Nguyễn Ngọc Thái Bình; Nguyễn Thị Mai Thanh,,,
628,RESC - Công ty cổ phần Đầu tư và Phát triển Residence,RESIDENCE DEVELOPMENT AND INVESTMENT JSC,Công ty cổ phần,Bất động sản,5E+11,khong co,932239682,932239682,"Căn Thương mại số 1.01, Tầng 1, Khu Thương mại – Dịch vụ, Khu II, Cao ốc Văn phòng – thương mại dịch vụ - Căn hộ The Prince Residence, số 17-19-21 Nguyễn Văn Trỗi, Phường Phú Nhuận, TP. Hồ Chí Minh.",Lê Thanh Liêm,,,
629,REVC - Công ty Cổ phần Đầu tư Revital Việt Nam,Revital,Công ty cổ phần,Bất động sản,6.5E+11,revitalvietnam@gmail.com,833090609,0,"VP202 - Số 25 Nguyễn Huy Tưởng, Phường Thanh Xuân Trung, Quận Thanh Xuân, TP Hà Nội, Việt Nam",Trần Kim Hạnh,,,
630,RHGC - Công ty cổ phần Tập đoàn R&H,Tập đoàn R&H,Công ty cổ phần,Bất động sản,1.45E+12,www.rhgroup.vn,2473099939,2473099939,"Tầng 7, số 105 Nguyễn Bá Khoản, Phường Trung Hòa, Quận Cầu Giấy, Thành phố Hà Nội, Việt Nam",Bùi Thị Huyền; Trần Hoàng Quý; Trần Hoàng Quý,,,
631,RIGC - Công ty Cổ phần Đầu tư Rivera,"RIVERA INVEST.,JSC",Công ty cổ phần,Xây dựng,3E+11,riverainvest.com.vn,854042080,854042079,"TẦNG 1, TÒA NHÀ PACKSIMEX, 52 ĐÔNG DU, PHƯỜNG BẾN NGHÉ, QUẬN 1, TP HỒ CHÍ MINH",,,,
632,RMCC - Công ty TNHH Roman E&C,"ROMAN E&C CO., LTD",Công ty trách nhiệm hữu hạn,Lĩnh vực khác,5E+11,0,888756439,0,"Khu TM số S1.A2.01.02, Tầng 01, Tháp S1, Số 23 Phú Thuận, Phường Tân Mỹ, Thành phố Hồ Chí Minh, Việt Nam",ĐỖ THỊ HỒNG NHUNG,,,
633,SAM - Công ty cổ phần SAM Holdings,SAM,Công ty cổ phần,Bất động sản,3.65353E+12,http://samholdings.com.vn,2835122919,2835128632,"127 Ung Văn Khiêm, Phường 25, Quận Bình Thạnh, TP. Hồ Chí Minh",Trần Việt Anh,,,
634,SAMC - CTCP Sunshine AM,"SUNSHINE AM.,JSC",Công ty cổ phần,Bất động sản,2E+12,Không có,2473039999,2473039999,"TẦNG 04 TÒA NHÀ SUNSHINE CENTER, 16 PHẠM HÙNG, PHƯỜNG MỸ ĐÌNH 2, QUẬN NAM TỪ LIÊM, HÀ NỘI",Hoàng Thị Mỹ Bình; Đỗ Thị Định,,,
635,SAOC - CÔNG TY CỔ PHẦN XÂY DỰNG SAO VÀNG TÂY ĐÔ,CÔNG TY CỔ PHẦN XÂY DỰNG SAO VÀNG TÂY ĐÔ,Công ty cổ phần,Xây dựng,1E+11,Không có,0292 3831 627,0292 3830 570,"Số 39, Lê Hồng Phong, Phường Bình Thủy, Quận Bình Thuỷ, Thành phố Cần Thơ",Nguyễn Phạm Vĩnh Nghi,,,
636,SBA - CTCP Sông Ba,SBA,Công ty cổ phần,Sản xuất,6.04883E+11,songba.vn,0236 3653592,0236 3653593,"573 Núi Thành, Phường Hoà Cường, Thành phố Đà Nẵng, Việt Nam",Nguyễn Hùng Việt,,,
637,SBHC - Công ty cổ phần đầu tư SB Space Holding,SB Space Holding investment,Công ty cổ phần,"Thương mại, dịch vụ",2E+11,Không có,937734668,937734668,"65 Phạm Ngọc Thạch, Phường Võ Thị Sáu, Quận 3, TP. Hồ Chí Minh",Nguyễn Thanh Tuấn,,,
638,SBJC - CTCP ĐẦU TƯ THƯƠNG MẠI SUNSHINE BUSINESS,"SUNSHINE BUSINESS.,JSC",Công ty cổ phần,Lĩnh vực khác,1.05E+12,0,2473039999,0,"TẦNG 09, TÒA NHÀ SUNSHINE CENTER, 16 PHẠM HÙNG, PHƯỜNG TỪ LIÊM, HÀ NỘI",Nguyễn Trung Kiên,,,
639,SBPC - Công ty Cổ phần Sunbay Ninh Thuận,SBPC,Công ty cổ phần,Lĩnh vực khác,7.7E+11,http://sunbaypark.vn,2593967979,2593967979,"Tòa C, SunBay Park Hotel & Resort, đường Yên Ninh, Phường Đông Hải, tỉnh Khánh Hòa, Việt Nam",Nguyễn Đức Chi,,,
640,SBT - Công ty cổ phần Thành Thành công - Biên Hòa,TTC BH,Công ty cổ phần,Sản xuất,9.28026E+12,https://ttcagris.com.vn/,2763757250,2763839834,"Ấp Tân Lợi, Xã Tân Phú, Tỉnh Tây Ninh, Việt Nam",HUỲNH BÍCH NGỌC; Đặng Huỳnh Ức My,Công ty cổ phần Sài Gòn Phát Thịnh Ratings (Saigon Ratings),vnA+,24/04/2025
641,SBVC - NGÂN HÀNG TNHH MỘT THÀNH VIÊN SHINHAN VIỆT NAM,SHBVN,Công ty trách nhiệm hữu hạn,Tổ chức tín dụng,5.7099E+12,shinhan.com.vn,028 3914 2832,028 3827 3702,"Tầng 1, 2, 3, 20, 21, 22, 23, Tháp B, Khu thương mại dịch vụ kết hợp nhà ở cao tầng tại lô đất 1-13 thuộc Khu chức năng số 1 - Số 15, Đường Trần Bạch Đằng, Phường Thủ Thiêm, TP. Thủ Đức, TP. Hồ Chí Minh, Việt Nam.",,,,
642,SCGC - CTCP Tập đoàn Xây dựng SCG,"SCG CONSTRUCTION.,JSC",Công ty cổ phần,Xây dựng,8.5E+11,https://scgr.vn/,2473059979,0,"Tầng 8, tòa nhà Sunshine Center, 16 Phạm Hùng, phường Từ Liêm, thành phố Hà Nội, Việt Nam",Nguyễn Xuân Anh; VŨ ANH PHƯƠNG; VŨ ANH PHƯƠNG,,,
643,SCJC - CTCP SUNSHINE CAB,"SUNSHINE CAB.,JSC",Công ty cổ phần,Lĩnh vực khác,1.3E+12,0,2473039999,0,"TẦNG 9, TÒA NHÀ SUNSHINE CENTER, 16 PHẠM HÙNG, PHƯỜNG MỸ ĐÌNH 2, QUẬN NAM TỪ LIÊM, HÀ NỘI",Đỗ Văn Trường,,,
644,SCMC - CÔNG TY CỔ PHẦN ĐẦU TƯ SCOMMERCE,SCOMMERCE,Công ty cổ phần,Lĩnh vực khác,18849390000,https://ghn.vn/,918238066,0,"405/15 Xô Viết Nghệ Tĩnh, Phường Bình Thạnh, Thành phố Hồ Chí Minh, Việt Nam",,,,
645,SCNC - CÔNG TY CỔ PHẦN S.CONNECT,"S.CONNECT.,JSC",Công ty cổ phần,Lĩnh vực khác,5E+11,Không có,0327660626-0903342229,0,"Tầng 9, Tòa nhà Sunshine Center, 16 Phạm Hùng, Phường Mỹ Đình 2, Quận Nam Từ Liêm, Thành phố Hà Nội, Việt Nam",Phùng Xuân Dương,,,
646,SCR - CTCP địa ốc Sài Gòn thương tín,SACOMREAL,Công ty cổ phần,Bất động sản,4.30595E+12,www.ttcland.vn,2838249988,2838249977,"512 Lý Thường Kiệt, Phường Tân Sơn Nhất, TP.HCM",Võ Thanh Lâm,,,
647,SDDC - Công ty Cổ Phần Sao Đỏ Đà Nẵng,DaNang Red Star JSC,Công ty cổ phần,Bất động sản,7E+11,tinhdn009@gmail.com.vn,903596985,2363867779,"47-49 Nguyễn Văn Linh, Phường Phước Ninh, Quận Hải Châu, TP Đà Nẵng",Nguyễn Thành Lân,,,
648,SDIC - Công ty Cổ phần Đầu tư và Phát triển Sài Gòn,SDIC,Công ty cổ phần,Xây dựng,3.845E+12,https://sdicorp.com.vn,837438630,837438631,"Số nhà A3, đường số 5, khu dân cư 10ha, khu phố 3, Phường An Phú, Thành phố Thủ Đức, Thành phố Hồ Chí Minh, Việt Nam",Bùi Đức Khoa,,,
649,SDNC - CTCP ĐẦU TƯ SÀI GÒN - ĐÀ NẴNG,SDN,Công ty cổ phần,Bất động sản,2E+11,https://www.dananginvest.com/,2363770998,2363770997,"61A NGUYỄN VĂN CỪ, P. HÒA HIỆP BẮC, QUẬN LIÊN CHIỀU, TP ĐÀ NẴNG",,,,
650,SECC - Công ty Cổ phần Xây lắp Sunshine E&C,"Sunshine E&C Construction.,JSC",Công ty cổ phần,Lĩnh vực khác,5E+11,0,2473039999,0,"Tầng 9, tòa nhà Sunshine Center, số 16 Phạm Hùng, Phường Mỹ Đình 2, Quận Nam Từ Liêm, thành phố Hà Nội, Việt Nam",VŨ NGỌC NGHỊ,,,
651,SEEC - Công ty Cổ phần Seedcom,SEEDCOM JSC,Công ty cổ phần,Lĩnh vực khác,6.90728E+11,https://seedcom.vn/,(+84) 28 3821 0979,(+84) 28 3821 0979,"L17-11, Tầng 17, Tòa nhà Vincom Center, 72 Lê Thánh Tôn, Phường Bến Nghé, Quận 1, TP Hồ Chí Minh",NGUYỄN HOÀNH TIẾN,,,
652,SGAC - Công ty Cổ phần Sàn giao dịch Bất động sản Sài Gòn Anpha,"Saigon Anpha real estate., jsc",Công ty cổ phần,Bất động sản,9.1E+11,none,865211070,0,"P.903, Tầng 9, Tòa nhà Diamond Plaza, 34 Lê Duẩn, phường Sài Gòn, TP Hồ Chí Minh, Việt Nam",Hoàng Cao Minh Đức,,,
653,SGCC - Công ty TNHH Đầu tư Sài Gòn 3 Capital,"SAI GON 3 CAPITAL CO.,LTD",Công ty trách nhiệm hữu hạn,"Thương mại, dịch vụ",6.9E+11,www.saigon3group.com.vn,(028) 3911 5515,(028) 3911 5585,"06 Hồ Tùng Mậu, Phường Nguyễn Thái Bình, Quận 1, Thành phố Hồ Chí Minh, Việt Nam",Nguyễn Đông Hải; Phạm Viết Lan Anh,,,
654,SGGC - Công ty Cổ phần Sài Gòn Capital,Công ty Cổ phần Sài Gòn Capital,Công ty cổ phần,Bất động sản,9.03E+11,sgcapital.com.vn,2866780468,984886257,"51 Hoàng Diệu, Phường 10, Quận Phú Nhuận, Thành phố Hồ Chí Minh",,,,
655,SGLC - Công ty TNHH Saigon Glory,SAIGON GLORY,Công ty trách nhiệm hữu hạn,Bất động sản,2.3E+13,http://saigonglory.com/,(+84 28) 36362233,(+84 28) 38585599,"Số 1, đường Phạm Ngũ Lão, Phường Nguyễn Thái Bình, Quận 1, Thành phố Hồ Chí Minh, Việt Nam",NGUYỄN VŨ HẢI; TRỊNH QUANG CÔNG,,,
656,SGPC - Công ty TNHH VINAMETRIC,,Công ty trách nhiệm hữu hạn,Bất động sản,2E+12,duxton.com,38222999,38241888,"59 - 73 NGUYỄN HUỆ, P. BẾN NGHÉ, QUẬN 1, TP. HỒ CHÍ MINH",NGUYỄN TẤN ĐẠT,,,
657,SGR - Công ty Cổ phần Tổng Công ty Cổ phần Địa ốc Sài Gòn,SAIGONRES GROUP,Công ty cổ phần,Bất động sản,6.9875E+11,https://www.saigonres.com.vn/,2838405549,(028) 38 405 553,"63-65 Điện Biên Phủ, Phường Gia Định, Thành phố Hồ Chí Minh, Việt Nam",PHẠM THU,Công ty cổ phần Xếp hạng Tín nhiệm Đầu tư Việt Nam (VIS Ratings),BBB+,5/12/2025
658,SGRC - Công Ty Trách Nhiệm Hữu Hạn Phát Triển Bất Động Sản Nhà Sài Gòn,SGRC,Công ty trách nhiệm hữu hạn,Bất động sản,1.22E+11,...............,968250795,0,"15A Nguyễn Trung Trực, Phường Bình Lợi Trung, Thành Phố Hồ Chí Minh, Việt Nam",Lê Thị Hồng Xuân,Công ty cổ phần Sài Gòn Phát Thịnh Ratings (Saigon Ratings),vnB-,27/09/2024
659,SGXC - Công ty Cổ phần Xuất nhập khẩu Sài Gòn Xanh,SGXC,Công ty cổ phần,Bất động sản,5.2E+11,Không,2723732188,2723732189,"Tổ 14, Ấp Lũy, Xã Phước Lại, Huyện Cần Giuộc, Tỉnh Long An",VŨ CẢNH TOÀN,Công ty cổ phần Sài Gòn Phát Thịnh Ratings (Saigon Ratings),vnBB,21/05/2025
660,SHB - Ngân hàng TMCP Sài Gòn - Hà Nội,SHB,Công ty cổ phần,Tổ chức tín dụng,4.5942E+13,www.shb.com.vn,2439423388,2439410844,"77 TRẦN HƯNG ĐẠO, P. CỬA NAM, HÀ NỘI",Nguyễn Văn Lê; Ngô Thu Hà,,,
661,SHDC - CTCP TẬP ĐOÀN MẶT TRỜI,SUN GROUP CORPORATION,Công ty cổ phần,Bất động sản,2.91275E+13,sungroup.com.vn,2363890999,2363819182,"Tầng 1M, 36-38 Bạch Đằng, Phường Hải Châu, Thành phố Đà Nẵng, Việt Nam",,,,
662,SHHC - Công ty cổ phần Sông Hồng Hoàng Gia,"SongHong HoangGia.,JSC",Công ty cổ phần,Bất động sản,1E+12,http://songhong-thudo.com/,2113716633,2113716669,"Số nhà 189, Đường Lam Sơn, phường Tích Sơn, thành phố Vĩnh Yên, tỉnh Vĩnh Phúc",Tạ Đức Cường,,,
663,SHI - Công ty Cổ phần Quốc tế Sơn Hà,"SONHA., CORP",Công ty cổ phần,Sản xuất,1.62176E+12,http://www.sonha.com.vn,2462656566,2462656588,"Tầng 13, Tòa Capital Place, số 29 phố Liễu Giai, Phường Ngọc Khánh, Quận Ba Đình, Thành phố Hà Nội, Việt Nam",Lê Vĩnh Sơn,,,
664,SHJC - CTCP KINH DOANH NHÀ SUNSHINE,"SUNSHINE HOUSING ., JSC",Công ty cổ phần,Bất động sản,1.5E+12,0,2473039999,0,"TẦNG 12 TÒA NHÀ SUNSHINE CENTER, 16 PHẠM HÙNG, PHƯỜNG MỸ ĐÌNH 2, QUẬN NAM TỪ LIÊM, TP HÀ NỘI",VŨ THỊ TUYẾT,,,
665,SHN - CÔNG TY CỔ PHẦN ĐẦU TƯ TỔNG HỢP HÀ NỘI,"HANIC.,CORP",Công ty cổ phần,"Thương mại, dịch vụ",1.29607E+12,shn.com.vn,2466526332,2435537168,"Tầng 3, tòa Văn phòng Hoàng Cầu Skyline, 36 phố Hoàng Cầu, P. Ô Chợ Dừa, Q. Đống Đa, Hà Nội",Vũ Thắng,,,
666,SHRC - Công ty TNHH Mặt trời sông Hàn,HAN RIVER SUN,Công ty trách nhiệm hữu hạn,"Thương mại, dịch vụ",1.61969E+12,Không có,2363890997,2363890997,"36-38 Bạch Đằng, Phường Thạch Thang, Quận Hải Châu, TP Đà Nẵng, VN",Nguyễn Thị Thanh Trúc,,,
667,SHS - Công ty Cổ phần chứng khoán Sài Gòn - Hà Nội,SHS,Công ty cổ phần,Kinh doanh chứng khoán,8.99462E+12,www.shs.com.vn,438181888,438181688,"43 Lý Thường Kiệt, Phường Cửa Nam, Hà Nội",Nguyễn Chí Thành; Nguyễn Duy Linh; Vũ Đức Tiến,Công ty cổ phần Xếp hạng Tín nhiệm Đầu tư Việt Nam (VIS Ratings),A,2/10/2025
668,SHTC - Công ty CP tập đoàn Sông Hồng Thủ Đô,Công ty CP tập đoàn Sông Hồng Thủ Đô,Công ty cổ phần,"Thương mại, dịch vụ",1.61E+12,http://songhong-thudo.com/,02113 777 777,2116258888,"Số nhà 189, Đường Lam Sơn, phường Tích Sơn, thành phố Vĩnh Yên, tỉnh Vĩnh Phúc",Trần Đại Thắng,,,
669,SJG - TỔNG CÔNG TY SÔNG ĐÀ - CTCP,SÔNG ĐÀ,Công ty cổ phần,Xây dựng,4.49537E+12,http://www.songda.vn,(024) 3854 1164,(024) 3854 1161,"Nhà G10, số 493 đường Nguyễn Trãi, phường Thanh Xuân Nam, quận Thanh Xuân, thành phố Hà Nội",,,,
670,SLDC - Công ty Cổ phần Địa ốc Sacom,SAMLAND,Công ty cổ phần,Bất động sản,4.43464E+11,http://samland.com.vn/,2835120002,2835126392,"Khu công nghiệp Biên Hòa 1, P.An Bình, TP. Biên Hòa, Tỉnh Đồng Nai",Phương Quốc Vĩnh; Phương Quốc Vĩnh,,,
671,SLIC - CTCP ĐẦU TƯ BẤT ĐỘNG SẢN SƠN KIM,SKL INVESTMENT CORP,Công ty cổ phần,Bất động sản,5.5E+11,www.sonkim.com.vn,08 38231564,08 38231574,"177 Xa lộ Hà Nội, Phường Thảo Điền, Thành phố Thủ Đức, Thành phố Hồ Chí Minh, Việt Nam",,,,
672,SLRC - CTCP Dịch vụ Quốc tế Solaris Việt Nam,"SOLARIS SERVICE.,JSC",Công ty cổ phần,"Thương mại, dịch vụ",100000000,không,024 6260 7878,024 6260 7878,"Tầng 3, nhà số 35/80 đường Quang Tiến, Phường Đại Mỗ, Quận Nam Từ Liêm, Thành phố Hà Nội, Việt Nam",Lưu Đình Đồng,,,
673,SLTC - Công ty Cổ phần Đầu tư và Du lịch Sài Gòn - Lâm Đồng,CÔNG TY CỔ PHẦN SÀI GÒN - LÂM ĐỒNG,Công ty cổ phần,Bất động sản,6.2E+11,cbtt.sgld@saigonlamdong.vn,2633531737,2633837936,"Khu du lịch Cáp treo, Đồi Robin, Phường 3, Thành phố Đà Lạt, Tỉnh Lâm Đồng, Việt Nam",Nguyễn Hoàng Kỳ Lân,,,
674,SMC - Công ty Cổ phần Đầu tư Thương mại SMC,SMC J.S.C,Công ty cổ phần,Sản xuất,7.36876E+11,https://smc.vn/,2838992299,2838980909,"124-126 Ung Văn Khiêm, Phường Thạnh Mỹ Tây, TP. Hồ Chí Minh",Nguyễn Thị Ngọc Loan,,,
675,SMCC - Công ty Cổ phần Cơ giới Trung Nam Miền Nam,TNSMC,Công ty cổ phần,Xây dựng,88000000000,www.trungnamsmc.com.vn,2836362563,2835354566,"thôn 2, xã Tân Thượng, huyện Di Linh, tỉnh Lâm Đồng",,,,
676,SMDC - CTCP ĐẦU TƯ SMART DRAGON,SMART DRAGON,Công ty cổ phần,Bất động sản,1.395E+12,www.congtysmartdragon.com,902382845,028 6681 4615,"Tầng 1 (trệt); số 343 Phạm Ngũ Lão , Phường Phạm Ngũ Lão , Quận 1, HCM",Hoắc Anh Quân; PHẠM NGỌC KIÊN,,,
677,SMNC - CTCP SUNSHINE MARINA NHA TRANG,"SUNSHINE MARINA NHA TRANG.,JSC",Công ty cổ phần,Bất động sản,8E+11,Không có,983878836,983878836,"Ô SỐ 23, LÔ D3A.3 KHU ĐẤU GIÁ 18,6 HA, P. TÂY HỒ, HÀ NỘI (địa chỉ nhận thư: Tầng 12, tòa nhà Sunshine Center, 16 Phạm Hùng, Phường Từ Liêm, Thành phố Hà Nội)",Nguyễn Trung Kiên,,,
678,SNLC - CTCP Signo Land,SIGNO LAND,Công ty cổ phần,Bất động sản,60000000000,Không có website,7723338339,0,"Tầng 24, tháp B, tòa nhà 173 Xuân Thủy, phường Dịch Vọng Hậu, quận Cầu Giấy, Hà Nội; 181 Trần Quốc Vượng, phường Dịch Vọng Hậu, quận Cầu Giấy, Hà Nội",Lê Thị Thùy Dương,,,
679,SNPC - CÔNG TY CỔ PHẦN BẤT ĐỘNG SẢN SÀI GÒN NAM PHÚ,SAI GON NAM PHU REAL ESTATE,Công ty cổ phần,Bất động sản,1.8E+11,Chưa có,2839116399,028 3911 6566,"PHÒNG 312 TẦNG 3, TÒA NHÀ SÀI GÒN TRADE CENTER, SỐ 37 TÔN ĐỨC THẮNG, PHƯỜNG BẾN NGHÉ, QUẬN 1, THÀNH PHỐ HỒ CHÍ MINH",Bùi Minh Châu,,,
680,SNWC - CTCP Đầu tư & Phát triển Sunny World,Sunny World,Công ty cổ phần,Bất động sản,8E+11,www.Sunnyworldcorp.com,028 39206536,028 39206535,"193-203 Trần Hưng Đạo, Phường Cô Giang, Quận 1, TP. Hồ Chí Minh",VÕ VĂN HƯNG,,,
681,SOGC - CÔNG TY TNHH ĐẦU TƯ VÀ PHÁT TRIỂN NOVA SONG GIANG,"NOVA SONG GIANG INVESTMENT AND DEVELOPMENT CO.,LTD",Công ty trách nhiệm hữu hạn,Bất động sản,1.86E+11,liem.lethanh1959@gmail.com,938485359,938485359,"SỐ 2,01,TẦNG 2, KHU THƯƠNG MAI-DỊCH VỤ , DỰ ÁN KHU THƯƠNG MẠI, DVU,VĂN PHÒNG,OFFICETEL VÀ CĂN HỘ TẠI SỐ 8 ĐƯỜNG HOÀNG MINH GIÁM, PHƯỜNG 09, Q.PHÚ NHUẬN, TP HỒ CHÍ MINH",Lê Thanh Liêm,,,
682,SOLC - CÔNG TY CỔ PHẦN ĐẦU TƯ & DỊCH VỤ KHÁCH SẠN SOLEIL,"HOTEL SOLEIL.., JSC",Công ty cổ phần,Bất động sản,3.5E+11,https://tanhoangminh.com.vn/vi/,(84-24) 3574 7117,(84-24) 3574 7117,"Số 2 phố Đặng Thai Mai, phường Quảng An, Quận Tây Hồ, Thành phố Hà Nội, Việt Nam",Trần Hồng Sơn,,,
683,SPCC - Công ty cổ phần Sapphire Coast,Sapphire Coast JSC,Công ty cổ phần,Bất động sản,5.8E+11,https://sapphirecoast.vn,972686655,972686655,"410 Hùng Vương, Phường Thanh Khê, TP. Đà Nẵng",Hoàng Văn Long,,,
684,SPDC - CTCP Đầu tư và Phát triển Sapa Lào Cai,"SAPA LAO CAI., JSC",Công ty cổ phần,Bất động sản,1.254E+12,Không có,838585588,838585588,"Tòa nhà The Manor Palace, Khu đô thị Manor Eco+, phường Bắc Cường, thành phố Lào Cai, tỉnh Lào Cai",Vũ Quang Bảo,,,
685,SPJC - Công ty cổ phần Sài Gòn Phú Minh,Sai Gon Phu Minh JSC,Công ty cổ phần,Bất động sản,5.25E+11,Chưa có,028 3911 6599,028 3910 2255,"Lầu 2, tòa nhà Imperia, số 5, đường Đông Tây 1, Khu phố 5, Phường Bình Trưng, TP. Hồ Chí Minh",Huỳnh Bá Sĩ Hào; Hồ Hữu Xuyên; Phạm Vũ Thị Như Hoàng,,,
686,SPNC - CTCP ĐẦU TƯ KINH DOANH VÀ PHÁT TRIỂN ĐÔ THỊ NGÔI SAO PHƯƠNG NAM,SOUTHERN STAR JSC,Công ty cổ phần,Bất động sản,2.865E+12,Không có,839100500,886091522,"72 LÊ THÁNH TÔN, PHƯỜNG BẾN NGHÉ, QUẬN 1, THÀNH PHỐ HỒ CHÍ MINH, VIỆT NAM",Nguyễn Thị Huyền Trân,,,
687,SPTC - Công ty Cổ phần Tập đoàn Bất động sản Mặt trời,Sun Property,Công ty cổ phần,Bất động sản,3E+11,https://www.sungroup.com.vn/,2439386569,2439386569,"Tầng 9, toàn nhà Sun City, số 13 phố Hai Bà Trưng, phường Tràng Tiền, quận Hoàn Kiếm, thành phố Hà Nội",,,,
688,SQNC - CTCP ĐẦU TƯ NOVA SQN,NOVA SQN INVEST JSC,Công ty cổ phần,Bất động sản,72000000000,Không,905965205,0,"Số 2.01, Tầng 2, Khu Thương mại – Dịch vụ, Dự án Khu thương mại, dịch vụ, văn phòng, officetel và căn hộ tại số 08 đường Hoàng Minh Giám, Phường 09, Quận Phú Nhuận, Thành phố Hồ Chí Minh, Việt Nam",,,,
689,SRCC - CÔNG TY CỔ PHẦN PHÁT TRIỂN ĐỊA ỐC SÔNG TIÊN,SONG TIEN REAL ESTATE CORP,Công ty cổ phần,Bất động sản,5.379E+12,https://www.songtiencorp.com/,028 7101 6686,(028) 3924 9545,"Tầng 9, Tòa nhà HUBA, 22 Võ Văn Kiệt, Phường Nguyễn Thái Bình, Quận 1, Thành phố Hồ Chí Minh",,,,
690,SREC - CÔNG TY TNHH ĐẦU TƯ VÀ PHÁT TRIỂN BẤT ĐỘNG SẢN SEASIDE HOMES,SEASIDE HOMES REAL ESTATE INVESTMENT AND DEVELOPMENT COMPANY LIMITED,Công ty trách nhiệm hữu hạn,Bất động sản,3.752E+11,0,984121894,0,"124 Khánh Hội, Phường Khánh Hội, Thành phố Hồ Chí Minh, Việt Nam",LÊ THỊ HỒNG XUÂN,,,
691,SRSC - CTCP ĐẦU TƯ VÀ XÂY DỰNG SUNRISE VIỆT NAM,CTCP ĐẦU TƯ VÀ XÂY DỰNG SUNRISE VIỆT NAM,Công ty cổ phần,Bất động sản,5.5E+11,www.srs,2473039999,2473039999,"TẦNG 7 TOÀ NHÀ SUNSHINE CENTER, 16 PHẠM HÙNG, PHƯỜNG MỸ ĐÌNH 2, QUẬN NAM TỪ LIÊM, TP HÀ NỘI.",ĐINH HỮU THẬT,,,
692,SSB - Ngân hàng TMCP Đông Nam Á,SEABANK,Công ty cổ phần,Tổ chức tín dụng,2.845E+13,https://www.seabank.com.vn/,2439448688,2439448689,"BRG Tower, 198 Trần Quang Khải, Phường Hoàn Kiếm, Thành Phố Hà Nội, Việt Nam",,,,
693,SSCC - Công ty cổ phần Năng lượng Tái tạo Sơn Mỹ,SSCC,Công ty cổ phần,Sản xuất,3.49641E+11,www.sonmy.vn,2523568686,2822210408,"Thôn 1, xã Sơn Mỹ, tỉnh Lâm Đồng, Việt Nam",Phạm Minh Thành,,,
694,SSEC - CÔNG TY SẢN XUẤT THÉP ÚC SSE,SSESTEEL LTD.,Công ty trách nhiệm hữu hạn,Sản xuất,1.88703E+11,www.thepchuottui.vn,2253850818,2253850828,"KM9, PHƯỜNG QUÁN TOAN, QUẬN HỒNG BÀNG, TP HẢI PHÒNG",,,,
695,SSGC - CTCP Phát triển Tập đoàn Sunshine (Tên cũ: CTCP tập đoàn Sunshine),SSGD,Công ty cổ phần,Bất động sản,8.5E+12,www.ssg,2473039999,2473039999,"Tầng 9, tòa nhà Sunshine Center, 16 Phạm Hùng, phường Mỹ Đình 2, quận Nam Từ Liêm, thành phố Hà Nội, Việt Nam",Lê Thị Hằng Nga; Đỗ Văn Trường; Đỗ Văn Trường,,,
696,SSHC - Công ty Cổ phần Sunshine Rental (Tên cũ: CTCP Đầu tư Kinh doanh Bất động sản S-Homes),SSH,Công ty cổ phần,Xây dựng,1.5E+13,http://sunshinehomes.vn/,2473039999,2473035600,"TẦNG 10, TÒA NHÀ SUNSHINE CENTER 16 PHẠM HÙNG, PHƯỜNG MỸ ĐÌNH 2, QUẬN NAM TỪ LIÊM, HÀ NỘI",Phạm Văn Hữu; Đỗ Thị Định,,,
697,SSI - Công ty Cổ phần chứng khoán SSI,SSI,Công ty cổ phần,Kinh doanh chứng khoán,6.02946E+12,https://www.ssi.com.vn/,2838242897,2838242997,"Số 72 Nguyễn Huệ, Phường Bến Nghé, Quận 1, TPHCM",Nguyễn Duy Hưng,,,
698,SSTC - CTCP Tập đoàn Công nghệ Unicloud (tên cũ: CTCP ĐẦU TƯ THƯƠNG MẠI SUNSHINE TECH),"Unicloud Group., JSC",Công ty cổ phần,Lĩnh vực khác,5E+11,0,2473029999,0,"Tầng 10, Tòa nhà Sunshine Center, 16 Phạm Hùng, Phường Mỹ Đình 2, Quận Nam Từ Liêm, Hà Nội",Phùng Xuân Dương; Đinh Chí Hiếu,,,
699,STAC - CÔNG TY TNHH ĐẦU TƯ STARBAY HÀ NỘI,"SBVI CO.,LTD",Công ty trách nhiệm hữu hạn,Bất động sản,3.25E+12,Chưa có,2462942598,2462942598,"Tầng 6, tòa nhà Hồng Hà Center, số 25 Lý Thường Kiệt, Phường Cửa Nam, TP. Hà Nội",Vũ Kim Toán,Công ty cổ phần Xếp hạng Tín nhiệm Đầu tư Việt Nam (VIS Ratings),BB-,23/06/2026
700,STB - Ngân hàng thương mại cổ phần Sài Gòn Tài Lộc (Tên cũ: Ngân hàng Thương mại Cổ Phần Sài Gòn Thương Tín),Sacombank,Công ty cổ phần,Tổ chức tín dụng,1.88522E+13,https://www.sacombank.com.vn/,(84) 28 62884117,(84) 28 39321447,"43 - 45 - 47 Nguyễn Thị Minh Khai, phường Sài Gòn, Thành phố Hồ Chí Minh",,,,
701,STCC - Công ty cổ phần STC Corporation,STC Corporation,Công ty cổ phần,Bất động sản,5E+11,www.stccorp.vn,2837203688,2837203688,"2A Bình Chiểu, Phường Bình Chiểu, TP Thủ Đức, TP Hồ Chí Minh",Nguyễn Đăng Khoa,,,
702,STIC - CÔNG TY CỔ PHẦN THƯƠNG MẠI VÀ DỊCH VỤ QUỐC TẾ THISO,THISO,Công ty cổ phần,"Thương mại, dịch vụ",2.7E+12,,2839977824,0,"Số 10, Đường Mai Chí Thọ, Phường Thủ Thiêm, Thành phố Thủ Đức (Nay là phường An Khánh), Thành phố Hồ Chí Minh, Việt Nam",Trần Bá Dương,Công ty cổ phần Sài Gòn Phát Thịnh Ratings (Saigon Ratings),vnA-1,18/11/2025
703,STNC - Công ty cổ phần Mặt trời Tây Ninh,"Tay Ninh Sun.,JSC",Công ty cổ phần,"Thương mại, dịch vụ",8.5E+11,badenmountain.sunworld.vn,2766273999,2766273999,"Núi Bà Đen, khu phố Ninh Phú, phường Ninh Sơn, thành phố Tây Ninh, tỉnh Tây Ninh",NGUYỄN LÂM NHI THÙY,,,
704,STPC - CTCP SGD BĐS TIẾN PHƯỚC,SGD BDS TIEN PHUOC,Công ty cổ phần,Bất động sản,5E+11,,2839246101,2839246101,"542 ( LẦU 6 ) TRẦN HƯNG ĐẠO, PHƯỜNG 2, QUẬN 5, TP HỒ CHÍ MINH",,,,
705,STRC - Công ty cổ phần Dịch vụ - Thương mại Thành phố Hồ Chí Minh,Setra Corp,Công ty cổ phần,Bất động sản,2E+12,www.setra.com.vn,2835210718,2835210719,"Số 5, Công Trường Mê Linh, Phường Bến Nghé, Quận 1, Thành phố Hồ Chí Minh",TRẦN VĂN TUẤN,,,
706,SUHC - CÔNG TY TNHH MẶT TRỜI HÒA BÌNH,SUN HÒA BÌNH,Công ty trách nhiệm hữu hạn,Bất động sản,5.5955E+12,https://sungroup.com.vn/,906280140,906280140,"Số nhà 06, ngõ 02, phố Chu Văn An, Phường Việt Trì, Tỉnh Phú Thọ, Việt Nam",Nguyễn Hữu Trí Nghĩa,Công ty cổ phần Sài Gòn Phát Thịnh Ratings (Saigon Ratings),vnBBB,8/12/2025
707,SUJC - Công ty cổ phần đầu tư Summer Beach,SBJC,Công ty cổ phần,Bất động sản,4E+11,SBJC.summerbeach@gmail.com,938485538,932239682,"Căn thương mại số 1.01, Tầng 1, Khu thương mại-Dịch vụ thuộc khu II, Cao ốc Văn phòng-Thương mại dịch vụ, Căn hộ The Prince Residence, số 17-19-21 Nguyễn Văn Trỗi, Phường Phú Nhuận, TP.HCM",Lê Thanh Liêm,,,
708,SVAC - Công ty Cổ phần Tập đoàn Sovico,SVC GROUP,Công ty cổ phần,"Thương mại, dịch vụ",9.6E+12,WWW.SOVICOGROUP.COM,8.42439E+11,8.42439E+11,"Phòng 1101, Tòa nhà Pacific Place, 83B Lý Thường Kiệt, Phường Cửa Nam, Thành phố Hà Nội, VN",,,,
709,SVBC - Công ty cổ phần Sovico,SVBC,Công ty cổ phần,"Thương mại, dịch vụ",5E+12,http://www.sovicoholdings.com,2439422266,2439423737,"Phòng 1102, tòa nhà Pacific Place, 83B Lý Thường Kiệt, Phường Cửa Nam, Thành phố Hà Nội, Việt Nam",Phạm Khắc Dũng,,,
710,SVFC - Công ty Tài chính TNHH Một thành viên Shinhan Việt Nam,SVFC LTD.,Công ty trách nhiệm hữu hạn,"Thương mại, dịch vụ",7.5E+11,www.shinhanfinance.com.vn,028 3911 3666,028 3911 3666,"Tầng 19, Tháp B, Khu thương mại dịch vụ kết hợp nhà ở cao tầng tại lô đất 1 13 thuộc Khu chức năng số 1, Số 15 đường Trần Bạch Đằng, Phường Thủ Thiêm, Thành phố Thủ Đức, TP Hồ Chí Minh",CHUN YOUNG ILL,,,
711,SVIC - Công ty Cổ phần Đầu tư Sóng Việt,SVIET CORP,Công ty cổ phần,Lĩnh vực khác,3E+11,không có,262915888,262915888,"Số 58 Nguyễn Đình Chiểu, Phường Đakao, Quận 1, Tp. Hồ Chí Minh",Nguyễn Tiến Vũ,,,
712,SVLC - Công ty Cổ phần Đầu tư Sun Valley,SVLC,Công ty cổ phần,Bất động sản,2.5E+11,congtysunvalley.com,2866508199,2866508199,"Lầu 5, Tòa nhà Viet Solutions 125/11 Nguyễn Cửu Vân, Phường 17, Quận Bình Thạnh, Thành phố Hồ Chí Minh, Việt Nam",NGUYỄN THỊ CẦM,,,
713,SVNC - Công ty Cổ phần Kinh doanh Bất động sản S - Việt Nam,Công ty Cổ phần Kinh doanh Bất động sản S-Việt Nam,Công ty cổ phần,Bất động sản,1E+12,Không có,942828819,942828819,"Tầng 9, Tòa nhà Sunshine Center, 16 Phạm Hùng, Phường Mỹ Đình 2, Quận Nam Từ Liêm, TP.Hà Nội, Việt Nam",Ngô Duy Đông,,,
714,SZC - Công ty Cổ phần Sonadezi Châu Đức,SZC,Công ty cổ phần,Bất động sản,1.79986E+12,www.sonadezichauduc.com.vn,(+84) 251 8860788,(+84) 251 8860783,"Tầng 9, cao ốc Sonadezi , Số 1, Đường số 1, Khu công nghiệp Biên Hòa 1, Phường An Bình, Thành Phố Biên Hòa, Tỉnh Đồng Nai.",Nguyễn Văn Tuấn,,,
715,TAAC - Công ty cổ phần Phát triển Khu đô thị Tân An,Tân An,Công ty cổ phần,Bất động sản,1.069E+12,,868665089,0,"160 Tỉnh lộ 827, khu phố Bình An 1, Phường Tân An, Tỉnh Tây Ninh, Việt Nam",,,,
716,TALC - Công ty Cổ phần Đầu tư Bất động sản Taseco,TALC,Công ty cổ phần,Bất động sản,3.6E+12,www.tasecoland.vn,2437932525,2437932626,"Tầng 1 Tòa nhà NO2 – T1 Khu đoàn ngoại giao, đường Xuân tảo, phường Xuân Tảo, quận Bắc Từ Liêm, Hà Nội",Nguyễn Trần Tùng,,,
717,TASC - CTCP TẬP ĐOÀN TASECO (tên cũ: CTCP DỊCH VỤ HÀNG KHÔNG THĂNG LONG ),TASECO GROUP,Công ty cổ phần,Bất động sản,1.512E+12,https://taseco.vn,2437675168,2437675169,"TẦNG 1, TÒA NHÀ N02-T1, KHU ĐOÀN NGOẠI GIAO, ĐƯỜNG XUÂN TẢO, PHƯỜNG XUÂN ĐỈNH, THÀNH PHỐ HÀ NỘI",Nguyễn Minh Hải; Nguyễn Minh Hải; Nguyễn Minh Hải; Nguyễn Minh Hải,,,
718,TATC - CÔNG TY TNHH LIÊN DOANH ĐẦU TƯ XÂY DỰNG TAM TRINH,"TAM TRINH CO.,LTD",Công ty trách nhiệm hữu hạn,Lĩnh vực khác,1.01046E+12,không có,984695947,0,"Số 411 đường Nguyễn Tam Trinh, Phường Hoàng Mai, Thành phố Hà Nội",LƯU DUY HƯNG,Công ty cổ phần Sài Gòn Phát Thịnh Ratings (Saigon Ratings),vnBB-,21/11/2025
719,TAUC - Công ty cổ phần Tasco Auto,Tasco Auto,Công ty cổ phần,Lĩnh vực khác,5.4388E+12,https://tascoauto.com/,936131633,0,"Tầng 20 Tòa nhà Tasco, Lô HH2-2, đường Phạm Hùng, Phường Từ Liêm, Thành phố Hà Nội",Phan Thị Thu Thảo,Công ty cổ phần Xếp hạng Tín nhiệm Đầu tư Việt Nam (VIS Ratings),BBB+,21/10/2025
720,TBGC - CÔNG TY CỔ PHẦN TẬP ĐOÀN ĐẦU TƯ TÂY BẮC,TAY BAC INVEST GROUP,Công ty cổ phần,Bất động sản,1.6E+12,https://taybac.vn/,024 7300 7979,2473087666,"Lô 51-52-53-54 Dãy E TT4 KĐT Thành phố Giao Lưu, Phường Phú Diễn, Thành phố Hà Nội, Việt Nam",,,,
721,TBIC - CÔNG TY CỔ PHẦN ĐẦU TƯ TIỀN PHONG THÁI BÌNH,Không có.,Công ty cổ phần,Bất động sản,1.215E+12,Không có.,0904 898 839,0,"Số nhà 2/7 ngõ 68 đường Trần Lãm, Tổ dân phố 6, Phường Trần Lãm, Tỉnh Hưng Yên, Việt Nam",,,,
722,TBLC - CTCP Kinh doanh Bất động sản Thái Bình,THAI BINH REAL ESTATE TRADING JSC,Công ty cổ phần,Bất động sản,7.5E+11,0,965762531,0,"65 Nguyễn Du, Phường Sài Gòn, TP Hồ Chí Minh",Ngô Hồng Hải; Trần Ngọc Đại,,,
723,TBPC - Công ty Cổ phần TBPC Hà Nội,"TBC Ha Noi.,JSC",Công ty cổ phần,Bất động sản,40000000000,không có,944424286,944424286,"Tầng 25 tòa nhà Icon4, số 243A Đê La Thành, Phường Láng Thượng, Quận Đống Đa, TP.Hà Nội",Nguyễn Kiều Tiên,,,
724,TBSC - CÔNG TY CỔ PHẦN ĐIỆN MẶT TRỜI TRUNG NAM,TNSP,Công ty cổ phần,Sản xuất,1E+12,tnsp.vn,2596539639,2596539639,"Thôn Ba Tháp, Xã Thuận Bắc, Tỉnh Khánh Hòa, Việt Nam",NGUYỄN TÂM THỊNH; NGUYỄN TÂM THỊNH,,,
725,TCB - Ngân hàng TMCP Kỹ thương Việt Nam,TECHCOMBANK,Công ty cổ phần,Tổ chức tín dụng,7.06485E+13,www.techcombank.com.vn,2439446368,2439446362,"Số 6 Quang Trung, Phường Cửa Nam,Thành phố Hà Nội.",,Công ty cổ phần FiinRatings (FiinRatings),AA-,24/12/2024
726,TCCC - Công ty TNHH xây dựng và Đầu tư Dịch vụ Thương mại Thành Công,"THATACO.,LTD",Công ty trách nhiệm hữu hạn,Bất động sản,3E+11,Chưa có,2439393691,2439393693,"SỐ 1C PHỐ TRÀNG TIỀN, PHƯỜNG TRÀNG TIỀN, QUẬN HOÀN KIẾM, HÀ NỘI",Quách Minh Cường,,,
727,TCD - CTCP TẬP ĐOÀN XÂY DỰNG TRACODI ( TÊN CŨ: CTCP ĐẦU TƯ PHÁT TRIỂN CÔNG NGHIỆP VÀ VẬN TẢI),TRACODI,Công ty cổ phần,Xây dựng,3.35821E+12,https://www.tracodi.com.vn,84838330314,84838330317,"89 Cách Mạng Tháng Tám, Phường Bến Thành, Quận 1, Thành phố Hồ Chí Minh, Việt Nam",BÙI THIỆN PHƯƠNG ĐÔNG; BÙI THIỆN PHƯƠNG ĐÔNG; LÊ HUỲNH THƯƠNG MINH; NGUYỄN HOÀNG HIỂU; NGUYỄN THANH HÙNG; PHẠM ĐĂNG KHOA; TRẦN NGUYÊN HUÂN,,,
728,TCH - CTCP Đầu tư dịch vụ Tài chính Hoàng Huy,Tai chinh Hoang Huy,Công ty cổ phần,Bất động sản,6.68216E+12,hoanghuy.vn,2253610021,2253955322,"số 116 Nguyễn Đức Cảnh, P. Cát Dài, Q. Lê Chân, TP Hải Phòng",,,,
729,TCHC - CÔNG TY CỔ PHẦN JANUS GROUP (Tên cũ: Công ty Cổ phần TCO Holdings),JANUS GROUP (Tên cũ: TCO HOLDINGS),Công ty cổ phần,Lĩnh vực khác,3.13206E+11,https://tcoholdings.vn/vn,768064686,0,"Lầu 10, Vietcombank Tower, Số 5 Công Trường Mê Linh, Phường Bến Nghé, Quận 1, Thành phố Hồ Chí Minh, Việt Nam",,,,
730,TCI - Công ty cổ phần chứng khoán Thành Công,TCSC,Công ty cổ phần,Kinh doanh chứng khoán,1.15621E+12,www.tcsc.vn,2838270527,2838218010,"Lầu 2, số 6 Hồ Tùng Mậu, Phường Sài Gòn, Thành Phố Hồ Chí Minh",Nguyễn Khánh Linh,,,
731,TCJC - CTCP Đầu tư xây dựng Thành Công Vĩnh Phúc,THANH CONG VINH PHUC CONSTRUCTION INVESTMENT JOINT STOCK COM,Công ty cổ phần,Bất động sản,1.1E+11,Không có,983362095,0,"Khu nhà ở đô thị khu vực Đồi Hai Đai, xã Định Trung, TP Vĩnh Yên, Tỉnh Vĩnh Phúc",,,,
732,TCOC - CTCP TẬP ĐOÀN TRƯỜNG HẢI,TRUONG HAI GROUP,Công ty cổ phần,Sản xuất,3.051E+13,thacogroup.vn,0251 3891 726,0251 3836 621,"TSC: SỐ 19, KCN BIÊN HÒA 2, ĐƯỜNG 2A, PHƯỜNG TRẤN BIÊN, TỈNH ĐỒNG NAI. Nhận thư: Số 10 Mai Chí Thọ, Tp Thủ Đức, Tp HCM",Trần Bá Dương,Công ty cổ phần Xếp hạng Tín nhiệm Đầu tư Việt Nam (VIS Ratings),A-,24/12/2025
733,TCXC - CTCP chứng khoán Kỹ thương,Techcom Securities,Công ty cổ phần,Kinh doanh chứng khoán,2.31131E+13,tcbs.com.vn,024 39446368,024 3944 6583,"Tầng 27, 28 và tầng 29 Tòa nhà Techcombank, 119 Trần Duy Hưng, Phường Yên Hòa, Hà Nội",Nguyễn Xuân Minh,Công ty cổ phần FiinRatings (FiinRatings),AA-,4/6/2025
734,TD1C - Công ty cổ phần Điện gió Trung Nam Đắk Lắk 1,TNDKL 1 WP,Công ty cổ phần,Xây dựng,5.143E+12,trungnamgroup.com.vn,913436918,0,"Buôn Druh A, xã Ea Khăl, Tỉnh Đắk Lắk",Vũ Đình Tân,,,
735,TDC - CTCP KINH DOANH VÀ PHÁT TRIỂN BÌNH DƯƠNG,TDC,Công ty cổ phần,Bất động sản,1.27228E+12,becamextdc.com.vn,2742220666,2742220678,"SỐ 26-27, LÔ I, ĐƯỜNG ĐỒNG KHỞI, PHƯỜNG BÌNH DƯƠNG, TP.HỒ CHÍ MINH",,,,
736,TDCC - CTCP Tập đoàn Tân Thành Đô,NEW CITY GROUP JSC,Công ty cổ phần,"Thương mại, dịch vụ",9.202E+11,newcitygroup.vn,35120473,35120475,"232 Trần Hưng Đạo, Phường Nguyễn Cư Trinh, Quận 1, Tp. Hồ Chí Minh",Phạm Anh Hưng,,,
737,TDDC - Công ty TNHH Bất Động Sản Thành Đông Đô,TĐĐ,Công ty trách nhiệm hữu hạn,Bất động sản,1.65E+11,www.thanhdongdo.com,913391678,913391678,"Số 64A Mậu Thân, Phường An Nghiệp, Quận Ninh Kiều, Thành phố Cần Thơ, Việt Nam",VÕ THỊ BÍCH LAN,,,
738,TDEC - Công ty CP Đầu tư và Thương mại Xuất nhập khẩu Thủ Đô,"Thu DO IMTRA.,JSC",Công ty cổ phần,Lĩnh vực khác,20000000000,https://www.xnkthudo.com/,(024) 32 272 378,(024) 32 272 378,"Tầng 7, toà nhà Việt Á, số 9 phố Duy Tân, phường Dịch Vọng Hậu, quận Cầu Giấy, Hà Nội",,,,
739,TDG - Công ty Cổ phần Đầu tư TDG Global,TDG,Công ty cổ phần,Lĩnh vực khác,2.42112E+11,www.thaiduongpetrol.vn,2042244 903,2043661311,"Lô D1, KCN Đình Trám, Phường Nếnh, tỉnh Bắc Ninh",,,,
740,TDGC - Công ty TNHH Thương mại Dịch vụ Tech Dragon,TECH DRAGON CO LTD,Công ty trách nhiệm hữu hạn,Bất động sản,7.081E+11,0,938485358,938485358,"Tầng 24, Tòa nhà Cao ốc văn phòng tại số 152 Điện Biên Phủ, Phường 25, quận Bình Thạnh, Thành phố Hồ Chí Minh",Phan Văn Định; Điền Việt Tuấn; Điền Việt Tuấn,,,
741,TDHC - CT TNHH DỊCH VỤ KHÁCH SẠN THÙY DƯƠNG VIỆT NAM,"THUY DUONG HOTEL CO.,LTD",Công ty trách nhiệm hữu hạn,"Thương mại, dịch vụ",7E+11,https://conasi.vn/,938669538,+84 287 1077 288,"ĐƯỜNG HẦM KHU VỰC KHÁN ĐÀI A, SÂN VẬN ĐỘNG QUỐC GIA MỸ ĐÌNH, P. MỸ ĐÌNH 1, Q. NAM TỪ LIÊM, TP. HÀ NỘI",TRỊNH AN TIẾN,,,
742,TDIC - CÔNG TY CỔ PHẦN ĐẦU TƯ VÀ PHÁT TRIỂN TRAINCO,TRAINCO INVEST JSC,Công ty cổ phần,Bất động sản,50000000000,www.traincoinvest.com.vn,969506789,028 6283 8666,"Tòa nhà D5-D6, Trung tâm quản lý KTX Đại học quốc gia, khu B, Khu phố Tân Hòa, Phường Đông Hòa, Thành phố Dĩ An, Tỉnh Bình Dương",Nguyễn Đức Hải,,,
743,TDLC - CÔNG TY CỔ PHẦN TANDOLAND,TDLC,Công ty cổ phần,Bất động sản,2.85E+12,tandogroup.com,376038038,2723779228,"LÔ A1, ĐƯỜNG SỐ 1, KHU CÔNG NGHIỆP TÂN ĐÔ, XÃ ĐỨC HÒA, TỈNH TÂY NINH, VIỆT NAM",NGUYỄN THÁI BÌNH,Công ty cổ phần Sài Gòn Phát Thịnh Ratings (Saigon Ratings),vnB+,14/04/2026
744,TDNC - Công ty Cổ Phần Trung Thủy - Đà Nẵng,TDNC,Công ty cổ phần,Bất động sản,7.35E+11,https://trungthuy.com/,934862609,934862609,"Cầu số 6, đường Tránh Nam Hải Vân, phường Hòa Hiệp Bắc, Quận Liên Chiểu, Thành phố Đà Nẵng, Việt Nam",Nguyễn Văn Trung; Nguyễn Văn Trung,,,
745,TDP - Công ty cổ phần Thuận Đức,Thuận Đức JSC,Công ty cổ phần,Sản xuất,8.82223E+11,www.thuanducjsc.vn,2213810705,2213810706,"Thôn Bằng Ngang, thị trấn Lương Bằng, huyện Kim Động, tình Hưng Yên",,,,
746,TENC - Công ty cổ phần Dược phẩm Tenamyd,TENC,Công ty cổ phần,Lĩnh vực khác,1.8E+11,https://tenamydpharma.com,028 3770 0707,028 3770 0808,"Lô Y.01-02A Đường Tân Thuận, Khu công nghiệp/Khu chế xuất Tân Thuận, Phường Tân Thuận Đông, Quận 7, Tp. Hồ Chí Minh",,,,
747,TGCC - Công ty cổ phần vui chơi giải trí tổng hợp Tam Giang,TGC,Công ty cổ phần,Bất động sản,6.39E+11,Chưa có,2343825716,2343825716,"45 Lê Lợi, Phường Phú Hội, Thành phố Huế, Tỉnh Thừa Thiên Huế, Việt Nam",NGUYỄN THỊ PHƯƠNG LAN; Đinh Mạnh Thắng,,,
748,TGEC - Công ty cổ phần Thiết bị điện GELEX,GELEX-ELECTRIC,Công ty cổ phần,Lĩnh vực khác,3E+12,www.gelex-elecetric.com,2473012344,2436331510,"Số 52 phố Lê Đại Hành, phường Lê Đại Hành, quận Hai Bà Trưng, TP. Hà Nội",Nguyễn Trọng Trung,,,
749,TGNC - Công ty TNHH Viễn Thông Trịnh Gia Nguyễn,TRINH GIA NGUYEN,Công ty trách nhiệm hữu hạn,Lĩnh vực khác,4E+11,trinhgianguyen.ltd@gmail.com,384759060,384759060,"TẦNG 5, TÒA NHÀ LOTUS SỐ 2 PHỐ DUY TÂN, PHƯỜNG DỊCH VỌNG HẬU, QUẬN CẦU GIẤY, TP. HÀ NỘI",,,,
750,TGPC - Công ty TNHH Đầu tư và Phát triển Bất động sản Nova Tân Gia Phát,NOVA TAN GIA PHAT (HNX),Công ty trách nhiệm hữu hạn,Bất động sản,2.12E+11,không có,289665121,0,"65 Nguyễn Du, Phường Bến Nghé, Quận 1, TP Hồ Chí Minh",Lê Thị Hồng Xuân,,,
751,TGXC - CTCP TỔNG HỢP THẾ GIỚI XANH,GENERAL GREEN WORLD JSC,Công ty cổ phần,Lĩnh vực khác,1.01E+12,,938898188,938898188,"47 NGUYỄN CỬU VÂN, PHƯỜNG 17, QUẬN BÌNH THẠNH, TP HỒ CHÍ MINH",,,,
752,THBC - CÔNG TY TNHH ĐẦU TƯ XÂY DỰNG THIÊN HÀ- BĂNG DƯƠNG,THIEN HA - BANG DUONG CO.LTD,Công ty trách nhiệm hữu hạn,Bất động sản,1.23E+12,thienhabangduong.com,2743773650,2743773651,"Số 90 đường Cây Da Xề, Khu phố Tây B, phường Đông Hòa, thành phố Dĩ An, tỉnh Bình Dương, Việt Nam",Vương Thị Diễm Trang,Công ty cổ phần FiinRatings (FiinRatings),B,27/06/2024
753,THDC - CTCP thép Hòa Phát Hải Dương,HOA PHAT HAI DUONG STEEL JSC,Công ty cổ phần,Sản xuất,7E+12,hoaphat.com.vn,2203534578,2203534577,"Khu dân cư Hiệp Thượng, phường Hiệp Sơn, thị xã Kinh Môn, Hải Dương",Nguyễn Việt Thắng; Đỗ Thị Thảo,,,
754,THGC - Công ty Cổ phần Nông nghiệp Trường Hải,THAGRICO,Công ty cổ phần,Sản xuất,1.5E+13,thacoagri.vn,2353567161,2353567161,"Khu công nghiệp Tam Hiệp, Xã Tam Hiệp, Huyện Núi Thành, Tỉnh Quảng Nam, Việt Nam",Trần Bá Dương,,,
755,THHC - CTCP Thủy điện Thuận Hòa Hà Giang,"THUANHOAHAGIANG.,JSC",Công ty cổ phần,Sản xuất,3E+11,www.thuanhoahydropower.com.vn,967428866,2193810708,"NHÀ A2, KHU HÀ TRUNG,TỔ 8, PHƯỜNG HÀ GIANG 2, TỈNH TUYÊN QUANG",Nguyễn Quang Đạo,,,
756,THI - CTCP THIẾT BỊ ĐIỆN,THIBIDI,Công ty cổ phần,Sản xuất,4.88E+11,www.thibidi.com,2513836609,2513836070,"KCN Biên Hòa 1, Đường số 9, Phường An Bình, Thành phố Biên Hòa, Tỉnh Đồng Nai",Cao Hoàng Phát; Cao Hoàng Phát; Nguyễn Trọng Trung,,,
757,THIC - CTCP Đầu tư Thủy Hòa,THHC,Công ty cổ phần,Bất động sản,2.4E+11,Không có website,962030486,0,"179 đường Thụy Phương, Phường Thụy Phương, Quận Bắc Từ Liêm, thành phố Hà Nội, Việt Nam",,,,
758,THLC - CÔNG TY TNHH THĂNG LONG,"THANG LONG CO., LTD",Công ty trách nhiệm hữu hạn,Bất động sản,2.75E+12,,024 37 474 700,0,"Tầng 1, Park 4, Eurowindow River Park, Khu tái định cư Đông Hội, Xã Đông Anh, Thành phố Hà Nội, Việt Nam",Nguyễn Thị Phương Lan,Công ty cổ phần Sài Gòn Phát Thịnh Ratings (Saigon Ratings),vnBB,4/5/2026
759,THMC - CTCP MUA BÁN NỢ THẾ HỆ MỚI,THM (HNX),Công ty cổ phần,Lĩnh vực khác,5E+11,Không có,981988998,0,"Tầng 9 tòa nhà Indochina Plaza Hà Nội, 241 Xuân Thủy, Phường Cầu Giấy, Hà Nội",Nguyễn Văn Hạnh,,,
760,THTC - CTCP Xây dựng THT Hà Nội,THT,Công ty cổ phần,Bất động sản,4.32E+11,xaydungtht.contact@gmail.com,2466828859,2466828859,"Lô 18D4 Đường Khuất Duy Tiến, phường Thanh Xuân Bắc, quận Thanh Xuân, thành phố Hà Nội, Việt Nam",Hoàng Minh Kháng,,,
761,THVC - Công ty Cổ phần Toàn Hải Vân,THV,Công ty cổ phần,"Thương mại, dịch vụ",2.465E+12,ttcphuquoc.vn,(84-297) 3585 888,(84-297) 3567 666,"Tổ 11, khu phố Suối Lớn Dương Tơ, đặc khu Phú Quốc, Tỉnh An Giang, Việt Nam",Nguyễn Thanh Ngữ,,,
762,THYC - Công ty TNHH Hai thành viên Ứng dụng Công nghệ cao Nông nghiệp và Thực phẩm sữa Yên Mỹ,THY,Công ty trách nhiệm hữu hạn,Sản xuất,1.54163E+11,https://www.thmilk.vn/,941691988,23632521222,"Thôn Trung Tâm, Xã Yên Mỹ, Huyện Nông Cống, Tỉnh Thanh Hóa",Lã Minh Nam,,,
763,TIBC - CÔNG TY TNHH ĐÀU TƯ VÀ KINH DOANH BẤT ĐỘNG SẢN THỦ THIÊM,"THU THIEM REAL ESTATE IAB CO., LTD",Công ty trách nhiệm hữu hạn,Lĩnh vực khác,5E+11,Không có,2873012999,2873012999,"Khu TM Số S1.A2.01.02, Tầng 01, Tháp S1, Số 23 Phú Thuận, Phường Tân Phú, Quận 7, Thành phố Hồ Chí Minh, Việt Nam",Ngô Thị Oanh,,,
764,TICC - Công ty TNHH MTV Đầu tư TPI,TPI,Công ty trách nhiệm hữu hạn,Bất động sản,8.47E+11,Chưa có,2854046315,28,"Lầu 6, Tòa nhà Riverbank Place, số 3C Tôn Đức Thắng, Phường Bến Nghé, Quận 1, TP. Hồ Chí Minh.",Lê Thị Nương,,,
765,TIKC - CÔNG TY TNHH TI KI,TIKI CORP,Công ty trách nhiệm hữu hạn,Lĩnh vực khác,2.29876E+11,tiki.vn,2873058454,837404486,"Tòa nhà Viettel, số 285 đường cách mạng tháng 8, Phường 12, Quận 10, TP.HCM, Việt Nam",Trần Ngọc Thái Sơn,,,
766,TITC - Công ty Cổ phần Đầu tư sản xuất và Thương mại Tiến Trường,TITC,Công ty cổ phần,Xây dựng,2.5E+11,www.tientruong.com.vn,983561182,983561182,"Số 62, ngõ 138, phố Thúy Lĩnh, Phường Lĩnh Nam, Quận Hoàng Mai, Thành phố Hà Nội, Việt Nam",Lê Hồng Nhung,,,
767,TKBC - Công ty Cổ phần Đầu tư và Công nghệ TokenBay,TOKENBAY JSC,Công ty cổ phần,Lĩnh vực khác,1.501E+12,Chưa có,915638890,915638890,"Tầng 9, Khối C, Tòa nhà Hồ Gươm Plaza, Số 102 Đường Trần Phú, Phường Hà Đông, Thành phố Hà Nội, Việt Nam",,,,
768,TKCC - Công ty Cổ phần Đầu tư Xây dựng Tường Khải,Tuong Khai,Công ty cổ phần,Xây dựng,3.2E+11,congtytuongkhai.com,2822459393,2822459393,"32 Lê Lợi, Phường Bến Nghé, Quận 1, Thành phố Hồ Chí Minh, Việt Nam",Nguyễn Thị Tuyết Vân,,,
769,TKLC - Công ty cổ phần Tonkin Land,"TONKIN LAND., JSC",Công ty cổ phần,Bất động sản,3.2E+11,tonkinland.com,024 3933 4433,024 3933 4433,"K3 TT2 - SH12, StarLake Tây Hồ Tây, phường Xuân Đỉnh, Hà Nội",Nguyễn Thị Hoa,,,
770,TKVC - Tập đoàn Công nghiệp Than - Khoáng sản Việt Nam,TKV,Công ty trách nhiệm hữu hạn,Sản xuất,3.5E+13,http://www.vinacomin.vn/,2435180141,2438510724,"Số 3 phố Dương Đình Nghệ, Phường Yên Hòa, Quận Cầu Giấy, Thành phố Hà Nội",Đặng Thanh Hải,,,
771,TLAC - Công ty Cổ phần Đầu tư Tân Thành Long An,Tân Thành Long An,Công ty cổ phần,Bất động sản,2.025E+12,http://tanthanhlongancorp.com,072 222 8567,072 222 8567,"Ấp 2, xã Tân Long, huyện Thủ Thừa, tỉnh Long An",Phạm Nguyễn Bảo Trung,,,
772,TLCC - CÔNG TY TNHH XÂY DỰNG VÀ ĐẦU TƯ BẤT ĐỘNG SẢN THẮNG LỢI,Thắng Lợi,Công ty trách nhiệm hữu hạn,Bất động sản,50000000000,tnhhbdsthangloi@gmail.com,352136289,352136289,"Số 7, ngách 6, Ngõ 220 Định Công Thượng, Phường Định Công, Quận Hoàng Mai, Thành phố Hà Nội, Việt Nam",Trương Thị Ngọc,,,
773,TLGC - Tổng Công ty Thương mại Xuất nhập khẩu Thanh Lễ - CTCP,Thalexim,Công ty cổ phần,"Thương mại, dịch vụ",2.366E+12,thalexim.vn,(0274) 3829534 - 3829535,(0274) 3824112 - 3829533,"Số 63 Yersin, phường Hiệp Thành, thành phố Thủ Dầu Một, tỉnh Bình Dương",Phạm Thị Băng Trang,,,
774,TLOC - CÔNG TY TNHH ĐẦU TƯ VÀ PHÁT TRIỂN BẤT ĐỘNG SẢN TRƯỜNG LỘC,BĐS TRƯỜNG LỘC,Công ty trách nhiệm hữu hạn,Bất động sản,7.55E+12,truonglocbds.com,2439749350,2439749350,"Dự án Khu đô thị sinh thái Dream City, xã Nghĩa Trụ, huyện Văn Giang, tỉnh Hưng Yên, Việt Nam",Nguyễn Phi Long,,,
775,TLPC - Công ty Cổ phần Nhiệt điện Thăng Long,TLPC,Công ty cổ phần,Sản xuất,3.8E+12,Thanglongpower.vn,02033 542 808,02033 542 809,"Xã Lê Lợi, thành phố Hạ Long, Quảng Ninh",Nguyễn Văn Anh; Nguyễn Văn Mạnh; Vũ Văn Hậu; Vũ Văn Tiền,,,
776,TLRC - CÔNG TY CỔ PHẦN TIẾP VẬN VÀ BẤT ĐỘNG SẢN TÂN LIÊN PHÁT TÂN CẢNG,TLRC,Công ty cổ phần,Bất động sản,1.04815E+12,,903863502,0,"28 Nguyễn Quý Cảnh, Khu phố 5, Phường An Phú, Thành phố Thủ Đức, Thành phố Hồ Chí Minh, Việt Nam",TRẦN THỊ THU HIỀN,,,
777,TMAC - Công ty TNHH Mỹ Anh NT,"MY ANH NT CO., LTD",Công ty trách nhiệm hữu hạn,"Thương mại, dịch vụ",3.47411E+11,0,583560562,0,"Tầng 05, tòa nhà Nha trang Center, số 20, Trần Phú, P. Lộc Thọ, TP.Nha Trang, tỉnh Khánh Hòa",TRẦN NGỌC NHẬT,,,
778,TMCC - Công ty TNHH Khu đô thị mới Trung Minh,Công ty TNHH Khu đô thị mới Trung Minh,Công ty trách nhiệm hữu hạn,Bất động sản,1.536E+12,casadelrio.vn,901797786,901797786,"Thửa đất số 859 khu đô thị mới Trung Minh, tổ dân phố Trung, phường Hòa Bình, tỉnh Phú Thọ, Việt Nam",Nguyễn Thu Thủy,,,
779,TMDC - CTCP Mua bán nợ Thuận Minh,"TM DEBT TRADING.,JSC",Công ty cổ phần,Lĩnh vực khác,1E+11,Không có website,942659988,0,"Số 88 đường Tân Nhuệ, phường Thụy Phương, quận Bắc Từ Liêm, Hà Nội",Trần Khắc Trường,,,
780,TMGC - Công ty Cổ phần du lịch Thiên Minh,"Thien Minh Travel .,JSC",Công ty cổ phần,Lĩnh vực khác,1.383E+12,http://tmgroup.vn,2439263148,2439263148,"Tầng 8, số 70-72 Bà Triệu, phường Cửa Nam, Thành phố Hà Nội, Việt Nam",,,,
781,TMS - CTCP TRANSIMEX,TRANSIMEX,Công ty cổ phần,"Thương mại, dịch vụ",1.69348E+12,transimex.com.vn,8.42822E+11,8.42822E+11,"172 (LẦU 9-10) HAI BÀ TRƯNG, PHƯỜNG TÂN ĐỊNH, TP HỒ CHÍ MINH",,,,
782,TMTC - CTCP Đầu tư phát triển BĐS TMT,TMTC,Công ty cổ phần,Bất động sản,3.6E+11,0,2838380303,0,"LẦU 6, TÒA NHÀ RIVERBANK PLACE, SỐ 3C TÔN ĐỨC THẮNG, PHƯỜNG BẾN NGHÉ, QUẬN 1, THÀNH PHỐ HỒ CHÍ MINH, VIỆT NAM",Nguyễn Thế Nhiên,,,
783,TMVC - CTCP ĐẦU TƯ T&M VIỆT NAM,CTCP ĐẦU TƯ T&M VIỆT NAM,Công ty cổ phần,Bất động sản,8E+11,www.melinhplaza.biz,2437474700,2437474700,"TTTM VLXD VÀ TTB NỘI THẤT MELINH PLAZA, KM8 ĐƯỜNG CAO TỐC THĂNG LONG - NỘI BÀI, THỊ TRẤN QUANG MINH, HUYỆN MÊ LINH, TP HÀ NỘI",NGUYỄN CẢNH MÃO,,,
784,TN1 - Công ty cổ phần ROX KEY HOLDINGS,ROX KEY,Công ty cổ phần,Lĩnh vực khác,5.46323E+11,http://roxkey.vn,2473073099,0,"Tầng 25, Tòa tháp A, 54A Nguyễn Chí Thanh, Phường Láng, Thành phố Hà Nội, Việt Nam",,Công ty cổ phần Sài Gòn Phát Thịnh Ratings (Saigon Ratings),vnA-,28/11/2024
785,TNAC - Công Ty Cổ Phần Trung Nam,TNA CORP,Công ty cổ phần,Bất động sản,1.425E+12,trungnamgroup.com.vn,25112224666,25112224666,"Tầng 3, Tòa nhà Indochina Riverside Tower, 74 Bạch Đằng, Phường Hải Châu I, Quận Hải Châu, Thành phố Đà Nẵng, Việt Nam",Nguyễn Tâm Thịnh,,,
786,TNCC - Công ty cổ phần Đầu tư Technical,Technical Investment JSC,Công ty cổ phần,Bất động sản,2.02E+11,khong,938285998,0,"5.07 Khu chung cư kết hợp thương mại, văn phòng Lô X (Sunrise City North), số 27 Nguyễn Hữu Thọ, Phường Tân Hưng, Thành phố Hồ Chí Minh, Việt Nam.",Lê Thị Việt Thu; Lê Thị Việt Thu; NGUYỄN NHƯ XUÂN TRANG; Đỗ Trịnh Tuyết Trinh,,,
787,TNDC - CTCP PHÁT TRIỂN TN,TN,Công ty cổ phần,Bất động sản,1.496E+12,0,024 382 91200,024 382 92053,"SỐ 33 ĐƯỜNG TÂY HỒ, PHƯỜNG QUẢNG AN, QUẬN TÂY HỒ, HÀ NỘI",Nguyễn Thị Ngọc Anh,Công ty cổ phần FiinRatings (FiinRatings),B,3/10/2025
788,TNEC - Công ty TNHH đầu tư và phát triển năng lượng Thành Nguyên,Công ty TNHH DT & PT năng lượng Thành Nguyên,Công ty trách nhiệm hữu hạn,Lĩnh vực khác,2.4E+11,https://bamboocap.com.vn/,2693656789,862991188,"Buôn Chư Jut, xã Ia Rsai, tỉnh Gia Lai, Việt Nam",PHẠM MINH TUẤN; PHẠM ĐĂNG KHOA; ĐẶNG ĐÌNH QUYẾT,,,
789,TNG - CTCP Đầu tư và Thương mại TNG,TNG,Công ty cổ phần,Sản xuất,7.3996E+11,tng.vn,969699971,02083 858 508,434/1 Bắc Kạn - Thành Phố Thái Nguyên - Tỉnh Thái Nguyên,,,,
790,TNGC - CTCP Đầu tư Xây Dựng Trung Nam,TNGC,Công ty cổ phần,Lĩnh vực khác,1.4825E+13,trungnamgroup.com.vn,2862645178,2862645180,"7A/68 Thành Thái, Khu phố 14, Phường Diên Hồng, TP. Hồ Chí Minh",Nguyễn Tâm Thịnh,,,
791,TNH - CTCP Bệnh viện Quốc tế Thái Nguyên,CTCP Bệnh viện Quốc tế Thái Nguyên,Công ty cổ phần,Lĩnh vực khác,4.15E+11,benhvienquoctethainguyen.com,2086285658,2086285658,"Số 328 đường Lương Ngọc Quyến, phường Đồng Quang, Thành phố Thái Nguyên, tỉnh Thái Nguyên",Hoàng Tuyên,,,
792,TNHC - CTCP ĐẦU TƯ VÀ QUẢN LÝ KHÁCH SẠN TNH,TNH HOTELS & RESORTS .JSC,Công ty cổ phần,"Thương mại, dịch vụ",7.6E+11,https://tnh-hotels.vn/sites/tnh,966525899,966525899,"TẦNG 21, TOÀ THÁP A, SỐ 54A NGUYỄN CHÍ THANH, PHƯỜNG LÁNG THƯỢNG, QUẬN ĐỐNG ĐA, TP HÀ NỘI",Hồ Tùng Giang; Nguyễn Bá Luân; Nguyễn Việt Sơn; Đặng Nam Sơn,,,
793,TNLC - Công ty Cổ phần đầu tư và cho thuê tài sản TNL,TNLC,Công ty cổ phần,Bất động sản,1E+12,bondtnl@tnl-lease.vn,983123481,2438757965,"Nhà điều hành Khu công nghiệp Hà Nội - Đài Tư, số 386 đường Nguyễn Văn Linh, phường Sài Đồng, quận Long Biên, TP Hà Nội",NGUYỄN KHẮC TÙNG; Tạ Thị Thu Hằng,,,
794,TNPC - Công ty cổ phần đầu tư Rox Energy (tên cũ: Công ty cổ phần năng lượng TNPower),ROX ENERGY,Công ty cổ phần,Năng lượng,1.1399E+12,https://tnpower.com.vn/,913001685,0,"Tầng 12, Tòa nhà TNR Tower, 180-192 Nguyễn Công Trứ, phường Bến Thành, Thành phố Hồ Chí Minh, Việt Nam",NGUYỄN MẠNH HÙNG; TRẦN QUANG LUÂN; Trương Thị Hoàng Thảo; ĐINH THÁI CHUNG,,,
795,TNQC - CÔNG TY CỔ PHẦN ĐẦU TƯ VÀ PHÁT TRIỂN HẠ TẦNG NAM QUANG,TNI NAM QUANG,Công ty cổ phần,Lĩnh vực khác,2.634E+12,www.namsach-izone.com,2203752261,2203752261,"Khu Công nghiệp Nam Sách, Phường Ái Quốc, Thành phố Hải Phòng",Triệu Thanh An,Công ty cổ phần Sài Gòn Phát Thịnh Ratings (Saigon Ratings),vnBBB-,10/10/2025
796,TNRC - Công ty cổ phần đầu tư phát triển bất động sản TNR holdings Việt Nam,"TNR Holdings VietNam.,JSC",Công ty cổ phần,Bất động sản,2E+12,bondtnr@tnrholdings.vn,2473073099,2473073099,"Tầng 26, Tòa nhà Tháp A (Tòa nhà TNR) số 54A, Nguyễn Chí Thanh, Phường Láng Thượng, Quận Đống Đa, Hà Nội",Hà Đăng Sáng; Nguyễn Mạnh Hải,,,
797,TNSC - Công ty TNHH Điện mặt trời Trung Nam Thuận Nam,TNTNSP,Công ty trách nhiệm hữu hạn,Sản xuất,2.41141E+12,www.trungnamgroup.com.vn,2596539639,2596539639,"Thôn Quán Thẻ 1, Xã Thuận Nam, Tỉnh Khánh Hòa, Việt Nam",Nguyễn Tâm Thịnh,,,
798,TOCC - Công ty cổ phần Tư vấn và Kinh doanh bất động sản TCO,TOCC,Công ty cổ phần,Bất động sản,6.271E+12,https://tco-realestate.com.vn/,326151980,0,"Tầng 8, tòa nhà CDC, 25 Lê Đại Hành, phường Lê Đại Hành, quận Hai Bà Trưng, thành phố Hà Nội",Nguyễn Linh Phương; Ngô Mạnh Trung,Công ty cổ phần Sài Gòn Phát Thịnh Ratings (Saigon Ratings),vnBB-,12/5/2025
799,TOT - CÔNG TY CỔ PHẦN TRANSIMEX LOGISTICS,TMS LOGISTICS,Công ty cổ phần,"Thương mại, dịch vụ",1.04047E+11,transimextrans.com.vn,2837297373,2837297373,"Tầng 2 - Tòa Nhà Phú Nhuận Plaza, 82 Trần Huy Liệu, Phường Cầu Kiệu, TP.HCM",,,,
800,TP1C - Công ty Cổ phần Thiên Phúc INVEST,THIEN PHUC INVEST,Công ty cổ phần,Bất động sản,90000000000,0,909984185,0,"Số 77 Ngô Quyền, phường Phủ Lý, tỉnh Ninh Bình, Việt Nam",Trần Mạnh Linh,,,
801,TPAC - CÔNG TY TNHH THÀNH PHỐ AQUA,"AQUA CITY CO.,LTD",Công ty trách nhiệm hữu hạn,Bất động sản,8.4564E+11,tpac.aqua,2513501508,2513501508,"Dự án Aqua City, ấp An Xuân, Phường Long Hưng, Tỉnh Đồng Nai, Việt Nam",Bùi Đạt Chương,,,
802,TPB - Ngân hàng Thương mại cổ phần Tiên Phong,TPB,Công ty cổ phần,Tổ chức tín dụng,2.77405E+13,tpb.vn,2437688998,2437688979,"Tòa nhà TPBank, Số 57, Phố Lý Thường Kiệt, Phường Trần Hưng Đạo, Quận Hoàn Kiếm, Hà Nội",,Công ty cổ phần Xếp hạng Tín nhiệm Đầu tư Việt Nam (VIS Ratings),AA-,22/05/2026
803,TPCC - Công ty CP Bất động sản Tiến Phước,TIEN PHUOC,Công ty cổ phần,Lĩnh vực khác,2.018E+12,tienphuoc.com,2838380303,283924129,"542 Trần Hưng Đạo, Phường 2, Quận 5, TP. HCM",,,,
804,TPHC - Công ty TNHH Một thành viên Khách sạn Quốc tế Thiên Phúc,THIEN PHUC,Công ty trách nhiệm hữu hạn,Bất động sản,1.69443E+12,congtythienphuc.com,288224866,288224866,"167 HAI BÀ TRƯNG, PHƯỜNG 06, QUẬN 3, TP HỒ CHÍ MINH",Hồng Kim Yến,,,
805,TPIC - CÔNG TY CỔ PHẦN ĐẦU TƯ VÀ DỊCH VỤ THUẬN PHÁT,"THUAN PHAT SI.,JSC",Công ty cổ phần,"Thương mại, dịch vụ",3E+11,irb.vn,2437683366,2437951825,"Khu du lịch cao cấp đồi 1 phía Tây Cầu Bãi Cháy, P. Bãi Cháy TP Hạ Long, tỉnh Quảng Ninh",,,,
806,TPNC - CÔNG TY CỔ PHẦN LOGISTICS NÔNG SẢN XUẤT KHẨU TÂY NGUYÊN,TPN,Công ty cổ phần,"Thương mại, dịch vụ",50000000000,Không có,905970978,028 6288 5138,"Quốc lộ 14, Thôn Plei Đung, Xã la Hrú, Huyện Chư Pưh, tỉnh Gia Lai, Việt Nam",ĐỖ THẾ NHÂN,Công ty cổ phần FiinRatings (FiinRatings),B-,16/06/2025
807,TPP - Công ty cổ phần Tân Phú Việt Nam,TPP,Công ty cổ phần,Sản xuất,4.5E+11,tanphuplastic.vn,2838654133,2838607622,"314 LŨY BÁN BÍCH, PHƯỜNG HÒA THẠNH, QUẬN TÂN PHÚ, TP HỒ CHÍ MINH",Trần Đức Huy,,,
808,TPRC - CTCP ĐẦU TƯ VÀ PHÁT TRIỂN BẤT ĐỘNG SẢN THUẬN PHÁT,THUAN PHAT INVESTMENT AND DEVELOPMENT REAL ESTATE JSC,Công ty cổ phần,Bất động sản,7.44E+11,không có,938485358,938485358,"KHU I, KHU THƯƠNG MẠI - DỊCH VỤ - VĂN PHÒNG, TẦNG 2 - KHU VĂN PHÒNG, SỐ 2.01, CAO ỐC VĂN PHÒNG - THƯƠNG MẠI DỊCH VỤ - CĂN HỘ THE PRINCE RESIDENCE, SỐ 17 - 19 - 21 NGUYỄN VĂN TRỖI, P. 11, Q. PHÚ NHUẬN, TP. HỒ CHÍ MINH",,,,
809,TPXC - CTCP PHÁT TRIỂN THÀNH PHỐ XANH,GCD JSC,Công ty cổ phần,Bất động sản,6.69E+12,thanhphoxanh.vinhomes.vn,08 6265 7999,08 6265 7999,"Số 72 Lê Thánh Tôn, Phường Sài Gòn, Thành phố Hồ Chí Minh",NGUYỄN THỤC HIỀN; NGUYỄN THỤC HIỀN,,,
810,TQSC - Công ty TNHH Tư vấn & Quản lý Smart Invest,TQS,Công ty trách nhiệm hữu hạn,"Thương mại, dịch vụ",2.25237E+11,0,2435739779,2435739779,"Tầng 3, tòa nhà số 12-16 phố Đốc Ngữ, Phường Ngọc Hà, Thành phố Hà Nội, Việt Nam",Nguyễn Đức Hiếu,,,
811,TRAC - CÔNG TY CP ĐẦU TƯ VÀ PHÁT TRIỂN VẬN TẢI,"TRANSID.,JSC",Công ty cổ phần,Bất động sản,1.12624E+11,transid.com.vn,941383343,941383343,"65 Cảm Hội, phường Đống Mác, quận Hai Bà Trưng, Hà Nội",Nguyễn Hương Giang,,,
812,TREC - CÔNG TY CỔ PHẦN NĂNG LƯỢNG TÁI TẠO TRUNG NAM,TRUNG NAM RENEWABLE ENERGY CORPORATION,Công ty cổ phần,Năng lượng,9.08305E+12,www.trungnamgroup.com.vn,028 62645178,028 62645180,"7A/68 Thành Thái, Khu Phố 14, Phường Diên Hồng, Thành Phố Hồ Chí Minh",Lê Như Phước An,Công ty cổ phần FiinRatings (FiinRatings),CCC,8/12/2025
813,TRMC - CÔNG TY TNHH ĐẦU TƯ VÀ PHÁT TRIỂN BĐS TRƯỜNG MINH,CÔNG TY TNHH ĐẦU TƯ VÀ PHÁT TRIỂN BĐS TRƯỜNG MINH,Công ty trách nhiệm hữu hạn,Bất động sản,3.7382E+12,,326591968,0,"Dự án Khu đô thị sinh thái Dream City, Xã Nghĩa Trụ, Tỉnh Hưng Yên, Việt Nam",Ngô Văn Kiên,Công ty cổ phần Sài Gòn Phát Thịnh Ratings (Saigon Ratings),vnBB,20/08/2025
814,TRSC - Tổng công ty Xây dựng Trường Sơn,TRSC,Công ty trách nhiệm hữu hạn,Xây dựng,8E+11,https://tcttruongson.com/,438542573,438542758,"Km6+500, Đại Lộ Thăng Long, Phường Xuân Phương, Thành phố Hà Nội, Việt Nam",Nguyễn Hữu Ngọc,,,
815,TSAC - Công ty TNHH Đầu tư và phát triển bất động sản Trung Sơn A,Trung Son A Real Estate Co.;ltd,Công ty trách nhiệm hữu hạn,Lĩnh vực khác,7E+11,0,938485358,0,"Khu I, Khu TMDV VP, Tầng 2-Khu văn phòng, số 2.01, Cao ốc văn phòng-TMDV-Căn hộ The Prince Residence, số 17-19-21 Nguyễn Văn Trỗi, Phường 11, Quận Phú Nhuận, Tp.HCM",Võ Thị Kim Khoa,,,
816,TSBC - Công ty TNHH Đầu tư và Phát triển Bất động sản Tân Sơn Bình,"Tan Son Binh Investment and Development Real Estate Co., Ltd",Công ty trách nhiệm hữu hạn,Bất động sản,2.65E+11,Không,938485358,0,"Số 2.01, Tầng 2, Khu Thương mại - Dịch vụ, Dự án Khu thương mại, dịch vụ, văn phòng, officetel và căn hộ tại số 08 đường Hoàng Minh Giám, phường 09, Quận Phú Nhuận, TP Hồ Chí Minh",Lý Trường An,,,
817,TSCC - CÔNG TY CỔ PHẦN ĐẦU TƯ XÂY DỰNG THẾ SƠN,THE SON CONSTRUCTION INVEST JSC,Công ty cổ phần,Xây dựng,3E+11,https://thesongroup.com/,862840102,862840102,"Số 70, đường 64 TML, Phường Thạnh Mỹ Lợi, Tp Thủ Đức, Tp. Hồ Chí Minh",,,,
818,TSHC - Công ty cổ phần Điện lực Trung Sơn,"TrungSon elec.,JSC",Công ty cổ phần,Sản xuất,7E+11,dienluctrungson.com.vn,2437878691,2437879691,"Tầng 5, tòa nhà Sudico, đường Mễ Trì, phường Mỹ Đình 1, quận Nam Từ Liêm, Hà Nội",,,,
819,TSIC - Công Ty Cổ Phần Chứng Khoán Tân Việt,TVSI,Công ty cổ phần,Kinh doanh chứng khoán,2.639E+12,tvsi.com.vn,024 3728 0920,024 3728 0920,"Tầng 17 tòa tháp VCCI Tower, Số 9 Đào Duy Anh, Phường Phương Mai, Quận Đống Đa, thành phố Hà Nội",,,,
820,TSLC - CÔNG TY CỔ PHẦN THÁI SƠN - LONG AN,"THAI SON - LONG AN ., JSC",Công ty cổ phần,Bất động sản,1.5E+12,Đang khởi tạo,2723732277,2723732277,"Ấp Long Hậu 2, xã Cần Giuộc, Tỉnh Tây Ninh",Đỗ Hoàng Việt,,,
821,TSOC - CÔNG TƯ CỔ PHẦN ĐẦU TƯ XÂY DỰNG THÁI SƠN,THAI SON INVEST CONS CORP,Công ty cổ phần,Bất động sản,1.35E+13,https://thaison.thesakura.vn,913486925,88465274,"Số 7, Đường Bằng Lăng 1, Khu đô thị Vinhomes Riverside, Phường Phúc Lợi, Thành phố Hà Nội, Việt Nam",Vũ Quyết Thắng,Công ty cổ phần Sài Gòn Phát Thịnh Ratings (Saigon Ratings),vnA-,30/03/2026
822,TTCC - CTCP đầu tư Thành Thành Công,TTC,Công ty cổ phần,Lĩnh vực khác,3E+12,https://www.ttcgroup.vn/,028 3997 7727,028 3997 7728,"Số 253 Hoàng Văn Thụ, Phường Tân Sơn Hòa, Thành phố Hồ Chí Minh, Việt Nam",Huỳnh Bích Ngọc,,,
823,TTDC - CTCP Tập đoàn Thái Tuấn,THAITUAN GROUP,Công ty cổ phần,Sản xuất,2.016E+12,www.thaituan.com,2837194612,37194609,"Lô số B38/II, đường số 2B, KCN Vĩnh Lộc, Phường Bình Tân, Thành phố Hồ Chí Minh",PHẠM HOÀNG YÊN,,,
824,TTE - Công ty Cổ phần Đầu tư Năng lượng Trường Thịnh,Công ty CPĐT Năng lượng Trường Thịnh,Công ty cổ phần,Lĩnh vực khác,2.84904E+11,www.dientruongthinh.vn,(84-60) 386 8119,(84-60) 386 8901,"507 Duy Tân, Phường Đăk Cấm, tỉnh Quảng Ngãi, Việt Nam",Nguyễn Văn Quân; Đinh Xuân Hoàng,,,
825,TTGC - CTCP TẬP ĐOÀN TRƯỜNG THỊNH,TRUONG THINH GROUP,Công ty cổ phần,Xây dựng,2.619E+12,www.truongthinh.com,2323820024,2323823859,"50 NGUYỄN HỮU CẢNH, P. HẢI ĐÌNH, TP ĐỒNG HỚI, TỈNH QUẢNG BÌNH",Võ Minh Hoài,,,
826,TTHC - Công ty TNHH Đầu tư Nhà ở xã hội Thuận Thành,Công ty TNHH Đầu tư Nhà ở xã hội Thuận Thành,Công ty trách nhiệm hữu hạn,Bất động sản,3.72E+11,không có,989264235,826988333,"Khu Ấp, Phường Hồ, Thị xã Thuận Thành, Tỉnh Bắc Ninh, Việt Nam",Nguyễn Minh Đức,,,
827,TTRC - CTCP Thương mại Du lịch Tân Thành,TTR,Công ty cổ phần,Bất động sản,1.65E+12,www.tanthanhgroup.info,0908 757 066,2835358222,"Số 156 Nguyễn Văn Trỗi, Phường 8, Quận Phú Nhuận, thành phố Hồ Chí Minh",Trần Duy Kiều,,,
828,TTTC - Công ty TNHH Bất động sản Tinh Cầu,TTTC,Công ty trách nhiệm hữu hạn,Bất động sản,20000000000,landhcm79@gmail.com,938485358,938485358,"81 Cách Mạng Tháng Tám, Phường Bến Thành, Quận 01 Thành phố Hồ Chí Minh, Việt Nam",,,,
829,TVB - Công ty cổ phần chứng khoán Trí Việt,TVB,Công ty cổ phần,Kinh doanh chứng khoán,1.12015E+12,www.tvsc.vn,2462732059,2462732058,"Tầng 2, số 142 Đội Cấn, quận Ba Đình, Hà Nội",Nguyễn Thị Hằng; Phạm Thanh Tùng,,,
830,TVC - CTCP TẬP ĐOÀN QUẢN LÝ TÀI SẢN TRÍ VIỆT,TẬP ĐOÀN TRÍ VIỆT,Công ty cổ phần,Lĩnh vực khác,1.18611E+12,http://tcorp.vn,2437224999,2462732058,"142 ĐỘI CẤN, PHƯỜNG ĐỘI CẤN, QUẬN BA ĐÌNH, TP HÀ NỘI",Nguyễn Thị Hằng; Phạm Thanh Tùng,,,
831,TVLC - Công ty TNHH Thế Vượng,"THE VUONG CO., LTD",Công ty trách nhiệm hữu hạn,Lĩnh vực khác,26000000000,www.thevuong.com.vn,(028) 5413 8102,(028) 5413 5965,"Tầng 21, Tòa nhà Phú Mỹ Hưng, số 8 đường Hoàng Văn Thái, Phường Tân Phú, Quận 7, Thành phố Hồ Chí Minh, Việt Nam.","Lo, Nai - Wei",,,
832,TVPC - CTCP ĐẦU TƯ VÀ DU LỊCH T&M VÂN PHONG,TVPC,Công ty cổ phần,Bất động sản,3.8E+12,không có,386860246,386860246,"146 Lê Hồng Phong, Phường Phước Hải, TP Nha Trang, tỉnh Khánh Hòa (địa chỉ nhận thư: Tầng 11 tòa nhà EOB, số 2 Tôn Thất Tùng, P. Trung Tự, Q. Đống Đa, Hà Nội)",Nguyễn Cảnh Hồng,,,
833,TVRC - Công ty Cổ phần Đầu tư Phát triển Bất động sản Thành Vinh,"THANH VINH REALTY ..,JSC",Công ty cổ phần,Bất động sản,9.05E+11,không có,984694942,0,"Tòa nhà Bưu điện tỉnh Nghệ An, số 2 Nguyễn Thị Minh Khai, Phường Hưng Bình, Thành phố Vinh, Tỉnh Nghệ An",Nguyễn Huy Hoàng,Công ty cổ phần Sài Gòn Phát Thịnh Ratings (Saigon Ratings),vnBBB-,3/4/2025
834,TVS - Công ty Cổ phần Chứng khoán Thiên Việt,TVSC,Công ty cổ phần,Kinh doanh chứng khoán,1.66995E+12,www.tvs.vn,024 3248 4820,024 3248 4821,"Tầng 15, tòa nhà Harec, số 4 Láng Hạ, Giảng Võ, Hà Nội",,Công ty cổ phần Xếp hạng Tín nhiệm Đầu tư Việt Nam (VIS Ratings),A-,16/12/2025
835,TVSC - Công ty cổ phần Điện Mặt Trời Trung Nam Trà Vinh,TNTVSP,Công ty cổ phần,Sản xuất,1.45E+12,trungnamgroup.com.vn,2943753768,2943753768,"Ấp Giồng Giếng, Phường Duyên Hải, Tỉnh Vĩnh Long, Việt Nam",Nguyễn Tâm Thịnh,,,
836,TXCC - Công ty Cổ phần Thanh Xuân,"Thanh Xuan.,JSC",Công ty cổ phần,Bất động sản,1.21E+12,https://thanhxuan.vn,2473053555,2437197215,"Khu Đại Lải, Phường Xuân Hòa, tỉnh Phú Thọ, Việt Nam",Đoàn Quốc Huy,,,
837,TZCC - CÔNG TY CỔ PHẦN DỊCH VỤ TAZON,TZCC,Công ty cổ phần,"Thương mại, dịch vụ",2E+11,Không có,0914 698 339,0,"32/5 Nguyễn Thông, KP1, Phường Phú Hài, Thành phố Phan Thiết, tỉnh Bình Thuận, Việt Nam",,,,
838,UDIC - CÔNG TY CỔ PHẦN ĐẦU TƯ PHÁT TRIỂN ĐÔ THỊ VÀ KHU CÔNG NGHIỆP,"IDCI., JSC",Công ty cổ phần,Lĩnh vực khác,3.2E+11,www.udideco.com.vn/,2437910306,2437910393,"Tầng 22, Tòa nhà văn phòng Intracom , tổ dân phố số 10, Phường Phúc Diễn, Quận Bắc Từ Liêm, Thành phố .Hà Nội",Phan Thị Đức,,,
839,UNIC - Công ty TNHH Đầu tư Bất động sản Unity,Công ty TNHH Đầu tư Bất động sản Unity,Công ty trách nhiệm hữu hạn,Bất động sản,2.63E+12,0,905238968,0,"65 Nguyễn Du, phường Bến Nghé, Quận 1, TP.HCM",BÙI ĐẠT CHƯƠNG,,,
840,UPSC - Công ty cổ phần chứng khoán UP (tên cũ:Công ty cổ phần chứng khoán Quốc tế Hoàng Gia),UPSC,Công ty cổ phần,Kinh doanh chứng khoán,3.23746E+11,https://upstock.com.vn,2439446666,2439448071,"Tầng 8, Tòa nhà Hapro Building, số 11B Cát Linh, phường Ô chợ Dừa, Hà Nội",Chu Tuấn An,Công ty cổ phần Xếp hạng Tín nhiệm Đầu tư Việt Nam (VIS Ratings),BBB-,15/05/2025
841,USMC - Công ty Cổ phần Nhà máy Trang thiết bị Y tế USM Healthcare,USM,Công ty cổ phần,Sản xuất,2.3E+11,https://usm.com.vn/,2873044888,2873043888,"Lô I-4b-1.3, Đường N3, Khu Công nghệ cao, Phường Long Thạnh Mỹ, Thành phố Thủ Đức, Thành phố Hồ Chí Minh, Việt Nam",Võ Xuân Bội Lâm,,,
842,VAB - NGÂN HÀNG TMCP VIỆT Á,VAB,Công ty cổ phần,Tổ chức tín dụng,8.16361E+12,www.vietbank.com.vn,2439333636,2439336426,"Tầng 4 và 5, tòa nhà Samsora Premier, số 105 đường Chu Văn An, Phường Hà Đông, Thành phố Hà Nội",,,,
843,VACC - Công ty TNHH Đầu tư Kinh doanh và Phát triển Thương mại Việt An,VIET AN,Công ty trách nhiệm hữu hạn,Bất động sản,2.768E+12,,2432002774,2432002774,"Ô số G35 - Lô Biệt thự BT7 - Khu đô thị mới Việt Hưng, Phường Việt Hưng, Quận Long Biên, Thành phố Hà Nội, Việt Nam",Triệu Thùy Linh,,,
844,VADC - Công ty TNHH VINH AN ĐIỀN,VINH AN ĐIỀN,Công ty trách nhiệm hữu hạn,Bất động sản,1.5E+11,ctyvinhandien@gmail.com,2839352220,2839352220,"29A Nguyễn Đình Chiểu, Phường Đa Kao, Quận 1, Thành phố Hồ Chí Minh",Lý Vinh Hoàng,,,
845,VAIC - CTCP Đầu tư Voyage,Voyage,Công ty cổ phần,Bất động sản,5E+11,congtydautuvoyage.com,2822101543,2822101543,"D1, Tầng 14, Tòa nhà Golden King, Số 15 Nguyễn Lương Bằng, Phường Tân Phú, Quận 7, TP. Hồ Chí Minh",Trần Tú Phương,,,
846,VBAC - Ngân hàng Nông nghiệp và Phát triển Nông thôn Việt Nam,AGRIBANK,Công ty trách nhiệm hữu hạn,Tổ chức tín dụng,5.16386E+13,http://www.agribank.com.vn,243772273,2438314069,"SỐ 02 LÁNG HẠ, PHƯỜNG GIẢNG VÕ, TP HÀ NỘI",Phạm Toàn Vượng; Tiết Văn Thành,,,
847,VBB - Ngân hàng Thương mại Cổ phần Việt Nam Thương Tín,VIETBANK,Công ty cổ phần,Tổ chức tín dụng,1.0769E+13,www.vietbank.com.vn,2993621454,2993621858,"47 Trần Hưng Đạo, Phường Phú Lợi, Thành phố Cần Thơ",DƯƠNG NHẤT NGUYÊN; Lê Huy Dũng; TRẦN TUẤN ANH; Trần Tuấn Anh,,,
848,VC2 - Công ty Cổ phần Đầu tư và Xây dựng Vina2,VINA2,Công ty cổ phần,Xây dựng,6.87694E+11,vina2.com.vn,024 3753 0936,024 3836 1012,"Tầng 2-4 tòa B, KĐTM Kim Văn, Kim Lũ, Đại Kim, Hoàng Mai, thành phố Hà Nội",,,,
849,VCB - NGÂN HÀNG TMCP NGOẠI THƯƠNG VIỆT NAM,VIETCOMBANK,Công ty cổ phần,Tổ chức tín dụng,8.35568E+13,vietcombank.com.vn,2439343137,2438251322,"198 TRẦN QUANG KHẢI, HOÀN KIẾM, HÀ NỘI",,,,
850,VCBC - CÔNG TY TNHH CHỨNG KHOÁN NGÂN HÀNG TMCP NGOẠI THƯƠNG VIỆT NAM,VCBS,Công ty trách nhiệm hữu hạn,Kinh doanh chứng khoán,2.5E+12,Vcbs.com.vn,2439366990,2438238730,"TẦNG 5-6-7-8, TOÀ NHÀ THỦ ĐÔ, SỐ 72 TRẦN HƯNG ĐẠO, Q HOÀN KIẾM, TP HÀ NỘI",Lê Mạnh Hùng,,,
851,VCG - Tổng công ty cổ phần Xuất nhập khẩu và Xây dựng Việt Nam,"Vinaconex.,JSC",Công ty cổ phần,Bất động sản,5.98593E+12,https://vinaconex.com.vn/,8.42463E+11,8.42463E+11,"Tòa nhà Vinaconex, 34 Láng Hạ, phường Láng, thành phố Hà Nội",,,,
852,VCI - CTCP CHỨNG KHOÁN VIETCAP (TÊN CŨ:CTCP CHỨNG KHOÁN BẢN VIỆT),CTCP CHUNG KHOAN BAN VIET,Công ty cổ phần,Kinh doanh chứng khoán,7.226E+12,www.vietcap.com.vn,(028) 39143588,(028) 39143209,"TẦNG 15, THÁP TÀI CHÍNH BITEXCO, 02 HẢI TRIỀU, PHƯỜNG SÀI GÒN, THÀNH PHỐ HỒ CHÍ MINH, VIỆT NAM",TÔ HẢI; TÔN MINH PHƯƠNG,,,
853,VCLC - CTCP BẤT ĐỘNG SẢN VINACONEX,"VINACONEX REAL., JSC",Công ty cổ phần,Bất động sản,4.4E+11,0,2462758833,0,"TẦNG 12 TÒA NHÀ VINACONEX, 34 LÁNG HẠ, QUẬN ĐỐNG ĐA, HÀ NỘI",Dương Văn Mậu,,,
854,VCMC - Công ty Cổ phần Dịch vụ Thương mại Tổng hợp Wincommerce,WINCOMMERCE JSC,Công ty cổ phần,Lĩnh vực khác,8.32108E+12,không có,028-62563862 - 0909991023,028-38274115,"SỐ 23 LÊ DUẨN, PHƯỜNG BẾN NGHÉ, QUẬN 1, TP HỒ CHÍ MINH",NGUYỄN THỊ PHƯƠNG,,,
855,VCP - Công ty cổ phần xây dựng và năng lượng VCP,VCP P&C,Công ty cổ phần,Năng lượng,8.37897E+11,https://vcpholdings.com.vn/,2462699988,2462699977,"Tầng 19, toà nhà Vinaconex, số 34 Láng Hạ, phường Láng, Hà Nội",Vũ Ngọc Tú,Công ty cổ phần FiinRatings (FiinRatings),A-,15/12/2025
856,VCR - Công ty cổ phần đầu tư và phát triển du lịch Vinaconex,"VINACONEX-ITC.,JSC",Công ty cổ phần,Bất động sản,1.8E+12,www.vinaconexitc.com.vn,2462812728,2462816845,"Tầng 12, tòa nhà Vinaconex, số 34, Láng Hạ, phường Láng Hạ, quận Đống Đa, Hà Nội",,,,
857,VCSC - Công ty cổ phần thương mại và dịch Việt Kim,Công ty cổ phần thương mại và dịch Việt Kim,Công ty cổ phần,Lĩnh vực khác,1.1E+11,Không có,911298881,0,"Tầng 4, số 49B, đường Cổ Điển, thị trấn Văn Điển, huyện Thanh Trì, Hà Nội",Nhữ Mạnh Dũng,,,
858,VDIC - Công ty TNHH thương mại và đầu tư Việt Đức,"VDIAT Co.,LTD",Công ty trách nhiệm hữu hạn,Bất động sản,4.26E+11,Không có website,983033388,0,"Số 32 Đường An Lạc 1, Xã Ô Diên, TP Hà Nội",Lê Thanh Tùng,,,
859,VDPC - Công ty CP Vina Đại Phước,Vina dai phuoc corp,Công ty cổ phần,Bất động sản,1.6539E+12,www.daiphuoc-lotus.com,839144604,839144604,"Dự án Hoa Sen Đại Phước, Xã Đại Phước, Huyện Nhơn Trạch, Tỉnh Đồng Nai, Việt Nam","LIN, YI HUANG; LIN, YI HUANG; LIN, YI HUANG",,,
860,VDS - CTCP Chứng khoán Rồng Việt,VDSC,Công ty cổ phần,Kinh doanh chứng khoán,2.72E+12,www.vdsc.com.vn,2862992006,0,"Tầng 1 đến tầng 8, Tòa nhà Viet Dragon, 141 Nguyễn Du, P. Bến Thành, TP. Hồ Chí Minh",NGUYỄN MIÊN TUẤN,Công ty cổ phần Sài Gòn Phát Thịnh Ratings (Saigon Ratings),vnBBB,31/01/2026
861,VEBC - CÔNG TY TNHH VERDANT VIETNAM BRAVO,"VERDANT VIETNAM BRAVO CO., LTD",Công ty trách nhiệm hữu hạn,Lĩnh vực khác,1.40856E+11,verdant-energy.co,363506533,0,"08-LK2, Khu nhà ở 90 Nguyễn Tuân, số 90 đường Nguyễn Tuân, Phường Thanh Xuân, Thành phố Hà Nội, Việt Nam",YAU WAI HOO,Công ty cổ phần FiinRatings (FiinRatings),BB+,9/6/2026
862,VEVC - CÔNG TY TNHH VERDANT VIETNAM CRYSTAL,"VERDANT VIETNAM CRYSTAL CO., LTD",Công ty trách nhiệm hữu hạn,Lĩnh vực khác,1.93201E+11,verdant-energy.co,363506533,0,"Tầng 8, Tòa nhà Lapen Asset Building, 99 Nguyễn Thị Minh Khai, Phường Bến Thành, TP Hồ Chí Minh, Việt Nam",Yau Wai Hoo,Công ty cổ phần FiinRatings (FiinRatings),BB+,9/6/2026
863,VFS - Công ty Cổ phần chứng khoán Nhất Việt,VFS,Công ty cổ phần,Kinh doanh chứng khoán,4.1E+11,https://www.vfs.com.vn/,2862556586,2862556580,"Lầu 1, 117-119-121 Nguyễn Du, phường Bến Thành, TP Hồ Chí Minh",,,,
864,VHAC - Công ty CP thương mại - quảng cáo - xây dựng - địa ốc Việt Hân,VIETHAN,Công ty cổ phần,Bất động sản,2.817E+12,viethangroup.vn,2473071166,2473071166,"202 Hồ Tùng Mậu, phường Phú Diễn, quận Bắc Từ Liêm, TP Hà Nội",Đào Thị Kim Nhung,,,
865,VHCC - Công ty Cổ phần Kinh doanh Bất động sản VHC,VHC BUSINESS REAL ESTATE JOINT STOCK COMPANY,Công ty cổ phần,Bất động sản,1E+11,batdongsanvhc.net,972980142,972980142,"SỐ NHÀ C23, NGÕ 409, PHỐ TAM TRINH, PHƯỜNG HOÀNG VĂN THỤ, QUẬN HOÀNG MAI, HÀ NỘI",Nguyễn Thị Thu Hà,,,
866,VHM - CTCP VINHOMES,"Vinhomes., JSC",Công ty cổ phần,Bất động sản,4.10741E+13,https://ir.vinhomes.vn/,(024) 39749350,39749351,"Tòa nhà văn phòng Symphony, Đường Chu Huy Mân, Khu đô thị Vinhomes Riverside, Phường Phúc Lợi, Thành phố Hà Nội, Việt Nam",PHẠM THIẾU HOA,Công ty cổ phần Sài Gòn Phát Thịnh Ratings (Saigon Ratings),vnAA,6/5/2026
867,VHVC - Công ty TNHH Xây dựng Phát triển Hạ tầng Vân Hội,"Van Hoi Co., Ltd",Công ty trách nhiệm hữu hạn,Bất động sản,62700000000,vanhoi2001@gmail.com,2116553979,2116553979,"Số 86, đường Lê Hồng Phong, phường Đồng Tâm, thành phố Vĩnh Yên, tỉnh Vĩnh Phúc",,,,
868,VHYC - Công ty Cổ phần Đầu tư Công nghiệp Việt Hưng,VHYC,Công ty cổ phần,Sản xuất,80000000000,https://vcoating.vn,2216281999,8.42214E+11,"Khu công nghiệp dệt may Phố Nối, Xã Liêu Xá, Huyện Yên Mỹ, Tỉnh Hưng Yên, Việt Nam",,,,
869,VIB - Ngân hàng TMCP Quốc tế Việt Nam,VIB,Công ty cổ phần,Tổ chức tín dụng,3.40401E+13,www.vib.com.vn,028 6299 9039,028 6299 9040,"Tầng 1 (tầng trệt) và tầng 2 Tòa nhà Sailing Tower, số 111A Pasteur, phường Sài Gòn, Thành phố Hồ Chí Minh, Việt Nam",Hàn Ngọc Vũ,Công ty cổ phần FiinRatings (FiinRatings),A,12/4/2025
870,VIC - TẬP ĐOÀN VINGROUP - CÔNG TY CP,VINGROUP,Công ty cổ phần,Bất động sản,7.73349E+13,vingroup.net,04- 39749999,04- 39748888,"SỐ 7, ĐƯỜNG BẰNG LĂNG 1, KHU ĐÔ THỊ VINHOMES RIVERSIDE, P. PHÚC LỢI, HÀ NỘI, VIỆT NAM",Nguyễn Việt Quang,Công ty cổ phần FiinRatings (FiinRatings),A-,25/09/2025
871,VIFC - CTCP SẢN XUẤT VÀ KINH DOANH VINFAST,VINFAST LLC,Công ty cổ phần,Sản xuất,5.0793E+13,https://www.vinfastauto.com,2253969999,2253969999,"Khu Kinh tế Đình Vũ - Cát Hải, Đảo Cát Hải, đặc khu Cát Hải, Thành phố Hải Phòng, Việt Nam. Địa chỉ nhận thư: Tầng 10, Phòng kế toán, Tòa nhà văn phòng Symphony, Đường Chu Huy Mân, Khu đô thị sinh thái Vinhomes Riverside, P. Phúc Lợi, Q. LB, Hà Nội.i",Lê Thị Thu Thủy,,,
872,VIJC - CTCP Vũng Tàu Investment,VIJC,Công ty trách nhiệm hữu hạn,Bất động sản,2.86E+12,landhcm79@gmail.com,938485358,0,"Căn số 2.56, Tầng 2, Khu Thương mại - Dịch vụ - Kỹ thuật, Trung tâm thương mại, văn phòng, officetel và căn hộ (RiverGate Residence) tại số 151-155 Bến Vân Đồn, Phường 06, Quận 4, TP.HCM, Việt Nam",Lê Thanh Liêm,,,
873,VIOC - CÔNG TY TNHH MTV VIPICO,"VIPICO CO.,LTD",Công ty trách nhiệm hữu hạn,Bất động sản,1.5E+12,không có,984697684,0,"Số 411 đường Tam Trinh, Phường Tương Mai, Thành phố Hà Nội (Địa chỉ nhận thư: Tầng 24, 54A Nguyễn Chí Thanh, Phường Láng, TP Hà Nội)",TRẦN THANH TÙNG,Công ty cổ phần Sài Gòn Phát Thịnh Ratings (Saigon Ratings),vnBBB-,16/10/2025
874,VIPC - CTCP THƯƠNG MẠI VÀ DỊCH VỤ V.I.P,"V.I.P.,JSC",Công ty cổ phần,"Thương mại, dịch vụ",,,,,"TỔ DÂN PHỐ LIÊN PHÚ, P KỲ LIÊN, TX KỲ ANH, TỈNH HÀ TĨNH",,,,
875,VISC - Công ty CP Vissai Ninh Bình,VISSAI NB JSC,Công ty cổ phần,Sản xuất,4.42615E+12,http://vissaigroup.vn/,2293650166,2293650177,"Lô c7, cụm công nghiệp Gián Khẩu, xã Gia Trấn, Huyện Gia Viễn, Tỉnh Ninh Bình",,,,
876,VIX - Công ty Cổ phần Chứng khoán VIX,VIX,Công ty cổ phần,Kinh doanh chứng khoán,1.45851E+13,www.vixs.vn,0244456 8888,(024) 3978 5380,"Tầng 22, Số 52 phố Lê Đại Hành, phường Lê Đại Hành, quận Hai Bà Trưng, Thành phố Hà Nội",,,,
877,VJC - CÔNG TY CỔ PHẦN HÀNG KHÔNG VIETJET,VIETJET AIR,Công ty cổ phần,Lĩnh vực khác,7.69093E+12,www.vietjetair.com,(84-24)71086668,(84-24)37281838,"TSC: 302/3 Phố Kim Mã, Phường Ngọc Hà, Tp. Hà Nội. Nhận thư: Lầu 8, 60A Trường Sơn, Phường Tân Sơn Hòa, HCM",,Công ty cổ phần Sài Gòn Phát Thịnh Ratings (Saigon Ratings),vnBBB,10/9/2025
878,VJSC - CTCP TƯ VẤN ĐẦU TƯ GIÁ TRỊ,VALUE JSC,Công ty cổ phần,Lĩnh vực khác,50000000000,http://valuejsc.com,2838157705,2838157706,"LẦU 2, TOÀ NHÀ TANIOFFICE SỐ 475D LÊ TRỌNG TẤN, PHƯỜNG SƠN KỲ, QUẬN TÂN PHÚ, TP HỒ CHÍ MINH",VƯƠNG THỊ BẠCH MAI,,,
879,VJVC - Công ty liên doanh TNHH Khu công nghiệp Việt Nam-Singapore,VSIP,Công ty trách nhiệm hữu hạn,Bất động sản,2.67839E+12,vsip.com.vn,2743743898,2743743868,"Tầng 12, tòa nhà SaiGon Marina IFC (SMIFC), số 02, đường Tôn Đức Thắng, Phường Sài Gòn, Thành phố Hồ Chí Minh, Việt Nam",Nguyễn Phú Thịnh,,,
880,VKC - CTCP VKC Holdings,VCOM,Công ty cổ phần,Sản xuất,2E+11,www.vinhkhanh.com.vn,0274 3751501,6503751699,"854 Quốc lộ 1K, Khu phố Châu Thới, Phường Đông Hòa, TP.HCM",PHẠM HOÀNG PHONG,,,
881,VKIC - Công ty Cổ phần Đầu tư Vast King,VKIC,Công ty cổ phần,Bất động sản,1.385E+12,congtyvastking.com,028 66591958,028 66591958,"Tầng 6, 222 Điện Biên Phủ, Phường Võ Thị Sáu, Quận 3, Thành phố Hồ Chí Minh, Việt Nam",Hồ Mỹ Phương,,,
882,VKTC - CÔNG TY CỔ PHẦN ĐIỆN MẶT TRỜI VKT - HÒA AN,VKT - HA,Công ty cổ phần,Lĩnh vực khác,2.21E+11,không có,2933982935,2933982935,"số 790, tỉnh lộ 927, ấp 8, xã Hòa An, Thành phố Cần Thơ",Phạm Văn Tin,,,
883,VLDC - CÔNG TY CỔ PHẦN PHÁT TRIỂN ĐẤT VIỆT,VIET LAND DEVELOPMENT CORP,Công ty cổ phần,Bất động sản,4.7803E+12,không có,899158746,938485358,"Số 100 Cô Giang, Phường Cô Giang, Quận 1, TPHCM.",Ngô Hồng Hải,,,
884,VLGC - Công ty Cổ phần Tập đoàn Đầu tư và Quản lý giáo dục Văn Lang,VLGC,Công ty cổ phần,Lĩnh vực khác,4.45071E+11,https://www.vanlanguni.edu.vn/,2871099132,2871099132,"45 Nguyễn Khắc Nhu, P. Cô Giang, Quận 1, TP. Hồ Chí Minh, Việt Nam",,,,
885,VLHC - CÔNG TY CỔ PHẦN VINALIVING HOLDINGS,VINALIVING HOLDINGS,Công ty cổ phần,Lĩnh vực khác,7.92523E+11,https://vinaliving.com.vn/,2839393388,0,"Lầu 19, Tòa nhà Sun Wah Tower, Số 115 Nguyễn Huệ, Phường Bến Nghé, Quận 1, Thành phố Hồ Chí Minh, Việt Nam",ĐỖ CHÍ HIẾU,Công ty cổ phần Xếp hạng Tín nhiệm Đầu tư Việt Nam (VIS Ratings),BBB+,23/12/2025
886,"VMHC - CÔNG TY CỔ PHẦN XÂY DỰNG, ĐẦU TƯ BẤT ĐỘNG SẢN VIỆT MINH HOÀNG",VMH,Công ty cổ phần,Bất động sản,3.48E+12,sonnn@sungroup.com.vn,84 43939249,84 43939249,"Số 3 Lương Yên, Phường Hai Bà Trưng, Thành phố Hà Nội, Việt Nam",Hà Thị Kim Nhung,Công ty cổ phần FiinRatings (FiinRatings),BB,7/5/2025
887,VMMC - CTCP DƯỢC LIỆU VIỆT NAM,VIETMEC,Công ty cổ phần,Sản xuất,1.5E+11,DUOCLIEUVIETNAM.COM.VN,0249841255 - 0915358358,249841255,"SỐ 139 ĐƯỜNG HỒNG TIẾN, PHƯỜNG BỒ ĐỀ, QUẬN LONG BIÊN, TP. HÀ NỘI",VŨ THÀNH TRUNG,,,
888,VNCC - CÔNG TY CỔ PHẦN ĐẦU TƯ XÂY DỰNG VÀ KỸ THUẬT VNCN E&C,CÔNG TY CỔ PHẦN ĐẦU TƯ XÂY DỰNG VÀ KỸ THUẬT VNCN E&C,Công ty cổ phần,Xây dựng,5E+11,https://vncnec.com.vn/,2437765888,2437765999,"Tầng 18 Toà nhà VINACONEX, Số 34 Láng Hạ - Phường Láng Hạ - Quận Đống đa - Hà Nội.",Nguyễn Trí Dũng,,,
889,VND - Công ty Cổ phần Chứng khoán VNDirect,VDS,Công ty cổ phần,Kinh doanh chứng khoán,1.5223E+13,https://www.vndirect.com.vn/,2439724568,2439724600,"Số 1 Nguyễn Thượng Hiền, Phường Nguyễn Du, Quận Hai Bà Trưng, Thành phố Hà Nội",,Công ty cổ phần Xếp hạng Tín nhiệm Đầu tư Việt Nam (VIS Ratings),A-,14/05/2025
890,"VNEC - CÔNG TY CỔ PHẦN ĐẦU TƯ, THƯƠNG MẠI VÀ PHÁT TRIỂN XÂY DỰNG SUNSHINE VNE","VNE SUNSHINE INVESTMENT, TRADE AND CONSTRUCTION DEVELOPMENT., JSC",Công ty cổ phần,"Thương mại, dịch vụ",2E+11,0,982000869,0,"Biệt thự LP4-SL50 Lô TT116-8, Khu đất phía Đông Nam, Khu đô thị mới Nam An Khánh, Xã An Khánh, Huyện Hoài Đức, Thành phố Hà Nội, Việt Nam",LƯƠNG THÀNH LONG,,,
891,VNG - CÔNG TY CỔ PHẦN DU LỊCH THÀNH THÀNH CÔNG,TTC TOURIST,Công ty cổ phần,"Thương mại, dịch vụ",9.72766E+11,www.ttchospitality.vn,1900558855,838634888,"Số 512 Lý Thường Kiệt, Phường Tân Sơn Nhất. TP.HCM, Việt Nam",Nguyễn Quốc Việt,,,
892,VNJC - Công ty cổ phần Đầu tư Vua Nệm,Vuanem Investment JSC,Công ty cổ phần,Lĩnh vực khác,45995330000,https://vuanem.com/,2837552819,2837552819,"Số 1031 Hậu Giang, Phường 11, Quận 6, Thành phố Hồ Chí Minh, Việt Nam",Hoàng Tuấn Anh,,,
893,VNLC - Công ty CP Vinam Land,Vinamland,Công ty cổ phần,Bất động sản,5.2E+11,Không có,705101010,0,"Phòng 402, tầng 4, tòa IP3 Imperial Plaza, số 360 đường Giải Phóng, phường Phương Liệt, Hà Nội",Nguyễn Văn Quang,,,
894,VNSC - Công ty TNHH Vịnh Ngôi Sao,Công ty TNHH Vịnh Ngôi Sao,Công ty trách nhiệm hữu hạn,Bất động sản,4.913E+12,none,869015551,0,"L11-03-06A, Lầu 11, Tòa nhà Vincom, 72 Lê Thánh Tôn, Phường Bến Nghé, Quận 1, Thành phố Hồ Chí Minh, Việt Nam",Vũ Kim Toán,,,
895,VNVC - CTCP NĂNG LƯỢNG TÁI TẠO VIỆT NAM VIỆT,CTY CP NLTT VNV,Công ty cổ phần,Sản xuất,2E+11,http://wealthpower.com.vn/,966919128,2563856668,"THÔN VẠN PHƯỚC TÂY, XÃ MỸ HIỆP, HUYỆN PHÙ MỸ, TỈNH BÌNH ĐỊNH, VIỆT NAM",Trần Thị Hương Hà,,,
896,VP1C - Công ty Cổ phần Đầu tư Grand Home (tên cũ Công ty Cổ phần Đầu tư Văn Phú Số 1),Công ty Cổ phần Đầu tư Văn Phú Số 1,Công ty cổ phần,Bất động sản,1.535E+11,https://vanphu.vn/,02462698642 (0983769998),2462698642,"số 104 Thái Thịnh, phường Trung Liệt, quận Đống Đa, TP. Hà Nội",Bùi Quý HIệp,,,
897,VP2C - Công ty Cổ phần Đầu tư Bất động sản Tân Trí (Tên cũ: CTCP Đầu tư Văn Phú Số 2),"THE VAN PHU NO.2., JSC",Công ty cổ phần,Bất động sản,1.85E+11,vanphu.vn,2432262701,2462583636,"SỐ 104 THÁI THỊNH , PHƯỜNG TRUNG LIỆT, QUẬN ĐỐNG ĐA, THÀNH PHỐ HÀ NỘI",Phạm Anh Tuấn; Trần Việt Thanh,,,
898,VPB - NH TMCP VIỆT NAM THỊNH VƯỢNG,VPBANK,Công ty cổ phần,Tổ chức tín dụng,7.93392E+13,vpbank.com.vn,02473059199-8225,2439288901,"Số 89 Láng Hạ, Phường Láng Hạ, Quận Đống Đa, Thành phố Hà Nội, Việt Nam",,,,
899,VPD - CTCP Phát triển Điện lực Việt Nam,VNPD,Công ty cổ phần,Lĩnh vực khác,106589629,www.vnpd.com.vn,2422131579,2435527987,"Tầng 2 - CT2 - 286 Nguyễn Xiển, Xã Tân Triều, Huyện Thanh Trì, Hà Nội",Nguyễn Thanh Tùng,,,
900,VPFC - CÔNG TY TÀI CHÍNH TNHH NGÂN HÀNG VIỆT NAM THỊNH VƯỢNG SMBC,VPB SMBC FC,Công ty trách nhiệm hữu hạn,Lĩnh vực khác,1.0928E+13,www.fecredit.com.vn,2839115212,2839115213,"9 đoàn văn bơ, phường 13, quận 4",,,,
901,VPI - CTCP Phát triển Bất động sản Văn Phú (tên cũ: CTCP Đầu tư Văn Phú - Invest),"THE VAN PHU VICTORIA., JSC",Công ty cổ phần,Bất động sản,3.2005E+12,http://vanphu.vn,(84-24) 6258 3535,(84-24) 6258 3636,"Số 104 Thái Thịnh, phường Đống Đa, Thành phố Hà Nội, Việt Nam",,Công ty cổ phần FiinRatings (FiinRatings),BB+,15/04/2026
902,VPJC - Công ty Cổ phần Xây dựng số 1 Việt Phong,VPJC,Công ty cổ phần,Xây dựng,2.5E+11,vietphong.com.vn,523850965,523850950,"Số 187 Trần Hưng Đạo, Phường Nam Lý, Thành phố Đồng Hới, tỉnh Quảng Bình, Việt Nam",Nguyễn Ánh Sáng,,,
903,VPL - CTCP VINPEARL,VINPEARL JSC,Công ty cổ phần,"Thương mại, dịch vụ",1.7933E+13,https://www.vinpearl.com,2583590611,2583590613,"Đảo Hòn Tre, Phường Nha Trang, Tỉnh Khánh Hòa, Việt Nam",VÕ THỊ PHƯƠNG THẢO,Công ty cổ phần Sài Gòn Phát Thịnh Ratings (Saigon Ratings),vnA+,20/04/2026
904,VPMC - Công ty Cổ phần Dịch vụ Quản lý Tài sản Việt Nam,VPMS JSC,Công ty cổ phần,Lĩnh vực khác,3.1E+11,0,0243 356 0868,0,"Tầng 3, Tòa nhà Số 03 phố Đặng Thái Thân, Phường Cửa Nam, Thành phố Hà Nội",NGUYỄN THỊ UYÊN,,,
905,VPRC - CÔNG TY CỔ PHẦN VINAPRINT,VINAPRINT,Công ty cổ phần,"Thương mại, dịch vụ",45759850000,vinaprintcorp.com.vn,(84-28) 38200526,(84-28) 38 200 562,"Lầu 2, số 56 Phạm Ngọc Thạch, P. Võ Thị Sáu, Quận 3, TP.HCM, Việt Nam",Bùi Tuấn Ngọc,,,
906,VPX - CTCP Chứng khoán VPBank,VPBANKS,Công ty cổ phần,Kinh doanh chứng khoán,1.5E+13,www.vpbanks.com.vn,,,"Tầng 25, Tòa nhà VPBank, 89 Láng Hạ, Hà Nội",Nguyễn Hà Quỳnh,,,
907,VPZC - Công ty Cổ phần Thương mại - Vinh Plaza,VINHPLAZA,Công ty cổ phần,"Thương mại, dịch vụ",1.2E+11,vinhplazahotel.com.vn,383845757,383845757,"số 3, đường Mai Hắc Đế, phường Quán Bàu, tp Vinh, tỉnh Nghệ An",Nguyễn Xuân Thủy,,,
908,VRE - CTCP VINCOM RETAIL,VINCOM RETAIL,Công ty cổ phần,Bất động sản,2.32882E+13,vincom.com.vn,024 3975 6699,024 3975 6699,"Tòa nhà văn phòng Symphony, Đường Chu Huy Mân, Khu đô thị sinh thái Vinhomes Riverside, Phường Phúc Lợi, Quận Long Biên, Thành phố Hà Nội, Việt Nam",,,,
909,VSBC - CÔNG TY CỔ PHẦN DỊCH VỤ ĐIỆN TỬ VIỆT,VSB,Công ty cổ phần,"Thương mại, dịch vụ",2E+11,https://vescojsc.vn/,2838393277,838399573,"99 Nguyễn Thị Minh Khai, phường Bến Thành, Thành phố Hồ Chí Minh, Việt Nam",PHẠM THÙY UYÊN,Công ty cổ phần Sài Gòn Phát Thịnh Ratings (Saigon Ratings),vnBBB,29/06/2026
910,VSH - CTCP Thủy điện Vĩnh Sơn - Sông Hinh,VSH,Công ty cổ phần,Sản xuất,2.36241E+12,www.vshpc.evn.com.vn,0256 3892069,0256 3891975,"21 Nguyễn Huệ, Tp. Quy Nhơn, T. Bình Định",Nguyễn Văn Thanh,,,
911,VSMC - CÔNG TY CỔ PHẦN NGHIÊN CỨU VÀ SẢN XUẤT VINSMART,"Vinsmart.,JSC",Công ty cổ phần,Sản xuất,1.04E+13,vsmart.net,2471012888,2471012888,"Lô CN1-06B-1&2 Khu Công Nghiệp Công nghệ cao 1,Khu Công nghệ cao Hòa Lạc, Xã Hạ Bằng, Huyện Thạch Thất, TP. Hà Nội, Việt Nam",Mai Hương Nội,,,
912,VT3C - Công ty Cổ phần Xuất nhập khẩu Vật tư Nông nghiệp III,CAJIMEX,Công ty cổ phần,Lĩnh vực khác,5.6925E+11,,2839411464,2839411460,"24A Tôn Thất Thuyết, Phường 18, Quận 4, TP Hồ Chí Minh",,,,
913,VTGC - Công ty Cổ phần Xây Dựng và Thương Mại Trung Tây Nguyên,Trung Tây Nguyên,Công ty cổ phần,Bất động sản,3.5E+11,trungtaynguyen.com.vn,981286388,981286388,Lô HT 24 Rosa Alba 88 Lê Duẩn Phường 9 Tp Tuy Hòa Tỉnh Phú Yên,Nguyễn Văn Hà,,,
914,VTIC - CTCP ĐẦU TƯ VIỆT TÂM,VIET TAM JSC,Công ty cổ phần,Bất động sản,9E+11,http://congtyviettam.com/,2873075888,2838249545,"9A CHUNG CƯ CỤM III, IV - KHU DÂN CƯ TRUNG SƠN, XÃ BÌNH HƯNG, HUYỆN BÌNH CHÁNH, TP HỒ CHÍ MINH, VIỆT NAM",LÊ THANH TÂM; NGUYỄN THANH LỘC,,,
915,VTPC - Công ty Cổ phần Đầu tư và Xây dựng Vạn Trường Phát,Van Truong Phat,Công ty cổ phần,Bất động sản,3.2E+11,congtyvantruongphat.com,028 6685 0632,028 6685 0632,"Tầng 2, Tòa Nhà CT Office Building, 56 Yên Thế, Phường 2, Quận Tân Bình, Thành phố Hồ Chí Minh, Việt Nam",Nguyễn Kiều Lệ,,,
916,VTR - Công ty Cổ phần Du lịch Vietravel (Tên cũ: CTCP DU LỊCH VÀ TIẾP THỊ GIAO THÔNG VẬN TẢI VIỆT NAM - VIETRAVEL),VIETRAVEL,Công ty cổ phần,Lĩnh vực khác,6.64944E+11,www.vietravel.com,(028) 3866 8999,(028) 3829 9142,"190 PASTEUR, PHƯỜNG XUÂN HÒA, TP HỒ CHÍ MINH",Nguyễn Quốc Kỳ,,,
917,VUNC - Công ty cổ phần Vua Nệm,VUNC,Công ty cổ phần,"Thương mại, dịch vụ",2.79842E+11,https://vuanem.com,024 37549908,024 37549908,"Tầng 7, Tòa nhà Nhật An, số 30D Kim Mã Thượng, Phường Cống Vị, Quận Ba Đình, Thành phố Hà Nội",Hoàng Tuấn Anh,,,
918,VVCC - Công ty cổ phần Việt Vương,Công ty CP Việt Vương,Công ty cổ phần,Sản xuất,3.85E+11,http://vvjsc.com,2103954170,2103954399,"Khu công nghiệp Thụy Vân, xã Thụy Vân, thành phố Việt Trì, tỉnh Phú Thọ",Lê Hắc Hải,,,
919,VXHC - CT TNHH BẤT ĐỘNG SẢN VĨNH XUÂN,"VINH XUAN REAL ESTATE CO.,LTD",Công ty trách nhiệm hữu hạn,Bất động sản,2.7E+11,0,932239682,0,"KHU I, KHU TM-DV-VP, TẦNG 2- KHU VĂN PHÒNG, SỐ 2.01, CAO ỐC VP-TMDV- CĂN HỘ THE PRINCE RESIDENCE, SỐ 17-19-21 NGUYỄN VĂN TRỖI, PHƯỜNG 12, QUẬN PHÚ NHUẬN, TP HỒ CHÍ MINH",Nguyễn Quốc Hiển,,,
920,WDLC - CÔNG TY CỔ PHẦN BẤT ĐỘNG SẢN WONDERLAND,"WONDERLAND REAL ESTATE.,JSC",Công ty cổ phần,Lĩnh vực khác,2.5E+12,0,0,0,"TÀNG 9, TÒA NHÀ SUNSHINE CENTRE, 16 PHẠM HÙNG, PHƯỜNG TỪ LIÊM, THÀNH PHỐ HÀ NỘI",Nguyễn Xuân Lượng,,,
921,WELC - CÔNG TY CỔ PHẦN PHÁT TRIỂN NHÀ WE LAND,WE LAND CORP,Công ty cổ phần,Bất động sản,1.4E+11,Gotecland.vn,2835100773,2835100773,"28 - 30 Lam Sơn, Phường 6, Quận Bình Thạnh, Thành Phố Hồ Chí Minh",,,,
922,WPCC - CÔNG TY CỔ PHẦN WEALTH POWER,WEALTH POWER,Công ty cổ phần,Bất động sản,2E+11,congtywealthpower.com,2862768839,2862768839,"Tầng 3 Tòa nhà Indochina Park Tower, số 04 Nguyễn Đình Chiểu, Phường Đa Kao, Quận 1, Thành phố Hồ Chí Minh, Việt Nam",Nguyễn Văn Thanh,,,
923,WTOC - Tổng Công ty Cổ phần Thương mại Xây dựng,WTO,Công ty cổ phần,Bất động sản,1.25101E+13,wto.com.vn,38621122,38621122,"Số 201 Minh Khai, P.Minh Khai, Q.Hai Bà Trưng, Hà Nội",Huỳnh Xuân Nhân; Lê Tuấn Dũng; Lê Tuấn Dũng; Lê Tuấn Dũng,,,
924,WTPC - CÔNG TY CỔ PHẦN CUNG ĐIỆN MÙA ĐÔNG,"WINTER PALACE., JSC",Công ty cổ phần,Bất động sản,2.16615E+11,www.deldorado.vn,2435747115,2435747115,"Số 659A Lạc Long Quân, Phường Xuân La, Quận Tây Hồ, Thành phố Hà Nội, Việt Nam",Nguyễn Khoa Đức,,,
925,WWCC - Công ty cổ phần WorldWide Capital,WORLDWIDE CAPITAL,Công ty cổ phần,Bất động sản,3E+11,congtyworldwidecapital.com,028 6654 9822,028 6654 9822,"Số 2 Nguyễn Thị Diệu, Phường Võ Thị Sáu, Quận 3, Thành phố Hồ Chí Minh, Việt Nam",Hồ Thị Nguyên Thủy,,,
926,XD3C - Công ty TNHH Phát triển Kinh doanh Xây dựng 3,XD3C,Công ty trách nhiệm hữu hạn,Bất động sản,2.52E+11,ptkdxaydung3@gmail.com,862845768,862845768,"Tầng 5, tòa nhà Icon4, số 243A Đê La Thành, Phường Láng Thượng, Quận Đống Đa, Thành phố Hà Nội, Việt Nam",Phạm Thị Thu Hường,,,
927,XDCC - CTCP ĐẦU TƯ XÂY DỰNG XUÂN ĐỈNH,XUAN DINH CONSTRUCTION INVESTMENT JOINT STOCK COMPANY,Công ty cổ phần,Xây dựng,1E+12,0,439745631,0,"TẦNG 9, TÒA NHÀ SUNSHINE CENTER, SỐ 16 PHẠM HÙNG, PHƯỜNG MỸ ĐÌNH 2, QUẬN NAM TỪ LIÊM, TP HÀ NỘI",ĐỖ THỊ HỒNG NHUNG,,,
928,XKSC - Công ty TNHH Đảo Ngọc Xanh Kỳ Sơn,Công ty TNHH Đảo Ngọc Xanh Kỳ Sơn,Công ty trách nhiệm hữu hạn,Bất động sản,4.55E+11,daongocxanh.com,969120478,969120478,"Khu biệt thự nghỉ dưỡng Đảo Ngọc, phường Kỳ Sơn, thành phố Hòa Bình, tỉnh Hòa Bình",Khuất Hữu Việt,Công ty cổ phần FiinRatings (FiinRatings),B-,10/7/2024
929,XL6C - Công ty cổ phần Xây lắp 6,BICO 6,Công ty cổ phần,Xây dựng,3.2E+11,bico6.com@gmail.com,2835102378,2835102377,"Số 152/1A Nguyễn Văn Thương, P.25, Quận Bình Thạnh, TP Hồ Chí Minh",Trần Minh Thắng,,,
930,XLDC - CÔNG TY TNHH THƯƠNG MẠI DỊCH VỤ XÍCH LÔ ĐỎ,"XICH LO DO CO.,LTD",Công ty trách nhiệm hữu hạn,Bất động sản,1E+11,www.xichlodo.com,090 898 0983,838221729,"532A Kinh Dương Vương, Phường Bình Trị Đông B, Quận Bình Tân, TP.HCM",TRƯƠNG THỊ YẾN NGỌC,,,
931,XMHC - Công ty TNHH TRUYỀN DẪN NƯỚC SẠCH XUÂN MAI - HÀ NỘI,"Xuan Mai - Hanoi Co.,Ltd",Công ty trách nhiệm hữu hạn,Lĩnh vực khác,3.028E+11,Không có,84 24 625 43879,0,"95 Nhật Chiêu, Phường Tây Hồ, Thành phố Hà Nội, Việt Nam",Đặng Hữu Tuấn,Công ty cổ phần FiinRatings (FiinRatings),BB,2/4/2025
932,XT1C - Công ty Cổ phần Xuân Thiện Ninh Thuận,XTNT,Công ty cổ phần,Sản xuất,8.9E+11,www.edpr.com,906131085,906131085,"Thôn Mỹ Nhơn, xã Bắc Phong, huyện Thuân Bắc, tỉnh Ninh Thuận",Mai Xuân Hương; Mai Xuân Hương,,,
933,XT2C - Công ty Cổ phần Xuân Thiện Thuận Bắc,XTTB,Công ty cổ phần,Sản xuất,5.5E+11,www.edpr.com,978032874,2293886986,"Thôn Mỹ Nhơn, xã Bắc Phong, huyện Thuận Bắc, tỉnh Ninh Thuận",Mai Xuân Hương; Mai Xuân Hương,,,
934,XT3C - CÔNG TY TNHH XUÂN THIỆN ĐĂK LĂK,Xuân Thiện Đắk Lắk,Công ty trách nhiệm hữu hạn,Sản xuất,1.284E+12,www.xuanthienvietnam.vn,2293886886,2293886986,"Nhà máy Điện mặt trời Xuân Thiện Ea Súp, thôn Đoàn, xã Ia Lốp, tỉnh Đắk Lắk, Việt Nam (ĐT: 0977733786)",Mai Xuân Hương,,,
935,XTCC - CTCP Xi măng Xuân Thành,"XUAN THANH CEMENT.,JSC",Công ty cổ phần,Sản xuất,6.58396E+12,https://ximangxuanthanh.vn/,2263757666,2263757888,"Thôn Bồng Lạng, xã Thanh Lâm, tỉnh Ninh Bình, Việt Nam",Vũ quang Bắc; Vũ quang Bắc; Vũ Quang Bắc; Vũ Quang Bắc,,,
936,XTYC - Công ty cổ phần Xuân Thiện Yên Bái,XUAN THIEN YEN BAI,Công ty cổ phần,Năng lượng,2.8E+12,xuanthiengroup.vn,2293886886,293878698,"Bản Ná Dề Thàng, Xã Khao Mang, Huyện Mù Cang Chải, Tỉnh Yên Bái",Mai Xuân Hương,,,
937,YBBC - CÔNG TY CỔ PHẦN OZEN HEALTH AND BEAUTY,OZEN HEALTH & BEAUTY,Công ty cổ phần,"Thương mại, dịch vụ",1E+11,http://yakson.com.vn/,2435551936,2435551936,"Tầng 2, Tòa nhà 25T2 lô đất N05, Khu đô thị Đông Nam Trần Duy Hưng, Phường Trung Hòa, Quận Cầu Giấy, Thành Phố Hà Nội, Việt Nam",Nguyễn Ngọc Khánh,,,
938,YBEC - CTCP ĐẦU TƯ VÀ PHÁT TRIỂN ĐIỆN YÊN BÁI,"FDI.,JSC",Công ty cổ phần,Xây dựng,3.8E+11,dienyenbai.vn,976224199,435592414,"THÔN HÁT 2, XÃ HÁT LÌU, HUYỆN TRẠM TẤU, TỈNH YÊN BÁI",Hoàng Ngọc Định,,,
939,YMGC - Công ty cổ phần Yamagata,"YAMAGATA.,JSC",Công ty cổ phần,Lĩnh vực khác,1.55E+12,khong co,904390945,904390945,"số nhà 105 đường Cổ Linh, phường Thạch Bàn, quận Long Biên, TP Hà Nộ",Trần Thị Thu Trang,,,
940,YTWC - Công ty cổ phần Phong điện Yang Trung,PHONG ĐIỆN YANG TRUNG,Công ty cổ phần,Sản xuất,1.25E+12,0,2693888135,0,"99B Phạm Văn Đồng, Phường Thống Nhất, tỉnh Gia Lai, Việt Nam",Phan Xuân Vũ; Trần Minh Dũng,,,
